fecha,prediccion,CATEGORIA,PRODUCTO,tipo
2025-12-15,1.04,Accesorios,Caja para pastel cuadrada (C-paquete/50pza)(S-pza/50),futuro
2025-12-16,1.51,Accesorios,Caja para pastel cuadrada (C-paquete/50pza)(S-pza/50),futuro
2025-12-17,1.31,Accesorios,Caja para pastel cuadrada (C-paquete/50pza)(S-pza/50),futuro
2025-12-18,1.51,Accesorios,Caja para pastel cuadrada (C-paquete/50pza)(S-pza/50),futuro
2025-12-19,1.73,Accesorios,Caja para pastel cuadrada (C-paquete/50pza)(S-pza/50),futuro
2025-12-20,0.75,Accesorios,Caja para pastel cuadrada (C-paquete/50pza)(S-pza/50),futuro
2025-12-21,0.73,Accesorios,Caja para pastel cuadrada (C-paquete/50pza)(S-pza/50),futuro
2025-12-22,0.67,Accesorios,Caja para pastel cuadrada (C-paquete/50pza)(S-pza/50),futuro
2025-12-23,0.92,Accesorios,Caja para pastel cuadrada (C-paquete/50pza)(S-pza/50),futuro
2025-12-24,1.09,Accesorios,Caja para pastel cuadrada (C-paquete/50pza)(S-pza/50),futuro
2025-12-25,1.68,Accesorios,Caja para pastel cuadrada (C-paquete/50pza)(S-pza/50),futuro
2025-12-26,1.13,Accesorios,Caja para pastel cuadrada (C-paquete/50pza)(S-pza/50),futuro
2025-12-27,1.04,Accesorios,Caja para pastel cuadrada (C-paquete/50pza)(S-pza/50),futuro
2025-12-28,0.69,Accesorios,Caja para pastel cuadrada (C-paquete/50pza)(S-pza/50),futuro
2025-12-29,0.35,Accesorios,Caja para pastel cuadrada (C-paquete/50pza)(S-pza/50),futuro
2025-12-30,2.49,Accesorios,Caja para pastel cuadrada (C-paquete/50pza)(S-pza/50),futuro
2025-12-31,3.03,Accesorios,Caja para pastel cuadrada (C-paquete/50pza)(S-pza/50),futuro
2026-01-01,1.25,Accesorios,Caja para pastel cuadrada (C-paquete/50pza)(S-pza/50),futuro
2026-01-02,1.02,Accesorios,Caja para pastel cuadrada (C-paquete/50pza)(S-pza/50),futuro
2026-01-03,1.05,Accesorios,Caja para pastel cuadrada (C-paquete/50pza)(S-pza/50),futuro
2026-01-04,0.58,Accesorios,Caja para pastel cuadrada (C-paquete/50pza)(S-pza/50),futuro
2026-01-05,0.4,Accesorios,Caja para pastel cuadrada (C-paquete/50pza)(S-pza/50),futuro
2026-01-06,0.67,Accesorios,Caja para pastel cuadrada (C-paquete/50pza)(S-pza/50),futuro
2026-01-07,0.28,Accesorios,Caja para pastel cuadrada (C-paquete/50pza)(S-pza/50),futuro
2026-01-08,0.7,Accesorios,Caja para pastel cuadrada (C-paquete/50pza)(S-pza/50),futuro
2026-01-09,0.93,Accesorios,Caja para pastel cuadrada (C-paquete/50pza)(S-pza/50),futuro
2026-01-10,1.06,Accesorios,Caja para pastel cuadrada (C-paquete/50pza)(S-pza/50),futuro
2026-01-11,1.08,Accesorios,Caja para pastel cuadrada (C-paquete/50pza)(S-pza/50),futuro
2026-01-12,0.53,Accesorios,Caja para pastel cuadrada (C-paquete/50pza)(S-pza/50),futuro
2026-01-13,1.87,Accesorios,Caja para pastel cuadrada (C-paquete/50pza)(S-pza/50),futuro
2026-01-14,3.28,Accesorios,Caja para pastel cuadrada (C-paquete/50pza)(S-pza/50),futuro
2026-01-15,0.56,Accesorios,Caja para pastel cuadrada (C-paquete/50pza)(S-pza/50),futuro
2026-01-16,0.47,Accesorios,Caja para pastel cuadrada (C-paquete/50pza)(S-pza/50),futuro
2026-01-17,1.05,Accesorios,Caja para pastel cuadrada (C-paquete/50pza)(S-pza/50),futuro
2026-01-18,0.75,Accesorios,Caja para pastel cuadrada (C-paquete/50pza)(S-pza/50),futuro
2026-01-19,0.32,Accesorios,Caja para pastel cuadrada (C-paquete/50pza)(S-pza/50),futuro
2026-01-20,1.06,Accesorios,Caja para pastel cuadrada (C-paquete/50pza)(S-pza/50),futuro
2026-01-21,0.67,Accesorios,Caja para pastel cuadrada (C-paquete/50pza)(S-pza/50),futuro
2026-01-22,1.11,Accesorios,Caja para pastel cuadrada (C-paquete/50pza)(S-pza/50),futuro
2026-01-23,0.82,Accesorios,Caja para pastel cuadrada (C-paquete/50pza)(S-pza/50),futuro
2026-01-24,1.22,Accesorios,Caja para pastel cuadrada (C-paquete/50pza)(S-pza/50),futuro
2026-01-25,1.23,Accesorios,Caja para pastel cuadrada (C-paquete/50pza)(S-pza/50),futuro
2026-01-26,0.57,Accesorios,Caja para pastel cuadrada (C-paquete/50pza)(S-pza/50),futuro
2026-01-27,1.97,Accesorios,Caja para pastel cuadrada (C-paquete/50pza)(S-pza/50),futuro
2026-01-28,2.48,Accesorios,Caja para pastel cuadrada (C-paquete/50pza)(S-pza/50),futuro
2026-01-29,0.68,Accesorios,Caja para pastel cuadrada (C-paquete/50pza)(S-pza/50),futuro
2026-01-30,0.61,Accesorios,Caja para pastel cuadrada (C-paquete/50pza)(S-pza/50),futuro
2026-01-31,0.96,Accesorios,Caja para pastel cuadrada (C-paquete/50pza)(S-pza/50),futuro
2026-02-01,0.52,Accesorios,Caja para pastel cuadrada (C-paquete/50pza)(S-pza/50),futuro
2026-02-02,0.26,Accesorios,Caja para pastel cuadrada (C-paquete/50pza)(S-pza/50),futuro
2026-02-03,0.41,Accesorios,Caja para pastel cuadrada (C-paquete/50pza)(S-pza/50),futuro
2026-02-04,0.4,Accesorios,Caja para pastel cuadrada (C-paquete/50pza)(S-pza/50),futuro
2026-02-05,0.42,Accesorios,Caja para pastel cuadrada (C-paquete/50pza)(S-pza/50),futuro
2026-02-06,0.4,Accesorios,Caja para pastel cuadrada (C-paquete/50pza)(S-pza/50),futuro
2026-02-07,1.1,Accesorios,Caja para pastel cuadrada (C-paquete/50pza)(S-pza/50),futuro
2026-02-08,0.51,Accesorios,Caja para pastel cuadrada (C-paquete/50pza)(S-pza/50),futuro
2026-02-09,0.32,Accesorios,Caja para pastel cuadrada (C-paquete/50pza)(S-pza/50),futuro
2026-02-10,0.88,Accesorios,Caja para pastel cuadrada (C-paquete/50pza)(S-pza/50),futuro
2026-02-11,1.82,Accesorios,Caja para pastel cuadrada (C-paquete/50pza)(S-pza/50),futuro
2026-02-12,0.91,Accesorios,Caja para pastel cuadrada (C-paquete/50pza)(S-pza/50),futuro
2026-02-13,0.9,Accesorios,Caja para pastel cuadrada (C-paquete/50pza)(S-pza/50),futuro
2026-02-14,1.73,Accesorios,Caja para pastel cuadrada (C-paquete/50pza)(S-pza/50),futuro
2026-02-15,1.22,Accesorios,Caja para pastel cuadrada (C-paquete/50pza)(S-pza/50),futuro
2026-02-16,0.61,Accesorios,Caja para pastel cuadrada (C-paquete/50pza)(S-pza/50),futuro
2026-02-17,0.97,Accesorios,Caja para pastel cuadrada (C-paquete/50pza)(S-pza/50),futuro
2026-02-18,2.41,Accesorios,Caja para pastel cuadrada (C-paquete/50pza)(S-pza/50),futuro
2026-02-19,0.6,Accesorios,Caja para pastel cuadrada (C-paquete/50pza)(S-pza/50),futuro
2026-02-20,0.79,Accesorios,Caja para pastel cuadrada (C-paquete/50pza)(S-pza/50),futuro
2026-02-21,0.84,Accesorios,Caja para pastel cuadrada (C-paquete/50pza)(S-pza/50),futuro
2026-02-22,0.69,Accesorios,Caja para pastel cuadrada (C-paquete/50pza)(S-pza/50),futuro
2026-02-23,0.34,Accesorios,Caja para pastel cuadrada (C-paquete/50pza)(S-pza/50),futuro
2026-02-24,0.49,Accesorios,Caja para pastel cuadrada (C-paquete/50pza)(S-pza/50),futuro
2026-02-25,0.35,Accesorios,Caja para pastel cuadrada (C-paquete/50pza)(S-pza/50),futuro
2026-02-26,1.37,Accesorios,Caja para pastel cuadrada (C-paquete/50pza)(S-pza/50),futuro
2026-02-27,1.22,Accesorios,Caja para pastel cuadrada (C-paquete/50pza)(S-pza/50),futuro
2026-02-28,1.2,Accesorios,Caja para pastel cuadrada (C-paquete/50pza)(S-pza/50),futuro
2026-03-01,0.99,Accesorios,Caja para pastel cuadrada (C-paquete/50pza)(S-pza/50),futuro
2026-03-02,0.76,Accesorios,Caja para pastel cuadrada (C-paquete/50pza)(S-pza/50),futuro
2026-03-03,1.85,Accesorios,Caja para pastel cuadrada (C-paquete/50pza)(S-pza/50),futuro
2026-03-04,0.47,Accesorios,Caja para pastel cuadrada (C-paquete/50pza)(S-pza/50),futuro
2026-03-05,0.58,Accesorios,Caja para pastel cuadrada (C-paquete/50pza)(S-pza/50),futuro
2026-03-06,1.16,Accesorios,Caja para pastel cuadrada (C-paquete/50pza)(S-pza/50),futuro
2026-03-07,1.48,Accesorios,Caja para pastel cuadrada (C-paquete/50pza)(S-pza/50),futuro
2026-03-08,0.72,Accesorios,Caja para pastel cuadrada (C-paquete/50pza)(S-pza/50),futuro
2026-03-09,0.43,Accesorios,Caja para pastel cuadrada (C-paquete/50pza)(S-pza/50),futuro
2026-03-10,1.5,Accesorios,Caja para pastel cuadrada (C-paquete/50pza)(S-pza/50),futuro
2026-03-11,1.25,Accesorios,Caja para pastel cuadrada (C-paquete/50pza)(S-pza/50),futuro
2026-03-12,0.54,Accesorios,Caja para pastel cuadrada (C-paquete/50pza)(S-pza/50),futuro
2026-03-13,0.76,Accesorios,Caja para pastel cuadrada (C-paquete/50pza)(S-pza/50),futuro
2026-03-14,1.72,Accesorios,Caja para pastel cuadrada (C-paquete/50pza)(S-pza/50),futuro
2025-12-14,0.45,Accesorios,Caja para pastel rectangular (C-cja/50pza)(S-pza/50),futuro
2025-12-15,0.41,Accesorios,Caja para pastel rectangular (C-cja/50pza)(S-pza/50),futuro
2025-12-16,0.47,Accesorios,Caja para pastel rectangular (C-cja/50pza)(S-pza/50),futuro
2025-12-17,0.55,Accesorios,Caja para pastel rectangular (C-cja/50pza)(S-pza/50),futuro
2025-12-18,0.49,Accesorios,Caja para pastel rectangular (C-cja/50pza)(S-pza/50),futuro
2025-12-19,0.55,Accesorios,Caja para pastel rectangular (C-cja/50pza)(S-pza/50),futuro
2025-12-20,2.01,Accesorios,Caja para pastel rectangular (C-cja/50pza)(S-pza/50),futuro
2025-12-21,0.83,Accesorios,Caja para pastel rectangular (C-cja/50pza)(S-pza/50),futuro
2025-12-22,0.3,Accesorios,Caja para pastel rectangular (C-cja/50pza)(S-pza/50),futuro
2025-12-23,0.55,Accesorios,Caja para pastel rectangular (C-cja/50pza)(S-pza/50),futuro
2025-12-24,0.49,Accesorios,Caja para pastel rectangular (C-cja/50pza)(S-pza/50),futuro
2025-12-25,0.75,Accesorios,Caja para pastel rectangular (C-cja/50pza)(S-pza/50),futuro
2025-12-26,0.61,Accesorios,Caja para pastel rectangular (C-cja/50pza)(S-pza/50),futuro
2025-12-27,0.96,Accesorios,Caja para pastel rectangular (C-cja/50pza)(S-pza/50),futuro
2025-12-28,0.8,Accesorios,Caja para pastel rectangular (C-cja/50pza)(S-pza/50),futuro
2025-12-29,0.44,Accesorios,Caja para pastel rectangular (C-cja/50pza)(S-pza/50),futuro
2025-12-30,0.69,Accesorios,Caja para pastel rectangular (C-cja/50pza)(S-pza/50),futuro
2025-12-31,2.56,Accesorios,Caja para pastel rectangular (C-cja/50pza)(S-pza/50),futuro
2026-01-01,0.61,Accesorios,Caja para pastel rectangular (C-cja/50pza)(S-pza/50),futuro
2026-01-02,0.58,Accesorios,Caja para pastel rectangular (C-cja/50pza)(S-pza/50),futuro
2026-01-03,0.96,Accesorios,Caja para pastel rectangular (C-cja/50pza)(S-pza/50),futuro
2026-01-04,0.47,Accesorios,Caja para pastel rectangular (C-cja/50pza)(S-pza/50),futuro
2026-01-05,0.3,Accesorios,Caja para pastel rectangular (C-cja/50pza)(S-pza/50),futuro
2026-01-06,0.41,Accesorios,Caja para pastel rectangular (C-cja/50pza)(S-pza/50),futuro
2026-01-07,0.38,Accesorios,Caja para pastel rectangular (C-cja/50pza)(S-pza/50),futuro
2026-01-08,0.43,Accesorios,Caja para pastel rectangular (C-cja/50pza)(S-pza/50),futuro
2026-01-09,0.6,Accesorios,Caja para pastel rectangular (C-cja/50pza)(S-pza/50),futuro
2026-01-10,0.81,Accesorios,Caja para pastel rectangular (C-cja/50pza)(S-pza/50),futuro
2026-01-11,0.51,Accesorios,Caja para pastel rectangular (C-cja/50pza)(S-pza/50),futuro
2026-01-12,0.2,Accesorios,Caja para pastel rectangular (C-cja/50pza)(S-pza/50),futuro
2026-01-13,0.4,Accesorios,Caja para pastel rectangular (C-cja/50pza)(S-pza/50),futuro
2026-01-14,0.47,Accesorios,Caja para pastel rectangular (C-cja/50pza)(S-pza/50),futuro
2026-01-15,0.41,Accesorios,Caja para pastel rectangular (C-cja/50pza)(S-pza/50),futuro
2026-01-16,0.51,Accesorios,Caja para pastel rectangular (C-cja/50pza)(S-pza/50),futuro
2026-01-17,0.8,Accesorios,Caja para pastel rectangular (C-cja/50pza)(S-pza/50),futuro
2026-01-18,0.51,Accesorios,Caja para pastel rectangular (C-cja/50pza)(S-pza/50),futuro
2026-01-19,0.21,Accesorios,Caja para pastel rectangular (C-cja/50pza)(S-pza/50),futuro
2026-01-20,0.4,Accesorios,Caja para pastel rectangular (C-cja/50pza)(S-pza/50),futuro
2026-01-21,0.39,Accesorios,Caja para pastel rectangular (C-cja/50pza)(S-pza/50),futuro
2026-01-22,0.41,Accesorios,Caja para pastel rectangular (C-cja/50pza)(S-pza/50),futuro
2026-01-23,0.51,Accesorios,Caja para pastel rectangular (C-cja/50pza)(S-pza/50),futuro
2026-01-24,0.8,Accesorios,Caja para pastel rectangular (C-cja/50pza)(S-pza/50),futuro
2026-01-25,0.51,Accesorios,Caja para pastel rectangular (C-cja/50pza)(S-pza/50),futuro
2026-01-26,0.21,Accesorios,Caja para pastel rectangular (C-cja/50pza)(S-pza/50),futuro
2026-01-27,0.4,Accesorios,Caja para pastel rectangular (C-cja/50pza)(S-pza/50),futuro
2026-01-28,0.39,Accesorios,Caja para pastel rectangular (C-cja/50pza)(S-pza/50),futuro
2026-01-29,0.41,Accesorios,Caja para pastel rectangular (C-cja/50pza)(S-pza/50),futuro
2026-01-30,0.51,Accesorios,Caja para pastel rectangular (C-cja/50pza)(S-pza/50),futuro
2026-01-31,0.8,Accesorios,Caja para pastel rectangular (C-cja/50pza)(S-pza/50),futuro
2026-02-01,0.45,Accesorios,Caja para pastel rectangular (C-cja/50pza)(S-pza/50),futuro
2026-02-02,0.2,Accesorios,Caja para pastel rectangular (C-cja/50pza)(S-pza/50),futuro
2026-02-03,0.4,Accesorios,Caja para pastel rectangular (C-cja/50pza)(S-pza/50),futuro
2026-02-04,0.39,Accesorios,Caja para pastel rectangular (C-cja/50pza)(S-pza/50),futuro
2026-02-05,0.41,Accesorios,Caja para pastel rectangular (C-cja/50pza)(S-pza/50),futuro
2026-02-06,0.45,Accesorios,Caja para pastel rectangular (C-cja/50pza)(S-pza/50),futuro
2026-02-07,0.74,Accesorios,Caja para pastel rectangular (C-cja/50pza)(S-pza/50),futuro
2026-02-08,0.45,Accesorios,Caja para pastel rectangular (C-cja/50pza)(S-pza/50),futuro
2026-02-09,0.2,Accesorios,Caja para pastel rectangular (C-cja/50pza)(S-pza/50),futuro
2026-02-10,0.4,Accesorios,Caja para pastel rectangular (C-cja/50pza)(S-pza/50),futuro
2026-02-11,0.39,Accesorios,Caja para pastel rectangular (C-cja/50pza)(S-pza/50),futuro
2026-02-12,0.41,Accesorios,Caja para pastel rectangular (C-cja/50pza)(S-pza/50),futuro
2026-02-13,0.45,Accesorios,Caja para pastel rectangular (C-cja/50pza)(S-pza/50),futuro
2026-02-14,0.74,Accesorios,Caja para pastel rectangular (C-cja/50pza)(S-pza/50),futuro
2026-02-15,0.45,Accesorios,Caja para pastel rectangular (C-cja/50pza)(S-pza/50),futuro
2026-02-16,0.2,Accesorios,Caja para pastel rectangular (C-cja/50pza)(S-pza/50),futuro
2026-02-17,0.4,Accesorios,Caja para pastel rectangular (C-cja/50pza)(S-pza/50),futuro
2026-02-18,0.39,Accesorios,Caja para pastel rectangular (C-cja/50pza)(S-pza/50),futuro
2026-02-19,0.41,Accesorios,Caja para pastel rectangular (C-cja/50pza)(S-pza/50),futuro
2026-02-20,0.45,Accesorios,Caja para pastel rectangular (C-cja/50pza)(S-pza/50),futuro
2026-02-21,0.74,Accesorios,Caja para pastel rectangular (C-cja/50pza)(S-pza/50),futuro
2026-02-22,0.45,Accesorios,Caja para pastel rectangular (C-cja/50pza)(S-pza/50),futuro
2026-02-23,0.2,Accesorios,Caja para pastel rectangular (C-cja/50pza)(S-pza/50),futuro
2026-02-24,0.4,Accesorios,Caja para pastel rectangular (C-cja/50pza)(S-pza/50),futuro
2026-02-25,0.39,Accesorios,Caja para pastel rectangular (C-cja/50pza)(S-pza/50),futuro
2026-02-26,0.41,Accesorios,Caja para pastel rectangular (C-cja/50pza)(S-pza/50),futuro
2026-02-27,0.45,Accesorios,Caja para pastel rectangular (C-cja/50pza)(S-pza/50),futuro
2026-02-28,0.74,Accesorios,Caja para pastel rectangular (C-cja/50pza)(S-pza/50),futuro
2026-03-01,0.45,Accesorios,Caja para pastel rectangular (C-cja/50pza)(S-pza/50),futuro
2026-03-02,0.2,Accesorios,Caja para pastel rectangular (C-cja/50pza)(S-pza/50),futuro
2026-03-03,0.4,Accesorios,Caja para pastel rectangular (C-cja/50pza)(S-pza/50),futuro
2026-03-04,0.39,Accesorios,Caja para pastel rectangular (C-cja/50pza)(S-pza/50),futuro
2026-03-05,0.41,Accesorios,Caja para pastel rectangular (C-cja/50pza)(S-pza/50),futuro
2026-03-06,0.45,Accesorios,Caja para pastel rectangular (C-cja/50pza)(S-pza/50),futuro
2026-03-07,0.63,Accesorios,Caja para pastel rectangular (C-cja/50pza)(S-pza/50),futuro
2026-03-08,0.45,Accesorios,Caja para pastel rectangular (C-cja/50pza)(S-pza/50),futuro
2026-03-09,0.21,Accesorios,Caja para pastel rectangular (C-cja/50pza)(S-pza/50),futuro
2026-03-10,0.4,Accesorios,Caja para pastel rectangular (C-cja/50pza)(S-pza/50),futuro
2026-03-11,0.4,Accesorios,Caja para pastel rectangular (C-cja/50pza)(S-pza/50),futuro
2026-03-12,0.42,Accesorios,Caja para pastel rectangular (C-cja/50pza)(S-pza/50),futuro
2026-03-13,0.46,Accesorios,Caja para pastel rectangular (C-cja/50pza)(S-pza/50),futuro
2025-12-12,1.2,Accesorios,Cake topper 13 cm (C-pza/1pza)(S-pza/1),futuro
2025-12-13,1.0,Accesorios,Cake topper 13 cm (C-pza/1pza)(S-pza/1),futuro
2025-12-14,0.87,Accesorios,Cake topper 13 cm (C-pza/1pza)(S-pza/1),futuro
2025-12-15,0.34,Accesorios,Cake topper 13 cm (C-pza/1pza)(S-pza/1),futuro
2025-12-16,0.67,Accesorios,Cake topper 13 cm (C-pza/1pza)(S-pza/1),futuro
2025-12-17,0.85,Accesorios,Cake topper 13 cm (C-pza/1pza)(S-pza/1),futuro
2025-12-18,0.95,Accesorios,Cake topper 13 cm (C-pza/1pza)(S-pza/1),futuro
2025-12-19,0.9,Accesorios,Cake topper 13 cm (C-pza/1pza)(S-pza/1),futuro
2025-12-20,0.88,Accesorios,Cake topper 13 cm (C-pza/1pza)(S-pza/1),futuro
2025-12-21,0.65,Accesorios,Cake topper 13 cm (C-pza/1pza)(S-pza/1),futuro
2025-12-22,0.34,Accesorios,Cake topper 13 cm (C-pza/1pza)(S-pza/1),futuro
2025-12-23,0.68,Accesorios,Cake topper 13 cm (C-pza/1pza)(S-pza/1),futuro
2025-12-24,0.89,Accesorios,Cake topper 13 cm (C-pza/1pza)(S-pza/1),futuro
2025-12-25,0.94,Accesorios,Cake topper 13 cm (C-pza/1pza)(S-pza/1),futuro
2025-12-26,0.95,Accesorios,Cake topper 13 cm (C-pza/1pza)(S-pza/1),futuro
2025-12-27,0.86,Accesorios,Cake topper 13 cm (C-pza/1pza)(S-pza/1),futuro
2025-12-28,0.72,Accesorios,Cake topper 13 cm (C-pza/1pza)(S-pza/1),futuro
2025-12-29,0.42,Accesorios,Cake topper 13 cm (C-pza/1pza)(S-pza/1),futuro
2025-12-30,0.74,Accesorios,Cake topper 13 cm (C-pza/1pza)(S-pza/1),futuro
2025-12-31,0.91,Accesorios,Cake topper 13 cm (C-pza/1pza)(S-pza/1),futuro
2026-01-01,0.93,Accesorios,Cake topper 13 cm (C-pza/1pza)(S-pza/1),futuro
2026-01-02,0.9,Accesorios,Cake topper 13 cm (C-pza/1pza)(S-pza/1),futuro
2026-01-03,0.88,Accesorios,Cake topper 13 cm (C-pza/1pza)(S-pza/1),futuro
2026-01-04,0.72,Accesorios,Cake topper 13 cm (C-pza/1pza)(S-pza/1),futuro
2026-01-05,0.53,Accesorios,Cake topper 13 cm (C-pza/1pza)(S-pza/1),futuro
2026-01-06,0.74,Accesorios,Cake topper 13 cm (C-pza/1pza)(S-pza/1),futuro
2026-01-07,0.88,Accesorios,Cake topper 13 cm (C-pza/1pza)(S-pza/1),futuro
2026-01-08,0.93,Accesorios,Cake topper 13 cm (C-pza/1pza)(S-pza/1),futuro
2026-01-09,0.9,Accesorios,Cake topper 13 cm (C-pza/1pza)(S-pza/1),futuro
2026-01-10,0.88,Accesorios,Cake topper 13 cm (C-pza/1pza)(S-pza/1),futuro
2026-01-11,0.72,Accesorios,Cake topper 13 cm (C-pza/1pza)(S-pza/1),futuro
2026-01-12,0.53,Accesorios,Cake topper 13 cm (C-pza/1pza)(S-pza/1),futuro
2026-01-13,0.74,Accesorios,Cake topper 13 cm (C-pza/1pza)(S-pza/1),futuro
2026-01-14,0.88,Accesorios,Cake topper 13 cm (C-pza/1pza)(S-pza/1),futuro
2026-01-15,0.93,Accesorios,Cake topper 13 cm (C-pza/1pza)(S-pza/1),futuro
2026-01-16,0.9,Accesorios,Cake topper 13 cm (C-pza/1pza)(S-pza/1),futuro
2026-01-17,0.88,Accesorios,Cake topper 13 cm (C-pza/1pza)(S-pza/1),futuro
2026-01-18,0.72,Accesorios,Cake topper 13 cm (C-pza/1pza)(S-pza/1),futuro
2026-01-19,0.53,Accesorios,Cake topper 13 cm (C-pza/1pza)(S-pza/1),futuro
2026-01-20,0.74,Accesorios,Cake topper 13 cm (C-pza/1pza)(S-pza/1),futuro
2026-01-21,0.88,Accesorios,Cake topper 13 cm (C-pza/1pza)(S-pza/1),futuro
2026-01-22,0.93,Accesorios,Cake topper 13 cm (C-pza/1pza)(S-pza/1),futuro
2026-01-23,0.9,Accesorios,Cake topper 13 cm (C-pza/1pza)(S-pza/1),futuro
2026-01-24,0.88,Accesorios,Cake topper 13 cm (C-pza/1pza)(S-pza/1),futuro
2026-01-25,0.72,Accesorios,Cake topper 13 cm (C-pza/1pza)(S-pza/1),futuro
2026-01-26,0.53,Accesorios,Cake topper 13 cm (C-pza/1pza)(S-pza/1),futuro
2026-01-27,0.74,Accesorios,Cake topper 13 cm (C-pza/1pza)(S-pza/1),futuro
2026-01-28,0.88,Accesorios,Cake topper 13 cm (C-pza/1pza)(S-pza/1),futuro
2026-01-29,0.93,Accesorios,Cake topper 13 cm (C-pza/1pza)(S-pza/1),futuro
2026-01-30,0.9,Accesorios,Cake topper 13 cm (C-pza/1pza)(S-pza/1),futuro
2026-01-31,0.88,Accesorios,Cake topper 13 cm (C-pza/1pza)(S-pza/1),futuro
2026-02-01,0.72,Accesorios,Cake topper 13 cm (C-pza/1pza)(S-pza/1),futuro
2026-02-02,0.53,Accesorios,Cake topper 13 cm (C-pza/1pza)(S-pza/1),futuro
2026-02-03,0.74,Accesorios,Cake topper 13 cm (C-pza/1pza)(S-pza/1),futuro
2026-02-04,0.88,Accesorios,Cake topper 13 cm (C-pza/1pza)(S-pza/1),futuro
2026-02-05,0.93,Accesorios,Cake topper 13 cm (C-pza/1pza)(S-pza/1),futuro
2026-02-06,0.9,Accesorios,Cake topper 13 cm (C-pza/1pza)(S-pza/1),futuro
2026-02-07,0.88,Accesorios,Cake topper 13 cm (C-pza/1pza)(S-pza/1),futuro
2026-02-08,0.72,Accesorios,Cake topper 13 cm (C-pza/1pza)(S-pza/1),futuro
2026-02-09,0.53,Accesorios,Cake topper 13 cm (C-pza/1pza)(S-pza/1),futuro
2026-02-10,0.74,Accesorios,Cake topper 13 cm (C-pza/1pza)(S-pza/1),futuro
2026-02-11,0.88,Accesorios,Cake topper 13 cm (C-pza/1pza)(S-pza/1),futuro
2026-02-12,0.93,Accesorios,Cake topper 13 cm (C-pza/1pza)(S-pza/1),futuro
2026-02-13,0.9,Accesorios,Cake topper 13 cm (C-pza/1pza)(S-pza/1),futuro
2026-02-14,0.88,Accesorios,Cake topper 13 cm (C-pza/1pza)(S-pza/1),futuro
2026-02-15,0.72,Accesorios,Cake topper 13 cm (C-pza/1pza)(S-pza/1),futuro
2026-02-16,0.53,Accesorios,Cake topper 13 cm (C-pza/1pza)(S-pza/1),futuro
2026-02-17,0.74,Accesorios,Cake topper 13 cm (C-pza/1pza)(S-pza/1),futuro
2026-02-18,0.88,Accesorios,Cake topper 13 cm (C-pza/1pza)(S-pza/1),futuro
2026-02-19,0.93,Accesorios,Cake topper 13 cm (C-pza/1pza)(S-pza/1),futuro
2026-02-20,0.9,Accesorios,Cake topper 13 cm (C-pza/1pza)(S-pza/1),futuro
2026-02-21,0.88,Accesorios,Cake topper 13 cm (C-pza/1pza)(S-pza/1),futuro
2026-02-22,0.72,Accesorios,Cake topper 13 cm (C-pza/1pza)(S-pza/1),futuro
2026-02-23,0.53,Accesorios,Cake topper 13 cm (C-pza/1pza)(S-pza/1),futuro
2026-02-24,0.74,Accesorios,Cake topper 13 cm (C-pza/1pza)(S-pza/1),futuro
2026-02-25,0.88,Accesorios,Cake topper 13 cm (C-pza/1pza)(S-pza/1),futuro
2026-02-26,0.93,Accesorios,Cake topper 13 cm (C-pza/1pza)(S-pza/1),futuro
2026-02-27,0.9,Accesorios,Cake topper 13 cm (C-pza/1pza)(S-pza/1),futuro
2026-02-28,0.88,Accesorios,Cake topper 13 cm (C-pza/1pza)(S-pza/1),futuro
2026-03-01,0.68,Accesorios,Cake topper 13 cm (C-pza/1pza)(S-pza/1),futuro
2026-03-02,0.52,Accesorios,Cake topper 13 cm (C-pza/1pza)(S-pza/1),futuro
2026-03-03,0.7,Accesorios,Cake topper 13 cm (C-pza/1pza)(S-pza/1),futuro
2026-03-04,0.84,Accesorios,Cake topper 13 cm (C-pza/1pza)(S-pza/1),futuro
2026-03-05,0.89,Accesorios,Cake topper 13 cm (C-pza/1pza)(S-pza/1),futuro
2026-03-06,0.86,Accesorios,Cake topper 13 cm (C-pza/1pza)(S-pza/1),futuro
2026-03-07,0.89,Accesorios,Cake topper 13 cm (C-pza/1pza)(S-pza/1),futuro
2026-03-08,0.68,Accesorios,Cake topper 13 cm (C-pza/1pza)(S-pza/1),futuro
2026-03-09,0.52,Accesorios,Cake topper 13 cm (C-pza/1pza)(S-pza/1),futuro
2026-03-10,0.7,Accesorios,Cake topper 13 cm (C-pza/1pza)(S-pza/1),futuro
2026-03-11,0.84,Accesorios,Cake topper 13 cm (C-pza/1pza)(S-pza/1),futuro
2025-12-04,0.24,Accesorios,Cuchara para venta (C-cja/40pza)(S-pza/40)7485,futuro
2025-12-05,0.28,Accesorios,Cuchara para venta (C-cja/40pza)(S-pza/40)7485,futuro
2025-12-06,0.35,Accesorios,Cuchara para venta (C-cja/40pza)(S-pza/40)7485,futuro
2025-12-07,0.19,Accesorios,Cuchara para venta (C-cja/40pza)(S-pza/40)7485,futuro
2025-12-08,0.39,Accesorios,Cuchara para venta (C-cja/40pza)(S-pza/40)7485,futuro
2025-12-09,0.27,Accesorios,Cuchara para venta (C-cja/40pza)(S-pza/40)7485,futuro
2025-12-10,0.27,Accesorios,Cuchara para venta (C-cja/40pza)(S-pza/40)7485,futuro
2025-12-11,0.37,Accesorios,Cuchara para venta (C-cja/40pza)(S-pza/40)7485,futuro
2025-12-12,0.25,Accesorios,Cuchara para venta (C-cja/40pza)(S-pza/40)7485,futuro
2025-12-13,0.3,Accesorios,Cuchara para venta (C-cja/40pza)(S-pza/40)7485,futuro
2025-12-14,0.37,Accesorios,Cuchara para venta (C-cja/40pza)(S-pza/40)7485,futuro
2025-12-15,0.31,Accesorios,Cuchara para venta (C-cja/40pza)(S-pza/40)7485,futuro
2025-12-16,0.28,Accesorios,Cuchara para venta (C-cja/40pza)(S-pza/40)7485,futuro
2025-12-17,0.35,Accesorios,Cuchara para venta (C-cja/40pza)(S-pza/40)7485,futuro
2025-12-18,0.25,Accesorios,Cuchara para venta (C-cja/40pza)(S-pza/40)7485,futuro
2025-12-19,0.27,Accesorios,Cuchara para venta (C-cja/40pza)(S-pza/40)7485,futuro
2025-12-20,0.31,Accesorios,Cuchara para venta (C-cja/40pza)(S-pza/40)7485,futuro
2025-12-21,0.29,Accesorios,Cuchara para venta (C-cja/40pza)(S-pza/40)7485,futuro
2025-12-22,0.31,Accesorios,Cuchara para venta (C-cja/40pza)(S-pza/40)7485,futuro
2025-12-23,0.51,Accesorios,Cuchara para venta (C-cja/40pza)(S-pza/40)7485,futuro
2025-12-24,0.05,Accesorios,Cuchara para venta (C-cja/40pza)(S-pza/40)7485,futuro
2025-12-25,0.16,Accesorios,Cuchara para venta (C-cja/40pza)(S-pza/40)7485,futuro
2025-12-26,0.04,Accesorios,Cuchara para venta (C-cja/40pza)(S-pza/40)7485,futuro
2025-12-27,0.31,Accesorios,Cuchara para venta (C-cja/40pza)(S-pza/40)7485,futuro
2025-12-28,0.32,Accesorios,Cuchara para venta (C-cja/40pza)(S-pza/40)7485,futuro
2025-12-29,0.33,Accesorios,Cuchara para venta (C-cja/40pza)(S-pza/40)7485,futuro
2025-12-30,0.27,Accesorios,Cuchara para venta (C-cja/40pza)(S-pza/40)7485,futuro
2025-12-31,0.14,Accesorios,Cuchara para venta (C-cja/40pza)(S-pza/40)7485,futuro
2026-01-01,0.12,Accesorios,Cuchara para venta (C-cja/40pza)(S-pza/40)7485,futuro
2026-01-02,0.15,Accesorios,Cuchara para venta (C-cja/40pza)(S-pza/40)7485,futuro
2026-01-03,0.31,Accesorios,Cuchara para venta (C-cja/40pza)(S-pza/40)7485,futuro
2026-01-04,0.31,Accesorios,Cuchara para venta (C-cja/40pza)(S-pza/40)7485,futuro
2026-01-05,0.31,Accesorios,Cuchara para venta (C-cja/40pza)(S-pza/40)7485,futuro
2026-01-06,0.4,Accesorios,Cuchara para venta (C-cja/40pza)(S-pza/40)7485,futuro
2026-01-07,0.4,Accesorios,Cuchara para venta (C-cja/40pza)(S-pza/40)7485,futuro
2026-01-08,0.25,Accesorios,Cuchara para venta (C-cja/40pza)(S-pza/40)7485,futuro
2026-01-09,0.27,Accesorios,Cuchara para venta (C-cja/40pza)(S-pza/40)7485,futuro
2026-01-10,0.31,Accesorios,Cuchara para venta (C-cja/40pza)(S-pza/40)7485,futuro
2026-01-11,0.28,Accesorios,Cuchara para venta (C-cja/40pza)(S-pza/40)7485,futuro
2026-01-12,0.29,Accesorios,Cuchara para venta (C-cja/40pza)(S-pza/40)7485,futuro
2026-01-13,0.26,Accesorios,Cuchara para venta (C-cja/40pza)(S-pza/40)7485,futuro
2026-01-14,0.27,Accesorios,Cuchara para venta (C-cja/40pza)(S-pza/40)7485,futuro
2026-01-15,0.39,Accesorios,Cuchara para venta (C-cja/40pza)(S-pza/40)7485,futuro
2026-01-16,0.27,Accesorios,Cuchara para venta (C-cja/40pza)(S-pza/40)7485,futuro
2026-01-17,0.31,Accesorios,Cuchara para venta (C-cja/40pza)(S-pza/40)7485,futuro
2026-01-18,0.28,Accesorios,Cuchara para venta (C-cja/40pza)(S-pza/40)7485,futuro
2026-01-19,0.29,Accesorios,Cuchara para venta (C-cja/40pza)(S-pza/40)7485,futuro
2026-01-20,0.26,Accesorios,Cuchara para venta (C-cja/40pza)(S-pza/40)7485,futuro
2026-01-21,0.27,Accesorios,Cuchara para venta (C-cja/40pza)(S-pza/40)7485,futuro
2026-01-22,0.25,Accesorios,Cuchara para venta (C-cja/40pza)(S-pza/40)7485,futuro
2026-01-23,0.26,Accesorios,Cuchara para venta (C-cja/40pza)(S-pza/40)7485,futuro
2026-01-24,0.31,Accesorios,Cuchara para venta (C-cja/40pza)(S-pza/40)7485,futuro
2026-01-25,0.31,Accesorios,Cuchara para venta (C-cja/40pza)(S-pza/40)7485,futuro
2026-01-26,0.31,Accesorios,Cuchara para venta (C-cja/40pza)(S-pza/40)7485,futuro
2026-01-27,0.4,Accesorios,Cuchara para venta (C-cja/40pza)(S-pza/40)7485,futuro
2026-01-28,0.27,Accesorios,Cuchara para venta (C-cja/40pza)(S-pza/40)7485,futuro
2026-01-29,0.25,Accesorios,Cuchara para venta (C-cja/40pza)(S-pza/40)7485,futuro
2026-01-30,0.27,Accesorios,Cuchara para venta (C-cja/40pza)(S-pza/40)7485,futuro
2026-01-31,0.31,Accesorios,Cuchara para venta (C-cja/40pza)(S-pza/40)7485,futuro
2026-02-01,0.16,Accesorios,Cuchara para venta (C-cja/40pza)(S-pza/40)7485,futuro
2026-02-02,0.2,Accesorios,Cuchara para venta (C-cja/40pza)(S-pza/40)7485,futuro
2026-02-03,0.25,Accesorios,Cuchara para venta (C-cja/40pza)(S-pza/40)7485,futuro
2026-02-04,0.29,Accesorios,Cuchara para venta (C-cja/40pza)(S-pza/40)7485,futuro
2026-02-05,0.28,Accesorios,Cuchara para venta (C-cja/40pza)(S-pza/40)7485,futuro
2026-02-06,0.18,Accesorios,Cuchara para venta (C-cja/40pza)(S-pza/40)7485,futuro
2026-02-07,0.25,Accesorios,Cuchara para venta (C-cja/40pza)(S-pza/40)7485,futuro
2026-02-08,0.18,Accesorios,Cuchara para venta (C-cja/40pza)(S-pza/40)7485,futuro
2026-02-09,0.2,Accesorios,Cuchara para venta (C-cja/40pza)(S-pza/40)7485,futuro
2026-02-10,0.25,Accesorios,Cuchara para venta (C-cja/40pza)(S-pza/40)7485,futuro
2026-02-11,0.29,Accesorios,Cuchara para venta (C-cja/40pza)(S-pza/40)7485,futuro
2026-02-12,0.28,Accesorios,Cuchara para venta (C-cja/40pza)(S-pza/40)7485,futuro
2026-02-13,0.18,Accesorios,Cuchara para venta (C-cja/40pza)(S-pza/40)7485,futuro
2026-02-14,0.25,Accesorios,Cuchara para venta (C-cja/40pza)(S-pza/40)7485,futuro
2026-02-15,0.18,Accesorios,Cuchara para venta (C-cja/40pza)(S-pza/40)7485,futuro
2026-02-16,0.2,Accesorios,Cuchara para venta (C-cja/40pza)(S-pza/40)7485,futuro
2026-02-17,0.25,Accesorios,Cuchara para venta (C-cja/40pza)(S-pza/40)7485,futuro
2026-02-18,0.29,Accesorios,Cuchara para venta (C-cja/40pza)(S-pza/40)7485,futuro
2026-02-19,0.28,Accesorios,Cuchara para venta (C-cja/40pza)(S-pza/40)7485,futuro
2026-02-20,0.18,Accesorios,Cuchara para venta (C-cja/40pza)(S-pza/40)7485,futuro
2026-02-21,0.25,Accesorios,Cuchara para venta (C-cja/40pza)(S-pza/40)7485,futuro
2026-02-22,0.18,Accesorios,Cuchara para venta (C-cja/40pza)(S-pza/40)7485,futuro
2026-02-23,0.2,Accesorios,Cuchara para venta (C-cja/40pza)(S-pza/40)7485,futuro
2026-02-24,0.25,Accesorios,Cuchara para venta (C-cja/40pza)(S-pza/40)7485,futuro
2026-02-25,0.29,Accesorios,Cuchara para venta (C-cja/40pza)(S-pza/40)7485,futuro
2026-02-26,0.28,Accesorios,Cuchara para venta (C-cja/40pza)(S-pza/40)7485,futuro
2026-02-27,0.18,Accesorios,Cuchara para venta (C-cja/40pza)(S-pza/40)7485,futuro
2026-02-28,0.25,Accesorios,Cuchara para venta (C-cja/40pza)(S-pza/40)7485,futuro
2026-03-01,0.29,Accesorios,Cuchara para venta (C-cja/40pza)(S-pza/40)7485,futuro
2026-03-02,0.31,Accesorios,Cuchara para venta (C-cja/40pza)(S-pza/40)7485,futuro
2026-03-03,0.28,Accesorios,Cuchara para venta (C-cja/40pza)(S-pza/40)7485,futuro
2023-12-05,0.31,Accesorios,Kit pastel rosa (velas y pala)(C-pza/1)(S-pza/1),futuro
2023-12-06,0.28,Accesorios,Kit pastel rosa (velas y pala)(C-pza/1)(S-pza/1),futuro
2023-12-07,0.17,Accesorios,Kit pastel rosa (velas y pala)(C-pza/1)(S-pza/1),futuro
2023-12-08,0.19,Accesorios,Kit pastel rosa (velas y pala)(C-pza/1)(S-pza/1),futuro
2023-12-09,0.45,Accesorios,Kit pastel rosa (velas y pala)(C-pza/1)(S-pza/1),futuro
2023-12-10,0.44,Accesorios,Kit pastel rosa (velas y pala)(C-pza/1)(S-pza/1),futuro
2023-12-11,0.5,Accesorios,Kit pastel rosa (velas y pala)(C-pza/1)(S-pza/1),futuro
2023-12-12,0.49,Accesorios,Kit pastel rosa (velas y pala)(C-pza/1)(S-pza/1),futuro
2023-12-13,0.44,Accesorios,Kit pastel rosa (velas y pala)(C-pza/1)(S-pza/1),futuro
2023-12-14,0.46,Accesorios,Kit pastel rosa (velas y pala)(C-pza/1)(S-pza/1),futuro
2023-12-15,0.52,Accesorios,Kit pastel rosa (velas y pala)(C-pza/1)(S-pza/1),futuro
2023-12-16,0.34,Accesorios,Kit pastel rosa (velas y pala)(C-pza/1)(S-pza/1),futuro
2023-12-17,0.34,Accesorios,Kit pastel rosa (velas y pala)(C-pza/1)(S-pza/1),futuro
2023-12-18,0.39,Accesorios,Kit pastel rosa (velas y pala)(C-pza/1)(S-pza/1),futuro
2023-12-19,0.55,Accesorios,Kit pastel rosa (velas y pala)(C-pza/1)(S-pza/1),futuro
2023-12-20,0.56,Accesorios,Kit pastel rosa (velas y pala)(C-pza/1)(S-pza/1),futuro
2023-12-21,0.49,Accesorios,Kit pastel rosa (velas y pala)(C-pza/1)(S-pza/1),futuro
2023-12-22,0.48,Accesorios,Kit pastel rosa (velas y pala)(C-pza/1)(S-pza/1),futuro
2023-12-23,0.46,Accesorios,Kit pastel rosa (velas y pala)(C-pza/1)(S-pza/1),futuro
2023-12-24,0.43,Accesorios,Kit pastel rosa (velas y pala)(C-pza/1)(S-pza/1),futuro
2023-12-25,0.44,Accesorios,Kit pastel rosa (velas y pala)(C-pza/1)(S-pza/1),futuro
2023-12-26,0.44,Accesorios,Kit pastel rosa (velas y pala)(C-pza/1)(S-pza/1),futuro
2023-12-27,0.56,Accesorios,Kit pastel rosa (velas y pala)(C-pza/1)(S-pza/1),futuro
2023-12-28,0.49,Accesorios,Kit pastel rosa (velas y pala)(C-pza/1)(S-pza/1),futuro
2023-12-29,0.48,Accesorios,Kit pastel rosa (velas y pala)(C-pza/1)(S-pza/1),futuro
2023-12-30,0.46,Accesorios,Kit pastel rosa (velas y pala)(C-pza/1)(S-pza/1),futuro
2023-12-31,0.43,Accesorios,Kit pastel rosa (velas y pala)(C-pza/1)(S-pza/1),futuro
2024-01-01,0.15,Accesorios,Kit pastel rosa (velas y pala)(C-pza/1)(S-pza/1),futuro
2024-01-02,0.14,Accesorios,Kit pastel rosa (velas y pala)(C-pza/1)(S-pza/1),futuro
2024-01-03,0.31,Accesorios,Kit pastel rosa (velas y pala)(C-pza/1)(S-pza/1),futuro
2024-01-04,0.22,Accesorios,Kit pastel rosa (velas y pala)(C-pza/1)(S-pza/1),futuro
2024-01-05,0.2,Accesorios,Kit pastel rosa (velas y pala)(C-pza/1)(S-pza/1),futuro
2024-01-06,0.27,Accesorios,Kit pastel rosa (velas y pala)(C-pza/1)(S-pza/1),futuro
2024-01-07,0.21,Accesorios,Kit pastel rosa (velas y pala)(C-pza/1)(S-pza/1),futuro
2024-01-08,0.28,Accesorios,Kit pastel rosa (velas y pala)(C-pza/1)(S-pza/1),futuro
2024-01-09,0.25,Accesorios,Kit pastel rosa (velas y pala)(C-pza/1)(S-pza/1),futuro
2024-01-10,0.37,Accesorios,Kit pastel rosa (velas y pala)(C-pza/1)(S-pza/1),futuro
2024-01-11,0.27,Accesorios,Kit pastel rosa (velas y pala)(C-pza/1)(S-pza/1),futuro
2024-01-12,0.24,Accesorios,Kit pastel rosa (velas y pala)(C-pza/1)(S-pza/1),futuro
2024-01-13,0.27,Accesorios,Kit pastel rosa (velas y pala)(C-pza/1)(S-pza/1),futuro
2024-01-14,0.21,Accesorios,Kit pastel rosa (velas y pala)(C-pza/1)(S-pza/1),futuro
2024-01-15,0.28,Accesorios,Kit pastel rosa (velas y pala)(C-pza/1)(S-pza/1),futuro
2024-01-16,0.25,Accesorios,Kit pastel rosa (velas y pala)(C-pza/1)(S-pza/1),futuro
2024-01-17,0.37,Accesorios,Kit pastel rosa (velas y pala)(C-pza/1)(S-pza/1),futuro
2024-01-18,0.27,Accesorios,Kit pastel rosa (velas y pala)(C-pza/1)(S-pza/1),futuro
2024-01-19,0.24,Accesorios,Kit pastel rosa (velas y pala)(C-pza/1)(S-pza/1),futuro
2024-01-20,0.27,Accesorios,Kit pastel rosa (velas y pala)(C-pza/1)(S-pza/1),futuro
2024-01-21,0.21,Accesorios,Kit pastel rosa (velas y pala)(C-pza/1)(S-pza/1),futuro
2024-01-22,0.28,Accesorios,Kit pastel rosa (velas y pala)(C-pza/1)(S-pza/1),futuro
2024-01-23,0.25,Accesorios,Kit pastel rosa (velas y pala)(C-pza/1)(S-pza/1),futuro
2024-01-24,0.37,Accesorios,Kit pastel rosa (velas y pala)(C-pza/1)(S-pza/1),futuro
2024-01-25,0.27,Accesorios,Kit pastel rosa (velas y pala)(C-pza/1)(S-pza/1),futuro
2024-01-26,0.24,Accesorios,Kit pastel rosa (velas y pala)(C-pza/1)(S-pza/1),futuro
2024-01-27,0.27,Accesorios,Kit pastel rosa (velas y pala)(C-pza/1)(S-pza/1),futuro
2024-01-28,0.21,Accesorios,Kit pastel rosa (velas y pala)(C-pza/1)(S-pza/1),futuro
2024-01-29,0.28,Accesorios,Kit pastel rosa (velas y pala)(C-pza/1)(S-pza/1),futuro
2024-01-30,0.25,Accesorios,Kit pastel rosa (velas y pala)(C-pza/1)(S-pza/1),futuro
2024-01-31,0.37,Accesorios,Kit pastel rosa (velas y pala)(C-pza/1)(S-pza/1),futuro
2024-02-01,0.34,Accesorios,Kit pastel rosa (velas y pala)(C-pza/1)(S-pza/1),futuro
2024-02-02,0.3,Accesorios,Kit pastel rosa (velas y pala)(C-pza/1)(S-pza/1),futuro
2024-02-03,0.28,Accesorios,Kit pastel rosa (velas y pala)(C-pza/1)(S-pza/1),futuro
2024-02-04,0.21,Accesorios,Kit pastel rosa (velas y pala)(C-pza/1)(S-pza/1),futuro
2024-02-05,0.24,Accesorios,Kit pastel rosa (velas y pala)(C-pza/1)(S-pza/1),futuro
2024-02-06,0.31,Accesorios,Kit pastel rosa (velas y pala)(C-pza/1)(S-pza/1),futuro
2024-02-07,0.34,Accesorios,Kit pastel rosa (velas y pala)(C-pza/1)(S-pza/1),futuro
2024-02-08,0.25,Accesorios,Kit pastel rosa (velas y pala)(C-pza/1)(S-pza/1),futuro
2024-02-09,0.3,Accesorios,Kit pastel rosa (velas y pala)(C-pza/1)(S-pza/1),futuro
2024-02-10,0.33,Accesorios,Kit pastel rosa (velas y pala)(C-pza/1)(S-pza/1),futuro
2024-02-11,0.28,Accesorios,Kit pastel rosa (velas y pala)(C-pza/1)(S-pza/1),futuro
2024-02-12,0.24,Accesorios,Kit pastel rosa (velas y pala)(C-pza/1)(S-pza/1),futuro
2024-02-13,0.24,Accesorios,Kit pastel rosa (velas y pala)(C-pza/1)(S-pza/1),futuro
2024-02-14,0.43,Accesorios,Kit pastel rosa (velas y pala)(C-pza/1)(S-pza/1),futuro
2024-02-15,0.25,Accesorios,Kit pastel rosa (velas y pala)(C-pza/1)(S-pza/1),futuro
2024-02-16,0.24,Accesorios,Kit pastel rosa (velas y pala)(C-pza/1)(S-pza/1),futuro
2024-02-17,0.28,Accesorios,Kit pastel rosa (velas y pala)(C-pza/1)(S-pza/1),futuro
2024-02-18,0.28,Accesorios,Kit pastel rosa (velas y pala)(C-pza/1)(S-pza/1),futuro
2024-02-19,0.32,Accesorios,Kit pastel rosa (velas y pala)(C-pza/1)(S-pza/1),futuro
2024-02-20,0.24,Accesorios,Kit pastel rosa (velas y pala)(C-pza/1)(S-pza/1),futuro
2024-02-21,0.34,Accesorios,Kit pastel rosa (velas y pala)(C-pza/1)(S-pza/1),futuro
2024-02-22,0.34,Accesorios,Kit pastel rosa (velas y pala)(C-pza/1)(S-pza/1),futuro
2024-02-23,0.24,Accesorios,Kit pastel rosa (velas y pala)(C-pza/1)(S-pza/1),futuro
2024-02-24,0.28,Accesorios,Kit pastel rosa (velas y pala)(C-pza/1)(S-pza/1),futuro
2024-02-25,0.21,Accesorios,Kit pastel rosa (velas y pala)(C-pza/1)(S-pza/1),futuro
2024-02-26,0.32,Accesorios,Kit pastel rosa (velas y pala)(C-pza/1)(S-pza/1),futuro
2024-02-27,0.31,Accesorios,Kit pastel rosa (velas y pala)(C-pza/1)(S-pza/1),futuro
2024-02-28,0.34,Accesorios,Kit pastel rosa (velas y pala)(C-pza/1)(S-pza/1),futuro
2024-02-29,0.25,Accesorios,Kit pastel rosa (velas y pala)(C-pza/1)(S-pza/1),futuro
2024-03-01,0.36,Accesorios,Kit pastel rosa (velas y pala)(C-pza/1)(S-pza/1),futuro
2024-03-02,0.34,Accesorios,Kit pastel rosa (velas y pala)(C-pza/1)(S-pza/1),futuro
2024-03-03,0.24,Accesorios,Kit pastel rosa (velas y pala)(C-pza/1)(S-pza/1),futuro
2025-12-04,0.16,Accesorios,Plato venta (C-cja/40 paquete)(S-paquete/40)4521,futuro
2025-12-05,0.4,Accesorios,Plato venta (C-cja/40 paquete)(S-paquete/40)4521,futuro
2025-12-06,0.31,Accesorios,Plato venta (C-cja/40 paquete)(S-paquete/40)4521,futuro
2025-12-07,0.24,Accesorios,Plato venta (C-cja/40 paquete)(S-paquete/40)4521,futuro
2025-12-08,0.37,Accesorios,Plato venta (C-cja/40 paquete)(S-paquete/40)4521,futuro
2025-12-09,0.28,Accesorios,Plato venta (C-cja/40 paquete)(S-paquete/40)4521,futuro
2025-12-10,0.57,Accesorios,Plato venta (C-cja/40 paquete)(S-paquete/40)4521,futuro
2025-12-11,0.33,Accesorios,Plato venta (C-cja/40 paquete)(S-paquete/40)4521,futuro
2025-12-12,0.4,Accesorios,Plato venta (C-cja/40 paquete)(S-paquete/40)4521,futuro
2025-12-13,0.53,Accesorios,Plato venta (C-cja/40 paquete)(S-paquete/40)4521,futuro
2025-12-14,0.27,Accesorios,Plato venta (C-cja/40 paquete)(S-paquete/40)4521,futuro
2025-12-15,0.34,Accesorios,Plato venta (C-cja/40 paquete)(S-paquete/40)4521,futuro
2025-12-16,0.32,Accesorios,Plato venta (C-cja/40 paquete)(S-paquete/40)4521,futuro
2025-12-17,0.43,Accesorios,Plato venta (C-cja/40 paquete)(S-paquete/40)4521,futuro
2025-12-18,0.39,Accesorios,Plato venta (C-cja/40 paquete)(S-paquete/40)4521,futuro
2025-12-19,0.36,Accesorios,Plato venta (C-cja/40 paquete)(S-paquete/40)4521,futuro
2025-12-20,0.36,Accesorios,Plato venta (C-cja/40 paquete)(S-paquete/40)4521,futuro
2025-12-21,0.29,Accesorios,Plato venta (C-cja/40 paquete)(S-paquete/40)4521,futuro
2025-12-22,0.32,Accesorios,Plato venta (C-cja/40 paquete)(S-paquete/40)4521,futuro
2025-12-23,0.32,Accesorios,Plato venta (C-cja/40 paquete)(S-paquete/40)4521,futuro
2025-12-24,0.24,Accesorios,Plato venta (C-cja/40 paquete)(S-paquete/40)4521,futuro
2025-12-25,0.2,Accesorios,Plato venta (C-cja/40 paquete)(S-paquete/40)4521,futuro
2025-12-26,0.17,Accesorios,Plato venta (C-cja/40 paquete)(S-paquete/40)4521,futuro
2025-12-27,0.38,Accesorios,Plato venta (C-cja/40 paquete)(S-paquete/40)4521,futuro
2025-12-28,0.28,Accesorios,Plato venta (C-cja/40 paquete)(S-paquete/40)4521,futuro
2025-12-29,0.31,Accesorios,Plato venta (C-cja/40 paquete)(S-paquete/40)4521,futuro
2025-12-30,0.31,Accesorios,Plato venta (C-cja/40 paquete)(S-paquete/40)4521,futuro
2025-12-31,0.39,Accesorios,Plato venta (C-cja/40 paquete)(S-paquete/40)4521,futuro
2026-01-01,0.34,Accesorios,Plato venta (C-cja/40 paquete)(S-paquete/40)4521,futuro
2026-01-02,0.35,Accesorios,Plato venta (C-cja/40 paquete)(S-paquete/40)4521,futuro
2026-01-03,0.36,Accesorios,Plato venta (C-cja/40 paquete)(S-paquete/40)4521,futuro
2026-01-04,0.29,Accesorios,Plato venta (C-cja/40 paquete)(S-paquete/40)4521,futuro
2026-01-05,0.33,Accesorios,Plato venta (C-cja/40 paquete)(S-paquete/40)4521,futuro
2026-01-06,0.33,Accesorios,Plato venta (C-cja/40 paquete)(S-paquete/40)4521,futuro
2026-01-07,0.44,Accesorios,Plato venta (C-cja/40 paquete)(S-paquete/40)4521,futuro
2026-01-08,0.4,Accesorios,Plato venta (C-cja/40 paquete)(S-paquete/40)4521,futuro
2026-01-09,0.35,Accesorios,Plato venta (C-cja/40 paquete)(S-paquete/40)4521,futuro
2026-01-10,0.36,Accesorios,Plato venta (C-cja/40 paquete)(S-paquete/40)4521,futuro
2026-01-11,0.29,Accesorios,Plato venta (C-cja/40 paquete)(S-paquete/40)4521,futuro
2026-01-12,0.33,Accesorios,Plato venta (C-cja/40 paquete)(S-paquete/40)4521,futuro
2026-01-13,0.33,Accesorios,Plato venta (C-cja/40 paquete)(S-paquete/40)4521,futuro
2026-01-14,0.44,Accesorios,Plato venta (C-cja/40 paquete)(S-paquete/40)4521,futuro
2026-01-15,0.4,Accesorios,Plato venta (C-cja/40 paquete)(S-paquete/40)4521,futuro
2026-01-16,0.35,Accesorios,Plato venta (C-cja/40 paquete)(S-paquete/40)4521,futuro
2026-01-17,0.36,Accesorios,Plato venta (C-cja/40 paquete)(S-paquete/40)4521,futuro
2026-01-18,0.29,Accesorios,Plato venta (C-cja/40 paquete)(S-paquete/40)4521,futuro
2026-01-19,0.33,Accesorios,Plato venta (C-cja/40 paquete)(S-paquete/40)4521,futuro
2026-01-20,0.33,Accesorios,Plato venta (C-cja/40 paquete)(S-paquete/40)4521,futuro
2026-01-21,0.44,Accesorios,Plato venta (C-cja/40 paquete)(S-paquete/40)4521,futuro
2026-01-22,0.4,Accesorios,Plato venta (C-cja/40 paquete)(S-paquete/40)4521,futuro
2026-01-23,0.35,Accesorios,Plato venta (C-cja/40 paquete)(S-paquete/40)4521,futuro
2026-01-24,0.36,Accesorios,Plato venta (C-cja/40 paquete)(S-paquete/40)4521,futuro
2026-01-25,0.29,Accesorios,Plato venta (C-cja/40 paquete)(S-paquete/40)4521,futuro
2026-01-26,0.33,Accesorios,Plato venta (C-cja/40 paquete)(S-paquete/40)4521,futuro
2026-01-27,0.33,Accesorios,Plato venta (C-cja/40 paquete)(S-paquete/40)4521,futuro
2026-01-28,0.44,Accesorios,Plato venta (C-cja/40 paquete)(S-paquete/40)4521,futuro
2026-01-29,0.4,Accesorios,Plato venta (C-cja/40 paquete)(S-paquete/40)4521,futuro
2026-01-30,0.35,Accesorios,Plato venta (C-cja/40 paquete)(S-paquete/40)4521,futuro
2026-01-31,0.36,Accesorios,Plato venta (C-cja/40 paquete)(S-paquete/40)4521,futuro
2026-02-01,0.29,Accesorios,Plato venta (C-cja/40 paquete)(S-paquete/40)4521,futuro
2026-02-02,0.32,Accesorios,Plato venta (C-cja/40 paquete)(S-paquete/40)4521,futuro
2026-02-03,0.32,Accesorios,Plato venta (C-cja/40 paquete)(S-paquete/40)4521,futuro
2026-02-04,0.37,Accesorios,Plato venta (C-cja/40 paquete)(S-paquete/40)4521,futuro
2026-02-05,0.34,Accesorios,Plato venta (C-cja/40 paquete)(S-paquete/40)4521,futuro
2026-02-06,0.29,Accesorios,Plato venta (C-cja/40 paquete)(S-paquete/40)4521,futuro
2026-02-07,0.3,Accesorios,Plato venta (C-cja/40 paquete)(S-paquete/40)4521,futuro
2026-02-08,0.29,Accesorios,Plato venta (C-cja/40 paquete)(S-paquete/40)4521,futuro
2026-02-09,0.32,Accesorios,Plato venta (C-cja/40 paquete)(S-paquete/40)4521,futuro
2026-02-10,0.32,Accesorios,Plato venta (C-cja/40 paquete)(S-paquete/40)4521,futuro
2026-02-11,0.37,Accesorios,Plato venta (C-cja/40 paquete)(S-paquete/40)4521,futuro
2026-02-12,0.34,Accesorios,Plato venta (C-cja/40 paquete)(S-paquete/40)4521,futuro
2026-02-13,0.29,Accesorios,Plato venta (C-cja/40 paquete)(S-paquete/40)4521,futuro
2026-02-14,0.3,Accesorios,Plato venta (C-cja/40 paquete)(S-paquete/40)4521,futuro
2026-02-15,0.29,Accesorios,Plato venta (C-cja/40 paquete)(S-paquete/40)4521,futuro
2026-02-16,0.32,Accesorios,Plato venta (C-cja/40 paquete)(S-paquete/40)4521,futuro
2026-02-17,0.32,Accesorios,Plato venta (C-cja/40 paquete)(S-paquete/40)4521,futuro
2026-02-18,0.37,Accesorios,Plato venta (C-cja/40 paquete)(S-paquete/40)4521,futuro
2026-02-19,0.34,Accesorios,Plato venta (C-cja/40 paquete)(S-paquete/40)4521,futuro
2026-02-20,0.29,Accesorios,Plato venta (C-cja/40 paquete)(S-paquete/40)4521,futuro
2026-02-21,0.3,Accesorios,Plato venta (C-cja/40 paquete)(S-paquete/40)4521,futuro
2026-02-22,0.29,Accesorios,Plato venta (C-cja/40 paquete)(S-paquete/40)4521,futuro
2026-02-23,0.32,Accesorios,Plato venta (C-cja/40 paquete)(S-paquete/40)4521,futuro
2026-02-24,0.32,Accesorios,Plato venta (C-cja/40 paquete)(S-paquete/40)4521,futuro
2026-02-25,0.37,Accesorios,Plato venta (C-cja/40 paquete)(S-paquete/40)4521,futuro
2026-02-26,0.34,Accesorios,Plato venta (C-cja/40 paquete)(S-paquete/40)4521,futuro
2026-02-27,0.29,Accesorios,Plato venta (C-cja/40 paquete)(S-paquete/40)4521,futuro
2026-02-28,0.3,Accesorios,Plato venta (C-cja/40 paquete)(S-paquete/40)4521,futuro
2026-03-01,0.31,Accesorios,Plato venta (C-cja/40 paquete)(S-paquete/40)4521,futuro
2026-03-02,0.35,Accesorios,Plato venta (C-cja/40 paquete)(S-paquete/40)4521,futuro
2026-03-03,0.35,Accesorios,Plato venta (C-cja/40 paquete)(S-paquete/40)4521,futuro
2025-12-12,0.2,Accesorios,Vela #0 sweet ligth 24pza(C-pza/1pza)(S-pza/24),futuro
2025-12-13,0.75,Accesorios,Vela #0 sweet ligth 24pza(C-pza/1pza)(S-pza/24),futuro
2025-12-14,0.19,Accesorios,Vela #0 sweet ligth 24pza(C-pza/1pza)(S-pza/24),futuro
2025-12-15,0.04,Accesorios,Vela #0 sweet ligth 24pza(C-pza/1pza)(S-pza/24),futuro
2025-12-16,0.2,Accesorios,Vela #0 sweet ligth 24pza(C-pza/1pza)(S-pza/24),futuro
2025-12-17,0.32,Accesorios,Vela #0 sweet ligth 24pza(C-pza/1pza)(S-pza/24),futuro
2025-12-18,0.26,Accesorios,Vela #0 sweet ligth 24pza(C-pza/1pza)(S-pza/24),futuro
2025-12-19,0.32,Accesorios,Vela #0 sweet ligth 24pza(C-pza/1pza)(S-pza/24),futuro
2025-12-20,0.42,Accesorios,Vela #0 sweet ligth 24pza(C-pza/1pza)(S-pza/24),futuro
2025-12-21,0.26,Accesorios,Vela #0 sweet ligth 24pza(C-pza/1pza)(S-pza/24),futuro
2025-12-22,0.18,Accesorios,Vela #0 sweet ligth 24pza(C-pza/1pza)(S-pza/24),futuro
2025-12-23,0.34,Accesorios,Vela #0 sweet ligth 24pza(C-pza/1pza)(S-pza/24),futuro
2025-12-24,0.13,Accesorios,Vela #0 sweet ligth 24pza(C-pza/1pza)(S-pza/24),futuro
2025-12-25,0.2,Accesorios,Vela #0 sweet ligth 24pza(C-pza/1pza)(S-pza/24),futuro
2025-12-26,0.17,Accesorios,Vela #0 sweet ligth 24pza(C-pza/1pza)(S-pza/24),futuro
2025-12-27,0.48,Accesorios,Vela #0 sweet ligth 24pza(C-pza/1pza)(S-pza/24),futuro
2025-12-28,0.31,Accesorios,Vela #0 sweet ligth 24pza(C-pza/1pza)(S-pza/24),futuro
2025-12-29,0.17,Accesorios,Vela #0 sweet ligth 24pza(C-pza/1pza)(S-pza/24),futuro
2025-12-30,0.06,Accesorios,Vela #0 sweet ligth 24pza(C-pza/1pza)(S-pza/24),futuro
2025-12-31,0.11,Accesorios,Vela #0 sweet ligth 24pza(C-pza/1pza)(S-pza/24),futuro
2026-01-01,0.14,Accesorios,Vela #0 sweet ligth 24pza(C-pza/1pza)(S-pza/24),futuro
2026-01-02,0.13,Accesorios,Vela #0 sweet ligth 24pza(C-pza/1pza)(S-pza/24),futuro
2026-01-03,0.45,Accesorios,Vela #0 sweet ligth 24pza(C-pza/1pza)(S-pza/24),futuro
2026-01-04,0.29,Accesorios,Vela #0 sweet ligth 24pza(C-pza/1pza)(S-pza/24),futuro
2026-01-05,0.17,Accesorios,Vela #0 sweet ligth 24pza(C-pza/1pza)(S-pza/24),futuro
2026-01-06,0.2,Accesorios,Vela #0 sweet ligth 24pza(C-pza/1pza)(S-pza/24),futuro
2026-01-07,0.25,Accesorios,Vela #0 sweet ligth 24pza(C-pza/1pza)(S-pza/24),futuro
2026-01-08,0.29,Accesorios,Vela #0 sweet ligth 24pza(C-pza/1pza)(S-pza/24),futuro
2026-01-09,0.28,Accesorios,Vela #0 sweet ligth 24pza(C-pza/1pza)(S-pza/24),futuro
2026-01-10,0.45,Accesorios,Vela #0 sweet ligth 24pza(C-pza/1pza)(S-pza/24),futuro
2026-01-11,0.29,Accesorios,Vela #0 sweet ligth 24pza(C-pza/1pza)(S-pza/24),futuro
2026-01-12,0.17,Accesorios,Vela #0 sweet ligth 24pza(C-pza/1pza)(S-pza/24),futuro
2026-01-13,0.2,Accesorios,Vela #0 sweet ligth 24pza(C-pza/1pza)(S-pza/24),futuro
2026-01-14,0.25,Accesorios,Vela #0 sweet ligth 24pza(C-pza/1pza)(S-pza/24),futuro
2026-01-15,0.29,Accesorios,Vela #0 sweet ligth 24pza(C-pza/1pza)(S-pza/24),futuro
2026-01-16,0.28,Accesorios,Vela #0 sweet ligth 24pza(C-pza/1pza)(S-pza/24),futuro
2026-01-17,0.45,Accesorios,Vela #0 sweet ligth 24pza(C-pza/1pza)(S-pza/24),futuro
2026-01-18,0.29,Accesorios,Vela #0 sweet ligth 24pza(C-pza/1pza)(S-pza/24),futuro
2026-01-19,0.17,Accesorios,Vela #0 sweet ligth 24pza(C-pza/1pza)(S-pza/24),futuro
2026-01-20,0.2,Accesorios,Vela #0 sweet ligth 24pza(C-pza/1pza)(S-pza/24),futuro
2026-01-21,0.25,Accesorios,Vela #0 sweet ligth 24pza(C-pza/1pza)(S-pza/24),futuro
2026-01-22,0.29,Accesorios,Vela #0 sweet ligth 24pza(C-pza/1pza)(S-pza/24),futuro
2026-01-23,0.28,Accesorios,Vela #0 sweet ligth 24pza(C-pza/1pza)(S-pza/24),futuro
2026-01-24,0.45,Accesorios,Vela #0 sweet ligth 24pza(C-pza/1pza)(S-pza/24),futuro
2026-01-25,0.29,Accesorios,Vela #0 sweet ligth 24pza(C-pza/1pza)(S-pza/24),futuro
2026-01-26,0.17,Accesorios,Vela #0 sweet ligth 24pza(C-pza/1pza)(S-pza/24),futuro
2026-01-27,0.2,Accesorios,Vela #0 sweet ligth 24pza(C-pza/1pza)(S-pza/24),futuro
2026-01-28,0.25,Accesorios,Vela #0 sweet ligth 24pza(C-pza/1pza)(S-pza/24),futuro
2026-01-29,0.29,Accesorios,Vela #0 sweet ligth 24pza(C-pza/1pza)(S-pza/24),futuro
2026-01-30,0.28,Accesorios,Vela #0 sweet ligth 24pza(C-pza/1pza)(S-pza/24),futuro
2026-01-31,0.45,Accesorios,Vela #0 sweet ligth 24pza(C-pza/1pza)(S-pza/24),futuro
2026-02-01,0.28,Accesorios,Vela #0 sweet ligth 24pza(C-pza/1pza)(S-pza/24),futuro
2026-02-02,0.15,Accesorios,Vela #0 sweet ligth 24pza(C-pza/1pza)(S-pza/24),futuro
2026-02-03,0.19,Accesorios,Vela #0 sweet ligth 24pza(C-pza/1pza)(S-pza/24),futuro
2026-02-04,0.24,Accesorios,Vela #0 sweet ligth 24pza(C-pza/1pza)(S-pza/24),futuro
2026-02-05,0.27,Accesorios,Vela #0 sweet ligth 24pza(C-pza/1pza)(S-pza/24),futuro
2026-02-06,0.27,Accesorios,Vela #0 sweet ligth 24pza(C-pza/1pza)(S-pza/24),futuro
2026-02-07,0.58,Accesorios,Vela #0 sweet ligth 24pza(C-pza/1pza)(S-pza/24),futuro
2026-02-08,0.28,Accesorios,Vela #0 sweet ligth 24pza(C-pza/1pza)(S-pza/24),futuro
2026-02-09,0.15,Accesorios,Vela #0 sweet ligth 24pza(C-pza/1pza)(S-pza/24),futuro
2026-02-10,0.19,Accesorios,Vela #0 sweet ligth 24pza(C-pza/1pza)(S-pza/24),futuro
2026-02-11,0.24,Accesorios,Vela #0 sweet ligth 24pza(C-pza/1pza)(S-pza/24),futuro
2026-02-12,0.27,Accesorios,Vela #0 sweet ligth 24pza(C-pza/1pza)(S-pza/24),futuro
2026-02-13,0.27,Accesorios,Vela #0 sweet ligth 24pza(C-pza/1pza)(S-pza/24),futuro
2026-02-14,0.58,Accesorios,Vela #0 sweet ligth 24pza(C-pza/1pza)(S-pza/24),futuro
2026-02-15,0.28,Accesorios,Vela #0 sweet ligth 24pza(C-pza/1pza)(S-pza/24),futuro
2026-02-16,0.15,Accesorios,Vela #0 sweet ligth 24pza(C-pza/1pza)(S-pza/24),futuro
2026-02-17,0.19,Accesorios,Vela #0 sweet ligth 24pza(C-pza/1pza)(S-pza/24),futuro
2026-02-18,0.24,Accesorios,Vela #0 sweet ligth 24pza(C-pza/1pza)(S-pza/24),futuro
2026-02-19,0.27,Accesorios,Vela #0 sweet ligth 24pza(C-pza/1pza)(S-pza/24),futuro
2026-02-20,0.27,Accesorios,Vela #0 sweet ligth 24pza(C-pza/1pza)(S-pza/24),futuro
2026-02-21,0.58,Accesorios,Vela #0 sweet ligth 24pza(C-pza/1pza)(S-pza/24),futuro
2026-02-22,0.28,Accesorios,Vela #0 sweet ligth 24pza(C-pza/1pza)(S-pza/24),futuro
2026-02-23,0.15,Accesorios,Vela #0 sweet ligth 24pza(C-pza/1pza)(S-pza/24),futuro
2026-02-24,0.19,Accesorios,Vela #0 sweet ligth 24pza(C-pza/1pza)(S-pza/24),futuro
2026-02-25,0.24,Accesorios,Vela #0 sweet ligth 24pza(C-pza/1pza)(S-pza/24),futuro
2026-02-26,0.27,Accesorios,Vela #0 sweet ligth 24pza(C-pza/1pza)(S-pza/24),futuro
2026-02-27,0.27,Accesorios,Vela #0 sweet ligth 24pza(C-pza/1pza)(S-pza/24),futuro
2026-02-28,0.58,Accesorios,Vela #0 sweet ligth 24pza(C-pza/1pza)(S-pza/24),futuro
2026-03-01,0.27,Accesorios,Vela #0 sweet ligth 24pza(C-pza/1pza)(S-pza/24),futuro
2026-03-02,0.14,Accesorios,Vela #0 sweet ligth 24pza(C-pza/1pza)(S-pza/24),futuro
2026-03-03,0.17,Accesorios,Vela #0 sweet ligth 24pza(C-pza/1pza)(S-pza/24),futuro
2026-03-04,0.23,Accesorios,Vela #0 sweet ligth 24pza(C-pza/1pza)(S-pza/24),futuro
2026-03-05,0.27,Accesorios,Vela #0 sweet ligth 24pza(C-pza/1pza)(S-pza/24),futuro
2026-03-06,0.26,Accesorios,Vela #0 sweet ligth 24pza(C-pza/1pza)(S-pza/24),futuro
2026-03-07,0.92,Accesorios,Vela #0 sweet ligth 24pza(C-pza/1pza)(S-pza/24),futuro
2026-03-08,0.28,Accesorios,Vela #0 sweet ligth 24pza(C-pza/1pza)(S-pza/24),futuro
2026-03-09,0.15,Accesorios,Vela #0 sweet ligth 24pza(C-pza/1pza)(S-pza/24),futuro
2026-03-10,0.19,Accesorios,Vela #0 sweet ligth 24pza(C-pza/1pza)(S-pza/24),futuro
2026-03-11,0.24,Accesorios,Vela #0 sweet ligth 24pza(C-pza/1pza)(S-pza/24),futuro
2025-12-13,0.52,Accesorios,Vela #9 sweet ligth 24pza(C-pza/1pza)(S-pza/24),futuro
2025-12-14,0.68,Accesorios,Vela #9 sweet ligth 24pza(C-pza/1pza)(S-pza/24),futuro
2025-12-15,0.32,Accesorios,Vela #9 sweet ligth 24pza(C-pza/1pza)(S-pza/24),futuro
2025-12-16,0.28,Accesorios,Vela #9 sweet ligth 24pza(C-pza/1pza)(S-pza/24),futuro
2025-12-17,0.22,Accesorios,Vela #9 sweet ligth 24pza(C-pza/1pza)(S-pza/24),futuro
2025-12-18,0.24,Accesorios,Vela #9 sweet ligth 24pza(C-pza/1pza)(S-pza/24),futuro
2025-12-19,0.28,Accesorios,Vela #9 sweet ligth 24pza(C-pza/1pza)(S-pza/24),futuro
2025-12-20,0.36,Accesorios,Vela #9 sweet ligth 24pza(C-pza/1pza)(S-pza/24),futuro
2025-12-21,0.28,Accesorios,Vela #9 sweet ligth 24pza(C-pza/1pza)(S-pza/24),futuro
2025-12-22,0.16,Accesorios,Vela #9 sweet ligth 24pza(C-pza/1pza)(S-pza/24),futuro
2025-12-23,0.24,Accesorios,Vela #9 sweet ligth 24pza(C-pza/1pza)(S-pza/24),futuro
2025-12-24,0.11,Accesorios,Vela #9 sweet ligth 24pza(C-pza/1pza)(S-pza/24),futuro
2025-12-25,0.08,Accesorios,Vela #9 sweet ligth 24pza(C-pza/1pza)(S-pza/24),futuro
2025-12-26,0.21,Accesorios,Vela #9 sweet ligth 24pza(C-pza/1pza)(S-pza/24),futuro
2025-12-27,0.67,Accesorios,Vela #9 sweet ligth 24pza(C-pza/1pza)(S-pza/24),futuro
2025-12-28,0.61,Accesorios,Vela #9 sweet ligth 24pza(C-pza/1pza)(S-pza/24),futuro
2025-12-29,0.28,Accesorios,Vela #9 sweet ligth 24pza(C-pza/1pza)(S-pza/24),futuro
2025-12-30,0.3,Accesorios,Vela #9 sweet ligth 24pza(C-pza/1pza)(S-pza/24),futuro
2025-12-31,0.17,Accesorios,Vela #9 sweet ligth 24pza(C-pza/1pza)(S-pza/24),futuro
2026-01-01,0.09,Accesorios,Vela #9 sweet ligth 24pza(C-pza/1pza)(S-pza/24),futuro
2026-01-02,0.09,Accesorios,Vela #9 sweet ligth 24pza(C-pza/1pza)(S-pza/24),futuro
2026-01-03,0.25,Accesorios,Vela #9 sweet ligth 24pza(C-pza/1pza)(S-pza/24),futuro
2026-01-04,0.25,Accesorios,Vela #9 sweet ligth 24pza(C-pza/1pza)(S-pza/24),futuro
2026-01-05,0.16,Accesorios,Vela #9 sweet ligth 24pza(C-pza/1pza)(S-pza/24),futuro
2026-01-06,0.15,Accesorios,Vela #9 sweet ligth 24pza(C-pza/1pza)(S-pza/24),futuro
2026-01-07,0.17,Accesorios,Vela #9 sweet ligth 24pza(C-pza/1pza)(S-pza/24),futuro
2026-01-08,0.15,Accesorios,Vela #9 sweet ligth 24pza(C-pza/1pza)(S-pza/24),futuro
2026-01-09,0.19,Accesorios,Vela #9 sweet ligth 24pza(C-pza/1pza)(S-pza/24),futuro
2026-01-10,0.39,Accesorios,Vela #9 sweet ligth 24pza(C-pza/1pza)(S-pza/24),futuro
2026-01-11,0.25,Accesorios,Vela #9 sweet ligth 24pza(C-pza/1pza)(S-pza/24),futuro
2026-01-12,0.16,Accesorios,Vela #9 sweet ligth 24pza(C-pza/1pza)(S-pza/24),futuro
2026-01-13,0.15,Accesorios,Vela #9 sweet ligth 24pza(C-pza/1pza)(S-pza/24),futuro
2026-01-14,0.17,Accesorios,Vela #9 sweet ligth 24pza(C-pza/1pza)(S-pza/24),futuro
2026-01-15,0.15,Accesorios,Vela #9 sweet ligth 24pza(C-pza/1pza)(S-pza/24),futuro
2026-01-16,0.19,Accesorios,Vela #9 sweet ligth 24pza(C-pza/1pza)(S-pza/24),futuro
2026-01-17,0.39,Accesorios,Vela #9 sweet ligth 24pza(C-pza/1pza)(S-pza/24),futuro
2026-01-18,0.25,Accesorios,Vela #9 sweet ligth 24pza(C-pza/1pza)(S-pza/24),futuro
2026-01-19,0.16,Accesorios,Vela #9 sweet ligth 24pza(C-pza/1pza)(S-pza/24),futuro
2026-01-20,0.15,Accesorios,Vela #9 sweet ligth 24pza(C-pza/1pza)(S-pza/24),futuro
2026-01-21,0.17,Accesorios,Vela #9 sweet ligth 24pza(C-pza/1pza)(S-pza/24),futuro
2026-01-22,0.15,Accesorios,Vela #9 sweet ligth 24pza(C-pza/1pza)(S-pza/24),futuro
2026-01-23,0.19,Accesorios,Vela #9 sweet ligth 24pza(C-pza/1pza)(S-pza/24),futuro
2026-01-24,0.39,Accesorios,Vela #9 sweet ligth 24pza(C-pza/1pza)(S-pza/24),futuro
2026-01-25,0.25,Accesorios,Vela #9 sweet ligth 24pza(C-pza/1pza)(S-pza/24),futuro
2026-01-26,0.16,Accesorios,Vela #9 sweet ligth 24pza(C-pza/1pza)(S-pza/24),futuro
2026-01-27,0.15,Accesorios,Vela #9 sweet ligth 24pza(C-pza/1pza)(S-pza/24),futuro
2026-01-28,0.17,Accesorios,Vela #9 sweet ligth 24pza(C-pza/1pza)(S-pza/24),futuro
2026-01-29,0.15,Accesorios,Vela #9 sweet ligth 24pza(C-pza/1pza)(S-pza/24),futuro
2026-01-30,0.19,Accesorios,Vela #9 sweet ligth 24pza(C-pza/1pza)(S-pza/24),futuro
2026-01-31,0.39,Accesorios,Vela #9 sweet ligth 24pza(C-pza/1pza)(S-pza/24),futuro
2026-02-01,0.48,Accesorios,Vela #9 sweet ligth 24pza(C-pza/1pza)(S-pza/24),futuro
2026-02-02,0.23,Accesorios,Vela #9 sweet ligth 24pza(C-pza/1pza)(S-pza/24),futuro
2026-02-03,0.23,Accesorios,Vela #9 sweet ligth 24pza(C-pza/1pza)(S-pza/24),futuro
2026-02-04,0.28,Accesorios,Vela #9 sweet ligth 24pza(C-pza/1pza)(S-pza/24),futuro
2026-02-05,0.23,Accesorios,Vela #9 sweet ligth 24pza(C-pza/1pza)(S-pza/24),futuro
2026-02-06,0.25,Accesorios,Vela #9 sweet ligth 24pza(C-pza/1pza)(S-pza/24),futuro
2026-02-07,0.48,Accesorios,Vela #9 sweet ligth 24pza(C-pza/1pza)(S-pza/24),futuro
2026-02-08,0.39,Accesorios,Vela #9 sweet ligth 24pza(C-pza/1pza)(S-pza/24),futuro
2026-02-09,0.25,Accesorios,Vela #9 sweet ligth 24pza(C-pza/1pza)(S-pza/24),futuro
2026-02-10,0.25,Accesorios,Vela #9 sweet ligth 24pza(C-pza/1pza)(S-pza/24),futuro
2026-02-11,0.3,Accesorios,Vela #9 sweet ligth 24pza(C-pza/1pza)(S-pza/24),futuro
2026-02-12,0.25,Accesorios,Vela #9 sweet ligth 24pza(C-pza/1pza)(S-pza/24),futuro
2026-02-13,0.25,Accesorios,Vela #9 sweet ligth 24pza(C-pza/1pza)(S-pza/24),futuro
2026-02-14,0.48,Accesorios,Vela #9 sweet ligth 24pza(C-pza/1pza)(S-pza/24),futuro
2026-02-15,0.39,Accesorios,Vela #9 sweet ligth 24pza(C-pza/1pza)(S-pza/24),futuro
2026-02-16,0.25,Accesorios,Vela #9 sweet ligth 24pza(C-pza/1pza)(S-pza/24),futuro
2026-02-17,0.25,Accesorios,Vela #9 sweet ligth 24pza(C-pza/1pza)(S-pza/24),futuro
2026-02-18,0.3,Accesorios,Vela #9 sweet ligth 24pza(C-pza/1pza)(S-pza/24),futuro
2026-02-19,0.25,Accesorios,Vela #9 sweet ligth 24pza(C-pza/1pza)(S-pza/24),futuro
2026-02-20,0.25,Accesorios,Vela #9 sweet ligth 24pza(C-pza/1pza)(S-pza/24),futuro
2026-02-21,0.48,Accesorios,Vela #9 sweet ligth 24pza(C-pza/1pza)(S-pza/24),futuro
2026-02-22,0.39,Accesorios,Vela #9 sweet ligth 24pza(C-pza/1pza)(S-pza/24),futuro
2026-02-23,0.25,Accesorios,Vela #9 sweet ligth 24pza(C-pza/1pza)(S-pza/24),futuro
2026-02-24,0.25,Accesorios,Vela #9 sweet ligth 24pza(C-pza/1pza)(S-pza/24),futuro
2026-02-25,0.3,Accesorios,Vela #9 sweet ligth 24pza(C-pza/1pza)(S-pza/24),futuro
2026-02-26,0.25,Accesorios,Vela #9 sweet ligth 24pza(C-pza/1pza)(S-pza/24),futuro
2026-02-27,0.25,Accesorios,Vela #9 sweet ligth 24pza(C-pza/1pza)(S-pza/24),futuro
2026-02-28,0.48,Accesorios,Vela #9 sweet ligth 24pza(C-pza/1pza)(S-pza/24),futuro
2026-03-01,0.39,Accesorios,Vela #9 sweet ligth 24pza(C-pza/1pza)(S-pza/24),futuro
2026-03-02,0.24,Accesorios,Vela #9 sweet ligth 24pza(C-pza/1pza)(S-pza/24),futuro
2026-03-03,0.25,Accesorios,Vela #9 sweet ligth 24pza(C-pza/1pza)(S-pza/24),futuro
2026-03-04,0.29,Accesorios,Vela #9 sweet ligth 24pza(C-pza/1pza)(S-pza/24),futuro
2026-03-05,0.25,Accesorios,Vela #9 sweet ligth 24pza(C-pza/1pza)(S-pza/24),futuro
2026-03-06,0.24,Accesorios,Vela #9 sweet ligth 24pza(C-pza/1pza)(S-pza/24),futuro
2026-03-07,0.48,Accesorios,Vela #9 sweet ligth 24pza(C-pza/1pza)(S-pza/24),futuro
2026-03-08,0.39,Accesorios,Vela #9 sweet ligth 24pza(C-pza/1pza)(S-pza/24),futuro
2026-03-09,0.24,Accesorios,Vela #9 sweet ligth 24pza(C-pza/1pza)(S-pza/24),futuro
2026-03-10,0.25,Accesorios,Vela #9 sweet ligth 24pza(C-pza/1pza)(S-pza/24),futuro
2026-03-11,0.29,Accesorios,Vela #9 sweet ligth 24pza(C-pza/1pza)(S-pza/24),futuro
2026-03-12,0.25,Accesorios,Vela #9 sweet ligth 24pza(C-pza/1pza)(S-pza/24),futuro
2025-12-14,0.37,Accesorios,Vela DE #6 sweet ligth 24pza(C-pza/1pza)(S-pza/24),futuro
2025-12-15,0.33,Accesorios,Vela DE #6 sweet ligth 24pza(C-pza/1pza)(S-pza/24),futuro
2025-12-16,0.27,Accesorios,Vela DE #6 sweet ligth 24pza(C-pza/1pza)(S-pza/24),futuro
2025-12-17,0.45,Accesorios,Vela DE #6 sweet ligth 24pza(C-pza/1pza)(S-pza/24),futuro
2025-12-18,0.32,Accesorios,Vela DE #6 sweet ligth 24pza(C-pza/1pza)(S-pza/24),futuro
2025-12-19,0.41,Accesorios,Vela DE #6 sweet ligth 24pza(C-pza/1pza)(S-pza/24),futuro
2025-12-20,0.56,Accesorios,Vela DE #6 sweet ligth 24pza(C-pza/1pza)(S-pza/24),futuro
2025-12-21,0.31,Accesorios,Vela DE #6 sweet ligth 24pza(C-pza/1pza)(S-pza/24),futuro
2025-12-22,0.33,Accesorios,Vela DE #6 sweet ligth 24pza(C-pza/1pza)(S-pza/24),futuro
2025-12-23,0.27,Accesorios,Vela DE #6 sweet ligth 24pza(C-pza/1pza)(S-pza/24),futuro
2025-12-24,0.68,Accesorios,Vela DE #6 sweet ligth 24pza(C-pza/1pza)(S-pza/24),futuro
2025-12-25,0.54,Accesorios,Vela DE #6 sweet ligth 24pza(C-pza/1pza)(S-pza/24),futuro
2025-12-26,0.18,Accesorios,Vela DE #6 sweet ligth 24pza(C-pza/1pza)(S-pza/24),futuro
2025-12-27,0.74,Accesorios,Vela DE #6 sweet ligth 24pza(C-pza/1pza)(S-pza/24),futuro
2025-12-28,0.4,Accesorios,Vela DE #6 sweet ligth 24pza(C-pza/1pza)(S-pza/24),futuro
2025-12-29,0.4,Accesorios,Vela DE #6 sweet ligth 24pza(C-pza/1pza)(S-pza/24),futuro
2025-12-30,0.48,Accesorios,Vela DE #6 sweet ligth 24pza(C-pza/1pza)(S-pza/24),futuro
2025-12-31,0.82,Accesorios,Vela DE #6 sweet ligth 24pza(C-pza/1pza)(S-pza/24),futuro
2026-01-01,0.74,Accesorios,Vela DE #6 sweet ligth 24pza(C-pza/1pza)(S-pza/24),futuro
2026-01-02,0.39,Accesorios,Vela DE #6 sweet ligth 24pza(C-pza/1pza)(S-pza/24),futuro
2026-01-03,0.44,Accesorios,Vela DE #6 sweet ligth 24pza(C-pza/1pza)(S-pza/24),futuro
2026-01-04,0.33,Accesorios,Vela DE #6 sweet ligth 24pza(C-pza/1pza)(S-pza/24),futuro
2026-01-05,0.26,Accesorios,Vela DE #6 sweet ligth 24pza(C-pza/1pza)(S-pza/24),futuro
2026-01-06,0.33,Accesorios,Vela DE #6 sweet ligth 24pza(C-pza/1pza)(S-pza/24),futuro
2026-01-07,0.7,Accesorios,Vela DE #6 sweet ligth 24pza(C-pza/1pza)(S-pza/24),futuro
2026-01-08,0.35,Accesorios,Vela DE #6 sweet ligth 24pza(C-pza/1pza)(S-pza/24),futuro
2026-01-09,0.34,Accesorios,Vela DE #6 sweet ligth 24pza(C-pza/1pza)(S-pza/24),futuro
2026-01-10,0.44,Accesorios,Vela DE #6 sweet ligth 24pza(C-pza/1pza)(S-pza/24),futuro
2026-01-11,0.33,Accesorios,Vela DE #6 sweet ligth 24pza(C-pza/1pza)(S-pza/24),futuro
2026-01-12,0.26,Accesorios,Vela DE #6 sweet ligth 24pza(C-pza/1pza)(S-pza/24),futuro
2026-01-13,0.33,Accesorios,Vela DE #6 sweet ligth 24pza(C-pza/1pza)(S-pza/24),futuro
2026-01-14,0.7,Accesorios,Vela DE #6 sweet ligth 24pza(C-pza/1pza)(S-pza/24),futuro
2026-01-15,0.35,Accesorios,Vela DE #6 sweet ligth 24pza(C-pza/1pza)(S-pza/24),futuro
2026-01-16,0.34,Accesorios,Vela DE #6 sweet ligth 24pza(C-pza/1pza)(S-pza/24),futuro
2026-01-17,0.44,Accesorios,Vela DE #6 sweet ligth 24pza(C-pza/1pza)(S-pza/24),futuro
2026-01-18,0.33,Accesorios,Vela DE #6 sweet ligth 24pza(C-pza/1pza)(S-pza/24),futuro
2026-01-19,0.26,Accesorios,Vela DE #6 sweet ligth 24pza(C-pza/1pza)(S-pza/24),futuro
2026-01-20,0.33,Accesorios,Vela DE #6 sweet ligth 24pza(C-pza/1pza)(S-pza/24),futuro
2026-01-21,0.7,Accesorios,Vela DE #6 sweet ligth 24pza(C-pza/1pza)(S-pza/24),futuro
2026-01-22,0.35,Accesorios,Vela DE #6 sweet ligth 24pza(C-pza/1pza)(S-pza/24),futuro
2026-01-23,0.34,Accesorios,Vela DE #6 sweet ligth 24pza(C-pza/1pza)(S-pza/24),futuro
2026-01-24,0.44,Accesorios,Vela DE #6 sweet ligth 24pza(C-pza/1pza)(S-pza/24),futuro
2026-01-25,0.33,Accesorios,Vela DE #6 sweet ligth 24pza(C-pza/1pza)(S-pza/24),futuro
2026-01-26,0.26,Accesorios,Vela DE #6 sweet ligth 24pza(C-pza/1pza)(S-pza/24),futuro
2026-01-27,0.33,Accesorios,Vela DE #6 sweet ligth 24pza(C-pza/1pza)(S-pza/24),futuro
2026-01-28,0.7,Accesorios,Vela DE #6 sweet ligth 24pza(C-pza/1pza)(S-pza/24),futuro
2026-01-29,0.35,Accesorios,Vela DE #6 sweet ligth 24pza(C-pza/1pza)(S-pza/24),futuro
2026-01-30,0.34,Accesorios,Vela DE #6 sweet ligth 24pza(C-pza/1pza)(S-pza/24),futuro
2026-01-31,0.44,Accesorios,Vela DE #6 sweet ligth 24pza(C-pza/1pza)(S-pza/24),futuro
2026-02-01,0.38,Accesorios,Vela DE #6 sweet ligth 24pza(C-pza/1pza)(S-pza/24),futuro
2026-02-02,0.32,Accesorios,Vela DE #6 sweet ligth 24pza(C-pza/1pza)(S-pza/24),futuro
2026-02-03,0.39,Accesorios,Vela DE #6 sweet ligth 24pza(C-pza/1pza)(S-pza/24),futuro
2026-02-04,0.38,Accesorios,Vela DE #6 sweet ligth 24pza(C-pza/1pza)(S-pza/24),futuro
2026-02-05,0.42,Accesorios,Vela DE #6 sweet ligth 24pza(C-pza/1pza)(S-pza/24),futuro
2026-02-06,0.41,Accesorios,Vela DE #6 sweet ligth 24pza(C-pza/1pza)(S-pza/24),futuro
2026-02-07,0.65,Accesorios,Vela DE #6 sweet ligth 24pza(C-pza/1pza)(S-pza/24),futuro
2026-02-08,0.38,Accesorios,Vela DE #6 sweet ligth 24pza(C-pza/1pza)(S-pza/24),futuro
2026-02-09,0.32,Accesorios,Vela DE #6 sweet ligth 24pza(C-pza/1pza)(S-pza/24),futuro
2026-02-10,0.39,Accesorios,Vela DE #6 sweet ligth 24pza(C-pza/1pza)(S-pza/24),futuro
2026-02-11,0.38,Accesorios,Vela DE #6 sweet ligth 24pza(C-pza/1pza)(S-pza/24),futuro
2026-02-12,0.42,Accesorios,Vela DE #6 sweet ligth 24pza(C-pza/1pza)(S-pza/24),futuro
2026-02-13,0.41,Accesorios,Vela DE #6 sweet ligth 24pza(C-pza/1pza)(S-pza/24),futuro
2026-02-14,0.65,Accesorios,Vela DE #6 sweet ligth 24pza(C-pza/1pza)(S-pza/24),futuro
2026-02-15,0.38,Accesorios,Vela DE #6 sweet ligth 24pza(C-pza/1pza)(S-pza/24),futuro
2026-02-16,0.32,Accesorios,Vela DE #6 sweet ligth 24pza(C-pza/1pza)(S-pza/24),futuro
2026-02-17,0.39,Accesorios,Vela DE #6 sweet ligth 24pza(C-pza/1pza)(S-pza/24),futuro
2026-02-18,0.38,Accesorios,Vela DE #6 sweet ligth 24pza(C-pza/1pza)(S-pza/24),futuro
2026-02-19,0.42,Accesorios,Vela DE #6 sweet ligth 24pza(C-pza/1pza)(S-pza/24),futuro
2026-02-20,0.41,Accesorios,Vela DE #6 sweet ligth 24pza(C-pza/1pza)(S-pza/24),futuro
2026-02-21,0.65,Accesorios,Vela DE #6 sweet ligth 24pza(C-pza/1pza)(S-pza/24),futuro
2026-02-22,0.38,Accesorios,Vela DE #6 sweet ligth 24pza(C-pza/1pza)(S-pza/24),futuro
2026-02-23,0.32,Accesorios,Vela DE #6 sweet ligth 24pza(C-pza/1pza)(S-pza/24),futuro
2026-02-24,0.39,Accesorios,Vela DE #6 sweet ligth 24pza(C-pza/1pza)(S-pza/24),futuro
2026-02-25,0.38,Accesorios,Vela DE #6 sweet ligth 24pza(C-pza/1pza)(S-pza/24),futuro
2026-02-26,0.42,Accesorios,Vela DE #6 sweet ligth 24pza(C-pza/1pza)(S-pza/24),futuro
2026-02-27,0.41,Accesorios,Vela DE #6 sweet ligth 24pza(C-pza/1pza)(S-pza/24),futuro
2026-02-28,0.65,Accesorios,Vela DE #6 sweet ligth 24pza(C-pza/1pza)(S-pza/24),futuro
2026-03-01,0.46,Accesorios,Vela DE #6 sweet ligth 24pza(C-pza/1pza)(S-pza/24),futuro
2026-03-02,0.4,Accesorios,Vela DE #6 sweet ligth 24pza(C-pza/1pza)(S-pza/24),futuro
2026-03-03,0.47,Accesorios,Vela DE #6 sweet ligth 24pza(C-pza/1pza)(S-pza/24),futuro
2026-03-04,0.5,Accesorios,Vela DE #6 sweet ligth 24pza(C-pza/1pza)(S-pza/24),futuro
2026-03-05,0.5,Accesorios,Vela DE #6 sweet ligth 24pza(C-pza/1pza)(S-pza/24),futuro
2026-03-06,0.49,Accesorios,Vela DE #6 sweet ligth 24pza(C-pza/1pza)(S-pza/24),futuro
2026-03-07,1.51,Accesorios,Vela DE #6 sweet ligth 24pza(C-pza/1pza)(S-pza/24),futuro
2026-03-08,0.34,Accesorios,Vela DE #6 sweet ligth 24pza(C-pza/1pza)(S-pza/24),futuro
2026-03-09,0.26,Accesorios,Vela DE #6 sweet ligth 24pza(C-pza/1pza)(S-pza/24),futuro
2026-03-10,0.34,Accesorios,Vela DE #6 sweet ligth 24pza(C-pza/1pza)(S-pza/24),futuro
2026-03-11,0.49,Accesorios,Vela DE #6 sweet ligth 24pza(C-pza/1pza)(S-pza/24),futuro
2026-03-12,0.48,Accesorios,Vela DE #6 sweet ligth 24pza(C-pza/1pza)(S-pza/24),futuro
2026-03-13,0.49,Accesorios,Vela DE #6 sweet ligth 24pza(C-pza/1pza)(S-pza/24),futuro
2025-12-05,0.21,Accesorios,Vela Sparklers revelación rosa,futuro
2025-12-06,0.16,Accesorios,Vela Sparklers revelación rosa,futuro
2025-12-07,0.4,Accesorios,Vela Sparklers revelación rosa,futuro
2025-12-08,0.05,Accesorios,Vela Sparklers revelación rosa,futuro
2025-12-09,0.76,Accesorios,Vela Sparklers revelación rosa,futuro
2025-12-10,0.74,Accesorios,Vela Sparklers revelación rosa,futuro
2025-12-11,0.04,Accesorios,Vela Sparklers revelación rosa,futuro
2025-12-12,0.21,Accesorios,Vela Sparklers revelación rosa,futuro
2025-12-13,0.19,Accesorios,Vela Sparklers revelación rosa,futuro
2025-12-14,0.14,Accesorios,Vela Sparklers revelación rosa,futuro
2025-12-15,0.07,Accesorios,Vela Sparklers revelación rosa,futuro
2025-12-16,0.31,Accesorios,Vela Sparklers revelación rosa,futuro
2025-12-17,0.0,Accesorios,Vela Sparklers revelación rosa,futuro
2025-12-18,1.86,Accesorios,Vela Sparklers revelación rosa,futuro
2025-12-19,0.15,Accesorios,Vela Sparklers revelación rosa,futuro
2025-12-20,0.16,Accesorios,Vela Sparklers revelación rosa,futuro
2025-12-21,0.0,Accesorios,Vela Sparklers revelación rosa,futuro
2025-12-22,0.12,Accesorios,Vela Sparklers revelación rosa,futuro
2025-12-23,0.08,Accesorios,Vela Sparklers revelación rosa,futuro
2025-12-24,0.0,Accesorios,Vela Sparklers revelación rosa,futuro
2025-12-25,0.04,Accesorios,Vela Sparklers revelación rosa,futuro
2025-12-26,0.31,Accesorios,Vela Sparklers revelación rosa,futuro
2025-12-27,0.25,Accesorios,Vela Sparklers revelación rosa,futuro
2025-12-28,0.21,Accesorios,Vela Sparklers revelación rosa,futuro
2025-12-29,0.09,Accesorios,Vela Sparklers revelación rosa,futuro
2025-12-30,0.32,Accesorios,Vela Sparklers revelación rosa,futuro
2025-12-31,0.0,Accesorios,Vela Sparklers revelación rosa,futuro
2026-01-01,0.1,Accesorios,Vela Sparklers revelación rosa,futuro
2026-01-02,0.25,Accesorios,Vela Sparklers revelación rosa,futuro
2026-01-03,0.21,Accesorios,Vela Sparklers revelación rosa,futuro
2026-01-04,0.16,Accesorios,Vela Sparklers revelación rosa,futuro
2026-01-05,0.14,Accesorios,Vela Sparklers revelación rosa,futuro
2026-01-06,0.09,Accesorios,Vela Sparklers revelación rosa,futuro
2026-01-07,0.0,Accesorios,Vela Sparklers revelación rosa,futuro
2026-01-08,0.31,Accesorios,Vela Sparklers revelación rosa,futuro
2026-01-09,0.25,Accesorios,Vela Sparklers revelación rosa,futuro
2026-01-10,0.21,Accesorios,Vela Sparklers revelación rosa,futuro
2026-01-11,0.16,Accesorios,Vela Sparklers revelación rosa,futuro
2026-01-12,0.14,Accesorios,Vela Sparklers revelación rosa,futuro
2026-01-13,0.09,Accesorios,Vela Sparklers revelación rosa,futuro
2026-01-14,0.01,Accesorios,Vela Sparklers revelación rosa,futuro
2026-01-15,0.25,Accesorios,Vela Sparklers revelación rosa,futuro
2026-01-16,0.25,Accesorios,Vela Sparklers revelación rosa,futuro
2026-01-17,0.21,Accesorios,Vela Sparklers revelación rosa,futuro
2026-01-18,0.16,Accesorios,Vela Sparklers revelación rosa,futuro
2026-01-19,0.14,Accesorios,Vela Sparklers revelación rosa,futuro
2026-01-20,0.09,Accesorios,Vela Sparklers revelación rosa,futuro
2026-01-21,0.01,Accesorios,Vela Sparklers revelación rosa,futuro
2026-01-22,0.25,Accesorios,Vela Sparklers revelación rosa,futuro
2026-01-23,0.25,Accesorios,Vela Sparklers revelación rosa,futuro
2026-01-24,0.21,Accesorios,Vela Sparklers revelación rosa,futuro
2026-01-25,0.16,Accesorios,Vela Sparklers revelación rosa,futuro
2026-01-26,0.14,Accesorios,Vela Sparklers revelación rosa,futuro
2026-01-27,0.09,Accesorios,Vela Sparklers revelación rosa,futuro
2026-01-28,0.01,Accesorios,Vela Sparklers revelación rosa,futuro
2026-01-29,0.25,Accesorios,Vela Sparklers revelación rosa,futuro
2026-01-30,0.25,Accesorios,Vela Sparklers revelación rosa,futuro
2026-01-31,0.21,Accesorios,Vela Sparklers revelación rosa,futuro
2026-02-01,0.16,Accesorios,Vela Sparklers revelación rosa,futuro
2026-02-02,0.14,Accesorios,Vela Sparklers revelación rosa,futuro
2026-02-03,0.09,Accesorios,Vela Sparklers revelación rosa,futuro
2026-02-04,0.01,Accesorios,Vela Sparklers revelación rosa,futuro
2026-02-05,0.25,Accesorios,Vela Sparklers revelación rosa,futuro
2026-02-06,0.25,Accesorios,Vela Sparklers revelación rosa,futuro
2026-02-07,0.21,Accesorios,Vela Sparklers revelación rosa,futuro
2026-02-08,0.16,Accesorios,Vela Sparklers revelación rosa,futuro
2026-02-09,0.14,Accesorios,Vela Sparklers revelación rosa,futuro
2026-02-10,0.09,Accesorios,Vela Sparklers revelación rosa,futuro
2026-02-11,0.01,Accesorios,Vela Sparklers revelación rosa,futuro
2026-02-12,0.25,Accesorios,Vela Sparklers revelación rosa,futuro
2026-02-13,0.25,Accesorios,Vela Sparklers revelación rosa,futuro
2026-02-14,0.21,Accesorios,Vela Sparklers revelación rosa,futuro
2026-02-15,0.16,Accesorios,Vela Sparklers revelación rosa,futuro
2026-02-16,0.14,Accesorios,Vela Sparklers revelación rosa,futuro
2026-02-17,0.09,Accesorios,Vela Sparklers revelación rosa,futuro
2026-02-18,0.01,Accesorios,Vela Sparklers revelación rosa,futuro
2026-02-19,0.25,Accesorios,Vela Sparklers revelación rosa,futuro
2026-02-20,0.25,Accesorios,Vela Sparklers revelación rosa,futuro
2026-02-21,0.21,Accesorios,Vela Sparklers revelación rosa,futuro
2026-02-22,0.16,Accesorios,Vela Sparklers revelación rosa,futuro
2026-02-23,0.14,Accesorios,Vela Sparklers revelación rosa,futuro
2026-02-24,0.09,Accesorios,Vela Sparklers revelación rosa,futuro
2026-02-25,0.01,Accesorios,Vela Sparklers revelación rosa,futuro
2026-02-26,0.25,Accesorios,Vela Sparklers revelación rosa,futuro
2026-02-27,0.25,Accesorios,Vela Sparklers revelación rosa,futuro
2026-02-28,0.21,Accesorios,Vela Sparklers revelación rosa,futuro
2026-03-01,0.16,Accesorios,Vela Sparklers revelación rosa,futuro
2026-03-02,0.14,Accesorios,Vela Sparklers revelación rosa,futuro
2026-03-03,0.09,Accesorios,Vela Sparklers revelación rosa,futuro
2026-03-04,0.01,Accesorios,Vela Sparklers revelación rosa,futuro
2025-12-15,3.14,Accesorios,Vela chispa/letrero Petit,futuro
2025-12-16,4.93,Accesorios,Vela chispa/letrero Petit,futuro
2025-12-17,3.79,Accesorios,Vela chispa/letrero Petit,futuro
2025-12-18,4.59,Accesorios,Vela chispa/letrero Petit,futuro
2025-12-19,4.6,Accesorios,Vela chispa/letrero Petit,futuro
2025-12-20,6.14,Accesorios,Vela chispa/letrero Petit,futuro
2025-12-21,6.81,Accesorios,Vela chispa/letrero Petit,futuro
2025-12-22,4.69,Accesorios,Vela chispa/letrero Petit,futuro
2025-12-23,3.77,Accesorios,Vela chispa/letrero Petit,futuro
2025-12-24,3.44,Accesorios,Vela chispa/letrero Petit,futuro
2025-12-25,3.37,Accesorios,Vela chispa/letrero Petit,futuro
2025-12-26,3.44,Accesorios,Vela chispa/letrero Petit,futuro
2025-12-27,4.86,Accesorios,Vela chispa/letrero Petit,futuro
2025-12-28,5.13,Accesorios,Vela chispa/letrero Petit,futuro
2025-12-29,4.41,Accesorios,Vela chispa/letrero Petit,futuro
2025-12-30,4.34,Accesorios,Vela chispa/letrero Petit,futuro
2025-12-31,4.14,Accesorios,Vela chispa/letrero Petit,futuro
2026-01-01,4.14,Accesorios,Vela chispa/letrero Petit,futuro
2026-01-02,4.0,Accesorios,Vela chispa/letrero Petit,futuro
2026-01-03,4.65,Accesorios,Vela chispa/letrero Petit,futuro
2026-01-04,5.04,Accesorios,Vela chispa/letrero Petit,futuro
2026-01-05,3.72,Accesorios,Vela chispa/letrero Petit,futuro
2026-01-06,3.82,Accesorios,Vela chispa/letrero Petit,futuro
2026-01-07,3.64,Accesorios,Vela chispa/letrero Petit,futuro
2026-01-08,3.77,Accesorios,Vela chispa/letrero Petit,futuro
2026-01-09,3.63,Accesorios,Vela chispa/letrero Petit,futuro
2026-01-10,4.57,Accesorios,Vela chispa/letrero Petit,futuro
2026-01-11,4.96,Accesorios,Vela chispa/letrero Petit,futuro
2026-01-12,3.71,Accesorios,Vela chispa/letrero Petit,futuro
2026-01-13,3.76,Accesorios,Vela chispa/letrero Petit,futuro
2026-01-14,3.8,Accesorios,Vela chispa/letrero Petit,futuro
2026-01-15,3.87,Accesorios,Vela chispa/letrero Petit,futuro
2026-01-16,3.74,Accesorios,Vela chispa/letrero Petit,futuro
2026-01-17,4.54,Accesorios,Vela chispa/letrero Petit,futuro
2026-01-18,4.93,Accesorios,Vela chispa/letrero Petit,futuro
2026-01-19,3.69,Accesorios,Vela chispa/letrero Petit,futuro
2026-01-20,3.64,Accesorios,Vela chispa/letrero Petit,futuro
2026-01-21,3.68,Accesorios,Vela chispa/letrero Petit,futuro
2026-01-22,3.83,Accesorios,Vela chispa/letrero Petit,futuro
2026-01-23,3.83,Accesorios,Vela chispa/letrero Petit,futuro
2026-01-24,4.7,Accesorios,Vela chispa/letrero Petit,futuro
2026-01-25,4.93,Accesorios,Vela chispa/letrero Petit,futuro
2026-01-26,3.69,Accesorios,Vela chispa/letrero Petit,futuro
2026-01-27,3.64,Accesorios,Vela chispa/letrero Petit,futuro
2026-01-28,3.68,Accesorios,Vela chispa/letrero Petit,futuro
2026-01-29,3.83,Accesorios,Vela chispa/letrero Petit,futuro
2026-01-30,3.83,Accesorios,Vela chispa/letrero Petit,futuro
2026-01-31,4.7,Accesorios,Vela chispa/letrero Petit,futuro
2026-02-01,4.85,Accesorios,Vela chispa/letrero Petit,futuro
2026-02-02,3.59,Accesorios,Vela chispa/letrero Petit,futuro
2026-02-03,3.54,Accesorios,Vela chispa/letrero Petit,futuro
2026-02-04,3.55,Accesorios,Vela chispa/letrero Petit,futuro
2026-02-05,3.7,Accesorios,Vela chispa/letrero Petit,futuro
2026-02-06,3.7,Accesorios,Vela chispa/letrero Petit,futuro
2026-02-07,4.58,Accesorios,Vela chispa/letrero Petit,futuro
2026-02-08,4.85,Accesorios,Vela chispa/letrero Petit,futuro
2026-02-09,3.59,Accesorios,Vela chispa/letrero Petit,futuro
2026-02-10,3.54,Accesorios,Vela chispa/letrero Petit,futuro
2026-02-11,3.55,Accesorios,Vela chispa/letrero Petit,futuro
2026-02-12,3.7,Accesorios,Vela chispa/letrero Petit,futuro
2026-02-13,3.7,Accesorios,Vela chispa/letrero Petit,futuro
2026-02-14,4.58,Accesorios,Vela chispa/letrero Petit,futuro
2026-02-15,4.85,Accesorios,Vela chispa/letrero Petit,futuro
2026-02-16,3.59,Accesorios,Vela chispa/letrero Petit,futuro
2026-02-17,3.54,Accesorios,Vela chispa/letrero Petit,futuro
2026-02-18,3.55,Accesorios,Vela chispa/letrero Petit,futuro
2026-02-19,3.7,Accesorios,Vela chispa/letrero Petit,futuro
2026-02-20,3.7,Accesorios,Vela chispa/letrero Petit,futuro
2026-02-21,4.58,Accesorios,Vela chispa/letrero Petit,futuro
2026-02-22,4.85,Accesorios,Vela chispa/letrero Petit,futuro
2026-02-23,3.59,Accesorios,Vela chispa/letrero Petit,futuro
2026-02-24,3.54,Accesorios,Vela chispa/letrero Petit,futuro
2026-02-25,3.55,Accesorios,Vela chispa/letrero Petit,futuro
2026-02-26,3.7,Accesorios,Vela chispa/letrero Petit,futuro
2026-02-27,3.7,Accesorios,Vela chispa/letrero Petit,futuro
2026-02-28,4.58,Accesorios,Vela chispa/letrero Petit,futuro
2026-03-01,4.71,Accesorios,Vela chispa/letrero Petit,futuro
2026-03-02,3.53,Accesorios,Vela chispa/letrero Petit,futuro
2026-03-03,3.69,Accesorios,Vela chispa/letrero Petit,futuro
2026-03-04,3.69,Accesorios,Vela chispa/letrero Petit,futuro
2026-03-05,3.65,Accesorios,Vela chispa/letrero Petit,futuro
2026-03-06,3.65,Accesorios,Vela chispa/letrero Petit,futuro
2026-03-07,4.44,Accesorios,Vela chispa/letrero Petit,futuro
2026-03-08,4.71,Accesorios,Vela chispa/letrero Petit,futuro
2026-03-09,3.53,Accesorios,Vela chispa/letrero Petit,futuro
2026-03-10,3.69,Accesorios,Vela chispa/letrero Petit,futuro
2026-03-11,3.69,Accesorios,Vela chispa/letrero Petit,futuro
2026-03-12,3.65,Accesorios,Vela chispa/letrero Petit,futuro
2026-03-13,3.65,Accesorios,Vela chispa/letrero Petit,futuro
2026-03-14,4.44,Accesorios,Vela chispa/letrero Petit,futuro
2023-05-21,0.01,Accesorios,Vela conejo feliz niña,futuro
2023-05-22,0.01,Accesorios,Vela conejo feliz niña,futuro
2023-05-23,0.0,Accesorios,Vela conejo feliz niña,futuro
2023-05-24,0.0,Accesorios,Vela conejo feliz niña,futuro
2023-05-25,0.01,Accesorios,Vela conejo feliz niña,futuro
2023-05-26,0.01,Accesorios,Vela conejo feliz niña,futuro
2023-05-27,0.12,Accesorios,Vela conejo feliz niña,futuro
2023-05-28,0.01,Accesorios,Vela conejo feliz niña,futuro
2023-05-29,0.01,Accesorios,Vela conejo feliz niña,futuro
2023-05-30,0.0,Accesorios,Vela conejo feliz niña,futuro
2023-05-31,0.0,Accesorios,Vela conejo feliz niña,futuro
2023-06-01,0.01,Accesorios,Vela conejo feliz niña,futuro
2023-06-02,0.01,Accesorios,Vela conejo feliz niña,futuro
2023-06-03,0.23,Accesorios,Vela conejo feliz niña,futuro
2023-06-04,0.01,Accesorios,Vela conejo feliz niña,futuro
2023-06-05,0.01,Accesorios,Vela conejo feliz niña,futuro
2023-06-06,0.0,Accesorios,Vela conejo feliz niña,futuro
2023-06-07,0.0,Accesorios,Vela conejo feliz niña,futuro
2023-06-08,0.01,Accesorios,Vela conejo feliz niña,futuro
2023-06-09,0.01,Accesorios,Vela conejo feliz niña,futuro
2023-06-10,0.27,Accesorios,Vela conejo feliz niña,futuro
2023-06-11,0.01,Accesorios,Vela conejo feliz niña,futuro
2023-06-12,0.01,Accesorios,Vela conejo feliz niña,futuro
2023-06-13,0.0,Accesorios,Vela conejo feliz niña,futuro
2023-06-14,0.0,Accesorios,Vela conejo feliz niña,futuro
2023-06-15,0.01,Accesorios,Vela conejo feliz niña,futuro
2023-06-16,0.01,Accesorios,Vela conejo feliz niña,futuro
2023-06-17,0.27,Accesorios,Vela conejo feliz niña,futuro
2023-06-18,0.01,Accesorios,Vela conejo feliz niña,futuro
2023-06-19,0.01,Accesorios,Vela conejo feliz niña,futuro
2023-06-20,0.0,Accesorios,Vela conejo feliz niña,futuro
2023-06-21,0.0,Accesorios,Vela conejo feliz niña,futuro
2023-06-22,0.01,Accesorios,Vela conejo feliz niña,futuro
2023-06-23,0.01,Accesorios,Vela conejo feliz niña,futuro
2023-06-24,0.27,Accesorios,Vela conejo feliz niña,futuro
2023-06-25,0.01,Accesorios,Vela conejo feliz niña,futuro
2023-06-26,0.01,Accesorios,Vela conejo feliz niña,futuro
2023-06-27,0.0,Accesorios,Vela conejo feliz niña,futuro
2023-06-28,0.0,Accesorios,Vela conejo feliz niña,futuro
2023-06-29,0.01,Accesorios,Vela conejo feliz niña,futuro
2023-06-30,0.01,Accesorios,Vela conejo feliz niña,futuro
2023-07-01,0.27,Accesorios,Vela conejo feliz niña,futuro
2023-07-02,0.01,Accesorios,Vela conejo feliz niña,futuro
2023-07-03,0.01,Accesorios,Vela conejo feliz niña,futuro
2023-07-04,0.0,Accesorios,Vela conejo feliz niña,futuro
2023-07-05,0.0,Accesorios,Vela conejo feliz niña,futuro
2023-07-06,0.01,Accesorios,Vela conejo feliz niña,futuro
2023-07-07,0.01,Accesorios,Vela conejo feliz niña,futuro
2023-07-08,0.27,Accesorios,Vela conejo feliz niña,futuro
2023-07-09,0.01,Accesorios,Vela conejo feliz niña,futuro
2023-07-10,0.01,Accesorios,Vela conejo feliz niña,futuro
2023-07-11,0.0,Accesorios,Vela conejo feliz niña,futuro
2023-07-12,0.0,Accesorios,Vela conejo feliz niña,futuro
2023-07-13,0.01,Accesorios,Vela conejo feliz niña,futuro
2023-07-14,0.01,Accesorios,Vela conejo feliz niña,futuro
2023-07-15,0.27,Accesorios,Vela conejo feliz niña,futuro
2023-07-16,0.01,Accesorios,Vela conejo feliz niña,futuro
2023-07-17,0.01,Accesorios,Vela conejo feliz niña,futuro
2023-07-18,0.0,Accesorios,Vela conejo feliz niña,futuro
2023-07-19,0.0,Accesorios,Vela conejo feliz niña,futuro
2023-07-20,0.01,Accesorios,Vela conejo feliz niña,futuro
2023-07-21,0.01,Accesorios,Vela conejo feliz niña,futuro
2023-07-22,0.27,Accesorios,Vela conejo feliz niña,futuro
2023-07-23,0.01,Accesorios,Vela conejo feliz niña,futuro
2023-07-24,0.01,Accesorios,Vela conejo feliz niña,futuro
2023-07-25,0.0,Accesorios,Vela conejo feliz niña,futuro
2023-07-26,0.0,Accesorios,Vela conejo feliz niña,futuro
2023-07-27,0.01,Accesorios,Vela conejo feliz niña,futuro
2023-07-28,0.01,Accesorios,Vela conejo feliz niña,futuro
2023-07-29,0.27,Accesorios,Vela conejo feliz niña,futuro
2023-07-30,0.01,Accesorios,Vela conejo feliz niña,futuro
2023-07-31,0.01,Accesorios,Vela conejo feliz niña,futuro
2023-08-01,0.0,Accesorios,Vela conejo feliz niña,futuro
2023-08-02,0.0,Accesorios,Vela conejo feliz niña,futuro
2023-08-03,0.0,Accesorios,Vela conejo feliz niña,futuro
2023-08-04,0.0,Accesorios,Vela conejo feliz niña,futuro
2023-08-05,0.02,Accesorios,Vela conejo feliz niña,futuro
2023-08-06,0.0,Accesorios,Vela conejo feliz niña,futuro
2023-08-07,0.0,Accesorios,Vela conejo feliz niña,futuro
2023-08-08,0.0,Accesorios,Vela conejo feliz niña,futuro
2023-08-09,0.0,Accesorios,Vela conejo feliz niña,futuro
2023-08-10,0.0,Accesorios,Vela conejo feliz niña,futuro
2023-08-11,0.0,Accesorios,Vela conejo feliz niña,futuro
2023-08-12,0.02,Accesorios,Vela conejo feliz niña,futuro
2023-08-13,0.0,Accesorios,Vela conejo feliz niña,futuro
2023-08-14,0.0,Accesorios,Vela conejo feliz niña,futuro
2023-08-15,0.0,Accesorios,Vela conejo feliz niña,futuro
2023-08-16,0.0,Accesorios,Vela conejo feliz niña,futuro
2023-08-17,0.0,Accesorios,Vela conejo feliz niña,futuro
2023-08-18,0.0,Accesorios,Vela conejo feliz niña,futuro
2025-12-04,0.67,Accesorios,Vela de #1 sweet ligth 24pza(C-pza/1pza)(S-pza/24),futuro
2025-12-05,0.8,Accesorios,Vela de #1 sweet ligth 24pza(C-pza/1pza)(S-pza/24),futuro
2025-12-06,2.2,Accesorios,Vela de #1 sweet ligth 24pza(C-pza/1pza)(S-pza/24),futuro
2025-12-07,1.95,Accesorios,Vela de #1 sweet ligth 24pza(C-pza/1pza)(S-pza/24),futuro
2025-12-08,0.61,Accesorios,Vela de #1 sweet ligth 24pza(C-pza/1pza)(S-pza/24),futuro
2025-12-09,0.74,Accesorios,Vela de #1 sweet ligth 24pza(C-pza/1pza)(S-pza/24),futuro
2025-12-10,0.73,Accesorios,Vela de #1 sweet ligth 24pza(C-pza/1pza)(S-pza/24),futuro
2025-12-11,0.53,Accesorios,Vela de #1 sweet ligth 24pza(C-pza/1pza)(S-pza/24),futuro
2025-12-12,1.4,Accesorios,Vela de #1 sweet ligth 24pza(C-pza/1pza)(S-pza/24),futuro
2025-12-13,1.41,Accesorios,Vela de #1 sweet ligth 24pza(C-pza/1pza)(S-pza/24),futuro
2025-12-14,1.94,Accesorios,Vela de #1 sweet ligth 24pza(C-pza/1pza)(S-pza/24),futuro
2025-12-15,0.87,Accesorios,Vela de #1 sweet ligth 24pza(C-pza/1pza)(S-pza/24),futuro
2025-12-16,0.78,Accesorios,Vela de #1 sweet ligth 24pza(C-pza/1pza)(S-pza/24),futuro
2025-12-17,0.77,Accesorios,Vela de #1 sweet ligth 24pza(C-pza/1pza)(S-pza/24),futuro
2025-12-18,0.72,Accesorios,Vela de #1 sweet ligth 24pza(C-pza/1pza)(S-pza/24),futuro
2025-12-19,0.8,Accesorios,Vela de #1 sweet ligth 24pza(C-pza/1pza)(S-pza/24),futuro
2025-12-20,1.7,Accesorios,Vela de #1 sweet ligth 24pza(C-pza/1pza)(S-pza/24),futuro
2025-12-21,1.57,Accesorios,Vela de #1 sweet ligth 24pza(C-pza/1pza)(S-pza/24),futuro
2025-12-22,0.57,Accesorios,Vela de #1 sweet ligth 24pza(C-pza/1pza)(S-pza/24),futuro
2025-12-23,0.5,Accesorios,Vela de #1 sweet ligth 24pza(C-pza/1pza)(S-pza/24),futuro
2025-12-24,0.51,Accesorios,Vela de #1 sweet ligth 24pza(C-pza/1pza)(S-pza/24),futuro
2025-12-25,0.31,Accesorios,Vela de #1 sweet ligth 24pza(C-pza/1pza)(S-pza/24),futuro
2025-12-26,0.34,Accesorios,Vela de #1 sweet ligth 24pza(C-pza/1pza)(S-pza/24),futuro
2025-12-27,1.51,Accesorios,Vela de #1 sweet ligth 24pza(C-pza/1pza)(S-pza/24),futuro
2025-12-28,1.47,Accesorios,Vela de #1 sweet ligth 24pza(C-pza/1pza)(S-pza/24),futuro
2025-12-29,0.65,Accesorios,Vela de #1 sweet ligth 24pza(C-pza/1pza)(S-pza/24),futuro
2025-12-30,0.43,Accesorios,Vela de #1 sweet ligth 24pza(C-pza/1pza)(S-pza/24),futuro
2025-12-31,0.62,Accesorios,Vela de #1 sweet ligth 24pza(C-pza/1pza)(S-pza/24),futuro
2026-01-01,0.69,Accesorios,Vela de #1 sweet ligth 24pza(C-pza/1pza)(S-pza/24),futuro
2026-01-02,0.4,Accesorios,Vela de #1 sweet ligth 24pza(C-pza/1pza)(S-pza/24),futuro
2026-01-03,1.45,Accesorios,Vela de #1 sweet ligth 24pza(C-pza/1pza)(S-pza/24),futuro
2026-01-04,1.11,Accesorios,Vela de #1 sweet ligth 24pza(C-pza/1pza)(S-pza/24),futuro
2026-01-05,0.63,Accesorios,Vela de #1 sweet ligth 24pza(C-pza/1pza)(S-pza/24),futuro
2026-01-06,0.71,Accesorios,Vela de #1 sweet ligth 24pza(C-pza/1pza)(S-pza/24),futuro
2026-01-07,0.56,Accesorios,Vela de #1 sweet ligth 24pza(C-pza/1pza)(S-pza/24),futuro
2026-01-08,0.69,Accesorios,Vela de #1 sweet ligth 24pza(C-pza/1pza)(S-pza/24),futuro
2026-01-09,0.71,Accesorios,Vela de #1 sweet ligth 24pza(C-pza/1pza)(S-pza/24),futuro
2026-01-10,1.45,Accesorios,Vela de #1 sweet ligth 24pza(C-pza/1pza)(S-pza/24),futuro
2026-01-11,1.11,Accesorios,Vela de #1 sweet ligth 24pza(C-pza/1pza)(S-pza/24),futuro
2026-01-12,0.63,Accesorios,Vela de #1 sweet ligth 24pza(C-pza/1pza)(S-pza/24),futuro
2026-01-13,0.71,Accesorios,Vela de #1 sweet ligth 24pza(C-pza/1pza)(S-pza/24),futuro
2026-01-14,0.56,Accesorios,Vela de #1 sweet ligth 24pza(C-pza/1pza)(S-pza/24),futuro
2026-01-15,0.69,Accesorios,Vela de #1 sweet ligth 24pza(C-pza/1pza)(S-pza/24),futuro
2026-01-16,0.71,Accesorios,Vela de #1 sweet ligth 24pza(C-pza/1pza)(S-pza/24),futuro
2026-01-17,1.45,Accesorios,Vela de #1 sweet ligth 24pza(C-pza/1pza)(S-pza/24),futuro
2026-01-18,1.11,Accesorios,Vela de #1 sweet ligth 24pza(C-pza/1pza)(S-pza/24),futuro
2026-01-19,0.63,Accesorios,Vela de #1 sweet ligth 24pza(C-pza/1pza)(S-pza/24),futuro
2026-01-20,0.71,Accesorios,Vela de #1 sweet ligth 24pza(C-pza/1pza)(S-pza/24),futuro
2026-01-21,0.56,Accesorios,Vela de #1 sweet ligth 24pza(C-pza/1pza)(S-pza/24),futuro
2026-01-22,0.69,Accesorios,Vela de #1 sweet ligth 24pza(C-pza/1pza)(S-pza/24),futuro
2026-01-23,0.71,Accesorios,Vela de #1 sweet ligth 24pza(C-pza/1pza)(S-pza/24),futuro
2026-01-24,1.45,Accesorios,Vela de #1 sweet ligth 24pza(C-pza/1pza)(S-pza/24),futuro
2026-01-25,1.11,Accesorios,Vela de #1 sweet ligth 24pza(C-pza/1pza)(S-pza/24),futuro
2026-01-26,0.63,Accesorios,Vela de #1 sweet ligth 24pza(C-pza/1pza)(S-pza/24),futuro
2026-01-27,0.71,Accesorios,Vela de #1 sweet ligth 24pza(C-pza/1pza)(S-pza/24),futuro
2026-01-28,0.56,Accesorios,Vela de #1 sweet ligth 24pza(C-pza/1pza)(S-pza/24),futuro
2026-01-29,0.69,Accesorios,Vela de #1 sweet ligth 24pza(C-pza/1pza)(S-pza/24),futuro
2026-01-30,0.71,Accesorios,Vela de #1 sweet ligth 24pza(C-pza/1pza)(S-pza/24),futuro
2026-01-31,1.45,Accesorios,Vela de #1 sweet ligth 24pza(C-pza/1pza)(S-pza/24),futuro
2026-02-01,1.05,Accesorios,Vela de #1 sweet ligth 24pza(C-pza/1pza)(S-pza/24),futuro
2026-02-02,0.61,Accesorios,Vela de #1 sweet ligth 24pza(C-pza/1pza)(S-pza/24),futuro
2026-02-03,0.72,Accesorios,Vela de #1 sweet ligth 24pza(C-pza/1pza)(S-pza/24),futuro
2026-02-04,0.57,Accesorios,Vela de #1 sweet ligth 24pza(C-pza/1pza)(S-pza/24),futuro
2026-02-05,0.69,Accesorios,Vela de #1 sweet ligth 24pza(C-pza/1pza)(S-pza/24),futuro
2026-02-06,0.68,Accesorios,Vela de #1 sweet ligth 24pza(C-pza/1pza)(S-pza/24),futuro
2026-02-07,1.42,Accesorios,Vela de #1 sweet ligth 24pza(C-pza/1pza)(S-pza/24),futuro
2026-02-08,1.05,Accesorios,Vela de #1 sweet ligth 24pza(C-pza/1pza)(S-pza/24),futuro
2026-02-09,0.61,Accesorios,Vela de #1 sweet ligth 24pza(C-pza/1pza)(S-pza/24),futuro
2026-02-10,0.72,Accesorios,Vela de #1 sweet ligth 24pza(C-pza/1pza)(S-pza/24),futuro
2026-02-11,0.57,Accesorios,Vela de #1 sweet ligth 24pza(C-pza/1pza)(S-pza/24),futuro
2026-02-12,0.69,Accesorios,Vela de #1 sweet ligth 24pza(C-pza/1pza)(S-pza/24),futuro
2026-02-13,0.68,Accesorios,Vela de #1 sweet ligth 24pza(C-pza/1pza)(S-pza/24),futuro
2026-02-14,1.42,Accesorios,Vela de #1 sweet ligth 24pza(C-pza/1pza)(S-pza/24),futuro
2026-02-15,1.05,Accesorios,Vela de #1 sweet ligth 24pza(C-pza/1pza)(S-pza/24),futuro
2026-02-16,0.61,Accesorios,Vela de #1 sweet ligth 24pza(C-pza/1pza)(S-pza/24),futuro
2026-02-17,0.72,Accesorios,Vela de #1 sweet ligth 24pza(C-pza/1pza)(S-pza/24),futuro
2026-02-18,0.57,Accesorios,Vela de #1 sweet ligth 24pza(C-pza/1pza)(S-pza/24),futuro
2026-02-19,0.69,Accesorios,Vela de #1 sweet ligth 24pza(C-pza/1pza)(S-pza/24),futuro
2026-02-20,0.68,Accesorios,Vela de #1 sweet ligth 24pza(C-pza/1pza)(S-pza/24),futuro
2026-02-21,1.42,Accesorios,Vela de #1 sweet ligth 24pza(C-pza/1pza)(S-pza/24),futuro
2026-02-22,1.05,Accesorios,Vela de #1 sweet ligth 24pza(C-pza/1pza)(S-pza/24),futuro
2026-02-23,0.61,Accesorios,Vela de #1 sweet ligth 24pza(C-pza/1pza)(S-pza/24),futuro
2026-02-24,0.72,Accesorios,Vela de #1 sweet ligth 24pza(C-pza/1pza)(S-pza/24),futuro
2026-02-25,0.57,Accesorios,Vela de #1 sweet ligth 24pza(C-pza/1pza)(S-pza/24),futuro
2026-02-26,0.69,Accesorios,Vela de #1 sweet ligth 24pza(C-pza/1pza)(S-pza/24),futuro
2026-02-27,0.68,Accesorios,Vela de #1 sweet ligth 24pza(C-pza/1pza)(S-pza/24),futuro
2026-02-28,1.42,Accesorios,Vela de #1 sweet ligth 24pza(C-pza/1pza)(S-pza/24),futuro
2026-03-01,1.16,Accesorios,Vela de #1 sweet ligth 24pza(C-pza/1pza)(S-pza/24),futuro
2026-03-02,0.62,Accesorios,Vela de #1 sweet ligth 24pza(C-pza/1pza)(S-pza/24),futuro
2026-03-03,0.73,Accesorios,Vela de #1 sweet ligth 24pza(C-pza/1pza)(S-pza/24),futuro
2025-12-15,0.48,Accesorios,Vela de #2 sweet ligth 24pza(C-pza/1pza)(S-pza/24),futuro
2025-12-16,0.61,Accesorios,Vela de #2 sweet ligth 24pza(C-pza/1pza)(S-pza/24),futuro
2025-12-17,0.58,Accesorios,Vela de #2 sweet ligth 24pza(C-pza/1pza)(S-pza/24),futuro
2025-12-18,0.43,Accesorios,Vela de #2 sweet ligth 24pza(C-pza/1pza)(S-pza/24),futuro
2025-12-19,0.56,Accesorios,Vela de #2 sweet ligth 24pza(C-pza/1pza)(S-pza/24),futuro
2025-12-20,0.71,Accesorios,Vela de #2 sweet ligth 24pza(C-pza/1pza)(S-pza/24),futuro
2025-12-21,0.84,Accesorios,Vela de #2 sweet ligth 24pza(C-pza/1pza)(S-pza/24),futuro
2025-12-22,0.35,Accesorios,Vela de #2 sweet ligth 24pza(C-pza/1pza)(S-pza/24),futuro
2025-12-23,0.25,Accesorios,Vela de #2 sweet ligth 24pza(C-pza/1pza)(S-pza/24),futuro
2025-12-24,0.5,Accesorios,Vela de #2 sweet ligth 24pza(C-pza/1pza)(S-pza/24),futuro
2025-12-25,0.44,Accesorios,Vela de #2 sweet ligth 24pza(C-pza/1pza)(S-pza/24),futuro
2025-12-26,0.6,Accesorios,Vela de #2 sweet ligth 24pza(C-pza/1pza)(S-pza/24),futuro
2025-12-27,1.01,Accesorios,Vela de #2 sweet ligth 24pza(C-pza/1pza)(S-pza/24),futuro
2025-12-28,1.04,Accesorios,Vela de #2 sweet ligth 24pza(C-pza/1pza)(S-pza/24),futuro
2025-12-29,0.45,Accesorios,Vela de #2 sweet ligth 24pza(C-pza/1pza)(S-pza/24),futuro
2025-12-30,0.48,Accesorios,Vela de #2 sweet ligth 24pza(C-pza/1pza)(S-pza/24),futuro
2025-12-31,0.53,Accesorios,Vela de #2 sweet ligth 24pza(C-pza/1pza)(S-pza/24),futuro
2026-01-01,0.5,Accesorios,Vela de #2 sweet ligth 24pza(C-pza/1pza)(S-pza/24),futuro
2026-01-02,0.63,Accesorios,Vela de #2 sweet ligth 24pza(C-pza/1pza)(S-pza/24),futuro
2026-01-03,0.98,Accesorios,Vela de #2 sweet ligth 24pza(C-pza/1pza)(S-pza/24),futuro
2026-01-04,0.89,Accesorios,Vela de #2 sweet ligth 24pza(C-pza/1pza)(S-pza/24),futuro
2026-01-05,0.38,Accesorios,Vela de #2 sweet ligth 24pza(C-pza/1pza)(S-pza/24),futuro
2026-01-06,0.51,Accesorios,Vela de #2 sweet ligth 24pza(C-pza/1pza)(S-pza/24),futuro
2026-01-07,0.54,Accesorios,Vela de #2 sweet ligth 24pza(C-pza/1pza)(S-pza/24),futuro
2026-01-08,0.43,Accesorios,Vela de #2 sweet ligth 24pza(C-pza/1pza)(S-pza/24),futuro
2026-01-09,0.62,Accesorios,Vela de #2 sweet ligth 24pza(C-pza/1pza)(S-pza/24),futuro
2026-01-10,0.83,Accesorios,Vela de #2 sweet ligth 24pza(C-pza/1pza)(S-pza/24),futuro
2026-01-11,0.98,Accesorios,Vela de #2 sweet ligth 24pza(C-pza/1pza)(S-pza/24),futuro
2026-01-12,0.41,Accesorios,Vela de #2 sweet ligth 24pza(C-pza/1pza)(S-pza/24),futuro
2026-01-13,0.51,Accesorios,Vela de #2 sweet ligth 24pza(C-pza/1pza)(S-pza/24),futuro
2026-01-14,0.54,Accesorios,Vela de #2 sweet ligth 24pza(C-pza/1pza)(S-pza/24),futuro
2026-01-15,0.47,Accesorios,Vela de #2 sweet ligth 24pza(C-pza/1pza)(S-pza/24),futuro
2026-01-16,0.64,Accesorios,Vela de #2 sweet ligth 24pza(C-pza/1pza)(S-pza/24),futuro
2026-01-17,0.82,Accesorios,Vela de #2 sweet ligth 24pza(C-pza/1pza)(S-pza/24),futuro
2026-01-18,0.94,Accesorios,Vela de #2 sweet ligth 24pza(C-pza/1pza)(S-pza/24),futuro
2026-01-19,0.41,Accesorios,Vela de #2 sweet ligth 24pza(C-pza/1pza)(S-pza/24),futuro
2026-01-20,0.51,Accesorios,Vela de #2 sweet ligth 24pza(C-pza/1pza)(S-pza/24),futuro
2026-01-21,0.54,Accesorios,Vela de #2 sweet ligth 24pza(C-pza/1pza)(S-pza/24),futuro
2026-01-22,0.47,Accesorios,Vela de #2 sweet ligth 24pza(C-pza/1pza)(S-pza/24),futuro
2026-01-23,0.64,Accesorios,Vela de #2 sweet ligth 24pza(C-pza/1pza)(S-pza/24),futuro
2026-01-24,0.82,Accesorios,Vela de #2 sweet ligth 24pza(C-pza/1pza)(S-pza/24),futuro
2026-01-25,0.94,Accesorios,Vela de #2 sweet ligth 24pza(C-pza/1pza)(S-pza/24),futuro
2026-01-26,0.41,Accesorios,Vela de #2 sweet ligth 24pza(C-pza/1pza)(S-pza/24),futuro
2026-01-27,0.51,Accesorios,Vela de #2 sweet ligth 24pza(C-pza/1pza)(S-pza/24),futuro
2026-01-28,0.54,Accesorios,Vela de #2 sweet ligth 24pza(C-pza/1pza)(S-pza/24),futuro
2026-01-29,0.47,Accesorios,Vela de #2 sweet ligth 24pza(C-pza/1pza)(S-pza/24),futuro
2026-01-30,0.64,Accesorios,Vela de #2 sweet ligth 24pza(C-pza/1pza)(S-pza/24),futuro
2026-01-31,0.82,Accesorios,Vela de #2 sweet ligth 24pza(C-pza/1pza)(S-pza/24),futuro
2026-02-01,0.96,Accesorios,Vela de #2 sweet ligth 24pza(C-pza/1pza)(S-pza/24),futuro
2026-02-02,0.41,Accesorios,Vela de #2 sweet ligth 24pza(C-pza/1pza)(S-pza/24),futuro
2026-02-03,0.52,Accesorios,Vela de #2 sweet ligth 24pza(C-pza/1pza)(S-pza/24),futuro
2026-02-04,0.54,Accesorios,Vela de #2 sweet ligth 24pza(C-pza/1pza)(S-pza/24),futuro
2026-02-05,0.47,Accesorios,Vela de #2 sweet ligth 24pza(C-pza/1pza)(S-pza/24),futuro
2026-02-06,0.65,Accesorios,Vela de #2 sweet ligth 24pza(C-pza/1pza)(S-pza/24),futuro
2026-02-07,0.9,Accesorios,Vela de #2 sweet ligth 24pza(C-pza/1pza)(S-pza/24),futuro
2026-02-08,0.96,Accesorios,Vela de #2 sweet ligth 24pza(C-pza/1pza)(S-pza/24),futuro
2026-02-09,0.41,Accesorios,Vela de #2 sweet ligth 24pza(C-pza/1pza)(S-pza/24),futuro
2026-02-10,0.52,Accesorios,Vela de #2 sweet ligth 24pza(C-pza/1pza)(S-pza/24),futuro
2026-02-11,0.54,Accesorios,Vela de #2 sweet ligth 24pza(C-pza/1pza)(S-pza/24),futuro
2026-02-12,0.47,Accesorios,Vela de #2 sweet ligth 24pza(C-pza/1pza)(S-pza/24),futuro
2026-02-13,0.65,Accesorios,Vela de #2 sweet ligth 24pza(C-pza/1pza)(S-pza/24),futuro
2026-02-14,0.9,Accesorios,Vela de #2 sweet ligth 24pza(C-pza/1pza)(S-pza/24),futuro
2026-02-15,0.96,Accesorios,Vela de #2 sweet ligth 24pza(C-pza/1pza)(S-pza/24),futuro
2026-02-16,0.41,Accesorios,Vela de #2 sweet ligth 24pza(C-pza/1pza)(S-pza/24),futuro
2026-02-17,0.52,Accesorios,Vela de #2 sweet ligth 24pza(C-pza/1pza)(S-pza/24),futuro
2026-02-18,0.54,Accesorios,Vela de #2 sweet ligth 24pza(C-pza/1pza)(S-pza/24),futuro
2026-02-19,0.47,Accesorios,Vela de #2 sweet ligth 24pza(C-pza/1pza)(S-pza/24),futuro
2026-02-20,0.65,Accesorios,Vela de #2 sweet ligth 24pza(C-pza/1pza)(S-pza/24),futuro
2026-02-21,0.9,Accesorios,Vela de #2 sweet ligth 24pza(C-pza/1pza)(S-pza/24),futuro
2026-02-22,0.96,Accesorios,Vela de #2 sweet ligth 24pza(C-pza/1pza)(S-pza/24),futuro
2026-02-23,0.41,Accesorios,Vela de #2 sweet ligth 24pza(C-pza/1pza)(S-pza/24),futuro
2026-02-24,0.52,Accesorios,Vela de #2 sweet ligth 24pza(C-pza/1pza)(S-pza/24),futuro
2026-02-25,0.54,Accesorios,Vela de #2 sweet ligth 24pza(C-pza/1pza)(S-pza/24),futuro
2026-02-26,0.47,Accesorios,Vela de #2 sweet ligth 24pza(C-pza/1pza)(S-pza/24),futuro
2026-02-27,0.65,Accesorios,Vela de #2 sweet ligth 24pza(C-pza/1pza)(S-pza/24),futuro
2026-02-28,0.9,Accesorios,Vela de #2 sweet ligth 24pza(C-pza/1pza)(S-pza/24),futuro
2026-03-01,0.94,Accesorios,Vela de #2 sweet ligth 24pza(C-pza/1pza)(S-pza/24),futuro
2026-03-02,0.4,Accesorios,Vela de #2 sweet ligth 24pza(C-pza/1pza)(S-pza/24),futuro
2026-03-03,0.5,Accesorios,Vela de #2 sweet ligth 24pza(C-pza/1pza)(S-pza/24),futuro
2026-03-04,0.53,Accesorios,Vela de #2 sweet ligth 24pza(C-pza/1pza)(S-pza/24),futuro
2026-03-05,0.46,Accesorios,Vela de #2 sweet ligth 24pza(C-pza/1pza)(S-pza/24),futuro
2026-03-06,0.64,Accesorios,Vela de #2 sweet ligth 24pza(C-pza/1pza)(S-pza/24),futuro
2026-03-07,0.85,Accesorios,Vela de #2 sweet ligth 24pza(C-pza/1pza)(S-pza/24),futuro
2026-03-08,0.94,Accesorios,Vela de #2 sweet ligth 24pza(C-pza/1pza)(S-pza/24),futuro
2026-03-09,0.4,Accesorios,Vela de #2 sweet ligth 24pza(C-pza/1pza)(S-pza/24),futuro
2026-03-10,0.5,Accesorios,Vela de #2 sweet ligth 24pza(C-pza/1pza)(S-pza/24),futuro
2026-03-11,0.53,Accesorios,Vela de #2 sweet ligth 24pza(C-pza/1pza)(S-pza/24),futuro
2026-03-12,0.46,Accesorios,Vela de #2 sweet ligth 24pza(C-pza/1pza)(S-pza/24),futuro
2026-03-13,0.64,Accesorios,Vela de #2 sweet ligth 24pza(C-pza/1pza)(S-pza/24),futuro
2026-03-14,0.85,Accesorios,Vela de #2 sweet ligth 24pza(C-pza/1pza)(S-pza/24),futuro
2025-12-11,0.87,Accesorios,Vela de #3 sweet ligth 24pza(C-pza/1pza)(S-pza/24),futuro
2025-12-12,0.5,Accesorios,Vela de #3 sweet ligth 24pza(C-pza/1pza)(S-pza/24),futuro
2025-12-13,0.49,Accesorios,Vela de #3 sweet ligth 24pza(C-pza/1pza)(S-pza/24),futuro
2025-12-14,0.92,Accesorios,Vela de #3 sweet ligth 24pza(C-pza/1pza)(S-pza/24),futuro
2025-12-15,0.52,Accesorios,Vela de #3 sweet ligth 24pza(C-pza/1pza)(S-pza/24),futuro
2025-12-16,0.61,Accesorios,Vela de #3 sweet ligth 24pza(C-pza/1pza)(S-pza/24),futuro
2025-12-17,0.49,Accesorios,Vela de #3 sweet ligth 24pza(C-pza/1pza)(S-pza/24),futuro
2025-12-18,0.42,Accesorios,Vela de #3 sweet ligth 24pza(C-pza/1pza)(S-pza/24),futuro
2025-12-19,0.39,Accesorios,Vela de #3 sweet ligth 24pza(C-pza/1pza)(S-pza/24),futuro
2025-12-20,0.97,Accesorios,Vela de #3 sweet ligth 24pza(C-pza/1pza)(S-pza/24),futuro
2025-12-21,0.57,Accesorios,Vela de #3 sweet ligth 24pza(C-pza/1pza)(S-pza/24),futuro
2025-12-22,0.49,Accesorios,Vela de #3 sweet ligth 24pza(C-pza/1pza)(S-pza/24),futuro
2025-12-23,0.21,Accesorios,Vela de #3 sweet ligth 24pza(C-pza/1pza)(S-pza/24),futuro
2025-12-24,0.2,Accesorios,Vela de #3 sweet ligth 24pza(C-pza/1pza)(S-pza/24),futuro
2025-12-25,0.12,Accesorios,Vela de #3 sweet ligth 24pza(C-pza/1pza)(S-pza/24),futuro
2025-12-26,0.19,Accesorios,Vela de #3 sweet ligth 24pza(C-pza/1pza)(S-pza/24),futuro
2025-12-27,0.78,Accesorios,Vela de #3 sweet ligth 24pza(C-pza/1pza)(S-pza/24),futuro
2025-12-28,1.73,Accesorios,Vela de #3 sweet ligth 24pza(C-pza/1pza)(S-pza/24),futuro
2025-12-29,0.47,Accesorios,Vela de #3 sweet ligth 24pza(C-pza/1pza)(S-pza/24),futuro
2025-12-30,0.27,Accesorios,Vela de #3 sweet ligth 24pza(C-pza/1pza)(S-pza/24),futuro
2025-12-31,0.15,Accesorios,Vela de #3 sweet ligth 24pza(C-pza/1pza)(S-pza/24),futuro
2026-01-01,0.11,Accesorios,Vela de #3 sweet ligth 24pza(C-pza/1pza)(S-pza/24),futuro
2026-01-02,0.18,Accesorios,Vela de #3 sweet ligth 24pza(C-pza/1pza)(S-pza/24),futuro
2026-01-03,1.03,Accesorios,Vela de #3 sweet ligth 24pza(C-pza/1pza)(S-pza/24),futuro
2026-01-04,0.84,Accesorios,Vela de #3 sweet ligth 24pza(C-pza/1pza)(S-pza/24),futuro
2026-01-05,0.48,Accesorios,Vela de #3 sweet ligth 24pza(C-pza/1pza)(S-pza/24),futuro
2026-01-06,0.37,Accesorios,Vela de #3 sweet ligth 24pza(C-pza/1pza)(S-pza/24),futuro
2026-01-07,0.41,Accesorios,Vela de #3 sweet ligth 24pza(C-pza/1pza)(S-pza/24),futuro
2026-01-08,0.35,Accesorios,Vela de #3 sweet ligth 24pza(C-pza/1pza)(S-pza/24),futuro
2026-01-09,0.39,Accesorios,Vela de #3 sweet ligth 24pza(C-pza/1pza)(S-pza/24),futuro
2026-01-10,1.34,Accesorios,Vela de #3 sweet ligth 24pza(C-pza/1pza)(S-pza/24),futuro
2026-01-11,0.77,Accesorios,Vela de #3 sweet ligth 24pza(C-pza/1pza)(S-pza/24),futuro
2026-01-12,0.47,Accesorios,Vela de #3 sweet ligth 24pza(C-pza/1pza)(S-pza/24),futuro
2026-01-13,0.36,Accesorios,Vela de #3 sweet ligth 24pza(C-pza/1pza)(S-pza/24),futuro
2026-01-14,0.41,Accesorios,Vela de #3 sweet ligth 24pza(C-pza/1pza)(S-pza/24),futuro
2026-01-15,0.33,Accesorios,Vela de #3 sweet ligth 24pza(C-pza/1pza)(S-pza/24),futuro
2026-01-16,0.46,Accesorios,Vela de #3 sweet ligth 24pza(C-pza/1pza)(S-pza/24),futuro
2026-01-17,1.22,Accesorios,Vela de #3 sweet ligth 24pza(C-pza/1pza)(S-pza/24),futuro
2026-01-18,0.76,Accesorios,Vela de #3 sweet ligth 24pza(C-pza/1pza)(S-pza/24),futuro
2026-01-19,0.47,Accesorios,Vela de #3 sweet ligth 24pza(C-pza/1pza)(S-pza/24),futuro
2026-01-20,0.36,Accesorios,Vela de #3 sweet ligth 24pza(C-pza/1pza)(S-pza/24),futuro
2026-01-21,0.41,Accesorios,Vela de #3 sweet ligth 24pza(C-pza/1pza)(S-pza/24),futuro
2026-01-22,0.33,Accesorios,Vela de #3 sweet ligth 24pza(C-pza/1pza)(S-pza/24),futuro
2026-01-23,0.46,Accesorios,Vela de #3 sweet ligth 24pza(C-pza/1pza)(S-pza/24),futuro
2026-01-24,1.22,Accesorios,Vela de #3 sweet ligth 24pza(C-pza/1pza)(S-pza/24),futuro
2026-01-25,0.76,Accesorios,Vela de #3 sweet ligth 24pza(C-pza/1pza)(S-pza/24),futuro
2026-01-26,0.47,Accesorios,Vela de #3 sweet ligth 24pza(C-pza/1pza)(S-pza/24),futuro
2026-01-27,0.36,Accesorios,Vela de #3 sweet ligth 24pza(C-pza/1pza)(S-pza/24),futuro
2026-01-28,0.41,Accesorios,Vela de #3 sweet ligth 24pza(C-pza/1pza)(S-pza/24),futuro
2026-01-29,0.33,Accesorios,Vela de #3 sweet ligth 24pza(C-pza/1pza)(S-pza/24),futuro
2026-01-30,0.46,Accesorios,Vela de #3 sweet ligth 24pza(C-pza/1pza)(S-pza/24),futuro
2026-01-31,1.22,Accesorios,Vela de #3 sweet ligth 24pza(C-pza/1pza)(S-pza/24),futuro
2026-02-01,0.76,Accesorios,Vela de #3 sweet ligth 24pza(C-pza/1pza)(S-pza/24),futuro
2026-02-02,0.47,Accesorios,Vela de #3 sweet ligth 24pza(C-pza/1pza)(S-pza/24),futuro
2026-02-03,0.36,Accesorios,Vela de #3 sweet ligth 24pza(C-pza/1pza)(S-pza/24),futuro
2026-02-04,0.41,Accesorios,Vela de #3 sweet ligth 24pza(C-pza/1pza)(S-pza/24),futuro
2026-02-05,0.33,Accesorios,Vela de #3 sweet ligth 24pza(C-pza/1pza)(S-pza/24),futuro
2026-02-06,0.46,Accesorios,Vela de #3 sweet ligth 24pza(C-pza/1pza)(S-pza/24),futuro
2026-02-07,1.22,Accesorios,Vela de #3 sweet ligth 24pza(C-pza/1pza)(S-pza/24),futuro
2026-02-08,0.76,Accesorios,Vela de #3 sweet ligth 24pza(C-pza/1pza)(S-pza/24),futuro
2026-02-09,0.47,Accesorios,Vela de #3 sweet ligth 24pza(C-pza/1pza)(S-pza/24),futuro
2026-02-10,0.36,Accesorios,Vela de #3 sweet ligth 24pza(C-pza/1pza)(S-pza/24),futuro
2026-02-11,0.41,Accesorios,Vela de #3 sweet ligth 24pza(C-pza/1pza)(S-pza/24),futuro
2026-02-12,0.33,Accesorios,Vela de #3 sweet ligth 24pza(C-pza/1pza)(S-pza/24),futuro
2026-02-13,0.46,Accesorios,Vela de #3 sweet ligth 24pza(C-pza/1pza)(S-pza/24),futuro
2026-02-14,1.22,Accesorios,Vela de #3 sweet ligth 24pza(C-pza/1pza)(S-pza/24),futuro
2026-02-15,0.76,Accesorios,Vela de #3 sweet ligth 24pza(C-pza/1pza)(S-pza/24),futuro
2026-02-16,0.47,Accesorios,Vela de #3 sweet ligth 24pza(C-pza/1pza)(S-pza/24),futuro
2026-02-17,0.36,Accesorios,Vela de #3 sweet ligth 24pza(C-pza/1pza)(S-pza/24),futuro
2026-02-18,0.41,Accesorios,Vela de #3 sweet ligth 24pza(C-pza/1pza)(S-pza/24),futuro
2026-02-19,0.33,Accesorios,Vela de #3 sweet ligth 24pza(C-pza/1pza)(S-pza/24),futuro
2026-02-20,0.46,Accesorios,Vela de #3 sweet ligth 24pza(C-pza/1pza)(S-pza/24),futuro
2026-02-21,1.22,Accesorios,Vela de #3 sweet ligth 24pza(C-pza/1pza)(S-pza/24),futuro
2026-02-22,0.76,Accesorios,Vela de #3 sweet ligth 24pza(C-pza/1pza)(S-pza/24),futuro
2026-02-23,0.47,Accesorios,Vela de #3 sweet ligth 24pza(C-pza/1pza)(S-pza/24),futuro
2026-02-24,0.36,Accesorios,Vela de #3 sweet ligth 24pza(C-pza/1pza)(S-pza/24),futuro
2026-02-25,0.41,Accesorios,Vela de #3 sweet ligth 24pza(C-pza/1pza)(S-pza/24),futuro
2026-02-26,0.33,Accesorios,Vela de #3 sweet ligth 24pza(C-pza/1pza)(S-pza/24),futuro
2026-02-27,0.46,Accesorios,Vela de #3 sweet ligth 24pza(C-pza/1pza)(S-pza/24),futuro
2026-02-28,1.22,Accesorios,Vela de #3 sweet ligth 24pza(C-pza/1pza)(S-pza/24),futuro
2026-03-01,0.87,Accesorios,Vela de #3 sweet ligth 24pza(C-pza/1pza)(S-pza/24),futuro
2026-03-02,0.57,Accesorios,Vela de #3 sweet ligth 24pza(C-pza/1pza)(S-pza/24),futuro
2026-03-03,0.45,Accesorios,Vela de #3 sweet ligth 24pza(C-pza/1pza)(S-pza/24),futuro
2026-03-04,0.53,Accesorios,Vela de #3 sweet ligth 24pza(C-pza/1pza)(S-pza/24),futuro
2026-03-05,0.31,Accesorios,Vela de #3 sweet ligth 24pza(C-pza/1pza)(S-pza/24),futuro
2026-03-06,0.57,Accesorios,Vela de #3 sweet ligth 24pza(C-pza/1pza)(S-pza/24),futuro
2026-03-07,1.47,Accesorios,Vela de #3 sweet ligth 24pza(C-pza/1pza)(S-pza/24),futuro
2026-03-08,0.87,Accesorios,Vela de #3 sweet ligth 24pza(C-pza/1pza)(S-pza/24),futuro
2026-03-09,0.57,Accesorios,Vela de #3 sweet ligth 24pza(C-pza/1pza)(S-pza/24),futuro
2026-03-10,0.45,Accesorios,Vela de #3 sweet ligth 24pza(C-pza/1pza)(S-pza/24),futuro
2025-12-12,0.59,Accesorios,Vela de #4 sweet ligth 24pza(C-pza/1pza)(S-pza/24),futuro
2025-12-13,0.45,Accesorios,Vela de #4 sweet ligth 24pza(C-pza/1pza)(S-pza/24),futuro
2025-12-14,0.84,Accesorios,Vela de #4 sweet ligth 24pza(C-pza/1pza)(S-pza/24),futuro
2025-12-15,0.61,Accesorios,Vela de #4 sweet ligth 24pza(C-pza/1pza)(S-pza/24),futuro
2025-12-16,0.64,Accesorios,Vela de #4 sweet ligth 24pza(C-pza/1pza)(S-pza/24),futuro
2025-12-17,0.56,Accesorios,Vela de #4 sweet ligth 24pza(C-pza/1pza)(S-pza/24),futuro
2025-12-18,0.7,Accesorios,Vela de #4 sweet ligth 24pza(C-pza/1pza)(S-pza/24),futuro
2025-12-19,0.56,Accesorios,Vela de #4 sweet ligth 24pza(C-pza/1pza)(S-pza/24),futuro
2025-12-20,0.88,Accesorios,Vela de #4 sweet ligth 24pza(C-pza/1pza)(S-pza/24),futuro
2025-12-21,0.72,Accesorios,Vela de #4 sweet ligth 24pza(C-pza/1pza)(S-pza/24),futuro
2025-12-22,0.53,Accesorios,Vela de #4 sweet ligth 24pza(C-pza/1pza)(S-pza/24),futuro
2025-12-23,0.53,Accesorios,Vela de #4 sweet ligth 24pza(C-pza/1pza)(S-pza/24),futuro
2025-12-24,0.73,Accesorios,Vela de #4 sweet ligth 24pza(C-pza/1pza)(S-pza/24),futuro
2025-12-25,0.8,Accesorios,Vela de #4 sweet ligth 24pza(C-pza/1pza)(S-pza/24),futuro
2025-12-26,0.78,Accesorios,Vela de #4 sweet ligth 24pza(C-pza/1pza)(S-pza/24),futuro
2025-12-27,0.99,Accesorios,Vela de #4 sweet ligth 24pza(C-pza/1pza)(S-pza/24),futuro
2025-12-28,0.95,Accesorios,Vela de #4 sweet ligth 24pza(C-pza/1pza)(S-pza/24),futuro
2025-12-29,0.66,Accesorios,Vela de #4 sweet ligth 24pza(C-pza/1pza)(S-pza/24),futuro
2025-12-30,0.68,Accesorios,Vela de #4 sweet ligth 24pza(C-pza/1pza)(S-pza/24),futuro
2025-12-31,0.6,Accesorios,Vela de #4 sweet ligth 24pza(C-pza/1pza)(S-pza/24),futuro
2026-01-01,0.27,Accesorios,Vela de #4 sweet ligth 24pza(C-pza/1pza)(S-pza/24),futuro
2026-01-02,0.33,Accesorios,Vela de #4 sweet ligth 24pza(C-pza/1pza)(S-pza/24),futuro
2026-01-03,0.82,Accesorios,Vela de #4 sweet ligth 24pza(C-pza/1pza)(S-pza/24),futuro
2026-01-04,0.59,Accesorios,Vela de #4 sweet ligth 24pza(C-pza/1pza)(S-pza/24),futuro
2026-01-05,0.27,Accesorios,Vela de #4 sweet ligth 24pza(C-pza/1pza)(S-pza/24),futuro
2026-01-06,0.39,Accesorios,Vela de #4 sweet ligth 24pza(C-pza/1pza)(S-pza/24),futuro
2026-01-07,0.38,Accesorios,Vela de #4 sweet ligth 24pza(C-pza/1pza)(S-pza/24),futuro
2026-01-08,0.39,Accesorios,Vela de #4 sweet ligth 24pza(C-pza/1pza)(S-pza/24),futuro
2026-01-09,0.42,Accesorios,Vela de #4 sweet ligth 24pza(C-pza/1pza)(S-pza/24),futuro
2026-01-10,0.83,Accesorios,Vela de #4 sweet ligth 24pza(C-pza/1pza)(S-pza/24),futuro
2026-01-11,0.59,Accesorios,Vela de #4 sweet ligth 24pza(C-pza/1pza)(S-pza/24),futuro
2026-01-12,0.27,Accesorios,Vela de #4 sweet ligth 24pza(C-pza/1pza)(S-pza/24),futuro
2026-01-13,0.39,Accesorios,Vela de #4 sweet ligth 24pza(C-pza/1pza)(S-pza/24),futuro
2026-01-14,0.38,Accesorios,Vela de #4 sweet ligth 24pza(C-pza/1pza)(S-pza/24),futuro
2026-01-15,0.39,Accesorios,Vela de #4 sweet ligth 24pza(C-pza/1pza)(S-pza/24),futuro
2026-01-16,0.42,Accesorios,Vela de #4 sweet ligth 24pza(C-pza/1pza)(S-pza/24),futuro
2026-01-17,0.83,Accesorios,Vela de #4 sweet ligth 24pza(C-pza/1pza)(S-pza/24),futuro
2026-01-18,0.59,Accesorios,Vela de #4 sweet ligth 24pza(C-pza/1pza)(S-pza/24),futuro
2026-01-19,0.27,Accesorios,Vela de #4 sweet ligth 24pza(C-pza/1pza)(S-pza/24),futuro
2026-01-20,0.39,Accesorios,Vela de #4 sweet ligth 24pza(C-pza/1pza)(S-pza/24),futuro
2026-01-21,0.38,Accesorios,Vela de #4 sweet ligth 24pza(C-pza/1pza)(S-pza/24),futuro
2026-01-22,0.39,Accesorios,Vela de #4 sweet ligth 24pza(C-pza/1pza)(S-pza/24),futuro
2026-01-23,0.42,Accesorios,Vela de #4 sweet ligth 24pza(C-pza/1pza)(S-pza/24),futuro
2026-01-24,0.83,Accesorios,Vela de #4 sweet ligth 24pza(C-pza/1pza)(S-pza/24),futuro
2026-01-25,0.59,Accesorios,Vela de #4 sweet ligth 24pza(C-pza/1pza)(S-pza/24),futuro
2026-01-26,0.27,Accesorios,Vela de #4 sweet ligth 24pza(C-pza/1pza)(S-pza/24),futuro
2026-01-27,0.39,Accesorios,Vela de #4 sweet ligth 24pza(C-pza/1pza)(S-pza/24),futuro
2026-01-28,0.38,Accesorios,Vela de #4 sweet ligth 24pza(C-pza/1pza)(S-pza/24),futuro
2026-01-29,0.39,Accesorios,Vela de #4 sweet ligth 24pza(C-pza/1pza)(S-pza/24),futuro
2026-01-30,0.42,Accesorios,Vela de #4 sweet ligth 24pza(C-pza/1pza)(S-pza/24),futuro
2026-01-31,0.83,Accesorios,Vela de #4 sweet ligth 24pza(C-pza/1pza)(S-pza/24),futuro
2026-02-01,0.58,Accesorios,Vela de #4 sweet ligth 24pza(C-pza/1pza)(S-pza/24),futuro
2026-02-02,0.27,Accesorios,Vela de #4 sweet ligth 24pza(C-pza/1pza)(S-pza/24),futuro
2026-02-03,0.38,Accesorios,Vela de #4 sweet ligth 24pza(C-pza/1pza)(S-pza/24),futuro
2026-02-04,0.38,Accesorios,Vela de #4 sweet ligth 24pza(C-pza/1pza)(S-pza/24),futuro
2026-02-05,0.39,Accesorios,Vela de #4 sweet ligth 24pza(C-pza/1pza)(S-pza/24),futuro
2026-02-06,0.42,Accesorios,Vela de #4 sweet ligth 24pza(C-pza/1pza)(S-pza/24),futuro
2026-02-07,0.98,Accesorios,Vela de #4 sweet ligth 24pza(C-pza/1pza)(S-pza/24),futuro
2026-02-08,0.58,Accesorios,Vela de #4 sweet ligth 24pza(C-pza/1pza)(S-pza/24),futuro
2026-02-09,0.27,Accesorios,Vela de #4 sweet ligth 24pza(C-pza/1pza)(S-pza/24),futuro
2026-02-10,0.38,Accesorios,Vela de #4 sweet ligth 24pza(C-pza/1pza)(S-pza/24),futuro
2026-02-11,0.38,Accesorios,Vela de #4 sweet ligth 24pza(C-pza/1pza)(S-pza/24),futuro
2026-02-12,0.39,Accesorios,Vela de #4 sweet ligth 24pza(C-pza/1pza)(S-pza/24),futuro
2026-02-13,0.42,Accesorios,Vela de #4 sweet ligth 24pza(C-pza/1pza)(S-pza/24),futuro
2026-02-14,0.98,Accesorios,Vela de #4 sweet ligth 24pza(C-pza/1pza)(S-pza/24),futuro
2026-02-15,0.58,Accesorios,Vela de #4 sweet ligth 24pza(C-pza/1pza)(S-pza/24),futuro
2026-02-16,0.27,Accesorios,Vela de #4 sweet ligth 24pza(C-pza/1pza)(S-pza/24),futuro
2026-02-17,0.38,Accesorios,Vela de #4 sweet ligth 24pza(C-pza/1pza)(S-pza/24),futuro
2026-02-18,0.38,Accesorios,Vela de #4 sweet ligth 24pza(C-pza/1pza)(S-pza/24),futuro
2026-02-19,0.39,Accesorios,Vela de #4 sweet ligth 24pza(C-pza/1pza)(S-pza/24),futuro
2026-02-20,0.42,Accesorios,Vela de #4 sweet ligth 24pza(C-pza/1pza)(S-pza/24),futuro
2026-02-21,0.98,Accesorios,Vela de #4 sweet ligth 24pza(C-pza/1pza)(S-pza/24),futuro
2026-02-22,0.58,Accesorios,Vela de #4 sweet ligth 24pza(C-pza/1pza)(S-pza/24),futuro
2026-02-23,0.27,Accesorios,Vela de #4 sweet ligth 24pza(C-pza/1pza)(S-pza/24),futuro
2026-02-24,0.38,Accesorios,Vela de #4 sweet ligth 24pza(C-pza/1pza)(S-pza/24),futuro
2026-02-25,0.38,Accesorios,Vela de #4 sweet ligth 24pza(C-pza/1pza)(S-pza/24),futuro
2026-02-26,0.39,Accesorios,Vela de #4 sweet ligth 24pza(C-pza/1pza)(S-pza/24),futuro
2026-02-27,0.42,Accesorios,Vela de #4 sweet ligth 24pza(C-pza/1pza)(S-pza/24),futuro
2026-02-28,0.98,Accesorios,Vela de #4 sweet ligth 24pza(C-pza/1pza)(S-pza/24),futuro
2026-03-01,0.57,Accesorios,Vela de #4 sweet ligth 24pza(C-pza/1pza)(S-pza/24),futuro
2026-03-02,0.19,Accesorios,Vela de #4 sweet ligth 24pza(C-pza/1pza)(S-pza/24),futuro
2026-03-03,0.3,Accesorios,Vela de #4 sweet ligth 24pza(C-pza/1pza)(S-pza/24),futuro
2026-03-04,0.3,Accesorios,Vela de #4 sweet ligth 24pza(C-pza/1pza)(S-pza/24),futuro
2026-03-05,0.31,Accesorios,Vela de #4 sweet ligth 24pza(C-pza/1pza)(S-pza/24),futuro
2026-03-06,0.41,Accesorios,Vela de #4 sweet ligth 24pza(C-pza/1pza)(S-pza/24),futuro
2026-03-07,1.0,Accesorios,Vela de #4 sweet ligth 24pza(C-pza/1pza)(S-pza/24),futuro
2026-03-08,0.57,Accesorios,Vela de #4 sweet ligth 24pza(C-pza/1pza)(S-pza/24),futuro
2026-03-09,0.19,Accesorios,Vela de #4 sweet ligth 24pza(C-pza/1pza)(S-pza/24),futuro
2026-03-10,0.3,Accesorios,Vela de #4 sweet ligth 24pza(C-pza/1pza)(S-pza/24),futuro
2026-03-11,0.3,Accesorios,Vela de #4 sweet ligth 24pza(C-pza/1pza)(S-pza/24),futuro
2025-12-15,0.32,Accesorios,Vela de #5 sweet ligth 24pza(C-pza/1pza)(S-pza/24),futuro
2025-12-16,0.24,Accesorios,Vela de #5 sweet ligth 24pza(C-pza/1pza)(S-pza/24),futuro
2025-12-17,0.25,Accesorios,Vela de #5 sweet ligth 24pza(C-pza/1pza)(S-pza/24),futuro
2025-12-18,0.39,Accesorios,Vela de #5 sweet ligth 24pza(C-pza/1pza)(S-pza/24),futuro
2025-12-19,0.19,Accesorios,Vela de #5 sweet ligth 24pza(C-pza/1pza)(S-pza/24),futuro
2025-12-20,0.94,Accesorios,Vela de #5 sweet ligth 24pza(C-pza/1pza)(S-pza/24),futuro
2025-12-21,1.01,Accesorios,Vela de #5 sweet ligth 24pza(C-pza/1pza)(S-pza/24),futuro
2025-12-22,0.37,Accesorios,Vela de #5 sweet ligth 24pza(C-pza/1pza)(S-pza/24),futuro
2025-12-23,0.26,Accesorios,Vela de #5 sweet ligth 24pza(C-pza/1pza)(S-pza/24),futuro
2025-12-24,0.05,Accesorios,Vela de #5 sweet ligth 24pza(C-pza/1pza)(S-pza/24),futuro
2025-12-25,0.15,Accesorios,Vela de #5 sweet ligth 24pza(C-pza/1pza)(S-pza/24),futuro
2025-12-26,0.05,Accesorios,Vela de #5 sweet ligth 24pza(C-pza/1pza)(S-pza/24),futuro
2025-12-27,0.98,Accesorios,Vela de #5 sweet ligth 24pza(C-pza/1pza)(S-pza/24),futuro
2025-12-28,0.91,Accesorios,Vela de #5 sweet ligth 24pza(C-pza/1pza)(S-pza/24),futuro
2025-12-29,0.21,Accesorios,Vela de #5 sweet ligth 24pza(C-pza/1pza)(S-pza/24),futuro
2025-12-30,0.24,Accesorios,Vela de #5 sweet ligth 24pza(C-pza/1pza)(S-pza/24),futuro
2025-12-31,0.32,Accesorios,Vela de #5 sweet ligth 24pza(C-pza/1pza)(S-pza/24),futuro
2026-01-01,0.31,Accesorios,Vela de #5 sweet ligth 24pza(C-pza/1pza)(S-pza/24),futuro
2026-01-02,0.35,Accesorios,Vela de #5 sweet ligth 24pza(C-pza/1pza)(S-pza/24),futuro
2026-01-03,0.98,Accesorios,Vela de #5 sweet ligth 24pza(C-pza/1pza)(S-pza/24),futuro
2026-01-04,0.89,Accesorios,Vela de #5 sweet ligth 24pza(C-pza/1pza)(S-pza/24),futuro
2026-01-05,0.28,Accesorios,Vela de #5 sweet ligth 24pza(C-pza/1pza)(S-pza/24),futuro
2026-01-06,0.31,Accesorios,Vela de #5 sweet ligth 24pza(C-pza/1pza)(S-pza/24),futuro
2026-01-07,0.31,Accesorios,Vela de #5 sweet ligth 24pza(C-pza/1pza)(S-pza/24),futuro
2026-01-08,0.3,Accesorios,Vela de #5 sweet ligth 24pza(C-pza/1pza)(S-pza/24),futuro
2026-01-09,0.3,Accesorios,Vela de #5 sweet ligth 24pza(C-pza/1pza)(S-pza/24),futuro
2026-01-10,0.89,Accesorios,Vela de #5 sweet ligth 24pza(C-pza/1pza)(S-pza/24),futuro
2026-01-11,0.89,Accesorios,Vela de #5 sweet ligth 24pza(C-pza/1pza)(S-pza/24),futuro
2026-01-12,0.28,Accesorios,Vela de #5 sweet ligth 24pza(C-pza/1pza)(S-pza/24),futuro
2026-01-13,0.31,Accesorios,Vela de #5 sweet ligth 24pza(C-pza/1pza)(S-pza/24),futuro
2026-01-14,0.31,Accesorios,Vela de #5 sweet ligth 24pza(C-pza/1pza)(S-pza/24),futuro
2026-01-15,0.3,Accesorios,Vela de #5 sweet ligth 24pza(C-pza/1pza)(S-pza/24),futuro
2026-01-16,0.3,Accesorios,Vela de #5 sweet ligth 24pza(C-pza/1pza)(S-pza/24),futuro
2026-01-17,0.89,Accesorios,Vela de #5 sweet ligth 24pza(C-pza/1pza)(S-pza/24),futuro
2026-01-18,0.89,Accesorios,Vela de #5 sweet ligth 24pza(C-pza/1pza)(S-pza/24),futuro
2026-01-19,0.28,Accesorios,Vela de #5 sweet ligth 24pza(C-pza/1pza)(S-pza/24),futuro
2026-01-20,0.31,Accesorios,Vela de #5 sweet ligth 24pza(C-pza/1pza)(S-pza/24),futuro
2026-01-21,0.31,Accesorios,Vela de #5 sweet ligth 24pza(C-pza/1pza)(S-pza/24),futuro
2026-01-22,0.3,Accesorios,Vela de #5 sweet ligth 24pza(C-pza/1pza)(S-pza/24),futuro
2026-01-23,0.3,Accesorios,Vela de #5 sweet ligth 24pza(C-pza/1pza)(S-pza/24),futuro
2026-01-24,0.89,Accesorios,Vela de #5 sweet ligth 24pza(C-pza/1pza)(S-pza/24),futuro
2026-01-25,0.89,Accesorios,Vela de #5 sweet ligth 24pza(C-pza/1pza)(S-pza/24),futuro
2026-01-26,0.28,Accesorios,Vela de #5 sweet ligth 24pza(C-pza/1pza)(S-pza/24),futuro
2026-01-27,0.31,Accesorios,Vela de #5 sweet ligth 24pza(C-pza/1pza)(S-pza/24),futuro
2026-01-28,0.31,Accesorios,Vela de #5 sweet ligth 24pza(C-pza/1pza)(S-pza/24),futuro
2026-01-29,0.3,Accesorios,Vela de #5 sweet ligth 24pza(C-pza/1pza)(S-pza/24),futuro
2026-01-30,0.3,Accesorios,Vela de #5 sweet ligth 24pza(C-pza/1pza)(S-pza/24),futuro
2026-01-31,0.89,Accesorios,Vela de #5 sweet ligth 24pza(C-pza/1pza)(S-pza/24),futuro
2026-02-01,0.97,Accesorios,Vela de #5 sweet ligth 24pza(C-pza/1pza)(S-pza/24),futuro
2026-02-02,0.33,Accesorios,Vela de #5 sweet ligth 24pza(C-pza/1pza)(S-pza/24),futuro
2026-02-03,0.34,Accesorios,Vela de #5 sweet ligth 24pza(C-pza/1pza)(S-pza/24),futuro
2026-02-04,0.34,Accesorios,Vela de #5 sweet ligth 24pza(C-pza/1pza)(S-pza/24),futuro
2026-02-05,0.33,Accesorios,Vela de #5 sweet ligth 24pza(C-pza/1pza)(S-pza/24),futuro
2026-02-06,0.33,Accesorios,Vela de #5 sweet ligth 24pza(C-pza/1pza)(S-pza/24),futuro
2026-02-07,0.95,Accesorios,Vela de #5 sweet ligth 24pza(C-pza/1pza)(S-pza/24),futuro
2026-02-08,0.97,Accesorios,Vela de #5 sweet ligth 24pza(C-pza/1pza)(S-pza/24),futuro
2026-02-09,0.33,Accesorios,Vela de #5 sweet ligth 24pza(C-pza/1pza)(S-pza/24),futuro
2026-02-10,0.34,Accesorios,Vela de #5 sweet ligth 24pza(C-pza/1pza)(S-pza/24),futuro
2026-02-11,0.34,Accesorios,Vela de #5 sweet ligth 24pza(C-pza/1pza)(S-pza/24),futuro
2026-02-12,0.33,Accesorios,Vela de #5 sweet ligth 24pza(C-pza/1pza)(S-pza/24),futuro
2026-02-13,0.33,Accesorios,Vela de #5 sweet ligth 24pza(C-pza/1pza)(S-pza/24),futuro
2026-02-14,0.95,Accesorios,Vela de #5 sweet ligth 24pza(C-pza/1pza)(S-pza/24),futuro
2026-02-15,0.97,Accesorios,Vela de #5 sweet ligth 24pza(C-pza/1pza)(S-pza/24),futuro
2026-02-16,0.33,Accesorios,Vela de #5 sweet ligth 24pza(C-pza/1pza)(S-pza/24),futuro
2026-02-17,0.34,Accesorios,Vela de #5 sweet ligth 24pza(C-pza/1pza)(S-pza/24),futuro
2026-02-18,0.34,Accesorios,Vela de #5 sweet ligth 24pza(C-pza/1pza)(S-pza/24),futuro
2026-02-19,0.33,Accesorios,Vela de #5 sweet ligth 24pza(C-pza/1pza)(S-pza/24),futuro
2026-02-20,0.33,Accesorios,Vela de #5 sweet ligth 24pza(C-pza/1pza)(S-pza/24),futuro
2026-02-21,0.95,Accesorios,Vela de #5 sweet ligth 24pza(C-pza/1pza)(S-pza/24),futuro
2026-02-22,0.97,Accesorios,Vela de #5 sweet ligth 24pza(C-pza/1pza)(S-pza/24),futuro
2026-02-23,0.33,Accesorios,Vela de #5 sweet ligth 24pza(C-pza/1pza)(S-pza/24),futuro
2026-02-24,0.34,Accesorios,Vela de #5 sweet ligth 24pza(C-pza/1pza)(S-pza/24),futuro
2026-02-25,0.34,Accesorios,Vela de #5 sweet ligth 24pza(C-pza/1pza)(S-pza/24),futuro
2026-02-26,0.33,Accesorios,Vela de #5 sweet ligth 24pza(C-pza/1pza)(S-pza/24),futuro
2026-02-27,0.33,Accesorios,Vela de #5 sweet ligth 24pza(C-pza/1pza)(S-pza/24),futuro
2026-02-28,0.95,Accesorios,Vela de #5 sweet ligth 24pza(C-pza/1pza)(S-pza/24),futuro
2026-03-01,0.95,Accesorios,Vela de #5 sweet ligth 24pza(C-pza/1pza)(S-pza/24),futuro
2026-03-02,0.3,Accesorios,Vela de #5 sweet ligth 24pza(C-pza/1pza)(S-pza/24),futuro
2026-03-03,0.32,Accesorios,Vela de #5 sweet ligth 24pza(C-pza/1pza)(S-pza/24),futuro
2026-03-04,0.31,Accesorios,Vela de #5 sweet ligth 24pza(C-pza/1pza)(S-pza/24),futuro
2026-03-05,0.3,Accesorios,Vela de #5 sweet ligth 24pza(C-pza/1pza)(S-pza/24),futuro
2026-03-06,0.3,Accesorios,Vela de #5 sweet ligth 24pza(C-pza/1pza)(S-pza/24),futuro
2026-03-07,0.93,Accesorios,Vela de #5 sweet ligth 24pza(C-pza/1pza)(S-pza/24),futuro
2026-03-08,0.95,Accesorios,Vela de #5 sweet ligth 24pza(C-pza/1pza)(S-pza/24),futuro
2026-03-09,0.3,Accesorios,Vela de #5 sweet ligth 24pza(C-pza/1pza)(S-pza/24),futuro
2026-03-10,0.32,Accesorios,Vela de #5 sweet ligth 24pza(C-pza/1pza)(S-pza/24),futuro
2026-03-11,0.31,Accesorios,Vela de #5 sweet ligth 24pza(C-pza/1pza)(S-pza/24),futuro
2026-03-12,0.3,Accesorios,Vela de #5 sweet ligth 24pza(C-pza/1pza)(S-pza/24),futuro
2026-03-13,0.3,Accesorios,Vela de #5 sweet ligth 24pza(C-pza/1pza)(S-pza/24),futuro
2026-03-14,0.93,Accesorios,Vela de #5 sweet ligth 24pza(C-pza/1pza)(S-pza/24),futuro
2025-12-05,0.33,Accesorios,Vela de #7 sweet ligth 24pza(C-pza/1pza)(S-pza/24),futuro
2025-12-06,0.77,Accesorios,Vela de #7 sweet ligth 24pza(C-pza/1pza)(S-pza/24),futuro
2025-12-07,0.54,Accesorios,Vela de #7 sweet ligth 24pza(C-pza/1pza)(S-pza/24),futuro
2025-12-08,0.29,Accesorios,Vela de #7 sweet ligth 24pza(C-pza/1pza)(S-pza/24),futuro
2025-12-09,0.45,Accesorios,Vela de #7 sweet ligth 24pza(C-pza/1pza)(S-pza/24),futuro
2025-12-10,0.47,Accesorios,Vela de #7 sweet ligth 24pza(C-pza/1pza)(S-pza/24),futuro
2025-12-11,0.27,Accesorios,Vela de #7 sweet ligth 24pza(C-pza/1pza)(S-pza/24),futuro
2025-12-12,0.29,Accesorios,Vela de #7 sweet ligth 24pza(C-pza/1pza)(S-pza/24),futuro
2025-12-13,0.79,Accesorios,Vela de #7 sweet ligth 24pza(C-pza/1pza)(S-pza/24),futuro
2025-12-14,0.56,Accesorios,Vela de #7 sweet ligth 24pza(C-pza/1pza)(S-pza/24),futuro
2025-12-15,0.31,Accesorios,Vela de #7 sweet ligth 24pza(C-pza/1pza)(S-pza/24),futuro
2025-12-16,0.29,Accesorios,Vela de #7 sweet ligth 24pza(C-pza/1pza)(S-pza/24),futuro
2025-12-17,0.36,Accesorios,Vela de #7 sweet ligth 24pza(C-pza/1pza)(S-pza/24),futuro
2025-12-18,0.28,Accesorios,Vela de #7 sweet ligth 24pza(C-pza/1pza)(S-pza/24),futuro
2025-12-19,0.36,Accesorios,Vela de #7 sweet ligth 24pza(C-pza/1pza)(S-pza/24),futuro
2025-12-20,0.69,Accesorios,Vela de #7 sweet ligth 24pza(C-pza/1pza)(S-pza/24),futuro
2025-12-21,0.47,Accesorios,Vela de #7 sweet ligth 24pza(C-pza/1pza)(S-pza/24),futuro
2025-12-22,0.3,Accesorios,Vela de #7 sweet ligth 24pza(C-pza/1pza)(S-pza/24),futuro
2025-12-23,0.22,Accesorios,Vela de #7 sweet ligth 24pza(C-pza/1pza)(S-pza/24),futuro
2025-12-24,0.12,Accesorios,Vela de #7 sweet ligth 24pza(C-pza/1pza)(S-pza/24),futuro
2025-12-25,0.12,Accesorios,Vela de #7 sweet ligth 24pza(C-pza/1pza)(S-pza/24),futuro
2025-12-26,0.22,Accesorios,Vela de #7 sweet ligth 24pza(C-pza/1pza)(S-pza/24),futuro
2025-12-27,0.69,Accesorios,Vela de #7 sweet ligth 24pza(C-pza/1pza)(S-pza/24),futuro
2025-12-28,0.47,Accesorios,Vela de #7 sweet ligth 24pza(C-pza/1pza)(S-pza/24),futuro
2025-12-29,0.3,Accesorios,Vela de #7 sweet ligth 24pza(C-pza/1pza)(S-pza/24),futuro
2025-12-30,0.17,Accesorios,Vela de #7 sweet ligth 24pza(C-pza/1pza)(S-pza/24),futuro
2025-12-31,0.15,Accesorios,Vela de #7 sweet ligth 24pza(C-pza/1pza)(S-pza/24),futuro
2026-01-01,0.12,Accesorios,Vela de #7 sweet ligth 24pza(C-pza/1pza)(S-pza/24),futuro
2026-01-02,0.37,Accesorios,Vela de #7 sweet ligth 24pza(C-pza/1pza)(S-pza/24),futuro
2026-01-03,0.69,Accesorios,Vela de #7 sweet ligth 24pza(C-pza/1pza)(S-pza/24),futuro
2026-01-04,0.51,Accesorios,Vela de #7 sweet ligth 24pza(C-pza/1pza)(S-pza/24),futuro
2026-01-05,0.31,Accesorios,Vela de #7 sweet ligth 24pza(C-pza/1pza)(S-pza/24),futuro
2026-01-06,0.23,Accesorios,Vela de #7 sweet ligth 24pza(C-pza/1pza)(S-pza/24),futuro
2026-01-07,0.24,Accesorios,Vela de #7 sweet ligth 24pza(C-pza/1pza)(S-pza/24),futuro
2026-01-08,0.24,Accesorios,Vela de #7 sweet ligth 24pza(C-pza/1pza)(S-pza/24),futuro
2026-01-09,0.38,Accesorios,Vela de #7 sweet ligth 24pza(C-pza/1pza)(S-pza/24),futuro
2026-01-10,0.69,Accesorios,Vela de #7 sweet ligth 24pza(C-pza/1pza)(S-pza/24),futuro
2026-01-11,0.51,Accesorios,Vela de #7 sweet ligth 24pza(C-pza/1pza)(S-pza/24),futuro
2026-01-12,0.31,Accesorios,Vela de #7 sweet ligth 24pza(C-pza/1pza)(S-pza/24),futuro
2026-01-13,0.23,Accesorios,Vela de #7 sweet ligth 24pza(C-pza/1pza)(S-pza/24),futuro
2026-01-14,0.24,Accesorios,Vela de #7 sweet ligth 24pza(C-pza/1pza)(S-pza/24),futuro
2026-01-15,0.24,Accesorios,Vela de #7 sweet ligth 24pza(C-pza/1pza)(S-pza/24),futuro
2026-01-16,0.38,Accesorios,Vela de #7 sweet ligth 24pza(C-pza/1pza)(S-pza/24),futuro
2026-01-17,0.69,Accesorios,Vela de #7 sweet ligth 24pza(C-pza/1pza)(S-pza/24),futuro
2026-01-18,0.51,Accesorios,Vela de #7 sweet ligth 24pza(C-pza/1pza)(S-pza/24),futuro
2026-01-19,0.31,Accesorios,Vela de #7 sweet ligth 24pza(C-pza/1pza)(S-pza/24),futuro
2026-01-20,0.23,Accesorios,Vela de #7 sweet ligth 24pza(C-pza/1pza)(S-pza/24),futuro
2026-01-21,0.24,Accesorios,Vela de #7 sweet ligth 24pza(C-pza/1pza)(S-pza/24),futuro
2026-01-22,0.24,Accesorios,Vela de #7 sweet ligth 24pza(C-pza/1pza)(S-pza/24),futuro
2026-01-23,0.38,Accesorios,Vela de #7 sweet ligth 24pza(C-pza/1pza)(S-pza/24),futuro
2026-01-24,0.69,Accesorios,Vela de #7 sweet ligth 24pza(C-pza/1pza)(S-pza/24),futuro
2026-01-25,0.51,Accesorios,Vela de #7 sweet ligth 24pza(C-pza/1pza)(S-pza/24),futuro
2026-01-26,0.31,Accesorios,Vela de #7 sweet ligth 24pza(C-pza/1pza)(S-pza/24),futuro
2026-01-27,0.23,Accesorios,Vela de #7 sweet ligth 24pza(C-pza/1pza)(S-pza/24),futuro
2026-01-28,0.24,Accesorios,Vela de #7 sweet ligth 24pza(C-pza/1pza)(S-pza/24),futuro
2026-01-29,0.24,Accesorios,Vela de #7 sweet ligth 24pza(C-pza/1pza)(S-pza/24),futuro
2026-01-30,0.38,Accesorios,Vela de #7 sweet ligth 24pza(C-pza/1pza)(S-pza/24),futuro
2026-01-31,0.69,Accesorios,Vela de #7 sweet ligth 24pza(C-pza/1pza)(S-pza/24),futuro
2026-02-01,0.49,Accesorios,Vela de #7 sweet ligth 24pza(C-pza/1pza)(S-pza/24),futuro
2026-02-02,0.3,Accesorios,Vela de #7 sweet ligth 24pza(C-pza/1pza)(S-pza/24),futuro
2026-02-03,0.22,Accesorios,Vela de #7 sweet ligth 24pza(C-pza/1pza)(S-pza/24),futuro
2026-02-04,0.24,Accesorios,Vela de #7 sweet ligth 24pza(C-pza/1pza)(S-pza/24),futuro
2026-02-05,0.24,Accesorios,Vela de #7 sweet ligth 24pza(C-pza/1pza)(S-pza/24),futuro
2026-02-06,0.37,Accesorios,Vela de #7 sweet ligth 24pza(C-pza/1pza)(S-pza/24),futuro
2026-02-07,0.68,Accesorios,Vela de #7 sweet ligth 24pza(C-pza/1pza)(S-pza/24),futuro
2026-02-08,0.49,Accesorios,Vela de #7 sweet ligth 24pza(C-pza/1pza)(S-pza/24),futuro
2026-02-09,0.3,Accesorios,Vela de #7 sweet ligth 24pza(C-pza/1pza)(S-pza/24),futuro
2026-02-10,0.22,Accesorios,Vela de #7 sweet ligth 24pza(C-pza/1pza)(S-pza/24),futuro
2026-02-11,0.24,Accesorios,Vela de #7 sweet ligth 24pza(C-pza/1pza)(S-pza/24),futuro
2026-02-12,0.24,Accesorios,Vela de #7 sweet ligth 24pza(C-pza/1pza)(S-pza/24),futuro
2026-02-13,0.37,Accesorios,Vela de #7 sweet ligth 24pza(C-pza/1pza)(S-pza/24),futuro
2026-02-14,0.68,Accesorios,Vela de #7 sweet ligth 24pza(C-pza/1pza)(S-pza/24),futuro
2026-02-15,0.49,Accesorios,Vela de #7 sweet ligth 24pza(C-pza/1pza)(S-pza/24),futuro
2026-02-16,0.3,Accesorios,Vela de #7 sweet ligth 24pza(C-pza/1pza)(S-pza/24),futuro
2026-02-17,0.22,Accesorios,Vela de #7 sweet ligth 24pza(C-pza/1pza)(S-pza/24),futuro
2026-02-18,0.24,Accesorios,Vela de #7 sweet ligth 24pza(C-pza/1pza)(S-pza/24),futuro
2026-02-19,0.24,Accesorios,Vela de #7 sweet ligth 24pza(C-pza/1pza)(S-pza/24),futuro
2026-02-20,0.37,Accesorios,Vela de #7 sweet ligth 24pza(C-pza/1pza)(S-pza/24),futuro
2026-02-21,0.68,Accesorios,Vela de #7 sweet ligth 24pza(C-pza/1pza)(S-pza/24),futuro
2026-02-22,0.49,Accesorios,Vela de #7 sweet ligth 24pza(C-pza/1pza)(S-pza/24),futuro
2026-02-23,0.3,Accesorios,Vela de #7 sweet ligth 24pza(C-pza/1pza)(S-pza/24),futuro
2026-02-24,0.22,Accesorios,Vela de #7 sweet ligth 24pza(C-pza/1pza)(S-pza/24),futuro
2026-02-25,0.24,Accesorios,Vela de #7 sweet ligth 24pza(C-pza/1pza)(S-pza/24),futuro
2026-02-26,0.24,Accesorios,Vela de #7 sweet ligth 24pza(C-pza/1pza)(S-pza/24),futuro
2026-02-27,0.37,Accesorios,Vela de #7 sweet ligth 24pza(C-pza/1pza)(S-pza/24),futuro
2026-02-28,0.68,Accesorios,Vela de #7 sweet ligth 24pza(C-pza/1pza)(S-pza/24),futuro
2026-03-01,0.54,Accesorios,Vela de #7 sweet ligth 24pza(C-pza/1pza)(S-pza/24),futuro
2026-03-02,0.34,Accesorios,Vela de #7 sweet ligth 24pza(C-pza/1pza)(S-pza/24),futuro
2026-03-03,0.27,Accesorios,Vela de #7 sweet ligth 24pza(C-pza/1pza)(S-pza/24),futuro
2026-03-04,0.3,Accesorios,Vela de #7 sweet ligth 24pza(C-pza/1pza)(S-pza/24),futuro
2025-12-15,0.31,Accesorios,Vela de #8 sweet ligth 24pza(C-pza/1pza)(S-pza/24),futuro
2025-12-16,0.21,Accesorios,Vela de #8 sweet ligth 24pza(C-pza/1pza)(S-pza/24),futuro
2025-12-17,0.29,Accesorios,Vela de #8 sweet ligth 24pza(C-pza/1pza)(S-pza/24),futuro
2025-12-18,0.44,Accesorios,Vela de #8 sweet ligth 24pza(C-pza/1pza)(S-pza/24),futuro
2025-12-19,0.42,Accesorios,Vela de #8 sweet ligth 24pza(C-pza/1pza)(S-pza/24),futuro
2025-12-20,0.69,Accesorios,Vela de #8 sweet ligth 24pza(C-pza/1pza)(S-pza/24),futuro
2025-12-21,0.58,Accesorios,Vela de #8 sweet ligth 24pza(C-pza/1pza)(S-pza/24),futuro
2025-12-22,0.21,Accesorios,Vela de #8 sweet ligth 24pza(C-pza/1pza)(S-pza/24),futuro
2025-12-23,0.27,Accesorios,Vela de #8 sweet ligth 24pza(C-pza/1pza)(S-pza/24),futuro
2025-12-24,1.41,Accesorios,Vela de #8 sweet ligth 24pza(C-pza/1pza)(S-pza/24),futuro
2025-12-25,1.19,Accesorios,Vela de #8 sweet ligth 24pza(C-pza/1pza)(S-pza/24),futuro
2025-12-26,0.16,Accesorios,Vela de #8 sweet ligth 24pza(C-pza/1pza)(S-pza/24),futuro
2025-12-27,0.29,Accesorios,Vela de #8 sweet ligth 24pza(C-pza/1pza)(S-pza/24),futuro
2025-12-28,0.65,Accesorios,Vela de #8 sweet ligth 24pza(C-pza/1pza)(S-pza/24),futuro
2025-12-29,0.24,Accesorios,Vela de #8 sweet ligth 24pza(C-pza/1pza)(S-pza/24),futuro
2025-12-30,0.23,Accesorios,Vela de #8 sweet ligth 24pza(C-pza/1pza)(S-pza/24),futuro
2025-12-31,0.22,Accesorios,Vela de #8 sweet ligth 24pza(C-pza/1pza)(S-pza/24),futuro
2026-01-01,0.24,Accesorios,Vela de #8 sweet ligth 24pza(C-pza/1pza)(S-pza/24),futuro
2026-01-02,0.28,Accesorios,Vela de #8 sweet ligth 24pza(C-pza/1pza)(S-pza/24),futuro
2026-01-03,0.63,Accesorios,Vela de #8 sweet ligth 24pza(C-pza/1pza)(S-pza/24),futuro
2026-01-04,0.65,Accesorios,Vela de #8 sweet ligth 24pza(C-pza/1pza)(S-pza/24),futuro
2026-01-05,0.24,Accesorios,Vela de #8 sweet ligth 24pza(C-pza/1pza)(S-pza/24),futuro
2026-01-06,0.23,Accesorios,Vela de #8 sweet ligth 24pza(C-pza/1pza)(S-pza/24),futuro
2026-01-07,0.22,Accesorios,Vela de #8 sweet ligth 24pza(C-pza/1pza)(S-pza/24),futuro
2026-01-08,0.26,Accesorios,Vela de #8 sweet ligth 24pza(C-pza/1pza)(S-pza/24),futuro
2026-01-09,0.28,Accesorios,Vela de #8 sweet ligth 24pza(C-pza/1pza)(S-pza/24),futuro
2026-01-10,0.73,Accesorios,Vela de #8 sweet ligth 24pza(C-pza/1pza)(S-pza/24),futuro
2026-01-11,0.6,Accesorios,Vela de #8 sweet ligth 24pza(C-pza/1pza)(S-pza/24),futuro
2026-01-12,0.26,Accesorios,Vela de #8 sweet ligth 24pza(C-pza/1pza)(S-pza/24),futuro
2026-01-13,0.27,Accesorios,Vela de #8 sweet ligth 24pza(C-pza/1pza)(S-pza/24),futuro
2026-01-14,0.25,Accesorios,Vela de #8 sweet ligth 24pza(C-pza/1pza)(S-pza/24),futuro
2026-01-15,0.27,Accesorios,Vela de #8 sweet ligth 24pza(C-pza/1pza)(S-pza/24),futuro
2026-01-16,0.28,Accesorios,Vela de #8 sweet ligth 24pza(C-pza/1pza)(S-pza/24),futuro
2026-01-17,0.73,Accesorios,Vela de #8 sweet ligth 24pza(C-pza/1pza)(S-pza/24),futuro
2026-01-18,0.6,Accesorios,Vela de #8 sweet ligth 24pza(C-pza/1pza)(S-pza/24),futuro
2026-01-19,0.26,Accesorios,Vela de #8 sweet ligth 24pza(C-pza/1pza)(S-pza/24),futuro
2026-01-20,0.27,Accesorios,Vela de #8 sweet ligth 24pza(C-pza/1pza)(S-pza/24),futuro
2026-01-21,0.25,Accesorios,Vela de #8 sweet ligth 24pza(C-pza/1pza)(S-pza/24),futuro
2026-01-22,0.27,Accesorios,Vela de #8 sweet ligth 24pza(C-pza/1pza)(S-pza/24),futuro
2026-01-23,0.28,Accesorios,Vela de #8 sweet ligth 24pza(C-pza/1pza)(S-pza/24),futuro
2026-01-24,0.73,Accesorios,Vela de #8 sweet ligth 24pza(C-pza/1pza)(S-pza/24),futuro
2026-01-25,0.6,Accesorios,Vela de #8 sweet ligth 24pza(C-pza/1pza)(S-pza/24),futuro
2026-01-26,0.26,Accesorios,Vela de #8 sweet ligth 24pza(C-pza/1pza)(S-pza/24),futuro
2026-01-27,0.27,Accesorios,Vela de #8 sweet ligth 24pza(C-pza/1pza)(S-pza/24),futuro
2026-01-28,0.25,Accesorios,Vela de #8 sweet ligth 24pza(C-pza/1pza)(S-pza/24),futuro
2026-01-29,0.27,Accesorios,Vela de #8 sweet ligth 24pza(C-pza/1pza)(S-pza/24),futuro
2026-01-30,0.28,Accesorios,Vela de #8 sweet ligth 24pza(C-pza/1pza)(S-pza/24),futuro
2026-01-31,0.73,Accesorios,Vela de #8 sweet ligth 24pza(C-pza/1pza)(S-pza/24),futuro
2026-02-01,0.6,Accesorios,Vela de #8 sweet ligth 24pza(C-pza/1pza)(S-pza/24),futuro
2026-02-02,0.27,Accesorios,Vela de #8 sweet ligth 24pza(C-pza/1pza)(S-pza/24),futuro
2026-02-03,0.28,Accesorios,Vela de #8 sweet ligth 24pza(C-pza/1pza)(S-pza/24),futuro
2026-02-04,0.26,Accesorios,Vela de #8 sweet ligth 24pza(C-pza/1pza)(S-pza/24),futuro
2026-02-05,0.28,Accesorios,Vela de #8 sweet ligth 24pza(C-pza/1pza)(S-pza/24),futuro
2026-02-06,0.29,Accesorios,Vela de #8 sweet ligth 24pza(C-pza/1pza)(S-pza/24),futuro
2026-02-07,0.7,Accesorios,Vela de #8 sweet ligth 24pza(C-pza/1pza)(S-pza/24),futuro
2026-02-08,0.6,Accesorios,Vela de #8 sweet ligth 24pza(C-pza/1pza)(S-pza/24),futuro
2026-02-09,0.27,Accesorios,Vela de #8 sweet ligth 24pza(C-pza/1pza)(S-pza/24),futuro
2026-02-10,0.28,Accesorios,Vela de #8 sweet ligth 24pza(C-pza/1pza)(S-pza/24),futuro
2026-02-11,0.26,Accesorios,Vela de #8 sweet ligth 24pza(C-pza/1pza)(S-pza/24),futuro
2026-02-12,0.28,Accesorios,Vela de #8 sweet ligth 24pza(C-pza/1pza)(S-pza/24),futuro
2026-02-13,0.29,Accesorios,Vela de #8 sweet ligth 24pza(C-pza/1pza)(S-pza/24),futuro
2026-02-14,0.7,Accesorios,Vela de #8 sweet ligth 24pza(C-pza/1pza)(S-pza/24),futuro
2026-02-15,0.6,Accesorios,Vela de #8 sweet ligth 24pza(C-pza/1pza)(S-pza/24),futuro
2026-02-16,0.27,Accesorios,Vela de #8 sweet ligth 24pza(C-pza/1pza)(S-pza/24),futuro
2026-02-17,0.28,Accesorios,Vela de #8 sweet ligth 24pza(C-pza/1pza)(S-pza/24),futuro
2026-02-18,0.26,Accesorios,Vela de #8 sweet ligth 24pza(C-pza/1pza)(S-pza/24),futuro
2026-02-19,0.28,Accesorios,Vela de #8 sweet ligth 24pza(C-pza/1pza)(S-pza/24),futuro
2026-02-20,0.29,Accesorios,Vela de #8 sweet ligth 24pza(C-pza/1pza)(S-pza/24),futuro
2026-02-21,0.7,Accesorios,Vela de #8 sweet ligth 24pza(C-pza/1pza)(S-pza/24),futuro
2026-02-22,0.6,Accesorios,Vela de #8 sweet ligth 24pza(C-pza/1pza)(S-pza/24),futuro
2026-02-23,0.27,Accesorios,Vela de #8 sweet ligth 24pza(C-pza/1pza)(S-pza/24),futuro
2026-02-24,0.28,Accesorios,Vela de #8 sweet ligth 24pza(C-pza/1pza)(S-pza/24),futuro
2026-02-25,0.26,Accesorios,Vela de #8 sweet ligth 24pza(C-pza/1pza)(S-pza/24),futuro
2026-02-26,0.28,Accesorios,Vela de #8 sweet ligth 24pza(C-pza/1pza)(S-pza/24),futuro
2026-02-27,0.29,Accesorios,Vela de #8 sweet ligth 24pza(C-pza/1pza)(S-pza/24),futuro
2026-02-28,0.7,Accesorios,Vela de #8 sweet ligth 24pza(C-pza/1pza)(S-pza/24),futuro
2026-03-01,0.59,Accesorios,Vela de #8 sweet ligth 24pza(C-pza/1pza)(S-pza/24),futuro
2026-03-02,0.3,Accesorios,Vela de #8 sweet ligth 24pza(C-pza/1pza)(S-pza/24),futuro
2026-03-03,0.31,Accesorios,Vela de #8 sweet ligth 24pza(C-pza/1pza)(S-pza/24),futuro
2026-03-04,0.33,Accesorios,Vela de #8 sweet ligth 24pza(C-pza/1pza)(S-pza/24),futuro
2026-03-05,0.33,Accesorios,Vela de #8 sweet ligth 24pza(C-pza/1pza)(S-pza/24),futuro
2026-03-06,0.34,Accesorios,Vela de #8 sweet ligth 24pza(C-pza/1pza)(S-pza/24),futuro
2026-03-07,0.69,Accesorios,Vela de #8 sweet ligth 24pza(C-pza/1pza)(S-pza/24),futuro
2026-03-08,0.59,Accesorios,Vela de #8 sweet ligth 24pza(C-pza/1pza)(S-pza/24),futuro
2026-03-09,0.3,Accesorios,Vela de #8 sweet ligth 24pza(C-pza/1pza)(S-pza/24),futuro
2026-03-10,0.31,Accesorios,Vela de #8 sweet ligth 24pza(C-pza/1pza)(S-pza/24),futuro
2026-03-11,0.33,Accesorios,Vela de #8 sweet ligth 24pza(C-pza/1pza)(S-pza/24),futuro
2026-03-12,0.33,Accesorios,Vela de #8 sweet ligth 24pza(C-pza/1pza)(S-pza/24),futuro
2026-03-13,0.34,Accesorios,Vela de #8 sweet ligth 24pza(C-pza/1pza)(S-pza/24),futuro
2026-03-14,0.69,Accesorios,Vela de #8 sweet ligth 24pza(C-pza/1pza)(S-pza/24),futuro
2025-11-30,1.26,Accesorios,Vela de ? sweet ligth 24pza(C-pza/1pza)(S-pza/24),futuro
2025-12-01,0.87,Accesorios,Vela de ? sweet ligth 24pza(C-pza/1pza)(S-pza/24),futuro
2025-12-02,0.71,Accesorios,Vela de ? sweet ligth 24pza(C-pza/1pza)(S-pza/24),futuro
2025-12-03,0.54,Accesorios,Vela de ? sweet ligth 24pza(C-pza/1pza)(S-pza/24),futuro
2025-12-04,1.28,Accesorios,Vela de ? sweet ligth 24pza(C-pza/1pza)(S-pza/24),futuro
2025-12-05,0.53,Accesorios,Vela de ? sweet ligth 24pza(C-pza/1pza)(S-pza/24),futuro
2025-12-06,2.03,Accesorios,Vela de ? sweet ligth 24pza(C-pza/1pza)(S-pza/24),futuro
2025-12-07,0.89,Accesorios,Vela de ? sweet ligth 24pza(C-pza/1pza)(S-pza/24),futuro
2025-12-08,0.68,Accesorios,Vela de ? sweet ligth 24pza(C-pza/1pza)(S-pza/24),futuro
2025-12-09,0.97,Accesorios,Vela de ? sweet ligth 24pza(C-pza/1pza)(S-pza/24),futuro
2025-12-10,0.67,Accesorios,Vela de ? sweet ligth 24pza(C-pza/1pza)(S-pza/24),futuro
2025-12-11,0.8,Accesorios,Vela de ? sweet ligth 24pza(C-pza/1pza)(S-pza/24),futuro
2025-12-12,0.52,Accesorios,Vela de ? sweet ligth 24pza(C-pza/1pza)(S-pza/24),futuro
2025-12-13,1.06,Accesorios,Vela de ? sweet ligth 24pza(C-pza/1pza)(S-pza/24),futuro
2025-12-14,0.52,Accesorios,Vela de ? sweet ligth 24pza(C-pza/1pza)(S-pza/24),futuro
2025-12-15,0.6,Accesorios,Vela de ? sweet ligth 24pza(C-pza/1pza)(S-pza/24),futuro
2025-12-16,0.65,Accesorios,Vela de ? sweet ligth 24pza(C-pza/1pza)(S-pza/24),futuro
2025-12-17,0.52,Accesorios,Vela de ? sweet ligth 24pza(C-pza/1pza)(S-pza/24),futuro
2025-12-18,0.51,Accesorios,Vela de ? sweet ligth 24pza(C-pza/1pza)(S-pza/24),futuro
2025-12-19,0.44,Accesorios,Vela de ? sweet ligth 24pza(C-pza/1pza)(S-pza/24),futuro
2025-12-20,0.68,Accesorios,Vela de ? sweet ligth 24pza(C-pza/1pza)(S-pza/24),futuro
2025-12-21,0.58,Accesorios,Vela de ? sweet ligth 24pza(C-pza/1pza)(S-pza/24),futuro
2025-12-22,0.54,Accesorios,Vela de ? sweet ligth 24pza(C-pza/1pza)(S-pza/24),futuro
2025-12-23,0.51,Accesorios,Vela de ? sweet ligth 24pza(C-pza/1pza)(S-pza/24),futuro
2025-12-24,0.3,Accesorios,Vela de ? sweet ligth 24pza(C-pza/1pza)(S-pza/24),futuro
2025-12-25,0.24,Accesorios,Vela de ? sweet ligth 24pza(C-pza/1pza)(S-pza/24),futuro
2025-12-26,0.22,Accesorios,Vela de ? sweet ligth 24pza(C-pza/1pza)(S-pza/24),futuro
2025-12-27,0.87,Accesorios,Vela de ? sweet ligth 24pza(C-pza/1pza)(S-pza/24),futuro
2025-12-28,0.5,Accesorios,Vela de ? sweet ligth 24pza(C-pza/1pza)(S-pza/24),futuro
2025-12-29,0.44,Accesorios,Vela de ? sweet ligth 24pza(C-pza/1pza)(S-pza/24),futuro
2025-12-30,0.61,Accesorios,Vela de ? sweet ligth 24pza(C-pza/1pza)(S-pza/24),futuro
2025-12-31,0.63,Accesorios,Vela de ? sweet ligth 24pza(C-pza/1pza)(S-pza/24),futuro
2026-01-01,0.61,Accesorios,Vela de ? sweet ligth 24pza(C-pza/1pza)(S-pza/24),futuro
2026-01-02,0.59,Accesorios,Vela de ? sweet ligth 24pza(C-pza/1pza)(S-pza/24),futuro
2026-01-03,0.9,Accesorios,Vela de ? sweet ligth 24pza(C-pza/1pza)(S-pza/24),futuro
2026-01-04,0.52,Accesorios,Vela de ? sweet ligth 24pza(C-pza/1pza)(S-pza/24),futuro
2026-01-05,0.41,Accesorios,Vela de ? sweet ligth 24pza(C-pza/1pza)(S-pza/24),futuro
2026-01-06,0.5,Accesorios,Vela de ? sweet ligth 24pza(C-pza/1pza)(S-pza/24),futuro
2026-01-07,0.52,Accesorios,Vela de ? sweet ligth 24pza(C-pza/1pza)(S-pza/24),futuro
2026-01-08,0.47,Accesorios,Vela de ? sweet ligth 24pza(C-pza/1pza)(S-pza/24),futuro
2026-01-09,0.45,Accesorios,Vela de ? sweet ligth 24pza(C-pza/1pza)(S-pza/24),futuro
2026-01-10,0.9,Accesorios,Vela de ? sweet ligth 24pza(C-pza/1pza)(S-pza/24),futuro
2026-01-11,0.52,Accesorios,Vela de ? sweet ligth 24pza(C-pza/1pza)(S-pza/24),futuro
2026-01-12,0.41,Accesorios,Vela de ? sweet ligth 24pza(C-pza/1pza)(S-pza/24),futuro
2026-01-13,0.5,Accesorios,Vela de ? sweet ligth 24pza(C-pza/1pza)(S-pza/24),futuro
2026-01-14,0.52,Accesorios,Vela de ? sweet ligth 24pza(C-pza/1pza)(S-pza/24),futuro
2026-01-15,0.47,Accesorios,Vela de ? sweet ligth 24pza(C-pza/1pza)(S-pza/24),futuro
2026-01-16,0.45,Accesorios,Vela de ? sweet ligth 24pza(C-pza/1pza)(S-pza/24),futuro
2026-01-17,0.9,Accesorios,Vela de ? sweet ligth 24pza(C-pza/1pza)(S-pza/24),futuro
2026-01-18,0.52,Accesorios,Vela de ? sweet ligth 24pza(C-pza/1pza)(S-pza/24),futuro
2026-01-19,0.41,Accesorios,Vela de ? sweet ligth 24pza(C-pza/1pza)(S-pza/24),futuro
2026-01-20,0.5,Accesorios,Vela de ? sweet ligth 24pza(C-pza/1pza)(S-pza/24),futuro
2026-01-21,0.52,Accesorios,Vela de ? sweet ligth 24pza(C-pza/1pza)(S-pza/24),futuro
2026-01-22,0.47,Accesorios,Vela de ? sweet ligth 24pza(C-pza/1pza)(S-pza/24),futuro
2026-01-23,0.45,Accesorios,Vela de ? sweet ligth 24pza(C-pza/1pza)(S-pza/24),futuro
2026-01-24,0.9,Accesorios,Vela de ? sweet ligth 24pza(C-pza/1pza)(S-pza/24),futuro
2026-01-25,0.52,Accesorios,Vela de ? sweet ligth 24pza(C-pza/1pza)(S-pza/24),futuro
2026-01-26,0.41,Accesorios,Vela de ? sweet ligth 24pza(C-pza/1pza)(S-pza/24),futuro
2026-01-27,0.5,Accesorios,Vela de ? sweet ligth 24pza(C-pza/1pza)(S-pza/24),futuro
2026-01-28,0.52,Accesorios,Vela de ? sweet ligth 24pza(C-pza/1pza)(S-pza/24),futuro
2026-01-29,0.47,Accesorios,Vela de ? sweet ligth 24pza(C-pza/1pza)(S-pza/24),futuro
2026-01-30,0.45,Accesorios,Vela de ? sweet ligth 24pza(C-pza/1pza)(S-pza/24),futuro
2026-01-31,0.9,Accesorios,Vela de ? sweet ligth 24pza(C-pza/1pza)(S-pza/24),futuro
2026-02-01,0.49,Accesorios,Vela de ? sweet ligth 24pza(C-pza/1pza)(S-pza/24),futuro
2026-02-02,0.38,Accesorios,Vela de ? sweet ligth 24pza(C-pza/1pza)(S-pza/24),futuro
2026-02-03,0.48,Accesorios,Vela de ? sweet ligth 24pza(C-pza/1pza)(S-pza/24),futuro
2026-02-04,0.49,Accesorios,Vela de ? sweet ligth 24pza(C-pza/1pza)(S-pza/24),futuro
2026-02-05,0.44,Accesorios,Vela de ? sweet ligth 24pza(C-pza/1pza)(S-pza/24),futuro
2026-02-06,0.42,Accesorios,Vela de ? sweet ligth 24pza(C-pza/1pza)(S-pza/24),futuro
2026-02-07,0.9,Accesorios,Vela de ? sweet ligth 24pza(C-pza/1pza)(S-pza/24),futuro
2026-02-08,0.49,Accesorios,Vela de ? sweet ligth 24pza(C-pza/1pza)(S-pza/24),futuro
2026-02-09,0.38,Accesorios,Vela de ? sweet ligth 24pza(C-pza/1pza)(S-pza/24),futuro
2026-02-10,0.48,Accesorios,Vela de ? sweet ligth 24pza(C-pza/1pza)(S-pza/24),futuro
2026-02-11,0.49,Accesorios,Vela de ? sweet ligth 24pza(C-pza/1pza)(S-pza/24),futuro
2026-02-12,0.44,Accesorios,Vela de ? sweet ligth 24pza(C-pza/1pza)(S-pza/24),futuro
2026-02-13,0.42,Accesorios,Vela de ? sweet ligth 24pza(C-pza/1pza)(S-pza/24),futuro
2026-02-14,0.9,Accesorios,Vela de ? sweet ligth 24pza(C-pza/1pza)(S-pza/24),futuro
2026-02-15,0.49,Accesorios,Vela de ? sweet ligth 24pza(C-pza/1pza)(S-pza/24),futuro
2026-02-16,0.38,Accesorios,Vela de ? sweet ligth 24pza(C-pza/1pza)(S-pza/24),futuro
2026-02-17,0.48,Accesorios,Vela de ? sweet ligth 24pza(C-pza/1pza)(S-pza/24),futuro
2026-02-18,0.49,Accesorios,Vela de ? sweet ligth 24pza(C-pza/1pza)(S-pza/24),futuro
2026-02-19,0.44,Accesorios,Vela de ? sweet ligth 24pza(C-pza/1pza)(S-pza/24),futuro
2026-02-20,0.42,Accesorios,Vela de ? sweet ligth 24pza(C-pza/1pza)(S-pza/24),futuro
2026-02-21,0.9,Accesorios,Vela de ? sweet ligth 24pza(C-pza/1pza)(S-pza/24),futuro
2026-02-22,0.49,Accesorios,Vela de ? sweet ligth 24pza(C-pza/1pza)(S-pza/24),futuro
2026-02-23,0.38,Accesorios,Vela de ? sweet ligth 24pza(C-pza/1pza)(S-pza/24),futuro
2026-02-24,0.48,Accesorios,Vela de ? sweet ligth 24pza(C-pza/1pza)(S-pza/24),futuro
2026-02-25,0.49,Accesorios,Vela de ? sweet ligth 24pza(C-pza/1pza)(S-pza/24),futuro
2026-02-26,0.44,Accesorios,Vela de ? sweet ligth 24pza(C-pza/1pza)(S-pza/24),futuro
2026-02-27,0.42,Accesorios,Vela de ? sweet ligth 24pza(C-pza/1pza)(S-pza/24),futuro
2025-12-14,1.8,Accesorios,Vela mágica de colores 24pza(C-pza/1pza)(S-pza/24),futuro
2025-12-15,0.86,Accesorios,Vela mágica de colores 24pza(C-pza/1pza)(S-pza/24),futuro
2025-12-16,1.15,Accesorios,Vela mágica de colores 24pza(C-pza/1pza)(S-pza/24),futuro
2025-12-17,1.48,Accesorios,Vela mágica de colores 24pza(C-pza/1pza)(S-pza/24),futuro
2025-12-18,1.21,Accesorios,Vela mágica de colores 24pza(C-pza/1pza)(S-pza/24),futuro
2025-12-19,1.07,Accesorios,Vela mágica de colores 24pza(C-pza/1pza)(S-pza/24),futuro
2025-12-20,1.44,Accesorios,Vela mágica de colores 24pza(C-pza/1pza)(S-pza/24),futuro
2025-12-21,1.34,Accesorios,Vela mágica de colores 24pza(C-pza/1pza)(S-pza/24),futuro
2025-12-22,1.05,Accesorios,Vela mágica de colores 24pza(C-pza/1pza)(S-pza/24),futuro
2025-12-23,1.09,Accesorios,Vela mágica de colores 24pza(C-pza/1pza)(S-pza/24),futuro
2025-12-24,0.62,Accesorios,Vela mágica de colores 24pza(C-pza/1pza)(S-pza/24),futuro
2025-12-25,0.8,Accesorios,Vela mágica de colores 24pza(C-pza/1pza)(S-pza/24),futuro
2025-12-26,0.84,Accesorios,Vela mágica de colores 24pza(C-pza/1pza)(S-pza/24),futuro
2025-12-27,1.68,Accesorios,Vela mágica de colores 24pza(C-pza/1pza)(S-pza/24),futuro
2025-12-28,1.51,Accesorios,Vela mágica de colores 24pza(C-pza/1pza)(S-pza/24),futuro
2025-12-29,1.16,Accesorios,Vela mágica de colores 24pza(C-pza/1pza)(S-pza/24),futuro
2025-12-30,1.33,Accesorios,Vela mágica de colores 24pza(C-pza/1pza)(S-pza/24),futuro
2025-12-31,1.27,Accesorios,Vela mágica de colores 24pza(C-pza/1pza)(S-pza/24),futuro
2026-01-01,0.97,Accesorios,Vela mágica de colores 24pza(C-pza/1pza)(S-pza/24),futuro
2026-01-02,0.97,Accesorios,Vela mágica de colores 24pza(C-pza/1pza)(S-pza/24),futuro
2026-01-03,1.53,Accesorios,Vela mágica de colores 24pza(C-pza/1pza)(S-pza/24),futuro
2026-01-04,1.55,Accesorios,Vela mágica de colores 24pza(C-pza/1pza)(S-pza/24),futuro
2026-01-05,0.73,Accesorios,Vela mágica de colores 24pza(C-pza/1pza)(S-pza/24),futuro
2026-01-06,0.75,Accesorios,Vela mágica de colores 24pza(C-pza/1pza)(S-pza/24),futuro
2026-01-07,0.97,Accesorios,Vela mágica de colores 24pza(C-pza/1pza)(S-pza/24),futuro
2026-01-08,0.99,Accesorios,Vela mágica de colores 24pza(C-pza/1pza)(S-pza/24),futuro
2026-01-09,1.03,Accesorios,Vela mágica de colores 24pza(C-pza/1pza)(S-pza/24),futuro
2026-01-10,1.48,Accesorios,Vela mágica de colores 24pza(C-pza/1pza)(S-pza/24),futuro
2026-01-11,1.5,Accesorios,Vela mágica de colores 24pza(C-pza/1pza)(S-pza/24),futuro
2026-01-12,0.78,Accesorios,Vela mágica de colores 24pza(C-pza/1pza)(S-pza/24),futuro
2026-01-13,0.97,Accesorios,Vela mágica de colores 24pza(C-pza/1pza)(S-pza/24),futuro
2026-01-14,1.0,Accesorios,Vela mágica de colores 24pza(C-pza/1pza)(S-pza/24),futuro
2026-01-15,0.96,Accesorios,Vela mágica de colores 24pza(C-pza/1pza)(S-pza/24),futuro
2026-01-16,0.98,Accesorios,Vela mágica de colores 24pza(C-pza/1pza)(S-pza/24),futuro
2026-01-17,1.53,Accesorios,Vela mágica de colores 24pza(C-pza/1pza)(S-pza/24),futuro
2026-01-18,1.46,Accesorios,Vela mágica de colores 24pza(C-pza/1pza)(S-pza/24),futuro
2026-01-19,0.73,Accesorios,Vela mágica de colores 24pza(C-pza/1pza)(S-pza/24),futuro
2026-01-20,0.97,Accesorios,Vela mágica de colores 24pza(C-pza/1pza)(S-pza/24),futuro
2026-01-21,0.91,Accesorios,Vela mágica de colores 24pza(C-pza/1pza)(S-pza/24),futuro
2026-01-22,1.04,Accesorios,Vela mágica de colores 24pza(C-pza/1pza)(S-pza/24),futuro
2026-01-23,0.92,Accesorios,Vela mágica de colores 24pza(C-pza/1pza)(S-pza/24),futuro
2026-01-24,1.5,Accesorios,Vela mágica de colores 24pza(C-pza/1pza)(S-pza/24),futuro
2026-01-25,1.54,Accesorios,Vela mágica de colores 24pza(C-pza/1pza)(S-pza/24),futuro
2026-01-26,0.72,Accesorios,Vela mágica de colores 24pza(C-pza/1pza)(S-pza/24),futuro
2026-01-27,0.91,Accesorios,Vela mágica de colores 24pza(C-pza/1pza)(S-pza/24),futuro
2026-01-28,1.03,Accesorios,Vela mágica de colores 24pza(C-pza/1pza)(S-pza/24),futuro
2026-01-29,0.93,Accesorios,Vela mágica de colores 24pza(C-pza/1pza)(S-pza/24),futuro
2026-01-30,0.97,Accesorios,Vela mágica de colores 24pza(C-pza/1pza)(S-pza/24),futuro
2026-01-31,1.6,Accesorios,Vela mágica de colores 24pza(C-pza/1pza)(S-pza/24),futuro
2026-02-01,1.47,Accesorios,Vela mágica de colores 24pza(C-pza/1pza)(S-pza/24),futuro
2026-02-02,0.77,Accesorios,Vela mágica de colores 24pza(C-pza/1pza)(S-pza/24),futuro
2026-02-03,0.73,Accesorios,Vela mágica de colores 24pza(C-pza/1pza)(S-pza/24),futuro
2026-02-04,1.05,Accesorios,Vela mágica de colores 24pza(C-pza/1pza)(S-pza/24),futuro
2026-02-05,0.96,Accesorios,Vela mágica de colores 24pza(C-pza/1pza)(S-pza/24),futuro
2026-02-06,0.94,Accesorios,Vela mágica de colores 24pza(C-pza/1pza)(S-pza/24),futuro
2026-02-07,1.61,Accesorios,Vela mágica de colores 24pza(C-pza/1pza)(S-pza/24),futuro
2026-02-08,1.53,Accesorios,Vela mágica de colores 24pza(C-pza/1pza)(S-pza/24),futuro
2026-02-09,0.78,Accesorios,Vela mágica de colores 24pza(C-pza/1pza)(S-pza/24),futuro
2026-02-10,0.96,Accesorios,Vela mágica de colores 24pza(C-pza/1pza)(S-pza/24),futuro
2026-02-11,0.97,Accesorios,Vela mágica de colores 24pza(C-pza/1pza)(S-pza/24),futuro
2026-02-12,0.98,Accesorios,Vela mágica de colores 24pza(C-pza/1pza)(S-pza/24),futuro
2026-02-13,0.96,Accesorios,Vela mágica de colores 24pza(C-pza/1pza)(S-pza/24),futuro
2026-02-14,1.54,Accesorios,Vela mágica de colores 24pza(C-pza/1pza)(S-pza/24),futuro
2026-02-15,1.53,Accesorios,Vela mágica de colores 24pza(C-pza/1pza)(S-pza/24),futuro
2026-02-16,0.73,Accesorios,Vela mágica de colores 24pza(C-pza/1pza)(S-pza/24),futuro
2026-02-17,0.98,Accesorios,Vela mágica de colores 24pza(C-pza/1pza)(S-pza/24),futuro
2026-02-18,1.02,Accesorios,Vela mágica de colores 24pza(C-pza/1pza)(S-pza/24),futuro
2026-02-19,0.94,Accesorios,Vela mágica de colores 24pza(C-pza/1pza)(S-pza/24),futuro
2026-02-20,0.94,Accesorios,Vela mágica de colores 24pza(C-pza/1pza)(S-pza/24),futuro
2026-02-21,1.61,Accesorios,Vela mágica de colores 24pza(C-pza/1pza)(S-pza/24),futuro
2026-02-22,1.47,Accesorios,Vela mágica de colores 24pza(C-pza/1pza)(S-pza/24),futuro
2026-02-23,0.78,Accesorios,Vela mágica de colores 24pza(C-pza/1pza)(S-pza/24),futuro
2026-02-24,0.89,Accesorios,Vela mágica de colores 24pza(C-pza/1pza)(S-pza/24),futuro
2026-02-25,0.97,Accesorios,Vela mágica de colores 24pza(C-pza/1pza)(S-pza/24),futuro
2026-02-26,0.98,Accesorios,Vela mágica de colores 24pza(C-pza/1pza)(S-pza/24),futuro
2026-02-27,0.96,Accesorios,Vela mágica de colores 24pza(C-pza/1pza)(S-pza/24),futuro
2026-02-28,1.54,Accesorios,Vela mágica de colores 24pza(C-pza/1pza)(S-pza/24),futuro
2026-03-01,1.53,Accesorios,Vela mágica de colores 24pza(C-pza/1pza)(S-pza/24),futuro
2026-03-02,0.98,Accesorios,Vela mágica de colores 24pza(C-pza/1pza)(S-pza/24),futuro
2026-03-03,1.03,Accesorios,Vela mágica de colores 24pza(C-pza/1pza)(S-pza/24),futuro
2026-03-04,1.04,Accesorios,Vela mágica de colores 24pza(C-pza/1pza)(S-pza/24),futuro
2026-03-05,0.94,Accesorios,Vela mágica de colores 24pza(C-pza/1pza)(S-pza/24),futuro
2026-03-06,0.97,Accesorios,Vela mágica de colores 24pza(C-pza/1pza)(S-pza/24),futuro
2026-03-07,1.57,Accesorios,Vela mágica de colores 24pza(C-pza/1pza)(S-pza/24),futuro
2026-03-08,1.61,Accesorios,Vela mágica de colores 24pza(C-pza/1pza)(S-pza/24),futuro
2026-03-09,0.98,Accesorios,Vela mágica de colores 24pza(C-pza/1pza)(S-pza/24),futuro
2026-03-10,0.82,Accesorios,Vela mágica de colores 24pza(C-pza/1pza)(S-pza/24),futuro
2026-03-11,1.02,Accesorios,Vela mágica de colores 24pza(C-pza/1pza)(S-pza/24),futuro
2026-03-12,0.99,Accesorios,Vela mágica de colores 24pza(C-pza/1pza)(S-pza/24),futuro
2026-03-13,0.96,Accesorios,Vela mágica de colores 24pza(C-pza/1pza)(S-pza/24),futuro
2025-12-15,4.27,Accesorios,Vela pillin mensaje,futuro
2025-12-16,4.2,Accesorios,Vela pillin mensaje,futuro
2025-12-17,4.05,Accesorios,Vela pillin mensaje,futuro
2025-12-18,4.52,Accesorios,Vela pillin mensaje,futuro
2025-12-19,4.84,Accesorios,Vela pillin mensaje,futuro
2025-12-20,7.99,Accesorios,Vela pillin mensaje,futuro
2025-12-21,6.15,Accesorios,Vela pillin mensaje,futuro
2025-12-22,4.02,Accesorios,Vela pillin mensaje,futuro
2025-12-23,4.0,Accesorios,Vela pillin mensaje,futuro
2025-12-24,4.07,Accesorios,Vela pillin mensaje,futuro
2025-12-25,4.22,Accesorios,Vela pillin mensaje,futuro
2025-12-26,4.56,Accesorios,Vela pillin mensaje,futuro
2025-12-27,7.93,Accesorios,Vela pillin mensaje,futuro
2025-12-28,5.95,Accesorios,Vela pillin mensaje,futuro
2025-12-29,4.08,Accesorios,Vela pillin mensaje,futuro
2025-12-30,4.66,Accesorios,Vela pillin mensaje,futuro
2025-12-31,5.0,Accesorios,Vela pillin mensaje,futuro
2026-01-01,4.79,Accesorios,Vela pillin mensaje,futuro
2026-01-02,4.66,Accesorios,Vela pillin mensaje,futuro
2026-01-03,8.13,Accesorios,Vela pillin mensaje,futuro
2026-01-04,5.99,Accesorios,Vela pillin mensaje,futuro
2026-01-05,4.44,Accesorios,Vela pillin mensaje,futuro
2026-01-06,4.19,Accesorios,Vela pillin mensaje,futuro
2026-01-07,4.35,Accesorios,Vela pillin mensaje,futuro
2026-01-08,4.29,Accesorios,Vela pillin mensaje,futuro
2026-01-09,4.52,Accesorios,Vela pillin mensaje,futuro
2026-01-10,8.03,Accesorios,Vela pillin mensaje,futuro
2026-01-11,5.99,Accesorios,Vela pillin mensaje,futuro
2026-01-12,4.44,Accesorios,Vela pillin mensaje,futuro
2026-01-13,4.19,Accesorios,Vela pillin mensaje,futuro
2026-01-14,4.34,Accesorios,Vela pillin mensaje,futuro
2026-01-15,4.29,Accesorios,Vela pillin mensaje,futuro
2026-01-16,4.52,Accesorios,Vela pillin mensaje,futuro
2026-01-17,8.03,Accesorios,Vela pillin mensaje,futuro
2026-01-18,5.99,Accesorios,Vela pillin mensaje,futuro
2026-01-19,4.44,Accesorios,Vela pillin mensaje,futuro
2026-01-20,4.19,Accesorios,Vela pillin mensaje,futuro
2026-01-21,4.34,Accesorios,Vela pillin mensaje,futuro
2026-01-22,4.29,Accesorios,Vela pillin mensaje,futuro
2026-01-23,4.52,Accesorios,Vela pillin mensaje,futuro
2026-01-24,8.03,Accesorios,Vela pillin mensaje,futuro
2026-01-25,5.99,Accesorios,Vela pillin mensaje,futuro
2026-01-26,4.44,Accesorios,Vela pillin mensaje,futuro
2026-01-27,4.19,Accesorios,Vela pillin mensaje,futuro
2026-01-28,4.34,Accesorios,Vela pillin mensaje,futuro
2026-01-29,4.29,Accesorios,Vela pillin mensaje,futuro
2026-01-30,4.52,Accesorios,Vela pillin mensaje,futuro
2026-01-31,8.03,Accesorios,Vela pillin mensaje,futuro
2026-02-01,5.99,Accesorios,Vela pillin mensaje,futuro
2026-02-02,4.52,Accesorios,Vela pillin mensaje,futuro
2026-02-03,4.19,Accesorios,Vela pillin mensaje,futuro
2026-02-04,4.34,Accesorios,Vela pillin mensaje,futuro
2026-02-05,4.29,Accesorios,Vela pillin mensaje,futuro
2026-02-06,4.52,Accesorios,Vela pillin mensaje,futuro
2026-02-07,8.03,Accesorios,Vela pillin mensaje,futuro
2026-02-08,5.99,Accesorios,Vela pillin mensaje,futuro
2026-02-09,4.52,Accesorios,Vela pillin mensaje,futuro
2026-02-10,4.19,Accesorios,Vela pillin mensaje,futuro
2026-02-11,4.34,Accesorios,Vela pillin mensaje,futuro
2026-02-12,4.29,Accesorios,Vela pillin mensaje,futuro
2026-02-13,4.52,Accesorios,Vela pillin mensaje,futuro
2026-02-14,8.03,Accesorios,Vela pillin mensaje,futuro
2026-02-15,5.99,Accesorios,Vela pillin mensaje,futuro
2026-02-16,4.52,Accesorios,Vela pillin mensaje,futuro
2026-02-17,4.19,Accesorios,Vela pillin mensaje,futuro
2026-02-18,4.34,Accesorios,Vela pillin mensaje,futuro
2026-02-19,4.29,Accesorios,Vela pillin mensaje,futuro
2026-02-20,4.52,Accesorios,Vela pillin mensaje,futuro
2026-02-21,8.03,Accesorios,Vela pillin mensaje,futuro
2026-02-22,5.99,Accesorios,Vela pillin mensaje,futuro
2026-02-23,4.52,Accesorios,Vela pillin mensaje,futuro
2026-02-24,4.19,Accesorios,Vela pillin mensaje,futuro
2026-02-25,4.34,Accesorios,Vela pillin mensaje,futuro
2026-02-26,4.29,Accesorios,Vela pillin mensaje,futuro
2026-02-27,4.52,Accesorios,Vela pillin mensaje,futuro
2026-02-28,8.03,Accesorios,Vela pillin mensaje,futuro
2026-03-01,5.99,Accesorios,Vela pillin mensaje,futuro
2026-03-02,4.52,Accesorios,Vela pillin mensaje,futuro
2026-03-03,4.19,Accesorios,Vela pillin mensaje,futuro
2026-03-04,4.34,Accesorios,Vela pillin mensaje,futuro
2026-03-05,4.29,Accesorios,Vela pillin mensaje,futuro
2026-03-06,4.52,Accesorios,Vela pillin mensaje,futuro
2026-03-07,8.03,Accesorios,Vela pillin mensaje,futuro
2026-03-08,5.99,Accesorios,Vela pillin mensaje,futuro
2026-03-09,4.52,Accesorios,Vela pillin mensaje,futuro
2026-03-10,4.19,Accesorios,Vela pillin mensaje,futuro
2026-03-11,4.34,Accesorios,Vela pillin mensaje,futuro
2026-03-12,4.29,Accesorios,Vela pillin mensaje,futuro
2026-03-13,4.52,Accesorios,Vela pillin mensaje,futuro
2026-03-14,8.03,Accesorios,Vela pillin mensaje,futuro
2025-12-15,12.19,Accesorios,Vela sparkles plata y colores(C-Caja 100)(S-pza),futuro
2025-12-16,12.61,Accesorios,Vela sparkles plata y colores(C-Caja 100)(S-pza),futuro
2025-12-17,12.93,Accesorios,Vela sparkles plata y colores(C-Caja 100)(S-pza),futuro
2025-12-18,12.0,Accesorios,Vela sparkles plata y colores(C-Caja 100)(S-pza),futuro
2025-12-19,17.01,Accesorios,Vela sparkles plata y colores(C-Caja 100)(S-pza),futuro
2025-12-20,28.17,Accesorios,Vela sparkles plata y colores(C-Caja 100)(S-pza),futuro
2025-12-21,19.71,Accesorios,Vela sparkles plata y colores(C-Caja 100)(S-pza),futuro
2025-12-22,12.34,Accesorios,Vela sparkles plata y colores(C-Caja 100)(S-pza),futuro
2025-12-23,12.18,Accesorios,Vela sparkles plata y colores(C-Caja 100)(S-pza),futuro
2025-12-24,12.74,Accesorios,Vela sparkles plata y colores(C-Caja 100)(S-pza),futuro
2025-12-25,11.9,Accesorios,Vela sparkles plata y colores(C-Caja 100)(S-pza),futuro
2025-12-26,12.55,Accesorios,Vela sparkles plata y colores(C-Caja 100)(S-pza),futuro
2025-12-27,29.72,Accesorios,Vela sparkles plata y colores(C-Caja 100)(S-pza),futuro
2025-12-28,19.49,Accesorios,Vela sparkles plata y colores(C-Caja 100)(S-pza),futuro
2025-12-29,10.6,Accesorios,Vela sparkles plata y colores(C-Caja 100)(S-pza),futuro
2025-12-30,13.01,Accesorios,Vela sparkles plata y colores(C-Caja 100)(S-pza),futuro
2025-12-31,12.27,Accesorios,Vela sparkles plata y colores(C-Caja 100)(S-pza),futuro
2026-01-01,11.6,Accesorios,Vela sparkles plata y colores(C-Caja 100)(S-pza),futuro
2026-01-02,12.22,Accesorios,Vela sparkles plata y colores(C-Caja 100)(S-pza),futuro
2026-01-03,30.59,Accesorios,Vela sparkles plata y colores(C-Caja 100)(S-pza),futuro
2026-01-04,20.14,Accesorios,Vela sparkles plata y colores(C-Caja 100)(S-pza),futuro
2026-01-05,9.29,Accesorios,Vela sparkles plata y colores(C-Caja 100)(S-pza),futuro
2026-01-06,9.54,Accesorios,Vela sparkles plata y colores(C-Caja 100)(S-pza),futuro
2026-01-07,10.02,Accesorios,Vela sparkles plata y colores(C-Caja 100)(S-pza),futuro
2026-01-08,10.77,Accesorios,Vela sparkles plata y colores(C-Caja 100)(S-pza),futuro
2026-01-09,11.83,Accesorios,Vela sparkles plata y colores(C-Caja 100)(S-pza),futuro
2026-01-10,28.19,Accesorios,Vela sparkles plata y colores(C-Caja 100)(S-pza),futuro
2026-01-11,19.01,Accesorios,Vela sparkles plata y colores(C-Caja 100)(S-pza),futuro
2026-01-12,8.42,Accesorios,Vela sparkles plata y colores(C-Caja 100)(S-pza),futuro
2026-01-13,9.82,Accesorios,Vela sparkles plata y colores(C-Caja 100)(S-pza),futuro
2026-01-14,9.65,Accesorios,Vela sparkles plata y colores(C-Caja 100)(S-pza),futuro
2026-01-15,9.86,Accesorios,Vela sparkles plata y colores(C-Caja 100)(S-pza),futuro
2026-01-16,11.9,Accesorios,Vela sparkles plata y colores(C-Caja 100)(S-pza),futuro
2026-01-17,26.62,Accesorios,Vela sparkles plata y colores(C-Caja 100)(S-pza),futuro
2026-01-18,18.14,Accesorios,Vela sparkles plata y colores(C-Caja 100)(S-pza),futuro
2026-01-19,8.24,Accesorios,Vela sparkles plata y colores(C-Caja 100)(S-pza),futuro
2026-01-20,9.57,Accesorios,Vela sparkles plata y colores(C-Caja 100)(S-pza),futuro
2026-01-21,9.65,Accesorios,Vela sparkles plata y colores(C-Caja 100)(S-pza),futuro
2026-01-22,8.88,Accesorios,Vela sparkles plata y colores(C-Caja 100)(S-pza),futuro
2026-01-23,11.26,Accesorios,Vela sparkles plata y colores(C-Caja 100)(S-pza),futuro
2026-01-24,26.08,Accesorios,Vela sparkles plata y colores(C-Caja 100)(S-pza),futuro
2026-01-25,17.69,Accesorios,Vela sparkles plata y colores(C-Caja 100)(S-pza),futuro
2026-01-26,8.24,Accesorios,Vela sparkles plata y colores(C-Caja 100)(S-pza),futuro
2026-01-27,9.57,Accesorios,Vela sparkles plata y colores(C-Caja 100)(S-pza),futuro
2026-01-28,9.65,Accesorios,Vela sparkles plata y colores(C-Caja 100)(S-pza),futuro
2026-01-29,8.88,Accesorios,Vela sparkles plata y colores(C-Caja 100)(S-pza),futuro
2026-01-30,11.16,Accesorios,Vela sparkles plata y colores(C-Caja 100)(S-pza),futuro
2026-01-31,26.06,Accesorios,Vela sparkles plata y colores(C-Caja 100)(S-pza),futuro
2026-02-01,17.69,Accesorios,Vela sparkles plata y colores(C-Caja 100)(S-pza),futuro
2026-02-02,8.19,Accesorios,Vela sparkles plata y colores(C-Caja 100)(S-pza),futuro
2026-02-03,9.25,Accesorios,Vela sparkles plata y colores(C-Caja 100)(S-pza),futuro
2026-02-04,9.65,Accesorios,Vela sparkles plata y colores(C-Caja 100)(S-pza),futuro
2026-02-05,8.38,Accesorios,Vela sparkles plata y colores(C-Caja 100)(S-pza),futuro
2026-02-06,10.89,Accesorios,Vela sparkles plata y colores(C-Caja 100)(S-pza),futuro
2026-02-07,25.71,Accesorios,Vela sparkles plata y colores(C-Caja 100)(S-pza),futuro
2026-02-08,17.63,Accesorios,Vela sparkles plata y colores(C-Caja 100)(S-pza),futuro
2026-02-09,7.9,Accesorios,Vela sparkles plata y colores(C-Caja 100)(S-pza),futuro
2026-02-10,9.13,Accesorios,Vela sparkles plata y colores(C-Caja 100)(S-pza),futuro
2026-02-11,9.65,Accesorios,Vela sparkles plata y colores(C-Caja 100)(S-pza),futuro
2026-02-12,9.76,Accesorios,Vela sparkles plata y colores(C-Caja 100)(S-pza),futuro
2026-02-13,11.19,Accesorios,Vela sparkles plata y colores(C-Caja 100)(S-pza),futuro
2026-02-14,25.31,Accesorios,Vela sparkles plata y colores(C-Caja 100)(S-pza),futuro
2026-02-15,17.7,Accesorios,Vela sparkles plata y colores(C-Caja 100)(S-pza),futuro
2026-02-16,8.17,Accesorios,Vela sparkles plata y colores(C-Caja 100)(S-pza),futuro
2026-02-17,9.16,Accesorios,Vela sparkles plata y colores(C-Caja 100)(S-pza),futuro
2026-02-18,9.65,Accesorios,Vela sparkles plata y colores(C-Caja 100)(S-pza),futuro
2026-02-19,10.0,Accesorios,Vela sparkles plata y colores(C-Caja 100)(S-pza),futuro
2026-02-20,11.21,Accesorios,Vela sparkles plata y colores(C-Caja 100)(S-pza),futuro
2026-02-21,24.66,Accesorios,Vela sparkles plata y colores(C-Caja 100)(S-pza),futuro
2026-02-22,17.92,Accesorios,Vela sparkles plata y colores(C-Caja 100)(S-pza),futuro
2026-02-23,8.08,Accesorios,Vela sparkles plata y colores(C-Caja 100)(S-pza),futuro
2026-02-24,9.35,Accesorios,Vela sparkles plata y colores(C-Caja 100)(S-pza),futuro
2026-02-25,9.65,Accesorios,Vela sparkles plata y colores(C-Caja 100)(S-pza),futuro
2026-02-26,9.82,Accesorios,Vela sparkles plata y colores(C-Caja 100)(S-pza),futuro
2026-02-27,11.43,Accesorios,Vela sparkles plata y colores(C-Caja 100)(S-pza),futuro
2026-02-28,25.26,Accesorios,Vela sparkles plata y colores(C-Caja 100)(S-pza),futuro
2026-03-01,18.0,Accesorios,Vela sparkles plata y colores(C-Caja 100)(S-pza),futuro
2026-03-02,8.19,Accesorios,Vela sparkles plata y colores(C-Caja 100)(S-pza),futuro
2026-03-03,9.25,Accesorios,Vela sparkles plata y colores(C-Caja 100)(S-pza),futuro
2026-03-04,9.65,Accesorios,Vela sparkles plata y colores(C-Caja 100)(S-pza),futuro
2026-03-05,9.51,Accesorios,Vela sparkles plata y colores(C-Caja 100)(S-pza),futuro
2026-03-06,11.32,Accesorios,Vela sparkles plata y colores(C-Caja 100)(S-pza),futuro
2026-03-07,25.43,Accesorios,Vela sparkles plata y colores(C-Caja 100)(S-pza),futuro
2026-03-08,17.7,Accesorios,Vela sparkles plata y colores(C-Caja 100)(S-pza),futuro
2026-03-09,8.19,Accesorios,Vela sparkles plata y colores(C-Caja 100)(S-pza),futuro
2026-03-10,9.25,Accesorios,Vela sparkles plata y colores(C-Caja 100)(S-pza),futuro
2026-03-11,9.65,Accesorios,Vela sparkles plata y colores(C-Caja 100)(S-pza),futuro
2026-03-12,9.76,Accesorios,Vela sparkles plata y colores(C-Caja 100)(S-pza),futuro
2026-03-13,11.32,Accesorios,Vela sparkles plata y colores(C-Caja 100)(S-pza),futuro
2026-03-14,25.43,Accesorios,Vela sparkles plata y colores(C-Caja 100)(S-pza),futuro
2025-02-23,0.62,Empanada,Empanada de Atún,futuro
2025-02-24,0.77,Empanada,Empanada de Atún,futuro
2025-02-25,0.75,Empanada,Empanada de Atún,futuro
2025-02-26,0.34,Empanada,Empanada de Atún,futuro
2025-02-27,0.41,Empanada,Empanada de Atún,futuro
2025-02-28,0.47,Empanada,Empanada de Atún,futuro
2025-03-01,0.49,Empanada,Empanada de Atún,futuro
2025-03-02,0.47,Empanada,Empanada de Atún,futuro
2025-03-03,0.5,Empanada,Empanada de Atún,futuro
2025-03-04,0.65,Empanada,Empanada de Atún,futuro
2025-03-05,0.34,Empanada,Empanada de Atún,futuro
2025-03-06,0.49,Empanada,Empanada de Atún,futuro
2025-03-07,0.38,Empanada,Empanada de Atún,futuro
2025-03-08,0.67,Empanada,Empanada de Atún,futuro
2025-03-09,0.43,Empanada,Empanada de Atún,futuro
2025-03-10,0.43,Empanada,Empanada de Atún,futuro
2025-03-11,0.52,Empanada,Empanada de Atún,futuro
2025-03-12,0.19,Empanada,Empanada de Atún,futuro
2025-03-13,0.48,Empanada,Empanada de Atún,futuro
2025-03-14,0.4,Empanada,Empanada de Atún,futuro
2025-03-15,0.72,Empanada,Empanada de Atún,futuro
2025-03-16,0.43,Empanada,Empanada de Atún,futuro
2025-03-17,0.43,Empanada,Empanada de Atún,futuro
2025-03-18,0.52,Empanada,Empanada de Atún,futuro
2025-03-19,0.19,Empanada,Empanada de Atún,futuro
2025-03-20,0.48,Empanada,Empanada de Atún,futuro
2025-03-21,0.4,Empanada,Empanada de Atún,futuro
2025-03-22,0.72,Empanada,Empanada de Atún,futuro
2025-03-23,0.43,Empanada,Empanada de Atún,futuro
2025-03-24,0.43,Empanada,Empanada de Atún,futuro
2025-03-25,0.52,Empanada,Empanada de Atún,futuro
2025-03-26,0.19,Empanada,Empanada de Atún,futuro
2025-03-27,0.48,Empanada,Empanada de Atún,futuro
2025-03-28,0.4,Empanada,Empanada de Atún,futuro
2025-03-29,0.72,Empanada,Empanada de Atún,futuro
2025-03-30,0.43,Empanada,Empanada de Atún,futuro
2025-03-31,0.43,Empanada,Empanada de Atún,futuro
2025-04-01,0.61,Empanada,Empanada de Atún,futuro
2025-04-02,0.49,Empanada,Empanada de Atún,futuro
2025-04-03,0.59,Empanada,Empanada de Atún,futuro
2025-04-04,0.52,Empanada,Empanada de Atún,futuro
2025-04-05,0.59,Empanada,Empanada de Atún,futuro
2025-04-06,0.53,Empanada,Empanada de Atún,futuro
2025-04-07,0.52,Empanada,Empanada de Atún,futuro
2025-04-08,0.61,Empanada,Empanada de Atún,futuro
2025-04-09,0.49,Empanada,Empanada de Atún,futuro
2025-04-10,0.59,Empanada,Empanada de Atún,futuro
2025-04-11,0.52,Empanada,Empanada de Atún,futuro
2025-04-12,0.59,Empanada,Empanada de Atún,futuro
2025-04-13,0.53,Empanada,Empanada de Atún,futuro
2025-04-14,0.52,Empanada,Empanada de Atún,futuro
2025-04-15,0.61,Empanada,Empanada de Atún,futuro
2025-04-16,0.49,Empanada,Empanada de Atún,futuro
2025-04-17,0.59,Empanada,Empanada de Atún,futuro
2025-04-18,0.52,Empanada,Empanada de Atún,futuro
2025-04-19,0.59,Empanada,Empanada de Atún,futuro
2025-04-20,0.53,Empanada,Empanada de Atún,futuro
2025-04-21,0.52,Empanada,Empanada de Atún,futuro
2025-04-22,0.61,Empanada,Empanada de Atún,futuro
2025-04-23,0.49,Empanada,Empanada de Atún,futuro
2025-04-24,0.59,Empanada,Empanada de Atún,futuro
2025-04-25,0.52,Empanada,Empanada de Atún,futuro
2025-04-26,0.59,Empanada,Empanada de Atún,futuro
2025-04-27,0.53,Empanada,Empanada de Atún,futuro
2025-04-28,0.52,Empanada,Empanada de Atún,futuro
2025-04-29,0.61,Empanada,Empanada de Atún,futuro
2025-04-30,0.49,Empanada,Empanada de Atún,futuro
2025-05-01,0.47,Empanada,Empanada de Atún,futuro
2025-05-02,0.45,Empanada,Empanada de Atún,futuro
2025-05-03,0.54,Empanada,Empanada de Atún,futuro
2025-05-04,0.46,Empanada,Empanada de Atún,futuro
2025-05-05,0.26,Empanada,Empanada de Atún,futuro
2025-05-06,0.49,Empanada,Empanada de Atún,futuro
2025-05-07,0.45,Empanada,Empanada de Atún,futuro
2025-05-08,0.29,Empanada,Empanada de Atún,futuro
2025-05-09,0.23,Empanada,Empanada de Atún,futuro
2025-05-10,0.4,Empanada,Empanada de Atún,futuro
2025-05-11,0.24,Empanada,Empanada de Atún,futuro
2025-05-12,0.22,Empanada,Empanada de Atún,futuro
2025-05-13,0.48,Empanada,Empanada de Atún,futuro
2025-05-14,0.44,Empanada,Empanada de Atún,futuro
2025-05-15,0.45,Empanada,Empanada de Atún,futuro
2025-05-16,0.41,Empanada,Empanada de Atún,futuro
2025-05-17,0.57,Empanada,Empanada de Atún,futuro
2025-05-18,0.42,Empanada,Empanada de Atún,futuro
2025-05-19,0.22,Empanada,Empanada de Atún,futuro
2025-05-20,0.48,Empanada,Empanada de Atún,futuro
2025-05-21,0.44,Empanada,Empanada de Atún,futuro
2025-05-22,0.45,Empanada,Empanada de Atún,futuro
2025-05-23,0.41,Empanada,Empanada de Atún,futuro
2025-02-24,0.11,Empanada,Empanada de Jamón,futuro
2025-02-25,0.73,Empanada,Empanada de Jamón,futuro
2025-02-26,1.11,Empanada,Empanada de Jamón,futuro
2025-02-27,0.41,Empanada,Empanada de Jamón,futuro
2025-02-28,0.59,Empanada,Empanada de Jamón,futuro
2025-03-01,0.46,Empanada,Empanada de Jamón,futuro
2025-03-02,0.39,Empanada,Empanada de Jamón,futuro
2025-03-03,0.18,Empanada,Empanada de Jamón,futuro
2025-03-04,0.55,Empanada,Empanada de Jamón,futuro
2025-03-05,0.35,Empanada,Empanada de Jamón,futuro
2025-03-06,0.19,Empanada,Empanada de Jamón,futuro
2025-03-07,0.27,Empanada,Empanada de Jamón,futuro
2025-03-08,0.38,Empanada,Empanada de Jamón,futuro
2025-03-09,0.32,Empanada,Empanada de Jamón,futuro
2025-03-10,0.19,Empanada,Empanada de Jamón,futuro
2025-03-11,0.25,Empanada,Empanada de Jamón,futuro
2025-03-12,0.18,Empanada,Empanada de Jamón,futuro
2025-03-13,0.2,Empanada,Empanada de Jamón,futuro
2025-03-14,0.2,Empanada,Empanada de Jamón,futuro
2025-03-15,0.4,Empanada,Empanada de Jamón,futuro
2025-03-16,0.25,Empanada,Empanada de Jamón,futuro
2025-03-17,0.2,Empanada,Empanada de Jamón,futuro
2025-03-18,0.18,Empanada,Empanada de Jamón,futuro
2025-03-19,0.17,Empanada,Empanada de Jamón,futuro
2025-03-20,0.2,Empanada,Empanada de Jamón,futuro
2025-03-21,0.2,Empanada,Empanada de Jamón,futuro
2025-03-22,0.4,Empanada,Empanada de Jamón,futuro
2025-03-23,0.25,Empanada,Empanada de Jamón,futuro
2025-03-24,0.2,Empanada,Empanada de Jamón,futuro
2025-03-25,0.18,Empanada,Empanada de Jamón,futuro
2025-03-26,0.17,Empanada,Empanada de Jamón,futuro
2025-03-27,0.2,Empanada,Empanada de Jamón,futuro
2025-03-28,0.2,Empanada,Empanada de Jamón,futuro
2025-03-29,0.4,Empanada,Empanada de Jamón,futuro
2025-03-30,0.25,Empanada,Empanada de Jamón,futuro
2025-03-31,0.2,Empanada,Empanada de Jamón,futuro
2025-04-01,0.42,Empanada,Empanada de Jamón,futuro
2025-04-02,0.43,Empanada,Empanada de Jamón,futuro
2025-04-03,0.42,Empanada,Empanada de Jamón,futuro
2025-04-04,0.37,Empanada,Empanada de Jamón,futuro
2025-04-05,0.67,Empanada,Empanada de Jamón,futuro
2025-04-06,0.51,Empanada,Empanada de Jamón,futuro
2025-04-07,0.76,Empanada,Empanada de Jamón,futuro
2025-04-08,0.79,Empanada,Empanada de Jamón,futuro
2025-04-09,0.8,Empanada,Empanada de Jamón,futuro
2025-04-10,0.74,Empanada,Empanada de Jamón,futuro
2025-04-11,0.7,Empanada,Empanada de Jamón,futuro
2025-04-12,0.85,Empanada,Empanada de Jamón,futuro
2025-04-13,0.73,Empanada,Empanada de Jamón,futuro
2025-04-14,0.66,Empanada,Empanada de Jamón,futuro
2025-04-15,0.72,Empanada,Empanada de Jamón,futuro
2025-04-16,0.73,Empanada,Empanada de Jamón,futuro
2025-04-17,0.72,Empanada,Empanada de Jamón,futuro
2025-04-18,0.68,Empanada,Empanada de Jamón,futuro
2025-04-19,0.85,Empanada,Empanada de Jamón,futuro
2025-04-20,0.73,Empanada,Empanada de Jamón,futuro
2025-04-21,0.66,Empanada,Empanada de Jamón,futuro
2025-04-22,0.72,Empanada,Empanada de Jamón,futuro
2025-04-23,0.73,Empanada,Empanada de Jamón,futuro
2025-04-24,0.72,Empanada,Empanada de Jamón,futuro
2025-04-25,0.68,Empanada,Empanada de Jamón,futuro
2025-04-26,0.85,Empanada,Empanada de Jamón,futuro
2025-04-27,0.73,Empanada,Empanada de Jamón,futuro
2025-04-28,0.66,Empanada,Empanada de Jamón,futuro
2025-04-29,0.72,Empanada,Empanada de Jamón,futuro
2025-04-30,0.73,Empanada,Empanada de Jamón,futuro
2025-05-01,0.43,Empanada,Empanada de Jamón,futuro
2025-05-02,0.39,Empanada,Empanada de Jamón,futuro
2025-05-03,0.53,Empanada,Empanada de Jamón,futuro
2025-05-04,0.54,Empanada,Empanada de Jamón,futuro
2025-05-05,0.4,Empanada,Empanada de Jamón,futuro
2025-05-06,0.51,Empanada,Empanada de Jamón,futuro
2025-05-07,0.65,Empanada,Empanada de Jamón,futuro
2025-05-08,0.24,Empanada,Empanada de Jamón,futuro
2025-05-09,0.2,Empanada,Empanada de Jamón,futuro
2025-05-10,0.36,Empanada,Empanada de Jamón,futuro
2025-05-11,0.17,Empanada,Empanada de Jamón,futuro
2025-05-12,0.2,Empanada,Empanada de Jamón,futuro
2025-05-13,0.22,Empanada,Empanada de Jamón,futuro
2025-05-14,0.36,Empanada,Empanada de Jamón,futuro
2025-05-15,0.24,Empanada,Empanada de Jamón,futuro
2025-05-16,0.18,Empanada,Empanada de Jamón,futuro
2025-05-17,0.43,Empanada,Empanada de Jamón,futuro
2025-05-18,0.39,Empanada,Empanada de Jamón,futuro
2025-05-19,0.2,Empanada,Empanada de Jamón,futuro
2025-05-20,0.22,Empanada,Empanada de Jamón,futuro
2025-05-21,0.36,Empanada,Empanada de Jamón,futuro
2025-05-22,0.23,Empanada,Empanada de Jamón,futuro
2025-05-23,0.17,Empanada,Empanada de Jamón,futuro
2025-05-24,0.44,Empanada,Empanada de Jamón,futuro
2025-01-30,0.25,Empanada,Empanada de Tinga,futuro
2025-01-31,0.05,Empanada,Empanada de Tinga,futuro
2025-02-01,0.76,Empanada,Empanada de Tinga,futuro
2025-02-02,0.38,Empanada,Empanada de Tinga,futuro
2025-02-03,0.7,Empanada,Empanada de Tinga,futuro
2025-02-04,0.41,Empanada,Empanada de Tinga,futuro
2025-02-05,0.35,Empanada,Empanada de Tinga,futuro
2025-02-06,0.34,Empanada,Empanada de Tinga,futuro
2025-02-07,0.2,Empanada,Empanada de Tinga,futuro
2025-02-08,0.31,Empanada,Empanada de Tinga,futuro
2025-02-09,0.34,Empanada,Empanada de Tinga,futuro
2025-02-10,0.26,Empanada,Empanada de Tinga,futuro
2025-02-11,0.37,Empanada,Empanada de Tinga,futuro
2025-02-12,0.29,Empanada,Empanada de Tinga,futuro
2025-02-13,0.36,Empanada,Empanada de Tinga,futuro
2025-02-14,0.3,Empanada,Empanada de Tinga,futuro
2025-02-15,0.31,Empanada,Empanada de Tinga,futuro
2025-02-16,0.34,Empanada,Empanada de Tinga,futuro
2025-02-17,0.34,Empanada,Empanada de Tinga,futuro
2025-02-18,0.39,Empanada,Empanada de Tinga,futuro
2025-02-19,0.36,Empanada,Empanada de Tinga,futuro
2025-02-20,0.36,Empanada,Empanada de Tinga,futuro
2025-02-21,0.3,Empanada,Empanada de Tinga,futuro
2025-02-22,0.31,Empanada,Empanada de Tinga,futuro
2025-02-23,0.34,Empanada,Empanada de Tinga,futuro
2025-02-24,0.34,Empanada,Empanada de Tinga,futuro
2025-02-25,0.39,Empanada,Empanada de Tinga,futuro
2025-02-26,0.36,Empanada,Empanada de Tinga,futuro
2025-02-27,0.36,Empanada,Empanada de Tinga,futuro
2025-02-28,0.3,Empanada,Empanada de Tinga,futuro
2025-03-01,0.29,Empanada,Empanada de Tinga,futuro
2025-03-02,0.27,Empanada,Empanada de Tinga,futuro
2025-03-03,0.29,Empanada,Empanada de Tinga,futuro
2025-03-04,0.27,Empanada,Empanada de Tinga,futuro
2025-03-05,0.29,Empanada,Empanada de Tinga,futuro
2025-03-06,0.29,Empanada,Empanada de Tinga,futuro
2025-03-07,0.28,Empanada,Empanada de Tinga,futuro
2025-03-08,0.29,Empanada,Empanada de Tinga,futuro
2025-03-09,0.27,Empanada,Empanada de Tinga,futuro
2025-03-10,0.29,Empanada,Empanada de Tinga,futuro
2025-03-11,0.27,Empanada,Empanada de Tinga,futuro
2025-03-12,0.29,Empanada,Empanada de Tinga,futuro
2025-03-13,0.29,Empanada,Empanada de Tinga,futuro
2025-03-14,0.28,Empanada,Empanada de Tinga,futuro
2025-03-15,0.29,Empanada,Empanada de Tinga,futuro
2025-03-16,0.27,Empanada,Empanada de Tinga,futuro
2025-03-17,0.29,Empanada,Empanada de Tinga,futuro
2025-03-18,0.27,Empanada,Empanada de Tinga,futuro
2025-03-19,0.29,Empanada,Empanada de Tinga,futuro
2025-03-20,0.29,Empanada,Empanada de Tinga,futuro
2025-03-21,0.28,Empanada,Empanada de Tinga,futuro
2025-03-22,0.29,Empanada,Empanada de Tinga,futuro
2025-03-23,0.27,Empanada,Empanada de Tinga,futuro
2025-03-24,0.29,Empanada,Empanada de Tinga,futuro
2025-03-25,0.27,Empanada,Empanada de Tinga,futuro
2025-03-26,0.29,Empanada,Empanada de Tinga,futuro
2025-03-27,0.29,Empanada,Empanada de Tinga,futuro
2025-03-28,0.28,Empanada,Empanada de Tinga,futuro
2025-03-29,0.29,Empanada,Empanada de Tinga,futuro
2025-03-30,0.27,Empanada,Empanada de Tinga,futuro
2025-03-31,0.29,Empanada,Empanada de Tinga,futuro
2025-04-01,0.36,Empanada,Empanada de Tinga,futuro
2025-04-02,0.39,Empanada,Empanada de Tinga,futuro
2025-04-03,0.39,Empanada,Empanada de Tinga,futuro
2025-04-04,0.38,Empanada,Empanada de Tinga,futuro
2025-04-05,0.38,Empanada,Empanada de Tinga,futuro
2025-04-06,0.35,Empanada,Empanada de Tinga,futuro
2025-04-07,0.38,Empanada,Empanada de Tinga,futuro
2025-04-08,0.36,Empanada,Empanada de Tinga,futuro
2025-04-09,0.39,Empanada,Empanada de Tinga,futuro
2025-04-10,0.39,Empanada,Empanada de Tinga,futuro
2025-04-11,0.38,Empanada,Empanada de Tinga,futuro
2025-04-12,0.38,Empanada,Empanada de Tinga,futuro
2025-04-13,0.35,Empanada,Empanada de Tinga,futuro
2025-04-14,0.38,Empanada,Empanada de Tinga,futuro
2025-04-15,0.36,Empanada,Empanada de Tinga,futuro
2025-04-16,0.39,Empanada,Empanada de Tinga,futuro
2025-04-17,0.39,Empanada,Empanada de Tinga,futuro
2025-04-18,0.38,Empanada,Empanada de Tinga,futuro
2025-04-19,0.38,Empanada,Empanada de Tinga,futuro
2025-04-20,0.35,Empanada,Empanada de Tinga,futuro
2025-04-21,0.38,Empanada,Empanada de Tinga,futuro
2025-04-22,0.36,Empanada,Empanada de Tinga,futuro
2025-04-23,0.39,Empanada,Empanada de Tinga,futuro
2025-04-24,0.39,Empanada,Empanada de Tinga,futuro
2025-04-25,0.38,Empanada,Empanada de Tinga,futuro
2025-04-26,0.38,Empanada,Empanada de Tinga,futuro
2025-04-27,0.35,Empanada,Empanada de Tinga,futuro
2025-04-28,0.38,Empanada,Empanada de Tinga,futuro
2025-04-29,0.36,Empanada,Empanada de Tinga,futuro
2025-02-15,2.85,Especial de Temporada,Fresas Con Crema Mediano (Corazon),futuro
2025-02-16,2.85,Especial de Temporada,Fresas Con Crema Mediano (Corazon),futuro
2025-02-17,2.85,Especial de Temporada,Fresas Con Crema Mediano (Corazon),futuro
2025-02-18,2.85,Especial de Temporada,Fresas Con Crema Mediano (Corazon),futuro
2025-02-19,2.85,Especial de Temporada,Fresas Con Crema Mediano (Corazon),futuro
2025-02-20,2.85,Especial de Temporada,Fresas Con Crema Mediano (Corazon),futuro
2025-02-21,2.85,Especial de Temporada,Fresas Con Crema Mediano (Corazon),futuro
2025-02-22,2.85,Especial de Temporada,Fresas Con Crema Mediano (Corazon),futuro
2025-02-23,2.85,Especial de Temporada,Fresas Con Crema Mediano (Corazon),futuro
2025-02-24,2.85,Especial de Temporada,Fresas Con Crema Mediano (Corazon),futuro
2025-02-25,2.85,Especial de Temporada,Fresas Con Crema Mediano (Corazon),futuro
2025-02-26,2.85,Especial de Temporada,Fresas Con Crema Mediano (Corazon),futuro
2025-02-27,2.85,Especial de Temporada,Fresas Con Crema Mediano (Corazon),futuro
2025-02-28,2.85,Especial de Temporada,Fresas Con Crema Mediano (Corazon),futuro
2025-03-01,2.85,Especial de Temporada,Fresas Con Crema Mediano (Corazon),futuro
2025-03-02,2.85,Especial de Temporada,Fresas Con Crema Mediano (Corazon),futuro
2025-03-03,2.85,Especial de Temporada,Fresas Con Crema Mediano (Corazon),futuro
2025-03-04,2.85,Especial de Temporada,Fresas Con Crema Mediano (Corazon),futuro
2025-03-05,2.85,Especial de Temporada,Fresas Con Crema Mediano (Corazon),futuro
2025-03-06,2.85,Especial de Temporada,Fresas Con Crema Mediano (Corazon),futuro
2025-03-07,2.85,Especial de Temporada,Fresas Con Crema Mediano (Corazon),futuro
2025-03-08,2.85,Especial de Temporada,Fresas Con Crema Mediano (Corazon),futuro
2025-03-09,2.85,Especial de Temporada,Fresas Con Crema Mediano (Corazon),futuro
2025-03-10,2.85,Especial de Temporada,Fresas Con Crema Mediano (Corazon),futuro
2025-03-11,2.85,Especial de Temporada,Fresas Con Crema Mediano (Corazon),futuro
2025-03-12,2.85,Especial de Temporada,Fresas Con Crema Mediano (Corazon),futuro
2025-03-13,2.85,Especial de Temporada,Fresas Con Crema Mediano (Corazon),futuro
2025-03-14,2.85,Especial de Temporada,Fresas Con Crema Mediano (Corazon),futuro
2025-03-15,2.85,Especial de Temporada,Fresas Con Crema Mediano (Corazon),futuro
2025-03-16,2.85,Especial de Temporada,Fresas Con Crema Mediano (Corazon),futuro
2025-03-17,2.85,Especial de Temporada,Fresas Con Crema Mediano (Corazon),futuro
2025-03-18,2.85,Especial de Temporada,Fresas Con Crema Mediano (Corazon),futuro
2025-03-19,2.85,Especial de Temporada,Fresas Con Crema Mediano (Corazon),futuro
2025-03-20,2.85,Especial de Temporada,Fresas Con Crema Mediano (Corazon),futuro
2025-03-21,2.85,Especial de Temporada,Fresas Con Crema Mediano (Corazon),futuro
2025-03-22,2.85,Especial de Temporada,Fresas Con Crema Mediano (Corazon),futuro
2025-03-23,2.85,Especial de Temporada,Fresas Con Crema Mediano (Corazon),futuro
2025-03-24,2.85,Especial de Temporada,Fresas Con Crema Mediano (Corazon),futuro
2025-03-25,2.85,Especial de Temporada,Fresas Con Crema Mediano (Corazon),futuro
2025-03-26,2.85,Especial de Temporada,Fresas Con Crema Mediano (Corazon),futuro
2025-03-27,2.85,Especial de Temporada,Fresas Con Crema Mediano (Corazon),futuro
2025-03-28,2.85,Especial de Temporada,Fresas Con Crema Mediano (Corazon),futuro
2025-03-29,2.85,Especial de Temporada,Fresas Con Crema Mediano (Corazon),futuro
2025-03-30,2.85,Especial de Temporada,Fresas Con Crema Mediano (Corazon),futuro
2025-03-31,2.85,Especial de Temporada,Fresas Con Crema Mediano (Corazon),futuro
2025-04-01,2.85,Especial de Temporada,Fresas Con Crema Mediano (Corazon),futuro
2025-04-02,2.85,Especial de Temporada,Fresas Con Crema Mediano (Corazon),futuro
2025-04-03,2.85,Especial de Temporada,Fresas Con Crema Mediano (Corazon),futuro
2025-04-04,2.85,Especial de Temporada,Fresas Con Crema Mediano (Corazon),futuro
2025-04-05,2.85,Especial de Temporada,Fresas Con Crema Mediano (Corazon),futuro
2025-04-06,2.85,Especial de Temporada,Fresas Con Crema Mediano (Corazon),futuro
2025-04-07,2.85,Especial de Temporada,Fresas Con Crema Mediano (Corazon),futuro
2025-04-08,2.85,Especial de Temporada,Fresas Con Crema Mediano (Corazon),futuro
2025-04-09,2.85,Especial de Temporada,Fresas Con Crema Mediano (Corazon),futuro
2025-04-10,2.85,Especial de Temporada,Fresas Con Crema Mediano (Corazon),futuro
2025-04-11,2.85,Especial de Temporada,Fresas Con Crema Mediano (Corazon),futuro
2025-04-12,2.85,Especial de Temporada,Fresas Con Crema Mediano (Corazon),futuro
2025-04-13,2.85,Especial de Temporada,Fresas Con Crema Mediano (Corazon),futuro
2025-04-14,2.85,Especial de Temporada,Fresas Con Crema Mediano (Corazon),futuro
2025-04-15,2.85,Especial de Temporada,Fresas Con Crema Mediano (Corazon),futuro
2025-04-16,2.85,Especial de Temporada,Fresas Con Crema Mediano (Corazon),futuro
2025-04-17,2.85,Especial de Temporada,Fresas Con Crema Mediano (Corazon),futuro
2025-04-18,2.85,Especial de Temporada,Fresas Con Crema Mediano (Corazon),futuro
2025-04-19,2.85,Especial de Temporada,Fresas Con Crema Mediano (Corazon),futuro
2025-04-20,2.85,Especial de Temporada,Fresas Con Crema Mediano (Corazon),futuro
2025-04-21,2.85,Especial de Temporada,Fresas Con Crema Mediano (Corazon),futuro
2025-04-22,2.85,Especial de Temporada,Fresas Con Crema Mediano (Corazon),futuro
2025-04-23,2.85,Especial de Temporada,Fresas Con Crema Mediano (Corazon),futuro
2025-04-24,2.85,Especial de Temporada,Fresas Con Crema Mediano (Corazon),futuro
2025-04-25,2.85,Especial de Temporada,Fresas Con Crema Mediano (Corazon),futuro
2025-04-26,2.85,Especial de Temporada,Fresas Con Crema Mediano (Corazon),futuro
2025-04-27,2.85,Especial de Temporada,Fresas Con Crema Mediano (Corazon),futuro
2025-04-28,2.85,Especial de Temporada,Fresas Con Crema Mediano (Corazon),futuro
2025-04-29,2.85,Especial de Temporada,Fresas Con Crema Mediano (Corazon),futuro
2025-04-30,2.85,Especial de Temporada,Fresas Con Crema Mediano (Corazon),futuro
2025-05-01,2.85,Especial de Temporada,Fresas Con Crema Mediano (Corazon),futuro
2025-05-02,2.85,Especial de Temporada,Fresas Con Crema Mediano (Corazon),futuro
2025-05-03,2.85,Especial de Temporada,Fresas Con Crema Mediano (Corazon),futuro
2025-05-04,2.85,Especial de Temporada,Fresas Con Crema Mediano (Corazon),futuro
2025-05-05,2.85,Especial de Temporada,Fresas Con Crema Mediano (Corazon),futuro
2025-05-06,2.85,Especial de Temporada,Fresas Con Crema Mediano (Corazon),futuro
2025-05-07,2.85,Especial de Temporada,Fresas Con Crema Mediano (Corazon),futuro
2025-05-08,2.85,Especial de Temporada,Fresas Con Crema Mediano (Corazon),futuro
2025-05-09,2.85,Especial de Temporada,Fresas Con Crema Mediano (Corazon),futuro
2025-05-10,2.85,Especial de Temporada,Fresas Con Crema Mediano (Corazon),futuro
2025-05-11,2.85,Especial de Temporada,Fresas Con Crema Mediano (Corazon),futuro
2025-05-12,2.85,Especial de Temporada,Fresas Con Crema Mediano (Corazon),futuro
2025-05-13,2.85,Especial de Temporada,Fresas Con Crema Mediano (Corazon),futuro
2025-05-14,2.85,Especial de Temporada,Fresas Con Crema Mediano (Corazon),futuro
2025-05-15,2.85,Especial de Temporada,Fresas Con Crema Mediano (Corazon),futuro
2024-12-20,0.0,Especial de Temporada,Fruit Cake Pequeño,futuro
2024-12-21,0.0,Especial de Temporada,Fruit Cake Pequeño,futuro
2024-12-22,0.0,Especial de Temporada,Fruit Cake Pequeño,futuro
2024-12-23,0.0,Especial de Temporada,Fruit Cake Pequeño,futuro
2024-12-24,0.0,Especial de Temporada,Fruit Cake Pequeño,futuro
2024-12-25,0.0,Especial de Temporada,Fruit Cake Pequeño,futuro
2024-12-26,0.25,Especial de Temporada,Fruit Cake Pequeño,futuro
2024-12-27,0.0,Especial de Temporada,Fruit Cake Pequeño,futuro
2024-12-28,0.0,Especial de Temporada,Fruit Cake Pequeño,futuro
2024-12-29,0.0,Especial de Temporada,Fruit Cake Pequeño,futuro
2024-12-30,0.0,Especial de Temporada,Fruit Cake Pequeño,futuro
2024-12-31,0.0,Especial de Temporada,Fruit Cake Pequeño,futuro
2025-01-01,0.0,Especial de Temporada,Fruit Cake Pequeño,futuro
2025-01-02,0.0,Especial de Temporada,Fruit Cake Pequeño,futuro
2025-01-03,0.0,Especial de Temporada,Fruit Cake Pequeño,futuro
2025-01-04,0.0,Especial de Temporada,Fruit Cake Pequeño,futuro
2025-01-05,0.0,Especial de Temporada,Fruit Cake Pequeño,futuro
2025-01-06,0.0,Especial de Temporada,Fruit Cake Pequeño,futuro
2025-01-07,0.0,Especial de Temporada,Fruit Cake Pequeño,futuro
2025-01-08,0.0,Especial de Temporada,Fruit Cake Pequeño,futuro
2025-01-09,0.0,Especial de Temporada,Fruit Cake Pequeño,futuro
2025-01-10,0.0,Especial de Temporada,Fruit Cake Pequeño,futuro
2025-01-11,0.0,Especial de Temporada,Fruit Cake Pequeño,futuro
2025-01-12,0.0,Especial de Temporada,Fruit Cake Pequeño,futuro
2025-01-13,0.0,Especial de Temporada,Fruit Cake Pequeño,futuro
2025-01-14,0.0,Especial de Temporada,Fruit Cake Pequeño,futuro
2025-01-15,0.0,Especial de Temporada,Fruit Cake Pequeño,futuro
2025-01-16,0.0,Especial de Temporada,Fruit Cake Pequeño,futuro
2025-01-17,0.0,Especial de Temporada,Fruit Cake Pequeño,futuro
2025-01-18,0.0,Especial de Temporada,Fruit Cake Pequeño,futuro
2025-01-19,0.0,Especial de Temporada,Fruit Cake Pequeño,futuro
2025-01-20,0.0,Especial de Temporada,Fruit Cake Pequeño,futuro
2025-01-21,0.0,Especial de Temporada,Fruit Cake Pequeño,futuro
2025-01-22,0.0,Especial de Temporada,Fruit Cake Pequeño,futuro
2025-01-23,0.0,Especial de Temporada,Fruit Cake Pequeño,futuro
2025-01-24,0.0,Especial de Temporada,Fruit Cake Pequeño,futuro
2025-01-25,0.0,Especial de Temporada,Fruit Cake Pequeño,futuro
2025-01-26,0.0,Especial de Temporada,Fruit Cake Pequeño,futuro
2025-01-27,0.0,Especial de Temporada,Fruit Cake Pequeño,futuro
2025-01-28,0.0,Especial de Temporada,Fruit Cake Pequeño,futuro
2025-01-29,0.0,Especial de Temporada,Fruit Cake Pequeño,futuro
2025-01-30,0.0,Especial de Temporada,Fruit Cake Pequeño,futuro
2025-01-31,0.0,Especial de Temporada,Fruit Cake Pequeño,futuro
2025-02-01,0.0,Especial de Temporada,Fruit Cake Pequeño,futuro
2025-02-02,0.0,Especial de Temporada,Fruit Cake Pequeño,futuro
2025-02-03,0.0,Especial de Temporada,Fruit Cake Pequeño,futuro
2025-02-04,0.0,Especial de Temporada,Fruit Cake Pequeño,futuro
2025-02-05,0.0,Especial de Temporada,Fruit Cake Pequeño,futuro
2025-02-06,0.0,Especial de Temporada,Fruit Cake Pequeño,futuro
2025-02-07,0.0,Especial de Temporada,Fruit Cake Pequeño,futuro
2025-02-08,0.0,Especial de Temporada,Fruit Cake Pequeño,futuro
2025-02-09,0.0,Especial de Temporada,Fruit Cake Pequeño,futuro
2025-02-10,0.0,Especial de Temporada,Fruit Cake Pequeño,futuro
2025-02-11,0.0,Especial de Temporada,Fruit Cake Pequeño,futuro
2025-02-12,0.0,Especial de Temporada,Fruit Cake Pequeño,futuro
2025-02-13,0.0,Especial de Temporada,Fruit Cake Pequeño,futuro
2025-02-14,0.0,Especial de Temporada,Fruit Cake Pequeño,futuro
2025-02-15,0.0,Especial de Temporada,Fruit Cake Pequeño,futuro
2025-02-16,0.0,Especial de Temporada,Fruit Cake Pequeño,futuro
2025-02-17,0.0,Especial de Temporada,Fruit Cake Pequeño,futuro
2025-02-18,0.0,Especial de Temporada,Fruit Cake Pequeño,futuro
2025-02-19,0.0,Especial de Temporada,Fruit Cake Pequeño,futuro
2025-02-20,0.0,Especial de Temporada,Fruit Cake Pequeño,futuro
2025-02-21,0.0,Especial de Temporada,Fruit Cake Pequeño,futuro
2025-02-22,0.0,Especial de Temporada,Fruit Cake Pequeño,futuro
2025-02-23,0.0,Especial de Temporada,Fruit Cake Pequeño,futuro
2025-02-24,0.0,Especial de Temporada,Fruit Cake Pequeño,futuro
2025-02-25,0.0,Especial de Temporada,Fruit Cake Pequeño,futuro
2025-02-26,0.0,Especial de Temporada,Fruit Cake Pequeño,futuro
2025-02-27,0.0,Especial de Temporada,Fruit Cake Pequeño,futuro
2025-02-28,0.0,Especial de Temporada,Fruit Cake Pequeño,futuro
2025-03-01,0.0,Especial de Temporada,Fruit Cake Pequeño,futuro
2025-03-02,0.0,Especial de Temporada,Fruit Cake Pequeño,futuro
2025-03-03,0.0,Especial de Temporada,Fruit Cake Pequeño,futuro
2025-03-04,0.0,Especial de Temporada,Fruit Cake Pequeño,futuro
2025-03-05,0.0,Especial de Temporada,Fruit Cake Pequeño,futuro
2025-03-06,0.0,Especial de Temporada,Fruit Cake Pequeño,futuro
2025-03-07,0.0,Especial de Temporada,Fruit Cake Pequeño,futuro
2025-03-08,0.0,Especial de Temporada,Fruit Cake Pequeño,futuro
2025-03-09,0.0,Especial de Temporada,Fruit Cake Pequeño,futuro
2025-03-10,0.0,Especial de Temporada,Fruit Cake Pequeño,futuro
2025-03-11,0.0,Especial de Temporada,Fruit Cake Pequeño,futuro
2025-03-12,0.0,Especial de Temporada,Fruit Cake Pequeño,futuro
2025-03-13,0.0,Especial de Temporada,Fruit Cake Pequeño,futuro
2025-03-14,0.0,Especial de Temporada,Fruit Cake Pequeño,futuro
2025-03-15,0.0,Especial de Temporada,Fruit Cake Pequeño,futuro
2025-03-16,0.0,Especial de Temporada,Fruit Cake Pequeño,futuro
2025-03-17,0.0,Especial de Temporada,Fruit Cake Pequeño,futuro
2025-03-18,0.0,Especial de Temporada,Fruit Cake Pequeño,futuro
2025-03-19,0.0,Especial de Temporada,Fruit Cake Pequeño,futuro
2025-12-14,0.01,Especial de Temporada,Fruit cake 1KG,futuro
2025-12-15,0.08,Especial de Temporada,Fruit cake 1KG,futuro
2025-12-16,0.0,Especial de Temporada,Fruit cake 1KG,futuro
2025-12-17,0.92,Especial de Temporada,Fruit cake 1KG,futuro
2025-12-18,1.9,Especial de Temporada,Fruit cake 1KG,futuro
2025-12-19,0.04,Especial de Temporada,Fruit cake 1KG,futuro
2025-12-20,0.0,Especial de Temporada,Fruit cake 1KG,futuro
2025-12-21,0.0,Especial de Temporada,Fruit cake 1KG,futuro
2025-12-22,0.0,Especial de Temporada,Fruit cake 1KG,futuro
2025-12-23,0.0,Especial de Temporada,Fruit cake 1KG,futuro
2025-12-24,0.0,Especial de Temporada,Fruit cake 1KG,futuro
2025-12-25,0.0,Especial de Temporada,Fruit cake 1KG,futuro
2025-12-26,0.01,Especial de Temporada,Fruit cake 1KG,futuro
2025-12-27,0.04,Especial de Temporada,Fruit cake 1KG,futuro
2025-12-28,0.0,Especial de Temporada,Fruit cake 1KG,futuro
2025-12-29,0.35,Especial de Temporada,Fruit cake 1KG,futuro
2025-12-30,0.0,Especial de Temporada,Fruit cake 1KG,futuro
2025-12-31,0.0,Especial de Temporada,Fruit cake 1KG,futuro
2026-01-01,0.0,Especial de Temporada,Fruit cake 1KG,futuro
2026-01-02,0.0,Especial de Temporada,Fruit cake 1KG,futuro
2026-01-03,0.0,Especial de Temporada,Fruit cake 1KG,futuro
2026-01-04,0.0,Especial de Temporada,Fruit cake 1KG,futuro
2026-01-05,0.0,Especial de Temporada,Fruit cake 1KG,futuro
2026-01-06,0.0,Especial de Temporada,Fruit cake 1KG,futuro
2026-01-07,0.0,Especial de Temporada,Fruit cake 1KG,futuro
2026-01-08,0.0,Especial de Temporada,Fruit cake 1KG,futuro
2026-01-09,0.0,Especial de Temporada,Fruit cake 1KG,futuro
2026-01-10,0.0,Especial de Temporada,Fruit cake 1KG,futuro
2026-01-11,0.0,Especial de Temporada,Fruit cake 1KG,futuro
2026-01-12,0.0,Especial de Temporada,Fruit cake 1KG,futuro
2026-01-13,0.0,Especial de Temporada,Fruit cake 1KG,futuro
2026-01-14,0.0,Especial de Temporada,Fruit cake 1KG,futuro
2026-01-15,0.0,Especial de Temporada,Fruit cake 1KG,futuro
2026-01-16,0.0,Especial de Temporada,Fruit cake 1KG,futuro
2026-01-17,0.0,Especial de Temporada,Fruit cake 1KG,futuro
2026-01-18,0.0,Especial de Temporada,Fruit cake 1KG,futuro
2026-01-19,0.0,Especial de Temporada,Fruit cake 1KG,futuro
2026-01-20,0.0,Especial de Temporada,Fruit cake 1KG,futuro
2026-01-21,0.0,Especial de Temporada,Fruit cake 1KG,futuro
2026-01-22,0.0,Especial de Temporada,Fruit cake 1KG,futuro
2026-01-23,0.0,Especial de Temporada,Fruit cake 1KG,futuro
2026-01-24,0.0,Especial de Temporada,Fruit cake 1KG,futuro
2026-01-25,0.0,Especial de Temporada,Fruit cake 1KG,futuro
2026-01-26,0.0,Especial de Temporada,Fruit cake 1KG,futuro
2026-01-27,0.0,Especial de Temporada,Fruit cake 1KG,futuro
2026-01-28,0.0,Especial de Temporada,Fruit cake 1KG,futuro
2026-01-29,0.0,Especial de Temporada,Fruit cake 1KG,futuro
2026-01-30,0.0,Especial de Temporada,Fruit cake 1KG,futuro
2026-01-31,0.0,Especial de Temporada,Fruit cake 1KG,futuro
2026-02-01,0.0,Especial de Temporada,Fruit cake 1KG,futuro
2026-02-02,0.0,Especial de Temporada,Fruit cake 1KG,futuro
2026-02-03,0.0,Especial de Temporada,Fruit cake 1KG,futuro
2026-02-04,0.0,Especial de Temporada,Fruit cake 1KG,futuro
2026-02-05,0.0,Especial de Temporada,Fruit cake 1KG,futuro
2026-02-06,0.0,Especial de Temporada,Fruit cake 1KG,futuro
2026-02-07,0.0,Especial de Temporada,Fruit cake 1KG,futuro
2026-02-08,0.0,Especial de Temporada,Fruit cake 1KG,futuro
2026-02-09,0.0,Especial de Temporada,Fruit cake 1KG,futuro
2026-02-10,0.0,Especial de Temporada,Fruit cake 1KG,futuro
2026-02-11,0.0,Especial de Temporada,Fruit cake 1KG,futuro
2026-02-12,0.0,Especial de Temporada,Fruit cake 1KG,futuro
2026-02-13,0.0,Especial de Temporada,Fruit cake 1KG,futuro
2026-02-14,0.0,Especial de Temporada,Fruit cake 1KG,futuro
2026-02-15,0.0,Especial de Temporada,Fruit cake 1KG,futuro
2026-02-16,0.0,Especial de Temporada,Fruit cake 1KG,futuro
2026-02-17,0.0,Especial de Temporada,Fruit cake 1KG,futuro
2026-02-18,0.0,Especial de Temporada,Fruit cake 1KG,futuro
2026-02-19,0.0,Especial de Temporada,Fruit cake 1KG,futuro
2026-02-20,0.0,Especial de Temporada,Fruit cake 1KG,futuro
2026-02-21,0.0,Especial de Temporada,Fruit cake 1KG,futuro
2026-02-22,0.0,Especial de Temporada,Fruit cake 1KG,futuro
2026-02-23,0.0,Especial de Temporada,Fruit cake 1KG,futuro
2026-02-24,0.0,Especial de Temporada,Fruit cake 1KG,futuro
2026-02-25,0.0,Especial de Temporada,Fruit cake 1KG,futuro
2026-02-26,0.0,Especial de Temporada,Fruit cake 1KG,futuro
2026-02-27,0.0,Especial de Temporada,Fruit cake 1KG,futuro
2026-02-28,0.0,Especial de Temporada,Fruit cake 1KG,futuro
2026-03-01,0.0,Especial de Temporada,Fruit cake 1KG,futuro
2026-03-02,0.0,Especial de Temporada,Fruit cake 1KG,futuro
2026-03-03,0.0,Especial de Temporada,Fruit cake 1KG,futuro
2026-03-04,0.0,Especial de Temporada,Fruit cake 1KG,futuro
2026-03-05,0.0,Especial de Temporada,Fruit cake 1KG,futuro
2026-03-06,0.0,Especial de Temporada,Fruit cake 1KG,futuro
2026-03-07,0.0,Especial de Temporada,Fruit cake 1KG,futuro
2026-03-08,0.0,Especial de Temporada,Fruit cake 1KG,futuro
2026-03-09,0.0,Especial de Temporada,Fruit cake 1KG,futuro
2026-03-10,0.0,Especial de Temporada,Fruit cake 1KG,futuro
2026-03-11,0.0,Especial de Temporada,Fruit cake 1KG,futuro
2026-03-12,0.0,Especial de Temporada,Fruit cake 1KG,futuro
2026-03-13,0.0,Especial de Temporada,Fruit cake 1KG,futuro
2025-09-16,0.98,Especial de Temporada,Gelatina Mexicana,futuro
2025-09-17,0.0,Especial de Temporada,Gelatina Mexicana,futuro
2025-09-18,0.0,Especial de Temporada,Gelatina Mexicana,futuro
2025-09-19,0.0,Especial de Temporada,Gelatina Mexicana,futuro
2025-09-20,1.19,Especial de Temporada,Gelatina Mexicana,futuro
2025-09-21,0.98,Especial de Temporada,Gelatina Mexicana,futuro
2025-09-22,0.0,Especial de Temporada,Gelatina Mexicana,futuro
2025-09-23,0.0,Especial de Temporada,Gelatina Mexicana,futuro
2025-09-24,0.0,Especial de Temporada,Gelatina Mexicana,futuro
2025-09-25,0.0,Especial de Temporada,Gelatina Mexicana,futuro
2025-09-26,0.0,Especial de Temporada,Gelatina Mexicana,futuro
2025-09-27,1.19,Especial de Temporada,Gelatina Mexicana,futuro
2025-09-28,0.98,Especial de Temporada,Gelatina Mexicana,futuro
2025-09-29,0.0,Especial de Temporada,Gelatina Mexicana,futuro
2025-09-30,0.0,Especial de Temporada,Gelatina Mexicana,futuro
2025-10-01,0.0,Especial de Temporada,Gelatina Mexicana,futuro
2025-10-02,0.0,Especial de Temporada,Gelatina Mexicana,futuro
2025-10-03,0.0,Especial de Temporada,Gelatina Mexicana,futuro
2025-10-04,0.0,Especial de Temporada,Gelatina Mexicana,futuro
2025-10-05,0.0,Especial de Temporada,Gelatina Mexicana,futuro
2025-10-06,0.0,Especial de Temporada,Gelatina Mexicana,futuro
2025-10-07,0.0,Especial de Temporada,Gelatina Mexicana,futuro
2025-10-08,0.0,Especial de Temporada,Gelatina Mexicana,futuro
2025-10-09,0.0,Especial de Temporada,Gelatina Mexicana,futuro
2025-10-10,0.0,Especial de Temporada,Gelatina Mexicana,futuro
2025-10-11,0.0,Especial de Temporada,Gelatina Mexicana,futuro
2025-10-12,0.0,Especial de Temporada,Gelatina Mexicana,futuro
2025-10-13,0.0,Especial de Temporada,Gelatina Mexicana,futuro
2025-10-14,0.0,Especial de Temporada,Gelatina Mexicana,futuro
2025-10-15,0.0,Especial de Temporada,Gelatina Mexicana,futuro
2025-10-16,0.0,Especial de Temporada,Gelatina Mexicana,futuro
2025-10-17,0.0,Especial de Temporada,Gelatina Mexicana,futuro
2025-10-18,0.0,Especial de Temporada,Gelatina Mexicana,futuro
2025-10-19,0.0,Especial de Temporada,Gelatina Mexicana,futuro
2025-10-20,0.0,Especial de Temporada,Gelatina Mexicana,futuro
2025-10-21,0.0,Especial de Temporada,Gelatina Mexicana,futuro
2025-10-22,0.0,Especial de Temporada,Gelatina Mexicana,futuro
2025-10-23,0.0,Especial de Temporada,Gelatina Mexicana,futuro
2025-10-24,0.0,Especial de Temporada,Gelatina Mexicana,futuro
2025-10-25,0.0,Especial de Temporada,Gelatina Mexicana,futuro
2025-10-26,0.0,Especial de Temporada,Gelatina Mexicana,futuro
2025-10-27,0.0,Especial de Temporada,Gelatina Mexicana,futuro
2025-10-28,0.0,Especial de Temporada,Gelatina Mexicana,futuro
2025-10-29,0.0,Especial de Temporada,Gelatina Mexicana,futuro
2025-10-30,0.0,Especial de Temporada,Gelatina Mexicana,futuro
2025-10-31,0.0,Especial de Temporada,Gelatina Mexicana,futuro
2025-11-01,0.0,Especial de Temporada,Gelatina Mexicana,futuro
2025-11-02,0.0,Especial de Temporada,Gelatina Mexicana,futuro
2025-11-03,0.0,Especial de Temporada,Gelatina Mexicana,futuro
2025-11-04,0.0,Especial de Temporada,Gelatina Mexicana,futuro
2025-11-05,0.0,Especial de Temporada,Gelatina Mexicana,futuro
2025-11-06,0.0,Especial de Temporada,Gelatina Mexicana,futuro
2025-11-07,0.0,Especial de Temporada,Gelatina Mexicana,futuro
2025-11-08,0.0,Especial de Temporada,Gelatina Mexicana,futuro
2025-11-09,0.0,Especial de Temporada,Gelatina Mexicana,futuro
2025-11-10,0.0,Especial de Temporada,Gelatina Mexicana,futuro
2025-11-11,0.0,Especial de Temporada,Gelatina Mexicana,futuro
2025-11-12,0.0,Especial de Temporada,Gelatina Mexicana,futuro
2025-11-13,0.0,Especial de Temporada,Gelatina Mexicana,futuro
2025-11-14,0.0,Especial de Temporada,Gelatina Mexicana,futuro
2025-11-15,0.0,Especial de Temporada,Gelatina Mexicana,futuro
2025-11-16,0.0,Especial de Temporada,Gelatina Mexicana,futuro
2025-11-17,0.0,Especial de Temporada,Gelatina Mexicana,futuro
2025-11-18,0.0,Especial de Temporada,Gelatina Mexicana,futuro
2025-11-19,0.0,Especial de Temporada,Gelatina Mexicana,futuro
2025-11-20,0.0,Especial de Temporada,Gelatina Mexicana,futuro
2025-11-21,0.0,Especial de Temporada,Gelatina Mexicana,futuro
2025-11-22,0.0,Especial de Temporada,Gelatina Mexicana,futuro
2025-11-23,0.0,Especial de Temporada,Gelatina Mexicana,futuro
2025-11-24,0.0,Especial de Temporada,Gelatina Mexicana,futuro
2025-11-25,0.0,Especial de Temporada,Gelatina Mexicana,futuro
2025-11-26,0.0,Especial de Temporada,Gelatina Mexicana,futuro
2025-11-27,0.0,Especial de Temporada,Gelatina Mexicana,futuro
2025-11-28,0.0,Especial de Temporada,Gelatina Mexicana,futuro
2025-11-29,0.0,Especial de Temporada,Gelatina Mexicana,futuro
2025-11-30,0.0,Especial de Temporada,Gelatina Mexicana,futuro
2025-12-01,0.0,Especial de Temporada,Gelatina Mexicana,futuro
2025-12-02,0.0,Especial de Temporada,Gelatina Mexicana,futuro
2025-12-03,0.0,Especial de Temporada,Gelatina Mexicana,futuro
2025-12-04,0.0,Especial de Temporada,Gelatina Mexicana,futuro
2025-12-05,0.0,Especial de Temporada,Gelatina Mexicana,futuro
2025-12-06,0.0,Especial de Temporada,Gelatina Mexicana,futuro
2025-12-07,0.0,Especial de Temporada,Gelatina Mexicana,futuro
2025-12-08,0.0,Especial de Temporada,Gelatina Mexicana,futuro
2025-12-09,0.0,Especial de Temporada,Gelatina Mexicana,futuro
2025-12-10,0.0,Especial de Temporada,Gelatina Mexicana,futuro
2025-12-11,0.0,Especial de Temporada,Gelatina Mexicana,futuro
2025-12-12,0.0,Especial de Temporada,Gelatina Mexicana,futuro
2025-12-13,0.0,Especial de Temporada,Gelatina Mexicana,futuro
2025-12-14,0.0,Especial de Temporada,Gelatina Mexicana,futuro
2025-02-16,0.0,Especial de Temporada,Moka Grande (Corazon),futuro
2025-02-17,0.0,Especial de Temporada,Moka Grande (Corazon),futuro
2025-02-18,0.0,Especial de Temporada,Moka Grande (Corazon),futuro
2025-02-19,0.0,Especial de Temporada,Moka Grande (Corazon),futuro
2025-02-20,0.0,Especial de Temporada,Moka Grande (Corazon),futuro
2025-02-21,0.5,Especial de Temporada,Moka Grande (Corazon),futuro
2025-02-22,0.0,Especial de Temporada,Moka Grande (Corazon),futuro
2025-02-23,0.0,Especial de Temporada,Moka Grande (Corazon),futuro
2025-02-24,0.0,Especial de Temporada,Moka Grande (Corazon),futuro
2025-02-25,0.0,Especial de Temporada,Moka Grande (Corazon),futuro
2025-02-26,0.0,Especial de Temporada,Moka Grande (Corazon),futuro
2025-02-27,0.0,Especial de Temporada,Moka Grande (Corazon),futuro
2025-02-28,0.5,Especial de Temporada,Moka Grande (Corazon),futuro
2025-03-01,0.0,Especial de Temporada,Moka Grande (Corazon),futuro
2025-03-02,0.0,Especial de Temporada,Moka Grande (Corazon),futuro
2025-03-03,0.0,Especial de Temporada,Moka Grande (Corazon),futuro
2025-03-04,0.0,Especial de Temporada,Moka Grande (Corazon),futuro
2025-03-05,0.0,Especial de Temporada,Moka Grande (Corazon),futuro
2025-03-06,0.0,Especial de Temporada,Moka Grande (Corazon),futuro
2025-03-07,0.0,Especial de Temporada,Moka Grande (Corazon),futuro
2025-03-08,0.0,Especial de Temporada,Moka Grande (Corazon),futuro
2025-03-09,0.0,Especial de Temporada,Moka Grande (Corazon),futuro
2025-03-10,0.0,Especial de Temporada,Moka Grande (Corazon),futuro
2025-03-11,0.0,Especial de Temporada,Moka Grande (Corazon),futuro
2025-03-12,0.0,Especial de Temporada,Moka Grande (Corazon),futuro
2025-03-13,0.0,Especial de Temporada,Moka Grande (Corazon),futuro
2025-03-14,0.0,Especial de Temporada,Moka Grande (Corazon),futuro
2025-03-15,0.0,Especial de Temporada,Moka Grande (Corazon),futuro
2025-03-16,0.0,Especial de Temporada,Moka Grande (Corazon),futuro
2025-03-17,0.0,Especial de Temporada,Moka Grande (Corazon),futuro
2025-03-18,0.0,Especial de Temporada,Moka Grande (Corazon),futuro
2025-03-19,0.0,Especial de Temporada,Moka Grande (Corazon),futuro
2025-03-20,0.0,Especial de Temporada,Moka Grande (Corazon),futuro
2025-03-21,0.0,Especial de Temporada,Moka Grande (Corazon),futuro
2025-03-22,0.0,Especial de Temporada,Moka Grande (Corazon),futuro
2025-03-23,0.0,Especial de Temporada,Moka Grande (Corazon),futuro
2025-03-24,0.0,Especial de Temporada,Moka Grande (Corazon),futuro
2025-03-25,0.0,Especial de Temporada,Moka Grande (Corazon),futuro
2025-03-26,0.0,Especial de Temporada,Moka Grande (Corazon),futuro
2025-03-27,0.0,Especial de Temporada,Moka Grande (Corazon),futuro
2025-03-28,0.0,Especial de Temporada,Moka Grande (Corazon),futuro
2025-03-29,0.0,Especial de Temporada,Moka Grande (Corazon),futuro
2025-03-30,0.0,Especial de Temporada,Moka Grande (Corazon),futuro
2025-03-31,0.0,Especial de Temporada,Moka Grande (Corazon),futuro
2025-04-01,0.0,Especial de Temporada,Moka Grande (Corazon),futuro
2025-04-02,0.0,Especial de Temporada,Moka Grande (Corazon),futuro
2025-04-03,0.0,Especial de Temporada,Moka Grande (Corazon),futuro
2025-04-04,0.0,Especial de Temporada,Moka Grande (Corazon),futuro
2025-04-05,0.0,Especial de Temporada,Moka Grande (Corazon),futuro
2025-04-06,0.0,Especial de Temporada,Moka Grande (Corazon),futuro
2025-04-07,0.0,Especial de Temporada,Moka Grande (Corazon),futuro
2025-04-08,0.0,Especial de Temporada,Moka Grande (Corazon),futuro
2025-04-09,0.0,Especial de Temporada,Moka Grande (Corazon),futuro
2025-04-10,0.0,Especial de Temporada,Moka Grande (Corazon),futuro
2025-04-11,0.0,Especial de Temporada,Moka Grande (Corazon),futuro
2025-04-12,0.0,Especial de Temporada,Moka Grande (Corazon),futuro
2025-04-13,0.0,Especial de Temporada,Moka Grande (Corazon),futuro
2025-04-14,0.0,Especial de Temporada,Moka Grande (Corazon),futuro
2025-04-15,0.0,Especial de Temporada,Moka Grande (Corazon),futuro
2025-04-16,0.0,Especial de Temporada,Moka Grande (Corazon),futuro
2025-04-17,0.0,Especial de Temporada,Moka Grande (Corazon),futuro
2025-04-18,0.0,Especial de Temporada,Moka Grande (Corazon),futuro
2025-04-19,0.0,Especial de Temporada,Moka Grande (Corazon),futuro
2025-04-20,0.0,Especial de Temporada,Moka Grande (Corazon),futuro
2025-04-21,0.0,Especial de Temporada,Moka Grande (Corazon),futuro
2025-04-22,0.0,Especial de Temporada,Moka Grande (Corazon),futuro
2025-04-23,0.0,Especial de Temporada,Moka Grande (Corazon),futuro
2025-04-24,0.0,Especial de Temporada,Moka Grande (Corazon),futuro
2025-04-25,0.0,Especial de Temporada,Moka Grande (Corazon),futuro
2025-04-26,0.0,Especial de Temporada,Moka Grande (Corazon),futuro
2025-04-27,0.0,Especial de Temporada,Moka Grande (Corazon),futuro
2025-04-28,0.0,Especial de Temporada,Moka Grande (Corazon),futuro
2025-04-29,0.0,Especial de Temporada,Moka Grande (Corazon),futuro
2025-04-30,0.0,Especial de Temporada,Moka Grande (Corazon),futuro
2025-05-01,0.0,Especial de Temporada,Moka Grande (Corazon),futuro
2025-05-02,0.0,Especial de Temporada,Moka Grande (Corazon),futuro
2025-05-03,0.0,Especial de Temporada,Moka Grande (Corazon),futuro
2025-05-04,0.0,Especial de Temporada,Moka Grande (Corazon),futuro
2025-05-05,0.0,Especial de Temporada,Moka Grande (Corazon),futuro
2025-05-06,0.0,Especial de Temporada,Moka Grande (Corazon),futuro
2025-05-07,0.0,Especial de Temporada,Moka Grande (Corazon),futuro
2025-05-08,0.0,Especial de Temporada,Moka Grande (Corazon),futuro
2025-05-09,0.0,Especial de Temporada,Moka Grande (Corazon),futuro
2025-05-10,0.0,Especial de Temporada,Moka Grande (Corazon),futuro
2025-05-11,0.0,Especial de Temporada,Moka Grande (Corazon),futuro
2025-05-12,0.0,Especial de Temporada,Moka Grande (Corazon),futuro
2025-05-13,0.0,Especial de Temporada,Moka Grande (Corazon),futuro
2025-05-14,0.0,Especial de Temporada,Moka Grande (Corazon),futuro
2025-05-15,0.0,Especial de Temporada,Moka Grande (Corazon),futuro
2025-05-16,0.0,Especial de Temporada,Moka Grande (Corazon),futuro
2025-10-31,0.0,Especial de Temporada,Pan de muerto capacillo natural char(10),futuro
2025-11-01,0.02,Especial de Temporada,Pan de muerto capacillo natural char(10),futuro
2025-11-02,0.0,Especial de Temporada,Pan de muerto capacillo natural char(10),futuro
2025-11-03,0.0,Especial de Temporada,Pan de muerto capacillo natural char(10),futuro
2025-11-04,0.0,Especial de Temporada,Pan de muerto capacillo natural char(10),futuro
2025-11-05,0.0,Especial de Temporada,Pan de muerto capacillo natural char(10),futuro
2025-11-06,0.0,Especial de Temporada,Pan de muerto capacillo natural char(10),futuro
2025-11-07,0.0,Especial de Temporada,Pan de muerto capacillo natural char(10),futuro
2025-11-08,0.0,Especial de Temporada,Pan de muerto capacillo natural char(10),futuro
2025-11-09,0.0,Especial de Temporada,Pan de muerto capacillo natural char(10),futuro
2025-11-10,0.0,Especial de Temporada,Pan de muerto capacillo natural char(10),futuro
2025-11-11,0.0,Especial de Temporada,Pan de muerto capacillo natural char(10),futuro
2025-11-12,0.0,Especial de Temporada,Pan de muerto capacillo natural char(10),futuro
2025-11-13,0.0,Especial de Temporada,Pan de muerto capacillo natural char(10),futuro
2025-11-14,0.0,Especial de Temporada,Pan de muerto capacillo natural char(10),futuro
2025-11-15,0.0,Especial de Temporada,Pan de muerto capacillo natural char(10),futuro
2025-11-16,0.0,Especial de Temporada,Pan de muerto capacillo natural char(10),futuro
2025-11-17,0.0,Especial de Temporada,Pan de muerto capacillo natural char(10),futuro
2025-11-18,0.0,Especial de Temporada,Pan de muerto capacillo natural char(10),futuro
2025-11-19,0.0,Especial de Temporada,Pan de muerto capacillo natural char(10),futuro
2025-11-20,0.0,Especial de Temporada,Pan de muerto capacillo natural char(10),futuro
2025-11-21,0.0,Especial de Temporada,Pan de muerto capacillo natural char(10),futuro
2025-11-22,0.0,Especial de Temporada,Pan de muerto capacillo natural char(10),futuro
2025-11-23,0.0,Especial de Temporada,Pan de muerto capacillo natural char(10),futuro
2025-11-24,0.0,Especial de Temporada,Pan de muerto capacillo natural char(10),futuro
2025-11-25,0.0,Especial de Temporada,Pan de muerto capacillo natural char(10),futuro
2025-11-26,0.0,Especial de Temporada,Pan de muerto capacillo natural char(10),futuro
2025-11-27,0.0,Especial de Temporada,Pan de muerto capacillo natural char(10),futuro
2025-11-28,0.0,Especial de Temporada,Pan de muerto capacillo natural char(10),futuro
2025-11-29,0.0,Especial de Temporada,Pan de muerto capacillo natural char(10),futuro
2025-11-30,0.0,Especial de Temporada,Pan de muerto capacillo natural char(10),futuro
2025-12-01,0.0,Especial de Temporada,Pan de muerto capacillo natural char(10),futuro
2025-12-02,0.0,Especial de Temporada,Pan de muerto capacillo natural char(10),futuro
2025-12-03,0.0,Especial de Temporada,Pan de muerto capacillo natural char(10),futuro
2025-12-04,0.0,Especial de Temporada,Pan de muerto capacillo natural char(10),futuro
2025-12-05,0.0,Especial de Temporada,Pan de muerto capacillo natural char(10),futuro
2025-12-06,0.0,Especial de Temporada,Pan de muerto capacillo natural char(10),futuro
2025-12-07,0.0,Especial de Temporada,Pan de muerto capacillo natural char(10),futuro
2025-12-08,0.0,Especial de Temporada,Pan de muerto capacillo natural char(10),futuro
2025-12-09,0.0,Especial de Temporada,Pan de muerto capacillo natural char(10),futuro
2025-12-10,0.0,Especial de Temporada,Pan de muerto capacillo natural char(10),futuro
2025-12-11,0.0,Especial de Temporada,Pan de muerto capacillo natural char(10),futuro
2025-12-12,0.0,Especial de Temporada,Pan de muerto capacillo natural char(10),futuro
2025-12-13,0.0,Especial de Temporada,Pan de muerto capacillo natural char(10),futuro
2025-12-14,0.0,Especial de Temporada,Pan de muerto capacillo natural char(10),futuro
2025-12-15,0.0,Especial de Temporada,Pan de muerto capacillo natural char(10),futuro
2025-12-16,0.0,Especial de Temporada,Pan de muerto capacillo natural char(10),futuro
2025-12-17,0.0,Especial de Temporada,Pan de muerto capacillo natural char(10),futuro
2025-12-18,0.0,Especial de Temporada,Pan de muerto capacillo natural char(10),futuro
2025-12-19,0.0,Especial de Temporada,Pan de muerto capacillo natural char(10),futuro
2025-12-20,0.0,Especial de Temporada,Pan de muerto capacillo natural char(10),futuro
2025-12-21,0.0,Especial de Temporada,Pan de muerto capacillo natural char(10),futuro
2025-12-22,0.0,Especial de Temporada,Pan de muerto capacillo natural char(10),futuro
2025-12-23,0.0,Especial de Temporada,Pan de muerto capacillo natural char(10),futuro
2025-12-24,0.0,Especial de Temporada,Pan de muerto capacillo natural char(10),futuro
2025-12-25,0.0,Especial de Temporada,Pan de muerto capacillo natural char(10),futuro
2025-12-26,0.0,Especial de Temporada,Pan de muerto capacillo natural char(10),futuro
2025-12-27,0.0,Especial de Temporada,Pan de muerto capacillo natural char(10),futuro
2025-12-28,0.0,Especial de Temporada,Pan de muerto capacillo natural char(10),futuro
2025-12-29,0.0,Especial de Temporada,Pan de muerto capacillo natural char(10),futuro
2025-12-30,0.0,Especial de Temporada,Pan de muerto capacillo natural char(10),futuro
2025-12-31,0.0,Especial de Temporada,Pan de muerto capacillo natural char(10),futuro
2026-01-01,0.0,Especial de Temporada,Pan de muerto capacillo natural char(10),futuro
2026-01-02,0.0,Especial de Temporada,Pan de muerto capacillo natural char(10),futuro
2026-01-03,0.0,Especial de Temporada,Pan de muerto capacillo natural char(10),futuro
2026-01-04,0.0,Especial de Temporada,Pan de muerto capacillo natural char(10),futuro
2026-01-05,0.0,Especial de Temporada,Pan de muerto capacillo natural char(10),futuro
2026-01-06,0.0,Especial de Temporada,Pan de muerto capacillo natural char(10),futuro
2026-01-07,0.0,Especial de Temporada,Pan de muerto capacillo natural char(10),futuro
2026-01-08,0.0,Especial de Temporada,Pan de muerto capacillo natural char(10),futuro
2026-01-09,0.0,Especial de Temporada,Pan de muerto capacillo natural char(10),futuro
2026-01-10,0.0,Especial de Temporada,Pan de muerto capacillo natural char(10),futuro
2026-01-11,0.0,Especial de Temporada,Pan de muerto capacillo natural char(10),futuro
2026-01-12,0.0,Especial de Temporada,Pan de muerto capacillo natural char(10),futuro
2026-01-13,0.0,Especial de Temporada,Pan de muerto capacillo natural char(10),futuro
2026-01-14,0.0,Especial de Temporada,Pan de muerto capacillo natural char(10),futuro
2026-01-15,0.0,Especial de Temporada,Pan de muerto capacillo natural char(10),futuro
2026-01-16,0.0,Especial de Temporada,Pan de muerto capacillo natural char(10),futuro
2026-01-17,0.0,Especial de Temporada,Pan de muerto capacillo natural char(10),futuro
2026-01-18,0.0,Especial de Temporada,Pan de muerto capacillo natural char(10),futuro
2026-01-19,0.0,Especial de Temporada,Pan de muerto capacillo natural char(10),futuro
2026-01-20,0.0,Especial de Temporada,Pan de muerto capacillo natural char(10),futuro
2026-01-21,0.0,Especial de Temporada,Pan de muerto capacillo natural char(10),futuro
2026-01-22,0.0,Especial de Temporada,Pan de muerto capacillo natural char(10),futuro
2026-01-23,0.0,Especial de Temporada,Pan de muerto capacillo natural char(10),futuro
2026-01-24,0.0,Especial de Temporada,Pan de muerto capacillo natural char(10),futuro
2026-01-25,0.0,Especial de Temporada,Pan de muerto capacillo natural char(10),futuro
2026-01-26,0.0,Especial de Temporada,Pan de muerto capacillo natural char(10),futuro
2026-01-27,0.0,Especial de Temporada,Pan de muerto capacillo natural char(10),futuro
2026-01-28,0.0,Especial de Temporada,Pan de muerto capacillo natural char(10),futuro
2025-11-05,5.66,Especial de Temporada,Pan de muerto charola nat (6),futuro
2025-11-06,2.72,Especial de Temporada,Pan de muerto charola nat (6),futuro
2025-11-07,2.59,Especial de Temporada,Pan de muerto charola nat (6),futuro
2025-11-08,1.37,Especial de Temporada,Pan de muerto charola nat (6),futuro
2025-11-09,0.91,Especial de Temporada,Pan de muerto charola nat (6),futuro
2025-11-10,3.0,Especial de Temporada,Pan de muerto charola nat (6),futuro
2025-11-11,3.67,Especial de Temporada,Pan de muerto charola nat (6),futuro
2025-11-12,1.35,Especial de Temporada,Pan de muerto charola nat (6),futuro
2025-11-13,4.67,Especial de Temporada,Pan de muerto charola nat (6),futuro
2025-11-14,3.55,Especial de Temporada,Pan de muerto charola nat (6),futuro
2025-11-15,6.49,Especial de Temporada,Pan de muerto charola nat (6),futuro
2025-11-16,3.71,Especial de Temporada,Pan de muerto charola nat (6),futuro
2025-11-17,5.12,Especial de Temporada,Pan de muerto charola nat (6),futuro
2025-11-18,3.69,Especial de Temporada,Pan de muerto charola nat (6),futuro
2025-11-19,5.53,Especial de Temporada,Pan de muerto charola nat (6),futuro
2025-11-20,1.06,Especial de Temporada,Pan de muerto charola nat (6),futuro
2025-11-21,2.28,Especial de Temporada,Pan de muerto charola nat (6),futuro
2025-11-22,3.11,Especial de Temporada,Pan de muerto charola nat (6),futuro
2025-11-23,1.78,Especial de Temporada,Pan de muerto charola nat (6),futuro
2025-11-24,1.0,Especial de Temporada,Pan de muerto charola nat (6),futuro
2025-11-25,2.29,Especial de Temporada,Pan de muerto charola nat (6),futuro
2025-11-26,2.17,Especial de Temporada,Pan de muerto charola nat (6),futuro
2025-11-27,3.13,Especial de Temporada,Pan de muerto charola nat (6),futuro
2025-11-28,2.12,Especial de Temporada,Pan de muerto charola nat (6),futuro
2025-11-29,5.01,Especial de Temporada,Pan de muerto charola nat (6),futuro
2025-11-30,4.31,Especial de Temporada,Pan de muerto charola nat (6),futuro
2025-12-01,5.19,Especial de Temporada,Pan de muerto charola nat (6),futuro
2025-12-02,0.72,Especial de Temporada,Pan de muerto charola nat (6),futuro
2025-12-03,4.32,Especial de Temporada,Pan de muerto charola nat (6),futuro
2025-12-04,2.99,Especial de Temporada,Pan de muerto charola nat (6),futuro
2025-12-05,1.23,Especial de Temporada,Pan de muerto charola nat (6),futuro
2025-12-06,0.65,Especial de Temporada,Pan de muerto charola nat (6),futuro
2025-12-07,1.69,Especial de Temporada,Pan de muerto charola nat (6),futuro
2025-12-08,0.51,Especial de Temporada,Pan de muerto charola nat (6),futuro
2025-12-09,1.86,Especial de Temporada,Pan de muerto charola nat (6),futuro
2025-12-10,1.0,Especial de Temporada,Pan de muerto charola nat (6),futuro
2025-12-11,2.51,Especial de Temporada,Pan de muerto charola nat (6),futuro
2025-12-12,2.33,Especial de Temporada,Pan de muerto charola nat (6),futuro
2025-12-13,3.36,Especial de Temporada,Pan de muerto charola nat (6),futuro
2025-12-14,2.95,Especial de Temporada,Pan de muerto charola nat (6),futuro
2025-12-15,6.23,Especial de Temporada,Pan de muerto charola nat (6),futuro
2025-12-16,2.77,Especial de Temporada,Pan de muerto charola nat (6),futuro
2025-12-17,3.18,Especial de Temporada,Pan de muerto charola nat (6),futuro
2025-12-18,0.26,Especial de Temporada,Pan de muerto charola nat (6),futuro
2025-12-19,0.3,Especial de Temporada,Pan de muerto charola nat (6),futuro
2025-12-20,0.05,Especial de Temporada,Pan de muerto charola nat (6),futuro
2025-12-21,0.89,Especial de Temporada,Pan de muerto charola nat (6),futuro
2025-12-22,0.01,Especial de Temporada,Pan de muerto charola nat (6),futuro
2025-12-23,0.01,Especial de Temporada,Pan de muerto charola nat (6),futuro
2025-12-24,0.19,Especial de Temporada,Pan de muerto charola nat (6),futuro
2025-12-25,0.61,Especial de Temporada,Pan de muerto charola nat (6),futuro
2025-12-26,0.0,Especial de Temporada,Pan de muerto charola nat (6),futuro
2025-12-27,0.6,Especial de Temporada,Pan de muerto charola nat (6),futuro
2025-12-28,0.0,Especial de Temporada,Pan de muerto charola nat (6),futuro
2025-12-29,0.61,Especial de Temporada,Pan de muerto charola nat (6),futuro
2025-12-30,0.0,Especial de Temporada,Pan de muerto charola nat (6),futuro
2025-12-31,1.37,Especial de Temporada,Pan de muerto charola nat (6),futuro
2026-01-01,0.67,Especial de Temporada,Pan de muerto charola nat (6),futuro
2026-01-02,2.15,Especial de Temporada,Pan de muerto charola nat (6),futuro
2026-01-03,0.8,Especial de Temporada,Pan de muerto charola nat (6),futuro
2026-01-04,2.95,Especial de Temporada,Pan de muerto charola nat (6),futuro
2026-01-05,0.33,Especial de Temporada,Pan de muerto charola nat (6),futuro
2026-01-06,2.51,Especial de Temporada,Pan de muerto charola nat (6),futuro
2026-01-07,0.4,Especial de Temporada,Pan de muerto charola nat (6),futuro
2026-01-08,1.54,Especial de Temporada,Pan de muerto charola nat (6),futuro
2026-01-09,0.47,Especial de Temporada,Pan de muerto charola nat (6),futuro
2026-01-10,1.28,Especial de Temporada,Pan de muerto charola nat (6),futuro
2026-01-11,1.21,Especial de Temporada,Pan de muerto charola nat (6),futuro
2026-01-12,1.9,Especial de Temporada,Pan de muerto charola nat (6),futuro
2026-01-13,1.43,Especial de Temporada,Pan de muerto charola nat (6),futuro
2026-01-14,2.94,Especial de Temporada,Pan de muerto charola nat (6),futuro
2026-01-15,1.63,Especial de Temporada,Pan de muerto charola nat (6),futuro
2026-01-16,3.69,Especial de Temporada,Pan de muerto charola nat (6),futuro
2026-01-17,1.69,Especial de Temporada,Pan de muerto charola nat (6),futuro
2026-01-18,5.96,Especial de Temporada,Pan de muerto charola nat (6),futuro
2026-01-19,2.39,Especial de Temporada,Pan de muerto charola nat (6),futuro
2026-01-20,2.01,Especial de Temporada,Pan de muerto charola nat (6),futuro
2026-01-21,1.09,Especial de Temporada,Pan de muerto charola nat (6),futuro
2026-01-22,2.13,Especial de Temporada,Pan de muerto charola nat (6),futuro
2026-01-23,1.32,Especial de Temporada,Pan de muerto charola nat (6),futuro
2026-01-24,1.84,Especial de Temporada,Pan de muerto charola nat (6),futuro
2026-01-25,1.17,Especial de Temporada,Pan de muerto charola nat (6),futuro
2026-01-26,1.94,Especial de Temporada,Pan de muerto charola nat (6),futuro
2026-01-27,1.31,Especial de Temporada,Pan de muerto charola nat (6),futuro
2026-01-28,2.43,Especial de Temporada,Pan de muerto charola nat (6),futuro
2026-01-29,1.92,Especial de Temporada,Pan de muerto charola nat (6),futuro
2026-01-30,3.76,Especial de Temporada,Pan de muerto charola nat (6),futuro
2026-01-31,3.29,Especial de Temporada,Pan de muerto charola nat (6),futuro
2026-02-01,6.37,Especial de Temporada,Pan de muerto charola nat (6),futuro
2026-02-02,3.5,Especial de Temporada,Pan de muerto charola nat (6),futuro
2025-11-01,0.0,Especial de Temporada,Pan de muerto grande,futuro
2025-11-02,0.0,Especial de Temporada,Pan de muerto grande,futuro
2025-11-03,0.0,Especial de Temporada,Pan de muerto grande,futuro
2025-11-04,0.0,Especial de Temporada,Pan de muerto grande,futuro
2025-11-05,0.0,Especial de Temporada,Pan de muerto grande,futuro
2025-11-06,0.0,Especial de Temporada,Pan de muerto grande,futuro
2025-11-07,0.0,Especial de Temporada,Pan de muerto grande,futuro
2025-11-08,0.0,Especial de Temporada,Pan de muerto grande,futuro
2025-11-09,0.0,Especial de Temporada,Pan de muerto grande,futuro
2025-11-10,0.0,Especial de Temporada,Pan de muerto grande,futuro
2025-11-11,0.0,Especial de Temporada,Pan de muerto grande,futuro
2025-11-12,0.0,Especial de Temporada,Pan de muerto grande,futuro
2025-11-13,0.0,Especial de Temporada,Pan de muerto grande,futuro
2025-11-14,0.0,Especial de Temporada,Pan de muerto grande,futuro
2025-11-15,0.0,Especial de Temporada,Pan de muerto grande,futuro
2025-11-16,0.0,Especial de Temporada,Pan de muerto grande,futuro
2025-11-17,0.0,Especial de Temporada,Pan de muerto grande,futuro
2025-11-18,0.0,Especial de Temporada,Pan de muerto grande,futuro
2025-11-19,0.0,Especial de Temporada,Pan de muerto grande,futuro
2025-11-20,0.0,Especial de Temporada,Pan de muerto grande,futuro
2025-11-21,0.0,Especial de Temporada,Pan de muerto grande,futuro
2025-11-22,0.0,Especial de Temporada,Pan de muerto grande,futuro
2025-11-23,0.0,Especial de Temporada,Pan de muerto grande,futuro
2025-11-24,0.0,Especial de Temporada,Pan de muerto grande,futuro
2025-11-25,0.0,Especial de Temporada,Pan de muerto grande,futuro
2025-11-26,0.0,Especial de Temporada,Pan de muerto grande,futuro
2025-11-27,0.0,Especial de Temporada,Pan de muerto grande,futuro
2025-11-28,0.0,Especial de Temporada,Pan de muerto grande,futuro
2025-11-29,0.0,Especial de Temporada,Pan de muerto grande,futuro
2025-11-30,0.0,Especial de Temporada,Pan de muerto grande,futuro
2025-12-01,0.0,Especial de Temporada,Pan de muerto grande,futuro
2025-12-02,0.0,Especial de Temporada,Pan de muerto grande,futuro
2025-12-03,0.0,Especial de Temporada,Pan de muerto grande,futuro
2025-12-04,0.0,Especial de Temporada,Pan de muerto grande,futuro
2025-12-05,0.0,Especial de Temporada,Pan de muerto grande,futuro
2025-12-06,0.0,Especial de Temporada,Pan de muerto grande,futuro
2025-12-07,0.0,Especial de Temporada,Pan de muerto grande,futuro
2025-12-08,0.0,Especial de Temporada,Pan de muerto grande,futuro
2025-12-09,0.0,Especial de Temporada,Pan de muerto grande,futuro
2025-12-10,0.0,Especial de Temporada,Pan de muerto grande,futuro
2025-12-11,0.0,Especial de Temporada,Pan de muerto grande,futuro
2025-12-12,0.0,Especial de Temporada,Pan de muerto grande,futuro
2025-12-13,0.0,Especial de Temporada,Pan de muerto grande,futuro
2025-12-14,0.0,Especial de Temporada,Pan de muerto grande,futuro
2025-12-15,0.0,Especial de Temporada,Pan de muerto grande,futuro
2025-12-16,0.0,Especial de Temporada,Pan de muerto grande,futuro
2025-12-17,0.0,Especial de Temporada,Pan de muerto grande,futuro
2025-12-18,0.0,Especial de Temporada,Pan de muerto grande,futuro
2025-12-19,0.0,Especial de Temporada,Pan de muerto grande,futuro
2025-12-20,0.0,Especial de Temporada,Pan de muerto grande,futuro
2025-12-21,0.0,Especial de Temporada,Pan de muerto grande,futuro
2025-12-22,0.0,Especial de Temporada,Pan de muerto grande,futuro
2025-12-23,0.0,Especial de Temporada,Pan de muerto grande,futuro
2025-12-24,0.0,Especial de Temporada,Pan de muerto grande,futuro
2025-12-25,0.0,Especial de Temporada,Pan de muerto grande,futuro
2025-12-26,0.0,Especial de Temporada,Pan de muerto grande,futuro
2025-12-27,0.0,Especial de Temporada,Pan de muerto grande,futuro
2025-12-28,0.0,Especial de Temporada,Pan de muerto grande,futuro
2025-12-29,0.0,Especial de Temporada,Pan de muerto grande,futuro
2025-12-30,0.0,Especial de Temporada,Pan de muerto grande,futuro
2025-12-31,0.0,Especial de Temporada,Pan de muerto grande,futuro
2026-01-01,0.0,Especial de Temporada,Pan de muerto grande,futuro
2026-01-02,0.0,Especial de Temporada,Pan de muerto grande,futuro
2026-01-03,0.0,Especial de Temporada,Pan de muerto grande,futuro
2026-01-04,0.0,Especial de Temporada,Pan de muerto grande,futuro
2026-01-05,0.0,Especial de Temporada,Pan de muerto grande,futuro
2026-01-06,0.0,Especial de Temporada,Pan de muerto grande,futuro
2026-01-07,0.0,Especial de Temporada,Pan de muerto grande,futuro
2026-01-08,0.0,Especial de Temporada,Pan de muerto grande,futuro
2026-01-09,0.0,Especial de Temporada,Pan de muerto grande,futuro
2026-01-10,0.0,Especial de Temporada,Pan de muerto grande,futuro
2026-01-11,0.0,Especial de Temporada,Pan de muerto grande,futuro
2026-01-12,0.0,Especial de Temporada,Pan de muerto grande,futuro
2026-01-13,0.0,Especial de Temporada,Pan de muerto grande,futuro
2026-01-14,0.0,Especial de Temporada,Pan de muerto grande,futuro
2026-01-15,0.0,Especial de Temporada,Pan de muerto grande,futuro
2026-01-16,0.0,Especial de Temporada,Pan de muerto grande,futuro
2026-01-17,0.0,Especial de Temporada,Pan de muerto grande,futuro
2026-01-18,0.0,Especial de Temporada,Pan de muerto grande,futuro
2026-01-19,0.0,Especial de Temporada,Pan de muerto grande,futuro
2026-01-20,0.0,Especial de Temporada,Pan de muerto grande,futuro
2026-01-21,0.0,Especial de Temporada,Pan de muerto grande,futuro
2026-01-22,0.0,Especial de Temporada,Pan de muerto grande,futuro
2026-01-23,0.0,Especial de Temporada,Pan de muerto grande,futuro
2026-01-24,0.0,Especial de Temporada,Pan de muerto grande,futuro
2026-01-25,0.0,Especial de Temporada,Pan de muerto grande,futuro
2026-01-26,0.0,Especial de Temporada,Pan de muerto grande,futuro
2026-01-27,0.0,Especial de Temporada,Pan de muerto grande,futuro
2026-01-28,0.0,Especial de Temporada,Pan de muerto grande,futuro
2026-01-29,0.0,Especial de Temporada,Pan de muerto grande,futuro
2025-11-07,8.87,Especial de Temporada,Pan de muerto ind,futuro
2025-11-08,8.7,Especial de Temporada,Pan de muerto ind,futuro
2025-11-09,8.86,Especial de Temporada,Pan de muerto ind,futuro
2025-11-10,8.98,Especial de Temporada,Pan de muerto ind,futuro
2025-11-11,4.41,Especial de Temporada,Pan de muerto ind,futuro
2025-11-12,5.11,Especial de Temporada,Pan de muerto ind,futuro
2025-11-13,5.04,Especial de Temporada,Pan de muerto ind,futuro
2025-11-14,4.87,Especial de Temporada,Pan de muerto ind,futuro
2025-11-15,5.06,Especial de Temporada,Pan de muerto ind,futuro
2025-11-16,4.87,Especial de Temporada,Pan de muerto ind,futuro
2025-11-17,4.83,Especial de Temporada,Pan de muerto ind,futuro
2025-11-18,5.06,Especial de Temporada,Pan de muerto ind,futuro
2025-11-19,6.13,Especial de Temporada,Pan de muerto ind,futuro
2025-11-20,5.86,Especial de Temporada,Pan de muerto ind,futuro
2025-11-21,5.99,Especial de Temporada,Pan de muerto ind,futuro
2025-11-22,6.13,Especial de Temporada,Pan de muerto ind,futuro
2025-11-23,5.86,Especial de Temporada,Pan de muerto ind,futuro
2025-11-24,6.13,Especial de Temporada,Pan de muerto ind,futuro
2025-11-25,6.02,Especial de Temporada,Pan de muerto ind,futuro
2025-11-26,5.89,Especial de Temporada,Pan de muerto ind,futuro
2025-11-27,5.99,Especial de Temporada,Pan de muerto ind,futuro
2025-11-28,5.99,Especial de Temporada,Pan de muerto ind,futuro
2025-11-29,5.99,Especial de Temporada,Pan de muerto ind,futuro
2025-11-30,5.99,Especial de Temporada,Pan de muerto ind,futuro
2025-12-01,5.99,Especial de Temporada,Pan de muerto ind,futuro
2025-12-02,5.99,Especial de Temporada,Pan de muerto ind,futuro
2025-12-03,5.99,Especial de Temporada,Pan de muerto ind,futuro
2025-12-04,5.99,Especial de Temporada,Pan de muerto ind,futuro
2025-12-05,5.99,Especial de Temporada,Pan de muerto ind,futuro
2025-12-06,5.99,Especial de Temporada,Pan de muerto ind,futuro
2025-12-07,5.99,Especial de Temporada,Pan de muerto ind,futuro
2025-12-08,5.99,Especial de Temporada,Pan de muerto ind,futuro
2025-12-09,5.99,Especial de Temporada,Pan de muerto ind,futuro
2025-12-10,5.99,Especial de Temporada,Pan de muerto ind,futuro
2025-12-11,5.99,Especial de Temporada,Pan de muerto ind,futuro
2025-12-12,5.99,Especial de Temporada,Pan de muerto ind,futuro
2025-12-13,5.99,Especial de Temporada,Pan de muerto ind,futuro
2025-12-14,5.99,Especial de Temporada,Pan de muerto ind,futuro
2025-12-15,5.99,Especial de Temporada,Pan de muerto ind,futuro
2025-12-16,5.99,Especial de Temporada,Pan de muerto ind,futuro
2025-12-17,5.99,Especial de Temporada,Pan de muerto ind,futuro
2025-12-18,5.99,Especial de Temporada,Pan de muerto ind,futuro
2025-12-19,5.99,Especial de Temporada,Pan de muerto ind,futuro
2025-12-20,5.99,Especial de Temporada,Pan de muerto ind,futuro
2025-12-21,5.99,Especial de Temporada,Pan de muerto ind,futuro
2025-12-22,5.99,Especial de Temporada,Pan de muerto ind,futuro
2025-12-23,5.99,Especial de Temporada,Pan de muerto ind,futuro
2025-12-24,5.99,Especial de Temporada,Pan de muerto ind,futuro
2025-12-25,5.99,Especial de Temporada,Pan de muerto ind,futuro
2025-12-26,5.99,Especial de Temporada,Pan de muerto ind,futuro
2025-12-27,5.99,Especial de Temporada,Pan de muerto ind,futuro
2025-12-28,5.99,Especial de Temporada,Pan de muerto ind,futuro
2025-12-29,5.99,Especial de Temporada,Pan de muerto ind,futuro
2025-12-30,5.99,Especial de Temporada,Pan de muerto ind,futuro
2025-12-31,5.99,Especial de Temporada,Pan de muerto ind,futuro
2026-01-01,5.99,Especial de Temporada,Pan de muerto ind,futuro
2026-01-02,5.99,Especial de Temporada,Pan de muerto ind,futuro
2026-01-03,5.99,Especial de Temporada,Pan de muerto ind,futuro
2026-01-04,5.99,Especial de Temporada,Pan de muerto ind,futuro
2026-01-05,5.99,Especial de Temporada,Pan de muerto ind,futuro
2026-01-06,5.99,Especial de Temporada,Pan de muerto ind,futuro
2026-01-07,5.99,Especial de Temporada,Pan de muerto ind,futuro
2026-01-08,5.99,Especial de Temporada,Pan de muerto ind,futuro
2026-01-09,5.99,Especial de Temporada,Pan de muerto ind,futuro
2026-01-10,5.99,Especial de Temporada,Pan de muerto ind,futuro
2026-01-11,5.99,Especial de Temporada,Pan de muerto ind,futuro
2026-01-12,5.99,Especial de Temporada,Pan de muerto ind,futuro
2026-01-13,5.99,Especial de Temporada,Pan de muerto ind,futuro
2026-01-14,5.99,Especial de Temporada,Pan de muerto ind,futuro
2026-01-15,5.99,Especial de Temporada,Pan de muerto ind,futuro
2026-01-16,5.99,Especial de Temporada,Pan de muerto ind,futuro
2026-01-17,5.99,Especial de Temporada,Pan de muerto ind,futuro
2026-01-18,5.99,Especial de Temporada,Pan de muerto ind,futuro
2026-01-19,5.99,Especial de Temporada,Pan de muerto ind,futuro
2026-01-20,5.99,Especial de Temporada,Pan de muerto ind,futuro
2026-01-21,5.99,Especial de Temporada,Pan de muerto ind,futuro
2026-01-22,5.99,Especial de Temporada,Pan de muerto ind,futuro
2026-01-23,5.99,Especial de Temporada,Pan de muerto ind,futuro
2026-01-24,5.99,Especial de Temporada,Pan de muerto ind,futuro
2026-01-25,5.99,Especial de Temporada,Pan de muerto ind,futuro
2026-01-26,5.99,Especial de Temporada,Pan de muerto ind,futuro
2026-01-27,5.99,Especial de Temporada,Pan de muerto ind,futuro
2026-01-28,5.99,Especial de Temporada,Pan de muerto ind,futuro
2026-01-29,5.99,Especial de Temporada,Pan de muerto ind,futuro
2026-01-30,5.99,Especial de Temporada,Pan de muerto ind,futuro
2026-01-31,5.99,Especial de Temporada,Pan de muerto ind,futuro
2026-02-01,5.99,Especial de Temporada,Pan de muerto ind,futuro
2026-02-02,5.99,Especial de Temporada,Pan de muerto ind,futuro
2026-02-03,5.99,Especial de Temporada,Pan de muerto ind,futuro
2026-02-04,5.99,Especial de Temporada,Pan de muerto ind,futuro
2024-12-26,2.3,Especial de Temporada,Pastel red velvet,futuro
2024-12-27,2.64,Especial de Temporada,Pastel red velvet,futuro
2024-12-28,2.64,Especial de Temporada,Pastel red velvet,futuro
2024-12-29,2.93,Especial de Temporada,Pastel red velvet,futuro
2024-12-30,4.34,Especial de Temporada,Pastel red velvet,futuro
2024-12-31,4.75,Especial de Temporada,Pastel red velvet,futuro
2025-01-01,2.64,Especial de Temporada,Pastel red velvet,futuro
2025-01-02,2.64,Especial de Temporada,Pastel red velvet,futuro
2025-01-03,2.64,Especial de Temporada,Pastel red velvet,futuro
2025-01-04,2.64,Especial de Temporada,Pastel red velvet,futuro
2025-01-05,4.34,Especial de Temporada,Pastel red velvet,futuro
2025-01-06,4.75,Especial de Temporada,Pastel red velvet,futuro
2025-01-07,4.75,Especial de Temporada,Pastel red velvet,futuro
2025-01-08,2.64,Especial de Temporada,Pastel red velvet,futuro
2025-01-09,2.64,Especial de Temporada,Pastel red velvet,futuro
2025-01-10,2.64,Especial de Temporada,Pastel red velvet,futuro
2025-01-11,2.64,Especial de Temporada,Pastel red velvet,futuro
2025-01-12,4.34,Especial de Temporada,Pastel red velvet,futuro
2025-01-13,4.75,Especial de Temporada,Pastel red velvet,futuro
2025-01-14,4.75,Especial de Temporada,Pastel red velvet,futuro
2025-01-15,2.64,Especial de Temporada,Pastel red velvet,futuro
2025-01-16,2.64,Especial de Temporada,Pastel red velvet,futuro
2025-01-17,2.64,Especial de Temporada,Pastel red velvet,futuro
2025-01-18,2.64,Especial de Temporada,Pastel red velvet,futuro
2025-01-19,4.34,Especial de Temporada,Pastel red velvet,futuro
2025-01-20,4.75,Especial de Temporada,Pastel red velvet,futuro
2025-01-21,4.75,Especial de Temporada,Pastel red velvet,futuro
2025-01-22,2.64,Especial de Temporada,Pastel red velvet,futuro
2025-01-23,2.64,Especial de Temporada,Pastel red velvet,futuro
2025-01-24,2.64,Especial de Temporada,Pastel red velvet,futuro
2025-01-25,2.64,Especial de Temporada,Pastel red velvet,futuro
2025-01-26,4.34,Especial de Temporada,Pastel red velvet,futuro
2025-01-27,4.75,Especial de Temporada,Pastel red velvet,futuro
2025-01-28,4.75,Especial de Temporada,Pastel red velvet,futuro
2025-01-29,2.64,Especial de Temporada,Pastel red velvet,futuro
2025-01-30,2.64,Especial de Temporada,Pastel red velvet,futuro
2025-01-31,2.64,Especial de Temporada,Pastel red velvet,futuro
2025-02-01,2.64,Especial de Temporada,Pastel red velvet,futuro
2025-02-02,4.34,Especial de Temporada,Pastel red velvet,futuro
2025-02-03,4.75,Especial de Temporada,Pastel red velvet,futuro
2025-02-04,4.75,Especial de Temporada,Pastel red velvet,futuro
2025-02-05,2.64,Especial de Temporada,Pastel red velvet,futuro
2025-02-06,2.64,Especial de Temporada,Pastel red velvet,futuro
2025-02-07,2.64,Especial de Temporada,Pastel red velvet,futuro
2025-02-08,2.64,Especial de Temporada,Pastel red velvet,futuro
2025-02-09,4.34,Especial de Temporada,Pastel red velvet,futuro
2025-02-10,4.75,Especial de Temporada,Pastel red velvet,futuro
2025-02-11,4.75,Especial de Temporada,Pastel red velvet,futuro
2025-02-12,2.64,Especial de Temporada,Pastel red velvet,futuro
2025-02-13,2.64,Especial de Temporada,Pastel red velvet,futuro
2025-02-14,2.64,Especial de Temporada,Pastel red velvet,futuro
2025-02-15,2.64,Especial de Temporada,Pastel red velvet,futuro
2025-02-16,4.34,Especial de Temporada,Pastel red velvet,futuro
2025-02-17,4.75,Especial de Temporada,Pastel red velvet,futuro
2025-02-18,4.75,Especial de Temporada,Pastel red velvet,futuro
2025-02-19,2.64,Especial de Temporada,Pastel red velvet,futuro
2025-02-20,2.64,Especial de Temporada,Pastel red velvet,futuro
2025-02-21,2.64,Especial de Temporada,Pastel red velvet,futuro
2025-02-22,2.64,Especial de Temporada,Pastel red velvet,futuro
2025-02-23,4.34,Especial de Temporada,Pastel red velvet,futuro
2025-02-24,4.75,Especial de Temporada,Pastel red velvet,futuro
2025-02-25,4.75,Especial de Temporada,Pastel red velvet,futuro
2025-02-26,2.64,Especial de Temporada,Pastel red velvet,futuro
2025-02-27,2.64,Especial de Temporada,Pastel red velvet,futuro
2025-02-28,2.64,Especial de Temporada,Pastel red velvet,futuro
2025-03-01,2.64,Especial de Temporada,Pastel red velvet,futuro
2025-03-02,4.34,Especial de Temporada,Pastel red velvet,futuro
2025-03-03,4.75,Especial de Temporada,Pastel red velvet,futuro
2025-03-04,4.75,Especial de Temporada,Pastel red velvet,futuro
2025-03-05,2.64,Especial de Temporada,Pastel red velvet,futuro
2025-03-06,2.64,Especial de Temporada,Pastel red velvet,futuro
2025-03-07,2.64,Especial de Temporada,Pastel red velvet,futuro
2025-03-08,2.64,Especial de Temporada,Pastel red velvet,futuro
2025-03-09,4.34,Especial de Temporada,Pastel red velvet,futuro
2025-03-10,4.75,Especial de Temporada,Pastel red velvet,futuro
2025-03-11,4.75,Especial de Temporada,Pastel red velvet,futuro
2025-03-12,2.64,Especial de Temporada,Pastel red velvet,futuro
2025-03-13,2.64,Especial de Temporada,Pastel red velvet,futuro
2025-03-14,2.64,Especial de Temporada,Pastel red velvet,futuro
2025-03-15,2.64,Especial de Temporada,Pastel red velvet,futuro
2025-03-16,4.34,Especial de Temporada,Pastel red velvet,futuro
2025-03-17,4.75,Especial de Temporada,Pastel red velvet,futuro
2025-03-18,4.75,Especial de Temporada,Pastel red velvet,futuro
2025-03-19,2.64,Especial de Temporada,Pastel red velvet,futuro
2025-03-20,2.64,Especial de Temporada,Pastel red velvet,futuro
2025-03-21,2.64,Especial de Temporada,Pastel red velvet,futuro
2025-03-22,2.64,Especial de Temporada,Pastel red velvet,futuro
2025-03-23,4.34,Especial de Temporada,Pastel red velvet,futuro
2025-03-24,4.75,Especial de Temporada,Pastel red velvet,futuro
2025-03-25,4.75,Especial de Temporada,Pastel red velvet,futuro
2025-01-08,2.49,Especial de Temporada,Rosca Cajeta / Nuez,futuro
2025-01-09,11.3,Especial de Temporada,Rosca Cajeta / Nuez,futuro
2025-01-10,8.72,Especial de Temporada,Rosca Cajeta / Nuez,futuro
2025-01-11,13.75,Especial de Temporada,Rosca Cajeta / Nuez,futuro
2025-01-12,11.79,Especial de Temporada,Rosca Cajeta / Nuez,futuro
2025-01-13,11.79,Especial de Temporada,Rosca Cajeta / Nuez,futuro
2025-01-14,11.79,Especial de Temporada,Rosca Cajeta / Nuez,futuro
2025-01-15,11.79,Especial de Temporada,Rosca Cajeta / Nuez,futuro
2025-01-16,11.79,Especial de Temporada,Rosca Cajeta / Nuez,futuro
2025-01-17,11.79,Especial de Temporada,Rosca Cajeta / Nuez,futuro
2025-01-18,11.79,Especial de Temporada,Rosca Cajeta / Nuez,futuro
2025-01-19,11.79,Especial de Temporada,Rosca Cajeta / Nuez,futuro
2025-01-20,11.79,Especial de Temporada,Rosca Cajeta / Nuez,futuro
2025-01-21,11.79,Especial de Temporada,Rosca Cajeta / Nuez,futuro
2025-01-22,11.79,Especial de Temporada,Rosca Cajeta / Nuez,futuro
2025-01-23,11.79,Especial de Temporada,Rosca Cajeta / Nuez,futuro
2025-01-24,11.79,Especial de Temporada,Rosca Cajeta / Nuez,futuro
2025-01-25,11.79,Especial de Temporada,Rosca Cajeta / Nuez,futuro
2025-01-26,11.79,Especial de Temporada,Rosca Cajeta / Nuez,futuro
2025-01-27,11.79,Especial de Temporada,Rosca Cajeta / Nuez,futuro
2025-01-28,11.79,Especial de Temporada,Rosca Cajeta / Nuez,futuro
2025-01-29,11.79,Especial de Temporada,Rosca Cajeta / Nuez,futuro
2025-01-30,11.79,Especial de Temporada,Rosca Cajeta / Nuez,futuro
2025-01-31,11.79,Especial de Temporada,Rosca Cajeta / Nuez,futuro
2025-02-01,11.79,Especial de Temporada,Rosca Cajeta / Nuez,futuro
2025-02-02,11.79,Especial de Temporada,Rosca Cajeta / Nuez,futuro
2025-02-03,11.79,Especial de Temporada,Rosca Cajeta / Nuez,futuro
2025-02-04,11.79,Especial de Temporada,Rosca Cajeta / Nuez,futuro
2025-02-05,11.79,Especial de Temporada,Rosca Cajeta / Nuez,futuro
2025-02-06,11.79,Especial de Temporada,Rosca Cajeta / Nuez,futuro
2025-02-07,11.79,Especial de Temporada,Rosca Cajeta / Nuez,futuro
2025-02-08,11.79,Especial de Temporada,Rosca Cajeta / Nuez,futuro
2025-02-09,11.79,Especial de Temporada,Rosca Cajeta / Nuez,futuro
2025-02-10,11.79,Especial de Temporada,Rosca Cajeta / Nuez,futuro
2025-02-11,11.79,Especial de Temporada,Rosca Cajeta / Nuez,futuro
2025-02-12,11.79,Especial de Temporada,Rosca Cajeta / Nuez,futuro
2025-02-13,11.79,Especial de Temporada,Rosca Cajeta / Nuez,futuro
2025-02-14,11.79,Especial de Temporada,Rosca Cajeta / Nuez,futuro
2025-02-15,11.79,Especial de Temporada,Rosca Cajeta / Nuez,futuro
2025-02-16,11.79,Especial de Temporada,Rosca Cajeta / Nuez,futuro
2025-02-17,11.79,Especial de Temporada,Rosca Cajeta / Nuez,futuro
2025-02-18,11.79,Especial de Temporada,Rosca Cajeta / Nuez,futuro
2025-02-19,11.79,Especial de Temporada,Rosca Cajeta / Nuez,futuro
2025-02-20,11.79,Especial de Temporada,Rosca Cajeta / Nuez,futuro
2025-02-21,11.79,Especial de Temporada,Rosca Cajeta / Nuez,futuro
2025-02-22,11.79,Especial de Temporada,Rosca Cajeta / Nuez,futuro
2025-02-23,11.79,Especial de Temporada,Rosca Cajeta / Nuez,futuro
2025-02-24,11.79,Especial de Temporada,Rosca Cajeta / Nuez,futuro
2025-02-25,11.79,Especial de Temporada,Rosca Cajeta / Nuez,futuro
2025-02-26,11.79,Especial de Temporada,Rosca Cajeta / Nuez,futuro
2025-02-27,11.79,Especial de Temporada,Rosca Cajeta / Nuez,futuro
2025-02-28,11.79,Especial de Temporada,Rosca Cajeta / Nuez,futuro
2025-03-01,11.79,Especial de Temporada,Rosca Cajeta / Nuez,futuro
2025-03-02,11.79,Especial de Temporada,Rosca Cajeta / Nuez,futuro
2025-03-03,11.79,Especial de Temporada,Rosca Cajeta / Nuez,futuro
2025-03-04,11.79,Especial de Temporada,Rosca Cajeta / Nuez,futuro
2025-03-05,11.79,Especial de Temporada,Rosca Cajeta / Nuez,futuro
2025-03-06,11.79,Especial de Temporada,Rosca Cajeta / Nuez,futuro
2025-03-07,11.79,Especial de Temporada,Rosca Cajeta / Nuez,futuro
2025-03-08,11.79,Especial de Temporada,Rosca Cajeta / Nuez,futuro
2025-03-09,11.79,Especial de Temporada,Rosca Cajeta / Nuez,futuro
2025-03-10,11.79,Especial de Temporada,Rosca Cajeta / Nuez,futuro
2025-03-11,11.79,Especial de Temporada,Rosca Cajeta / Nuez,futuro
2025-03-12,11.79,Especial de Temporada,Rosca Cajeta / Nuez,futuro
2025-03-13,11.79,Especial de Temporada,Rosca Cajeta / Nuez,futuro
2025-03-14,11.79,Especial de Temporada,Rosca Cajeta / Nuez,futuro
2025-03-15,11.79,Especial de Temporada,Rosca Cajeta / Nuez,futuro
2025-03-16,11.79,Especial de Temporada,Rosca Cajeta / Nuez,futuro
2025-03-17,11.79,Especial de Temporada,Rosca Cajeta / Nuez,futuro
2025-03-18,11.79,Especial de Temporada,Rosca Cajeta / Nuez,futuro
2025-03-19,11.79,Especial de Temporada,Rosca Cajeta / Nuez,futuro
2025-03-20,11.79,Especial de Temporada,Rosca Cajeta / Nuez,futuro
2025-03-21,11.79,Especial de Temporada,Rosca Cajeta / Nuez,futuro
2025-03-22,11.79,Especial de Temporada,Rosca Cajeta / Nuez,futuro
2025-03-23,11.79,Especial de Temporada,Rosca Cajeta / Nuez,futuro
2025-03-24,11.79,Especial de Temporada,Rosca Cajeta / Nuez,futuro
2025-03-25,11.79,Especial de Temporada,Rosca Cajeta / Nuez,futuro
2025-03-26,11.79,Especial de Temporada,Rosca Cajeta / Nuez,futuro
2025-03-27,11.79,Especial de Temporada,Rosca Cajeta / Nuez,futuro
2025-03-28,11.79,Especial de Temporada,Rosca Cajeta / Nuez,futuro
2025-03-29,11.79,Especial de Temporada,Rosca Cajeta / Nuez,futuro
2025-03-30,11.79,Especial de Temporada,Rosca Cajeta / Nuez,futuro
2025-03-31,11.79,Especial de Temporada,Rosca Cajeta / Nuez,futuro
2025-04-01,11.79,Especial de Temporada,Rosca Cajeta / Nuez,futuro
2025-04-02,11.79,Especial de Temporada,Rosca Cajeta / Nuez,futuro
2025-04-03,11.79,Especial de Temporada,Rosca Cajeta / Nuez,futuro
2025-04-04,11.79,Especial de Temporada,Rosca Cajeta / Nuez,futuro
2025-04-05,11.79,Especial de Temporada,Rosca Cajeta / Nuez,futuro
2025-04-06,11.79,Especial de Temporada,Rosca Cajeta / Nuez,futuro
2025-04-07,11.79,Especial de Temporada,Rosca Cajeta / Nuez,futuro
2025-01-10,1.48,Especial de Temporada,Rosca De Reyes Chica Frutas,futuro
2025-01-11,0.8,Especial de Temporada,Rosca De Reyes Chica Frutas,futuro
2025-01-12,0.0,Especial de Temporada,Rosca De Reyes Chica Frutas,futuro
2025-01-13,0.0,Especial de Temporada,Rosca De Reyes Chica Frutas,futuro
2025-01-14,0.0,Especial de Temporada,Rosca De Reyes Chica Frutas,futuro
2025-01-15,0.31,Especial de Temporada,Rosca De Reyes Chica Frutas,futuro
2025-01-16,0.16,Especial de Temporada,Rosca De Reyes Chica Frutas,futuro
2025-01-17,2.23,Especial de Temporada,Rosca De Reyes Chica Frutas,futuro
2025-01-18,3.94,Especial de Temporada,Rosca De Reyes Chica Frutas,futuro
2025-01-19,12.79,Especial de Temporada,Rosca De Reyes Chica Frutas,futuro
2025-01-20,14.82,Especial de Temporada,Rosca De Reyes Chica Frutas,futuro
2025-01-21,14.14,Especial de Temporada,Rosca De Reyes Chica Frutas,futuro
2025-01-22,7.91,Especial de Temporada,Rosca De Reyes Chica Frutas,futuro
2025-01-23,5.41,Especial de Temporada,Rosca De Reyes Chica Frutas,futuro
2025-01-24,5.45,Especial de Temporada,Rosca De Reyes Chica Frutas,futuro
2025-01-25,5.58,Especial de Temporada,Rosca De Reyes Chica Frutas,futuro
2025-01-26,20.25,Especial de Temporada,Rosca De Reyes Chica Frutas,futuro
2025-01-27,42.6,Especial de Temporada,Rosca De Reyes Chica Frutas,futuro
2025-01-28,20.43,Especial de Temporada,Rosca De Reyes Chica Frutas,futuro
2025-01-29,8.13,Especial de Temporada,Rosca De Reyes Chica Frutas,futuro
2025-01-30,3.01,Especial de Temporada,Rosca De Reyes Chica Frutas,futuro
2025-01-31,12.05,Especial de Temporada,Rosca De Reyes Chica Frutas,futuro
2025-02-01,12.61,Especial de Temporada,Rosca De Reyes Chica Frutas,futuro
2025-02-02,18.99,Especial de Temporada,Rosca De Reyes Chica Frutas,futuro
2025-02-03,8.13,Especial de Temporada,Rosca De Reyes Chica Frutas,futuro
2025-02-04,10.29,Especial de Temporada,Rosca De Reyes Chica Frutas,futuro
2025-02-05,12.44,Especial de Temporada,Rosca De Reyes Chica Frutas,futuro
2025-02-06,12.44,Especial de Temporada,Rosca De Reyes Chica Frutas,futuro
2025-02-07,12.44,Especial de Temporada,Rosca De Reyes Chica Frutas,futuro
2025-02-08,12.57,Especial de Temporada,Rosca De Reyes Chica Frutas,futuro
2025-02-09,12.44,Especial de Temporada,Rosca De Reyes Chica Frutas,futuro
2025-02-10,12.44,Especial de Temporada,Rosca De Reyes Chica Frutas,futuro
2025-02-11,12.44,Especial de Temporada,Rosca De Reyes Chica Frutas,futuro
2025-02-12,12.44,Especial de Temporada,Rosca De Reyes Chica Frutas,futuro
2025-02-13,12.44,Especial de Temporada,Rosca De Reyes Chica Frutas,futuro
2025-02-14,12.44,Especial de Temporada,Rosca De Reyes Chica Frutas,futuro
2025-02-15,12.57,Especial de Temporada,Rosca De Reyes Chica Frutas,futuro
2025-02-16,12.44,Especial de Temporada,Rosca De Reyes Chica Frutas,futuro
2025-02-17,12.44,Especial de Temporada,Rosca De Reyes Chica Frutas,futuro
2025-02-18,12.44,Especial de Temporada,Rosca De Reyes Chica Frutas,futuro
2025-02-19,12.44,Especial de Temporada,Rosca De Reyes Chica Frutas,futuro
2025-02-20,12.44,Especial de Temporada,Rosca De Reyes Chica Frutas,futuro
2025-02-21,12.44,Especial de Temporada,Rosca De Reyes Chica Frutas,futuro
2025-02-22,12.57,Especial de Temporada,Rosca De Reyes Chica Frutas,futuro
2025-02-23,12.44,Especial de Temporada,Rosca De Reyes Chica Frutas,futuro
2025-02-24,12.44,Especial de Temporada,Rosca De Reyes Chica Frutas,futuro
2025-02-25,12.44,Especial de Temporada,Rosca De Reyes Chica Frutas,futuro
2025-02-26,12.44,Especial de Temporada,Rosca De Reyes Chica Frutas,futuro
2025-02-27,12.44,Especial de Temporada,Rosca De Reyes Chica Frutas,futuro
2025-02-28,12.44,Especial de Temporada,Rosca De Reyes Chica Frutas,futuro
2025-03-01,12.57,Especial de Temporada,Rosca De Reyes Chica Frutas,futuro
2025-03-02,12.44,Especial de Temporada,Rosca De Reyes Chica Frutas,futuro
2025-03-03,12.44,Especial de Temporada,Rosca De Reyes Chica Frutas,futuro
2025-03-04,12.44,Especial de Temporada,Rosca De Reyes Chica Frutas,futuro
2025-03-05,12.44,Especial de Temporada,Rosca De Reyes Chica Frutas,futuro
2025-03-06,12.44,Especial de Temporada,Rosca De Reyes Chica Frutas,futuro
2025-03-07,12.44,Especial de Temporada,Rosca De Reyes Chica Frutas,futuro
2025-03-08,12.57,Especial de Temporada,Rosca De Reyes Chica Frutas,futuro
2025-03-09,12.44,Especial de Temporada,Rosca De Reyes Chica Frutas,futuro
2025-03-10,12.44,Especial de Temporada,Rosca De Reyes Chica Frutas,futuro
2025-03-11,12.44,Especial de Temporada,Rosca De Reyes Chica Frutas,futuro
2025-03-12,12.44,Especial de Temporada,Rosca De Reyes Chica Frutas,futuro
2025-03-13,12.44,Especial de Temporada,Rosca De Reyes Chica Frutas,futuro
2025-03-14,12.44,Especial de Temporada,Rosca De Reyes Chica Frutas,futuro
2025-03-15,12.57,Especial de Temporada,Rosca De Reyes Chica Frutas,futuro
2025-03-16,12.44,Especial de Temporada,Rosca De Reyes Chica Frutas,futuro
2025-03-17,12.44,Especial de Temporada,Rosca De Reyes Chica Frutas,futuro
2025-03-18,12.44,Especial de Temporada,Rosca De Reyes Chica Frutas,futuro
2025-03-19,12.44,Especial de Temporada,Rosca De Reyes Chica Frutas,futuro
2025-03-20,12.44,Especial de Temporada,Rosca De Reyes Chica Frutas,futuro
2025-03-21,12.44,Especial de Temporada,Rosca De Reyes Chica Frutas,futuro
2025-03-22,12.57,Especial de Temporada,Rosca De Reyes Chica Frutas,futuro
2025-03-23,12.44,Especial de Temporada,Rosca De Reyes Chica Frutas,futuro
2025-03-24,12.44,Especial de Temporada,Rosca De Reyes Chica Frutas,futuro
2025-03-25,12.44,Especial de Temporada,Rosca De Reyes Chica Frutas,futuro
2025-03-26,12.44,Especial de Temporada,Rosca De Reyes Chica Frutas,futuro
2025-03-27,12.44,Especial de Temporada,Rosca De Reyes Chica Frutas,futuro
2025-03-28,12.44,Especial de Temporada,Rosca De Reyes Chica Frutas,futuro
2025-03-29,12.57,Especial de Temporada,Rosca De Reyes Chica Frutas,futuro
2025-03-30,12.44,Especial de Temporada,Rosca De Reyes Chica Frutas,futuro
2025-03-31,12.44,Especial de Temporada,Rosca De Reyes Chica Frutas,futuro
2025-04-01,12.44,Especial de Temporada,Rosca De Reyes Chica Frutas,futuro
2025-04-02,12.44,Especial de Temporada,Rosca De Reyes Chica Frutas,futuro
2025-04-03,12.44,Especial de Temporada,Rosca De Reyes Chica Frutas,futuro
2025-04-04,12.44,Especial de Temporada,Rosca De Reyes Chica Frutas,futuro
2025-04-05,12.57,Especial de Temporada,Rosca De Reyes Chica Frutas,futuro
2025-04-06,12.44,Especial de Temporada,Rosca De Reyes Chica Frutas,futuro
2025-04-07,12.44,Especial de Temporada,Rosca De Reyes Chica Frutas,futuro
2025-04-08,12.44,Especial de Temporada,Rosca De Reyes Chica Frutas,futuro
2025-04-09,12.44,Especial de Temporada,Rosca De Reyes Chica Frutas,futuro
2025-01-09,8.52,Especial de Temporada,Rosca De Reyes Grande Frutas,futuro
2025-01-10,11.5,Especial de Temporada,Rosca De Reyes Grande Frutas,futuro
2025-01-11,29.15,Especial de Temporada,Rosca De Reyes Grande Frutas,futuro
2025-01-12,9.08,Especial de Temporada,Rosca De Reyes Grande Frutas,futuro
2025-01-13,3.47,Especial de Temporada,Rosca De Reyes Grande Frutas,futuro
2025-01-14,8.52,Especial de Temporada,Rosca De Reyes Grande Frutas,futuro
2025-01-15,9.88,Especial de Temporada,Rosca De Reyes Grande Frutas,futuro
2025-01-16,9.03,Especial de Temporada,Rosca De Reyes Grande Frutas,futuro
2025-01-17,10.65,Especial de Temporada,Rosca De Reyes Grande Frutas,futuro
2025-01-18,29.15,Especial de Temporada,Rosca De Reyes Grande Frutas,futuro
2025-01-19,9.08,Especial de Temporada,Rosca De Reyes Grande Frutas,futuro
2025-01-20,3.47,Especial de Temporada,Rosca De Reyes Grande Frutas,futuro
2025-01-21,8.52,Especial de Temporada,Rosca De Reyes Grande Frutas,futuro
2025-01-22,9.88,Especial de Temporada,Rosca De Reyes Grande Frutas,futuro
2025-01-23,9.03,Especial de Temporada,Rosca De Reyes Grande Frutas,futuro
2025-01-24,10.65,Especial de Temporada,Rosca De Reyes Grande Frutas,futuro
2025-01-25,29.15,Especial de Temporada,Rosca De Reyes Grande Frutas,futuro
2025-01-26,9.08,Especial de Temporada,Rosca De Reyes Grande Frutas,futuro
2025-01-27,3.47,Especial de Temporada,Rosca De Reyes Grande Frutas,futuro
2025-01-28,8.52,Especial de Temporada,Rosca De Reyes Grande Frutas,futuro
2025-01-29,9.88,Especial de Temporada,Rosca De Reyes Grande Frutas,futuro
2025-01-30,9.03,Especial de Temporada,Rosca De Reyes Grande Frutas,futuro
2025-01-31,10.65,Especial de Temporada,Rosca De Reyes Grande Frutas,futuro
2025-02-01,29.15,Especial de Temporada,Rosca De Reyes Grande Frutas,futuro
2025-02-02,9.08,Especial de Temporada,Rosca De Reyes Grande Frutas,futuro
2025-02-03,3.47,Especial de Temporada,Rosca De Reyes Grande Frutas,futuro
2025-02-04,8.52,Especial de Temporada,Rosca De Reyes Grande Frutas,futuro
2025-02-05,9.88,Especial de Temporada,Rosca De Reyes Grande Frutas,futuro
2025-02-06,9.03,Especial de Temporada,Rosca De Reyes Grande Frutas,futuro
2025-02-07,10.65,Especial de Temporada,Rosca De Reyes Grande Frutas,futuro
2025-02-08,29.15,Especial de Temporada,Rosca De Reyes Grande Frutas,futuro
2025-02-09,9.08,Especial de Temporada,Rosca De Reyes Grande Frutas,futuro
2025-02-10,3.47,Especial de Temporada,Rosca De Reyes Grande Frutas,futuro
2025-02-11,8.52,Especial de Temporada,Rosca De Reyes Grande Frutas,futuro
2025-02-12,9.88,Especial de Temporada,Rosca De Reyes Grande Frutas,futuro
2025-02-13,9.03,Especial de Temporada,Rosca De Reyes Grande Frutas,futuro
2025-02-14,10.65,Especial de Temporada,Rosca De Reyes Grande Frutas,futuro
2025-02-15,29.15,Especial de Temporada,Rosca De Reyes Grande Frutas,futuro
2025-02-16,9.08,Especial de Temporada,Rosca De Reyes Grande Frutas,futuro
2025-02-17,3.47,Especial de Temporada,Rosca De Reyes Grande Frutas,futuro
2025-02-18,8.52,Especial de Temporada,Rosca De Reyes Grande Frutas,futuro
2025-02-19,9.88,Especial de Temporada,Rosca De Reyes Grande Frutas,futuro
2025-02-20,9.03,Especial de Temporada,Rosca De Reyes Grande Frutas,futuro
2025-02-21,10.65,Especial de Temporada,Rosca De Reyes Grande Frutas,futuro
2025-02-22,29.15,Especial de Temporada,Rosca De Reyes Grande Frutas,futuro
2025-02-23,9.08,Especial de Temporada,Rosca De Reyes Grande Frutas,futuro
2025-02-24,3.47,Especial de Temporada,Rosca De Reyes Grande Frutas,futuro
2025-02-25,8.52,Especial de Temporada,Rosca De Reyes Grande Frutas,futuro
2025-02-26,9.88,Especial de Temporada,Rosca De Reyes Grande Frutas,futuro
2025-02-27,9.03,Especial de Temporada,Rosca De Reyes Grande Frutas,futuro
2025-02-28,10.65,Especial de Temporada,Rosca De Reyes Grande Frutas,futuro
2025-03-01,29.15,Especial de Temporada,Rosca De Reyes Grande Frutas,futuro
2025-03-02,9.08,Especial de Temporada,Rosca De Reyes Grande Frutas,futuro
2025-03-03,3.47,Especial de Temporada,Rosca De Reyes Grande Frutas,futuro
2025-03-04,8.52,Especial de Temporada,Rosca De Reyes Grande Frutas,futuro
2025-03-05,9.88,Especial de Temporada,Rosca De Reyes Grande Frutas,futuro
2025-03-06,9.03,Especial de Temporada,Rosca De Reyes Grande Frutas,futuro
2025-03-07,10.65,Especial de Temporada,Rosca De Reyes Grande Frutas,futuro
2025-03-08,29.15,Especial de Temporada,Rosca De Reyes Grande Frutas,futuro
2025-03-09,9.08,Especial de Temporada,Rosca De Reyes Grande Frutas,futuro
2025-03-10,3.47,Especial de Temporada,Rosca De Reyes Grande Frutas,futuro
2025-03-11,8.52,Especial de Temporada,Rosca De Reyes Grande Frutas,futuro
2025-03-12,9.88,Especial de Temporada,Rosca De Reyes Grande Frutas,futuro
2025-03-13,9.03,Especial de Temporada,Rosca De Reyes Grande Frutas,futuro
2025-03-14,10.65,Especial de Temporada,Rosca De Reyes Grande Frutas,futuro
2025-03-15,29.15,Especial de Temporada,Rosca De Reyes Grande Frutas,futuro
2025-03-16,9.08,Especial de Temporada,Rosca De Reyes Grande Frutas,futuro
2025-03-17,3.47,Especial de Temporada,Rosca De Reyes Grande Frutas,futuro
2025-03-18,8.52,Especial de Temporada,Rosca De Reyes Grande Frutas,futuro
2025-03-19,9.88,Especial de Temporada,Rosca De Reyes Grande Frutas,futuro
2025-03-20,9.03,Especial de Temporada,Rosca De Reyes Grande Frutas,futuro
2025-03-21,10.65,Especial de Temporada,Rosca De Reyes Grande Frutas,futuro
2025-03-22,29.15,Especial de Temporada,Rosca De Reyes Grande Frutas,futuro
2025-03-23,9.08,Especial de Temporada,Rosca De Reyes Grande Frutas,futuro
2025-03-24,3.47,Especial de Temporada,Rosca De Reyes Grande Frutas,futuro
2025-03-25,8.52,Especial de Temporada,Rosca De Reyes Grande Frutas,futuro
2025-03-26,9.88,Especial de Temporada,Rosca De Reyes Grande Frutas,futuro
2025-03-27,9.03,Especial de Temporada,Rosca De Reyes Grande Frutas,futuro
2025-03-28,10.65,Especial de Temporada,Rosca De Reyes Grande Frutas,futuro
2025-03-29,29.15,Especial de Temporada,Rosca De Reyes Grande Frutas,futuro
2025-03-30,9.08,Especial de Temporada,Rosca De Reyes Grande Frutas,futuro
2025-03-31,3.47,Especial de Temporada,Rosca De Reyes Grande Frutas,futuro
2025-04-01,8.52,Especial de Temporada,Rosca De Reyes Grande Frutas,futuro
2025-04-02,9.88,Especial de Temporada,Rosca De Reyes Grande Frutas,futuro
2025-04-03,9.03,Especial de Temporada,Rosca De Reyes Grande Frutas,futuro
2025-04-04,10.65,Especial de Temporada,Rosca De Reyes Grande Frutas,futuro
2025-04-05,29.15,Especial de Temporada,Rosca De Reyes Grande Frutas,futuro
2025-04-06,9.08,Especial de Temporada,Rosca De Reyes Grande Frutas,futuro
2025-04-07,3.47,Especial de Temporada,Rosca De Reyes Grande Frutas,futuro
2025-04-08,8.52,Especial de Temporada,Rosca De Reyes Grande Frutas,futuro
2024-01-08,34.26,Especial de Temporada,Rosca De Reyes Turín,futuro
2024-01-09,1.94,Especial de Temporada,Rosca De Reyes Turín,futuro
2024-01-10,34.26,Especial de Temporada,Rosca De Reyes Turín,futuro
2024-01-11,34.26,Especial de Temporada,Rosca De Reyes Turín,futuro
2024-01-12,1.94,Especial de Temporada,Rosca De Reyes Turín,futuro
2024-01-13,34.26,Especial de Temporada,Rosca De Reyes Turín,futuro
2024-01-14,1.94,Especial de Temporada,Rosca De Reyes Turín,futuro
2024-01-15,34.26,Especial de Temporada,Rosca De Reyes Turín,futuro
2024-01-16,34.26,Especial de Temporada,Rosca De Reyes Turín,futuro
2024-01-17,1.94,Especial de Temporada,Rosca De Reyes Turín,futuro
2024-01-18,34.26,Especial de Temporada,Rosca De Reyes Turín,futuro
2024-01-19,1.94,Especial de Temporada,Rosca De Reyes Turín,futuro
2024-01-20,34.26,Especial de Temporada,Rosca De Reyes Turín,futuro
2024-01-21,34.26,Especial de Temporada,Rosca De Reyes Turín,futuro
2024-01-22,1.94,Especial de Temporada,Rosca De Reyes Turín,futuro
2024-01-23,34.26,Especial de Temporada,Rosca De Reyes Turín,futuro
2024-01-24,1.94,Especial de Temporada,Rosca De Reyes Turín,futuro
2024-01-25,34.26,Especial de Temporada,Rosca De Reyes Turín,futuro
2024-01-26,34.26,Especial de Temporada,Rosca De Reyes Turín,futuro
2024-01-27,1.94,Especial de Temporada,Rosca De Reyes Turín,futuro
2024-01-28,34.26,Especial de Temporada,Rosca De Reyes Turín,futuro
2024-01-29,1.94,Especial de Temporada,Rosca De Reyes Turín,futuro
2024-01-30,34.26,Especial de Temporada,Rosca De Reyes Turín,futuro
2024-01-31,34.26,Especial de Temporada,Rosca De Reyes Turín,futuro
2024-02-01,1.94,Especial de Temporada,Rosca De Reyes Turín,futuro
2024-02-02,34.26,Especial de Temporada,Rosca De Reyes Turín,futuro
2024-02-03,1.94,Especial de Temporada,Rosca De Reyes Turín,futuro
2024-02-04,34.26,Especial de Temporada,Rosca De Reyes Turín,futuro
2024-02-05,34.26,Especial de Temporada,Rosca De Reyes Turín,futuro
2024-02-06,1.94,Especial de Temporada,Rosca De Reyes Turín,futuro
2024-02-07,34.26,Especial de Temporada,Rosca De Reyes Turín,futuro
2024-02-08,1.94,Especial de Temporada,Rosca De Reyes Turín,futuro
2024-02-09,34.26,Especial de Temporada,Rosca De Reyes Turín,futuro
2024-02-10,34.26,Especial de Temporada,Rosca De Reyes Turín,futuro
2024-02-11,1.94,Especial de Temporada,Rosca De Reyes Turín,futuro
2024-02-12,34.26,Especial de Temporada,Rosca De Reyes Turín,futuro
2024-02-13,1.94,Especial de Temporada,Rosca De Reyes Turín,futuro
2024-02-14,34.26,Especial de Temporada,Rosca De Reyes Turín,futuro
2024-02-15,34.26,Especial de Temporada,Rosca De Reyes Turín,futuro
2024-02-16,1.94,Especial de Temporada,Rosca De Reyes Turín,futuro
2024-02-17,34.26,Especial de Temporada,Rosca De Reyes Turín,futuro
2024-02-18,1.94,Especial de Temporada,Rosca De Reyes Turín,futuro
2024-02-19,34.26,Especial de Temporada,Rosca De Reyes Turín,futuro
2024-02-20,34.26,Especial de Temporada,Rosca De Reyes Turín,futuro
2024-02-21,1.94,Especial de Temporada,Rosca De Reyes Turín,futuro
2024-02-22,34.26,Especial de Temporada,Rosca De Reyes Turín,futuro
2024-02-23,1.94,Especial de Temporada,Rosca De Reyes Turín,futuro
2024-02-24,34.26,Especial de Temporada,Rosca De Reyes Turín,futuro
2024-02-25,34.26,Especial de Temporada,Rosca De Reyes Turín,futuro
2024-02-26,1.94,Especial de Temporada,Rosca De Reyes Turín,futuro
2024-02-27,34.26,Especial de Temporada,Rosca De Reyes Turín,futuro
2024-02-28,1.94,Especial de Temporada,Rosca De Reyes Turín,futuro
2024-02-29,34.26,Especial de Temporada,Rosca De Reyes Turín,futuro
2024-03-01,34.26,Especial de Temporada,Rosca De Reyes Turín,futuro
2024-03-02,1.94,Especial de Temporada,Rosca De Reyes Turín,futuro
2024-03-03,34.26,Especial de Temporada,Rosca De Reyes Turín,futuro
2024-03-04,1.94,Especial de Temporada,Rosca De Reyes Turín,futuro
2024-03-05,34.26,Especial de Temporada,Rosca De Reyes Turín,futuro
2024-03-06,34.26,Especial de Temporada,Rosca De Reyes Turín,futuro
2024-03-07,1.94,Especial de Temporada,Rosca De Reyes Turín,futuro
2024-03-08,34.26,Especial de Temporada,Rosca De Reyes Turín,futuro
2024-03-09,1.94,Especial de Temporada,Rosca De Reyes Turín,futuro
2024-03-10,34.26,Especial de Temporada,Rosca De Reyes Turín,futuro
2024-03-11,34.26,Especial de Temporada,Rosca De Reyes Turín,futuro
2024-03-12,1.94,Especial de Temporada,Rosca De Reyes Turín,futuro
2024-03-13,34.26,Especial de Temporada,Rosca De Reyes Turín,futuro
2024-03-14,1.94,Especial de Temporada,Rosca De Reyes Turín,futuro
2024-03-15,34.26,Especial de Temporada,Rosca De Reyes Turín,futuro
2024-03-16,34.26,Especial de Temporada,Rosca De Reyes Turín,futuro
2024-03-17,1.94,Especial de Temporada,Rosca De Reyes Turín,futuro
2024-03-18,34.26,Especial de Temporada,Rosca De Reyes Turín,futuro
2024-03-19,1.94,Especial de Temporada,Rosca De Reyes Turín,futuro
2024-03-20,34.26,Especial de Temporada,Rosca De Reyes Turín,futuro
2024-03-21,34.26,Especial de Temporada,Rosca De Reyes Turín,futuro
2024-03-22,1.94,Especial de Temporada,Rosca De Reyes Turín,futuro
2024-03-23,34.26,Especial de Temporada,Rosca De Reyes Turín,futuro
2024-03-24,1.94,Especial de Temporada,Rosca De Reyes Turín,futuro
2024-03-25,34.26,Especial de Temporada,Rosca De Reyes Turín,futuro
2024-03-26,34.26,Especial de Temporada,Rosca De Reyes Turín,futuro
2024-03-27,1.94,Especial de Temporada,Rosca De Reyes Turín,futuro
2024-03-28,34.26,Especial de Temporada,Rosca De Reyes Turín,futuro
2024-03-29,1.94,Especial de Temporada,Rosca De Reyes Turín,futuro
2024-03-30,34.26,Especial de Temporada,Rosca De Reyes Turín,futuro
2024-03-31,34.26,Especial de Temporada,Rosca De Reyes Turín,futuro
2024-04-01,1.94,Especial de Temporada,Rosca De Reyes Turín,futuro
2024-04-02,34.26,Especial de Temporada,Rosca De Reyes Turín,futuro
2024-04-03,1.94,Especial de Temporada,Rosca De Reyes Turín,futuro
2024-04-04,34.26,Especial de Temporada,Rosca De Reyes Turín,futuro
2024-04-05,34.26,Especial de Temporada,Rosca De Reyes Turín,futuro
2024-04-06,1.94,Especial de Temporada,Rosca De Reyes Turín,futuro
2025-12-14,0.43,Galletas,Alfajor Duo,futuro
2025-12-15,0.37,Galletas,Alfajor Duo,futuro
2025-12-16,0.46,Galletas,Alfajor Duo,futuro
2025-12-17,0.43,Galletas,Alfajor Duo,futuro
2025-12-18,0.41,Galletas,Alfajor Duo,futuro
2025-12-19,0.41,Galletas,Alfajor Duo,futuro
2025-12-20,0.51,Galletas,Alfajor Duo,futuro
2025-12-21,0.36,Galletas,Alfajor Duo,futuro
2025-12-22,0.41,Galletas,Alfajor Duo,futuro
2025-12-23,0.34,Galletas,Alfajor Duo,futuro
2025-12-24,1.63,Galletas,Alfajor Duo,futuro
2025-12-25,3.03,Galletas,Alfajor Duo,futuro
2025-12-26,0.27,Galletas,Alfajor Duo,futuro
2025-12-27,0.13,Galletas,Alfajor Duo,futuro
2025-12-28,0.55,Galletas,Alfajor Duo,futuro
2025-12-29,0.53,Galletas,Alfajor Duo,futuro
2025-12-30,0.41,Galletas,Alfajor Duo,futuro
2025-12-31,0.28,Galletas,Alfajor Duo,futuro
2026-01-01,0.82,Galletas,Alfajor Duo,futuro
2026-01-02,0.51,Galletas,Alfajor Duo,futuro
2026-01-03,0.88,Galletas,Alfajor Duo,futuro
2026-01-04,0.53,Galletas,Alfajor Duo,futuro
2026-01-05,0.33,Galletas,Alfajor Duo,futuro
2026-01-06,0.42,Galletas,Alfajor Duo,futuro
2026-01-07,0.4,Galletas,Alfajor Duo,futuro
2026-01-08,0.39,Galletas,Alfajor Duo,futuro
2026-01-09,0.38,Galletas,Alfajor Duo,futuro
2026-01-10,0.42,Galletas,Alfajor Duo,futuro
2026-01-11,0.38,Galletas,Alfajor Duo,futuro
2026-01-12,0.36,Galletas,Alfajor Duo,futuro
2026-01-13,0.41,Galletas,Alfajor Duo,futuro
2026-01-14,0.41,Galletas,Alfajor Duo,futuro
2026-01-15,0.38,Galletas,Alfajor Duo,futuro
2026-01-16,0.38,Galletas,Alfajor Duo,futuro
2026-01-17,0.42,Galletas,Alfajor Duo,futuro
2026-01-18,0.38,Galletas,Alfajor Duo,futuro
2026-01-19,0.36,Galletas,Alfajor Duo,futuro
2026-01-20,0.41,Galletas,Alfajor Duo,futuro
2026-01-21,0.41,Galletas,Alfajor Duo,futuro
2026-01-22,0.38,Galletas,Alfajor Duo,futuro
2026-01-23,0.38,Galletas,Alfajor Duo,futuro
2026-01-24,0.42,Galletas,Alfajor Duo,futuro
2026-01-25,0.38,Galletas,Alfajor Duo,futuro
2026-01-26,0.36,Galletas,Alfajor Duo,futuro
2026-01-27,0.41,Galletas,Alfajor Duo,futuro
2026-01-28,0.41,Galletas,Alfajor Duo,futuro
2026-01-29,0.38,Galletas,Alfajor Duo,futuro
2026-01-30,0.38,Galletas,Alfajor Duo,futuro
2026-01-31,0.42,Galletas,Alfajor Duo,futuro
2026-02-01,0.37,Galletas,Alfajor Duo,futuro
2026-02-02,0.35,Galletas,Alfajor Duo,futuro
2026-02-03,0.41,Galletas,Alfajor Duo,futuro
2026-02-04,0.41,Galletas,Alfajor Duo,futuro
2026-02-05,0.37,Galletas,Alfajor Duo,futuro
2026-02-06,0.37,Galletas,Alfajor Duo,futuro
2026-02-07,0.41,Galletas,Alfajor Duo,futuro
2026-02-08,0.37,Galletas,Alfajor Duo,futuro
2026-02-09,0.35,Galletas,Alfajor Duo,futuro
2026-02-10,0.41,Galletas,Alfajor Duo,futuro
2026-02-11,0.41,Galletas,Alfajor Duo,futuro
2026-02-12,0.37,Galletas,Alfajor Duo,futuro
2026-02-13,0.37,Galletas,Alfajor Duo,futuro
2026-02-14,0.41,Galletas,Alfajor Duo,futuro
2026-02-15,0.37,Galletas,Alfajor Duo,futuro
2026-02-16,0.35,Galletas,Alfajor Duo,futuro
2026-02-17,0.41,Galletas,Alfajor Duo,futuro
2026-02-18,0.41,Galletas,Alfajor Duo,futuro
2026-02-19,0.37,Galletas,Alfajor Duo,futuro
2026-02-20,0.37,Galletas,Alfajor Duo,futuro
2026-02-21,0.41,Galletas,Alfajor Duo,futuro
2026-02-22,0.37,Galletas,Alfajor Duo,futuro
2026-02-23,0.35,Galletas,Alfajor Duo,futuro
2026-02-24,0.41,Galletas,Alfajor Duo,futuro
2026-02-25,0.41,Galletas,Alfajor Duo,futuro
2026-02-26,0.37,Galletas,Alfajor Duo,futuro
2026-02-27,0.37,Galletas,Alfajor Duo,futuro
2026-02-28,0.41,Galletas,Alfajor Duo,futuro
2026-03-01,0.34,Galletas,Alfajor Duo,futuro
2026-03-02,0.32,Galletas,Alfajor Duo,futuro
2026-03-03,0.38,Galletas,Alfajor Duo,futuro
2026-03-04,0.37,Galletas,Alfajor Duo,futuro
2026-03-05,0.34,Galletas,Alfajor Duo,futuro
2026-03-06,0.34,Galletas,Alfajor Duo,futuro
2026-03-07,0.38,Galletas,Alfajor Duo,futuro
2026-03-08,0.34,Galletas,Alfajor Duo,futuro
2026-03-09,0.32,Galletas,Alfajor Duo,futuro
2026-03-10,0.38,Galletas,Alfajor Duo,futuro
2026-03-11,0.37,Galletas,Alfajor Duo,futuro
2026-03-12,0.34,Galletas,Alfajor Duo,futuro
2026-03-13,0.34,Galletas,Alfajor Duo,futuro
2025-02-17,0.0,Galletas,Alfajores 8 Pzas,futuro
2025-02-18,0.0,Galletas,Alfajores 8 Pzas,futuro
2025-02-19,0.0,Galletas,Alfajores 8 Pzas,futuro
2025-02-20,0.0,Galletas,Alfajores 8 Pzas,futuro
2025-02-21,0.0,Galletas,Alfajores 8 Pzas,futuro
2025-02-22,0.19,Galletas,Alfajores 8 Pzas,futuro
2025-02-23,0.0,Galletas,Alfajores 8 Pzas,futuro
2025-02-24,0.0,Galletas,Alfajores 8 Pzas,futuro
2025-02-25,0.0,Galletas,Alfajores 8 Pzas,futuro
2025-02-26,0.0,Galletas,Alfajores 8 Pzas,futuro
2025-02-27,0.0,Galletas,Alfajores 8 Pzas,futuro
2025-02-28,0.0,Galletas,Alfajores 8 Pzas,futuro
2025-03-01,0.0,Galletas,Alfajores 8 Pzas,futuro
2025-03-02,0.0,Galletas,Alfajores 8 Pzas,futuro
2025-03-03,0.0,Galletas,Alfajores 8 Pzas,futuro
2025-03-04,0.0,Galletas,Alfajores 8 Pzas,futuro
2025-03-05,0.0,Galletas,Alfajores 8 Pzas,futuro
2025-03-06,0.0,Galletas,Alfajores 8 Pzas,futuro
2025-03-07,0.0,Galletas,Alfajores 8 Pzas,futuro
2025-03-08,0.0,Galletas,Alfajores 8 Pzas,futuro
2025-03-09,0.0,Galletas,Alfajores 8 Pzas,futuro
2025-03-10,0.0,Galletas,Alfajores 8 Pzas,futuro
2025-03-11,0.0,Galletas,Alfajores 8 Pzas,futuro
2025-03-12,0.0,Galletas,Alfajores 8 Pzas,futuro
2025-03-13,0.0,Galletas,Alfajores 8 Pzas,futuro
2025-03-14,0.0,Galletas,Alfajores 8 Pzas,futuro
2025-03-15,0.0,Galletas,Alfajores 8 Pzas,futuro
2025-03-16,0.0,Galletas,Alfajores 8 Pzas,futuro
2025-03-17,0.0,Galletas,Alfajores 8 Pzas,futuro
2025-03-18,0.0,Galletas,Alfajores 8 Pzas,futuro
2025-03-19,0.0,Galletas,Alfajores 8 Pzas,futuro
2025-03-20,0.0,Galletas,Alfajores 8 Pzas,futuro
2025-03-21,0.0,Galletas,Alfajores 8 Pzas,futuro
2025-03-22,0.0,Galletas,Alfajores 8 Pzas,futuro
2025-03-23,0.0,Galletas,Alfajores 8 Pzas,futuro
2025-03-24,0.0,Galletas,Alfajores 8 Pzas,futuro
2025-03-25,0.0,Galletas,Alfajores 8 Pzas,futuro
2025-03-26,0.0,Galletas,Alfajores 8 Pzas,futuro
2025-03-27,0.0,Galletas,Alfajores 8 Pzas,futuro
2025-03-28,0.0,Galletas,Alfajores 8 Pzas,futuro
2025-03-29,0.0,Galletas,Alfajores 8 Pzas,futuro
2025-03-30,0.0,Galletas,Alfajores 8 Pzas,futuro
2025-03-31,0.0,Galletas,Alfajores 8 Pzas,futuro
2025-04-01,0.0,Galletas,Alfajores 8 Pzas,futuro
2025-04-02,0.0,Galletas,Alfajores 8 Pzas,futuro
2025-04-03,0.0,Galletas,Alfajores 8 Pzas,futuro
2025-04-04,0.0,Galletas,Alfajores 8 Pzas,futuro
2025-04-05,0.01,Galletas,Alfajores 8 Pzas,futuro
2025-04-06,0.01,Galletas,Alfajores 8 Pzas,futuro
2025-04-07,0.0,Galletas,Alfajores 8 Pzas,futuro
2025-04-08,0.0,Galletas,Alfajores 8 Pzas,futuro
2025-04-09,0.0,Galletas,Alfajores 8 Pzas,futuro
2025-04-10,0.0,Galletas,Alfajores 8 Pzas,futuro
2025-04-11,0.0,Galletas,Alfajores 8 Pzas,futuro
2025-04-12,0.01,Galletas,Alfajores 8 Pzas,futuro
2025-04-13,0.01,Galletas,Alfajores 8 Pzas,futuro
2025-04-14,0.0,Galletas,Alfajores 8 Pzas,futuro
2025-04-15,0.0,Galletas,Alfajores 8 Pzas,futuro
2025-04-16,0.0,Galletas,Alfajores 8 Pzas,futuro
2025-04-17,0.0,Galletas,Alfajores 8 Pzas,futuro
2025-04-18,0.0,Galletas,Alfajores 8 Pzas,futuro
2025-04-19,0.01,Galletas,Alfajores 8 Pzas,futuro
2025-04-20,0.01,Galletas,Alfajores 8 Pzas,futuro
2025-04-21,0.0,Galletas,Alfajores 8 Pzas,futuro
2025-04-22,0.0,Galletas,Alfajores 8 Pzas,futuro
2025-04-23,0.0,Galletas,Alfajores 8 Pzas,futuro
2025-04-24,0.0,Galletas,Alfajores 8 Pzas,futuro
2025-04-25,0.0,Galletas,Alfajores 8 Pzas,futuro
2025-04-26,0.01,Galletas,Alfajores 8 Pzas,futuro
2025-04-27,0.01,Galletas,Alfajores 8 Pzas,futuro
2025-04-28,0.0,Galletas,Alfajores 8 Pzas,futuro
2025-04-29,0.0,Galletas,Alfajores 8 Pzas,futuro
2025-04-30,0.0,Galletas,Alfajores 8 Pzas,futuro
2025-05-01,0.0,Galletas,Alfajores 8 Pzas,futuro
2025-05-02,0.0,Galletas,Alfajores 8 Pzas,futuro
2025-05-03,0.0,Galletas,Alfajores 8 Pzas,futuro
2025-05-04,0.0,Galletas,Alfajores 8 Pzas,futuro
2025-05-05,0.0,Galletas,Alfajores 8 Pzas,futuro
2025-05-06,0.0,Galletas,Alfajores 8 Pzas,futuro
2025-05-07,0.0,Galletas,Alfajores 8 Pzas,futuro
2025-05-08,0.0,Galletas,Alfajores 8 Pzas,futuro
2025-05-09,0.0,Galletas,Alfajores 8 Pzas,futuro
2025-05-10,0.0,Galletas,Alfajores 8 Pzas,futuro
2025-05-11,0.0,Galletas,Alfajores 8 Pzas,futuro
2025-05-12,0.0,Galletas,Alfajores 8 Pzas,futuro
2025-05-13,0.0,Galletas,Alfajores 8 Pzas,futuro
2025-05-14,0.0,Galletas,Alfajores 8 Pzas,futuro
2025-05-15,0.0,Galletas,Alfajores 8 Pzas,futuro
2025-05-16,0.0,Galletas,Alfajores 8 Pzas,futuro
2025-05-17,0.0,Galletas,Alfajores 8 Pzas,futuro
2025-12-12,0.98,Galletas,Alfajores de chocolate 4 pzas,futuro
2025-12-13,0.98,Galletas,Alfajores de chocolate 4 pzas,futuro
2025-12-14,0.0,Galletas,Alfajores de chocolate 4 pzas,futuro
2025-12-15,0.0,Galletas,Alfajores de chocolate 4 pzas,futuro
2025-12-16,0.0,Galletas,Alfajores de chocolate 4 pzas,futuro
2025-12-17,0.98,Galletas,Alfajores de chocolate 4 pzas,futuro
2025-12-18,0.98,Galletas,Alfajores de chocolate 4 pzas,futuro
2025-12-19,0.98,Galletas,Alfajores de chocolate 4 pzas,futuro
2025-12-20,0.98,Galletas,Alfajores de chocolate 4 pzas,futuro
2025-12-21,0.0,Galletas,Alfajores de chocolate 4 pzas,futuro
2025-12-22,0.0,Galletas,Alfajores de chocolate 4 pzas,futuro
2025-12-23,0.0,Galletas,Alfajores de chocolate 4 pzas,futuro
2025-12-24,0.98,Galletas,Alfajores de chocolate 4 pzas,futuro
2025-12-25,0.98,Galletas,Alfajores de chocolate 4 pzas,futuro
2025-12-26,0.98,Galletas,Alfajores de chocolate 4 pzas,futuro
2025-12-27,0.98,Galletas,Alfajores de chocolate 4 pzas,futuro
2025-12-28,0.0,Galletas,Alfajores de chocolate 4 pzas,futuro
2025-12-29,0.0,Galletas,Alfajores de chocolate 4 pzas,futuro
2025-12-30,0.0,Galletas,Alfajores de chocolate 4 pzas,futuro
2025-12-31,0.98,Galletas,Alfajores de chocolate 4 pzas,futuro
2026-01-01,0.98,Galletas,Alfajores de chocolate 4 pzas,futuro
2026-01-02,0.98,Galletas,Alfajores de chocolate 4 pzas,futuro
2026-01-03,0.98,Galletas,Alfajores de chocolate 4 pzas,futuro
2026-01-04,0.0,Galletas,Alfajores de chocolate 4 pzas,futuro
2026-01-05,0.0,Galletas,Alfajores de chocolate 4 pzas,futuro
2026-01-06,0.0,Galletas,Alfajores de chocolate 4 pzas,futuro
2026-01-07,0.98,Galletas,Alfajores de chocolate 4 pzas,futuro
2026-01-08,0.98,Galletas,Alfajores de chocolate 4 pzas,futuro
2026-01-09,0.98,Galletas,Alfajores de chocolate 4 pzas,futuro
2026-01-10,0.98,Galletas,Alfajores de chocolate 4 pzas,futuro
2026-01-11,0.0,Galletas,Alfajores de chocolate 4 pzas,futuro
2026-01-12,0.0,Galletas,Alfajores de chocolate 4 pzas,futuro
2026-01-13,0.0,Galletas,Alfajores de chocolate 4 pzas,futuro
2026-01-14,0.98,Galletas,Alfajores de chocolate 4 pzas,futuro
2026-01-15,0.98,Galletas,Alfajores de chocolate 4 pzas,futuro
2026-01-16,0.98,Galletas,Alfajores de chocolate 4 pzas,futuro
2026-01-17,0.98,Galletas,Alfajores de chocolate 4 pzas,futuro
2026-01-18,0.0,Galletas,Alfajores de chocolate 4 pzas,futuro
2026-01-19,0.0,Galletas,Alfajores de chocolate 4 pzas,futuro
2026-01-20,0.0,Galletas,Alfajores de chocolate 4 pzas,futuro
2026-01-21,0.98,Galletas,Alfajores de chocolate 4 pzas,futuro
2026-01-22,0.98,Galletas,Alfajores de chocolate 4 pzas,futuro
2026-01-23,0.98,Galletas,Alfajores de chocolate 4 pzas,futuro
2026-01-24,0.98,Galletas,Alfajores de chocolate 4 pzas,futuro
2026-01-25,0.0,Galletas,Alfajores de chocolate 4 pzas,futuro
2026-01-26,0.0,Galletas,Alfajores de chocolate 4 pzas,futuro
2026-01-27,0.0,Galletas,Alfajores de chocolate 4 pzas,futuro
2026-01-28,0.98,Galletas,Alfajores de chocolate 4 pzas,futuro
2026-01-29,0.98,Galletas,Alfajores de chocolate 4 pzas,futuro
2026-01-30,0.98,Galletas,Alfajores de chocolate 4 pzas,futuro
2026-01-31,0.98,Galletas,Alfajores de chocolate 4 pzas,futuro
2026-02-01,0.0,Galletas,Alfajores de chocolate 4 pzas,futuro
2026-02-02,0.0,Galletas,Alfajores de chocolate 4 pzas,futuro
2026-02-03,0.0,Galletas,Alfajores de chocolate 4 pzas,futuro
2026-02-04,0.98,Galletas,Alfajores de chocolate 4 pzas,futuro
2026-02-05,0.98,Galletas,Alfajores de chocolate 4 pzas,futuro
2026-02-06,0.98,Galletas,Alfajores de chocolate 4 pzas,futuro
2026-02-07,0.98,Galletas,Alfajores de chocolate 4 pzas,futuro
2026-02-08,0.0,Galletas,Alfajores de chocolate 4 pzas,futuro
2026-02-09,0.0,Galletas,Alfajores de chocolate 4 pzas,futuro
2026-02-10,0.0,Galletas,Alfajores de chocolate 4 pzas,futuro
2026-02-11,0.98,Galletas,Alfajores de chocolate 4 pzas,futuro
2026-02-12,0.98,Galletas,Alfajores de chocolate 4 pzas,futuro
2026-02-13,0.98,Galletas,Alfajores de chocolate 4 pzas,futuro
2026-02-14,0.98,Galletas,Alfajores de chocolate 4 pzas,futuro
2026-02-15,0.0,Galletas,Alfajores de chocolate 4 pzas,futuro
2026-02-16,0.0,Galletas,Alfajores de chocolate 4 pzas,futuro
2026-02-17,0.0,Galletas,Alfajores de chocolate 4 pzas,futuro
2026-02-18,0.98,Galletas,Alfajores de chocolate 4 pzas,futuro
2026-02-19,0.98,Galletas,Alfajores de chocolate 4 pzas,futuro
2026-02-20,0.98,Galletas,Alfajores de chocolate 4 pzas,futuro
2026-02-21,0.98,Galletas,Alfajores de chocolate 4 pzas,futuro
2026-02-22,0.0,Galletas,Alfajores de chocolate 4 pzas,futuro
2026-02-23,0.0,Galletas,Alfajores de chocolate 4 pzas,futuro
2026-02-24,0.0,Galletas,Alfajores de chocolate 4 pzas,futuro
2026-02-25,0.98,Galletas,Alfajores de chocolate 4 pzas,futuro
2026-02-26,0.98,Galletas,Alfajores de chocolate 4 pzas,futuro
2026-02-27,0.98,Galletas,Alfajores de chocolate 4 pzas,futuro
2026-02-28,0.98,Galletas,Alfajores de chocolate 4 pzas,futuro
2026-03-01,0.0,Galletas,Alfajores de chocolate 4 pzas,futuro
2026-03-02,0.0,Galletas,Alfajores de chocolate 4 pzas,futuro
2026-03-03,0.0,Galletas,Alfajores de chocolate 4 pzas,futuro
2026-03-04,0.98,Galletas,Alfajores de chocolate 4 pzas,futuro
2026-03-05,0.98,Galletas,Alfajores de chocolate 4 pzas,futuro
2026-03-06,0.98,Galletas,Alfajores de chocolate 4 pzas,futuro
2026-03-07,0.98,Galletas,Alfajores de chocolate 4 pzas,futuro
2026-03-08,0.0,Galletas,Alfajores de chocolate 4 pzas,futuro
2026-03-09,0.0,Galletas,Alfajores de chocolate 4 pzas,futuro
2026-03-10,0.0,Galletas,Alfajores de chocolate 4 pzas,futuro
2026-03-11,0.98,Galletas,Alfajores de chocolate 4 pzas,futuro
2025-12-15,1.08,Galletas,Bolsita de Empanaditas de Nuez,futuro
2025-12-16,0.62,Galletas,Bolsita de Empanaditas de Nuez,futuro
2025-12-17,1.23,Galletas,Bolsita de Empanaditas de Nuez,futuro
2025-12-18,0.72,Galletas,Bolsita de Empanaditas de Nuez,futuro
2025-12-19,0.99,Galletas,Bolsita de Empanaditas de Nuez,futuro
2025-12-20,1.34,Galletas,Bolsita de Empanaditas de Nuez,futuro
2025-12-21,1.4,Galletas,Bolsita de Empanaditas de Nuez,futuro
2025-12-22,0.74,Galletas,Bolsita de Empanaditas de Nuez,futuro
2025-12-23,0.96,Galletas,Bolsita de Empanaditas de Nuez,futuro
2025-12-24,1.01,Galletas,Bolsita de Empanaditas de Nuez,futuro
2025-12-25,0.8,Galletas,Bolsita de Empanaditas de Nuez,futuro
2025-12-26,1.44,Galletas,Bolsita de Empanaditas de Nuez,futuro
2025-12-27,1.28,Galletas,Bolsita de Empanaditas de Nuez,futuro
2025-12-28,1.28,Galletas,Bolsita de Empanaditas de Nuez,futuro
2025-12-29,0.91,Galletas,Bolsita de Empanaditas de Nuez,futuro
2025-12-30,0.9,Galletas,Bolsita de Empanaditas de Nuez,futuro
2025-12-31,0.93,Galletas,Bolsita de Empanaditas de Nuez,futuro
2026-01-01,0.76,Galletas,Bolsita de Empanaditas de Nuez,futuro
2026-01-02,1.02,Galletas,Bolsita de Empanaditas de Nuez,futuro
2026-01-03,0.97,Galletas,Bolsita de Empanaditas de Nuez,futuro
2026-01-04,1.03,Galletas,Bolsita de Empanaditas de Nuez,futuro
2026-01-05,0.7,Galletas,Bolsita de Empanaditas de Nuez,futuro
2026-01-06,0.71,Galletas,Bolsita de Empanaditas de Nuez,futuro
2026-01-07,0.72,Galletas,Bolsita de Empanaditas de Nuez,futuro
2026-01-08,0.59,Galletas,Bolsita de Empanaditas de Nuez,futuro
2026-01-09,0.93,Galletas,Bolsita de Empanaditas de Nuez,futuro
2026-01-10,0.94,Galletas,Bolsita de Empanaditas de Nuez,futuro
2026-01-11,1.04,Galletas,Bolsita de Empanaditas de Nuez,futuro
2026-01-12,0.69,Galletas,Bolsita de Empanaditas de Nuez,futuro
2026-01-13,0.71,Galletas,Bolsita de Empanaditas de Nuez,futuro
2026-01-14,0.62,Galletas,Bolsita de Empanaditas de Nuez,futuro
2026-01-15,0.69,Galletas,Bolsita de Empanaditas de Nuez,futuro
2026-01-16,0.87,Galletas,Bolsita de Empanaditas de Nuez,futuro
2026-01-17,0.95,Galletas,Bolsita de Empanaditas de Nuez,futuro
2026-01-18,1.05,Galletas,Bolsita de Empanaditas de Nuez,futuro
2026-01-19,0.69,Galletas,Bolsita de Empanaditas de Nuez,futuro
2026-01-20,0.71,Galletas,Bolsita de Empanaditas de Nuez,futuro
2026-01-21,0.65,Galletas,Bolsita de Empanaditas de Nuez,futuro
2026-01-22,0.69,Galletas,Bolsita de Empanaditas de Nuez,futuro
2026-01-23,0.87,Galletas,Bolsita de Empanaditas de Nuez,futuro
2026-01-24,0.95,Galletas,Bolsita de Empanaditas de Nuez,futuro
2026-01-25,1.05,Galletas,Bolsita de Empanaditas de Nuez,futuro
2026-01-26,0.69,Galletas,Bolsita de Empanaditas de Nuez,futuro
2026-01-27,0.71,Galletas,Bolsita de Empanaditas de Nuez,futuro
2026-01-28,0.65,Galletas,Bolsita de Empanaditas de Nuez,futuro
2026-01-29,0.69,Galletas,Bolsita de Empanaditas de Nuez,futuro
2026-01-30,0.87,Galletas,Bolsita de Empanaditas de Nuez,futuro
2026-01-31,0.95,Galletas,Bolsita de Empanaditas de Nuez,futuro
2026-02-01,1.28,Galletas,Bolsita de Empanaditas de Nuez,futuro
2026-02-02,0.91,Galletas,Bolsita de Empanaditas de Nuez,futuro
2026-02-03,0.96,Galletas,Bolsita de Empanaditas de Nuez,futuro
2026-02-04,0.85,Galletas,Bolsita de Empanaditas de Nuez,futuro
2026-02-05,0.92,Galletas,Bolsita de Empanaditas de Nuez,futuro
2026-02-06,1.1,Galletas,Bolsita de Empanaditas de Nuez,futuro
2026-02-07,1.19,Galletas,Bolsita de Empanaditas de Nuez,futuro
2026-02-08,1.2,Galletas,Bolsita de Empanaditas de Nuez,futuro
2026-02-09,0.86,Galletas,Bolsita de Empanaditas de Nuez,futuro
2026-02-10,0.97,Galletas,Bolsita de Empanaditas de Nuez,futuro
2026-02-11,1.01,Galletas,Bolsita de Empanaditas de Nuez,futuro
2026-02-12,0.99,Galletas,Bolsita de Empanaditas de Nuez,futuro
2026-02-13,0.99,Galletas,Bolsita de Empanaditas de Nuez,futuro
2026-02-14,1.21,Galletas,Bolsita de Empanaditas de Nuez,futuro
2026-02-15,1.32,Galletas,Bolsita de Empanaditas de Nuez,futuro
2026-02-16,1.04,Galletas,Bolsita de Empanaditas de Nuez,futuro
2026-02-17,1.0,Galletas,Bolsita de Empanaditas de Nuez,futuro
2026-02-18,0.83,Galletas,Bolsita de Empanaditas de Nuez,futuro
2026-02-19,1.01,Galletas,Bolsita de Empanaditas de Nuez,futuro
2026-02-20,1.28,Galletas,Bolsita de Empanaditas de Nuez,futuro
2026-02-21,1.27,Galletas,Bolsita de Empanaditas de Nuez,futuro
2026-02-22,1.25,Galletas,Bolsita de Empanaditas de Nuez,futuro
2026-02-23,1.07,Galletas,Bolsita de Empanaditas de Nuez,futuro
2026-02-24,1.18,Galletas,Bolsita de Empanaditas de Nuez,futuro
2026-02-25,1.13,Galletas,Bolsita de Empanaditas de Nuez,futuro
2026-02-26,1.13,Galletas,Bolsita de Empanaditas de Nuez,futuro
2026-02-27,1.1,Galletas,Bolsita de Empanaditas de Nuez,futuro
2026-02-28,1.51,Galletas,Bolsita de Empanaditas de Nuez,futuro
2026-03-01,1.4,Galletas,Bolsita de Empanaditas de Nuez,futuro
2026-03-02,1.13,Galletas,Bolsita de Empanaditas de Nuez,futuro
2026-03-03,1.1,Galletas,Bolsita de Empanaditas de Nuez,futuro
2026-03-04,1.07,Galletas,Bolsita de Empanaditas de Nuez,futuro
2026-03-05,1.1,Galletas,Bolsita de Empanaditas de Nuez,futuro
2026-03-06,1.18,Galletas,Bolsita de Empanaditas de Nuez,futuro
2026-03-07,1.39,Galletas,Bolsita de Empanaditas de Nuez,futuro
2026-03-08,1.4,Galletas,Bolsita de Empanaditas de Nuez,futuro
2026-03-09,1.1,Galletas,Bolsita de Empanaditas de Nuez,futuro
2026-03-10,1.1,Galletas,Bolsita de Empanaditas de Nuez,futuro
2026-03-11,1.07,Galletas,Bolsita de Empanaditas de Nuez,futuro
2026-03-12,1.1,Galletas,Bolsita de Empanaditas de Nuez,futuro
2026-03-13,1.18,Galletas,Bolsita de Empanaditas de Nuez,futuro
2026-03-14,1.39,Galletas,Bolsita de Empanaditas de Nuez,futuro
2025-12-15,0.66,Galletas,Galleta Mix 250 Grs,futuro
2025-12-16,0.59,Galletas,Galleta Mix 250 Grs,futuro
2025-12-17,1.06,Galletas,Galleta Mix 250 Grs,futuro
2025-12-18,0.61,Galletas,Galleta Mix 250 Grs,futuro
2025-12-19,0.56,Galletas,Galleta Mix 250 Grs,futuro
2025-12-20,1.55,Galletas,Galleta Mix 250 Grs,futuro
2025-12-21,0.67,Galletas,Galleta Mix 250 Grs,futuro
2025-12-22,0.68,Galletas,Galleta Mix 250 Grs,futuro
2025-12-23,0.7,Galletas,Galleta Mix 250 Grs,futuro
2025-12-24,0.44,Galletas,Galleta Mix 250 Grs,futuro
2025-12-25,0.62,Galletas,Galleta Mix 250 Grs,futuro
2025-12-26,0.59,Galletas,Galleta Mix 250 Grs,futuro
2025-12-27,1.15,Galletas,Galleta Mix 250 Grs,futuro
2025-12-28,1.21,Galletas,Galleta Mix 250 Grs,futuro
2025-12-29,0.48,Galletas,Galleta Mix 250 Grs,futuro
2025-12-30,0.61,Galletas,Galleta Mix 250 Grs,futuro
2025-12-31,0.55,Galletas,Galleta Mix 250 Grs,futuro
2026-01-01,0.55,Galletas,Galleta Mix 250 Grs,futuro
2026-01-02,0.48,Galletas,Galleta Mix 250 Grs,futuro
2026-01-03,0.54,Galletas,Galleta Mix 250 Grs,futuro
2026-01-04,0.66,Galletas,Galleta Mix 250 Grs,futuro
2026-01-05,0.45,Galletas,Galleta Mix 250 Grs,futuro
2026-01-06,0.44,Galletas,Galleta Mix 250 Grs,futuro
2026-01-07,0.41,Galletas,Galleta Mix 250 Grs,futuro
2026-01-08,0.45,Galletas,Galleta Mix 250 Grs,futuro
2026-01-09,0.4,Galletas,Galleta Mix 250 Grs,futuro
2026-01-10,0.58,Galletas,Galleta Mix 250 Grs,futuro
2026-01-11,0.63,Galletas,Galleta Mix 250 Grs,futuro
2026-01-12,0.45,Galletas,Galleta Mix 250 Grs,futuro
2026-01-13,0.44,Galletas,Galleta Mix 250 Grs,futuro
2026-01-14,0.36,Galletas,Galleta Mix 250 Grs,futuro
2026-01-15,0.36,Galletas,Galleta Mix 250 Grs,futuro
2026-01-16,0.36,Galletas,Galleta Mix 250 Grs,futuro
2026-01-17,0.57,Galletas,Galleta Mix 250 Grs,futuro
2026-01-18,0.63,Galletas,Galleta Mix 250 Grs,futuro
2026-01-19,0.45,Galletas,Galleta Mix 250 Grs,futuro
2026-01-20,0.44,Galletas,Galleta Mix 250 Grs,futuro
2026-01-21,0.36,Galletas,Galleta Mix 250 Grs,futuro
2026-01-22,0.36,Galletas,Galleta Mix 250 Grs,futuro
2026-01-23,0.36,Galletas,Galleta Mix 250 Grs,futuro
2026-01-24,0.57,Galletas,Galleta Mix 250 Grs,futuro
2026-01-25,0.63,Galletas,Galleta Mix 250 Grs,futuro
2026-01-26,0.45,Galletas,Galleta Mix 250 Grs,futuro
2026-01-27,0.44,Galletas,Galleta Mix 250 Grs,futuro
2026-01-28,0.36,Galletas,Galleta Mix 250 Grs,futuro
2026-01-29,0.36,Galletas,Galleta Mix 250 Grs,futuro
2026-01-30,0.36,Galletas,Galleta Mix 250 Grs,futuro
2026-01-31,0.57,Galletas,Galleta Mix 250 Grs,futuro
2026-02-01,0.67,Galletas,Galleta Mix 250 Grs,futuro
2026-02-02,0.5,Galletas,Galleta Mix 250 Grs,futuro
2026-02-03,0.49,Galletas,Galleta Mix 250 Grs,futuro
2026-02-04,0.4,Galletas,Galleta Mix 250 Grs,futuro
2026-02-05,0.41,Galletas,Galleta Mix 250 Grs,futuro
2026-02-06,0.4,Galletas,Galleta Mix 250 Grs,futuro
2026-02-07,0.6,Galletas,Galleta Mix 250 Grs,futuro
2026-02-08,0.67,Galletas,Galleta Mix 250 Grs,futuro
2026-02-09,0.5,Galletas,Galleta Mix 250 Grs,futuro
2026-02-10,0.49,Galletas,Galleta Mix 250 Grs,futuro
2026-02-11,0.4,Galletas,Galleta Mix 250 Grs,futuro
2026-02-12,0.41,Galletas,Galleta Mix 250 Grs,futuro
2026-02-13,0.4,Galletas,Galleta Mix 250 Grs,futuro
2026-02-14,0.6,Galletas,Galleta Mix 250 Grs,futuro
2026-02-15,0.67,Galletas,Galleta Mix 250 Grs,futuro
2026-02-16,0.5,Galletas,Galleta Mix 250 Grs,futuro
2026-02-17,0.49,Galletas,Galleta Mix 250 Grs,futuro
2026-02-18,0.4,Galletas,Galleta Mix 250 Grs,futuro
2026-02-19,0.41,Galletas,Galleta Mix 250 Grs,futuro
2026-02-20,0.4,Galletas,Galleta Mix 250 Grs,futuro
2026-02-21,0.6,Galletas,Galleta Mix 250 Grs,futuro
2026-02-22,0.67,Galletas,Galleta Mix 250 Grs,futuro
2026-02-23,0.5,Galletas,Galleta Mix 250 Grs,futuro
2026-02-24,0.49,Galletas,Galleta Mix 250 Grs,futuro
2026-02-25,0.4,Galletas,Galleta Mix 250 Grs,futuro
2026-02-26,0.41,Galletas,Galleta Mix 250 Grs,futuro
2026-02-27,0.4,Galletas,Galleta Mix 250 Grs,futuro
2026-02-28,0.6,Galletas,Galleta Mix 250 Grs,futuro
2026-03-01,0.57,Galletas,Galleta Mix 250 Grs,futuro
2026-03-02,0.4,Galletas,Galleta Mix 250 Grs,futuro
2026-03-03,0.42,Galletas,Galleta Mix 250 Grs,futuro
2026-03-04,0.39,Galletas,Galleta Mix 250 Grs,futuro
2026-03-05,0.39,Galletas,Galleta Mix 250 Grs,futuro
2026-03-06,0.35,Galletas,Galleta Mix 250 Grs,futuro
2026-03-07,0.55,Galletas,Galleta Mix 250 Grs,futuro
2026-03-08,0.57,Galletas,Galleta Mix 250 Grs,futuro
2026-03-09,0.4,Galletas,Galleta Mix 250 Grs,futuro
2026-03-10,0.42,Galletas,Galleta Mix 250 Grs,futuro
2026-03-11,0.39,Galletas,Galleta Mix 250 Grs,futuro
2026-03-12,0.39,Galletas,Galleta Mix 250 Grs,futuro
2026-03-13,0.35,Galletas,Galleta Mix 250 Grs,futuro
2026-03-14,0.55,Galletas,Galleta Mix 250 Grs,futuro
2025-12-14,0.35,Galletas,Galleta Mix 500 Grs,futuro
2025-12-15,0.89,Galletas,Galleta Mix 500 Grs,futuro
2025-12-16,0.63,Galletas,Galleta Mix 500 Grs,futuro
2025-12-17,0.47,Galletas,Galleta Mix 500 Grs,futuro
2025-12-18,0.51,Galletas,Galleta Mix 500 Grs,futuro
2025-12-19,0.5,Galletas,Galleta Mix 500 Grs,futuro
2025-12-20,0.56,Galletas,Galleta Mix 500 Grs,futuro
2025-12-21,0.39,Galletas,Galleta Mix 500 Grs,futuro
2025-12-22,0.37,Galletas,Galleta Mix 500 Grs,futuro
2025-12-23,0.54,Galletas,Galleta Mix 500 Grs,futuro
2025-12-24,0.64,Galletas,Galleta Mix 500 Grs,futuro
2025-12-25,0.83,Galletas,Galleta Mix 500 Grs,futuro
2025-12-26,1.57,Galletas,Galleta Mix 500 Grs,futuro
2025-12-27,0.68,Galletas,Galleta Mix 500 Grs,futuro
2025-12-28,0.58,Galletas,Galleta Mix 500 Grs,futuro
2025-12-29,0.49,Galletas,Galleta Mix 500 Grs,futuro
2025-12-30,0.34,Galletas,Galleta Mix 500 Grs,futuro
2025-12-31,1.62,Galletas,Galleta Mix 500 Grs,futuro
2026-01-01,0.85,Galletas,Galleta Mix 500 Grs,futuro
2026-01-02,0.61,Galletas,Galleta Mix 500 Grs,futuro
2026-01-03,0.69,Galletas,Galleta Mix 500 Grs,futuro
2026-01-04,0.34,Galletas,Galleta Mix 500 Grs,futuro
2026-01-05,0.18,Galletas,Galleta Mix 500 Grs,futuro
2026-01-06,0.31,Galletas,Galleta Mix 500 Grs,futuro
2026-01-07,0.32,Galletas,Galleta Mix 500 Grs,futuro
2026-01-08,0.34,Galletas,Galleta Mix 500 Grs,futuro
2026-01-09,0.54,Galletas,Galleta Mix 500 Grs,futuro
2026-01-10,0.5,Galletas,Galleta Mix 500 Grs,futuro
2026-01-11,0.45,Galletas,Galleta Mix 500 Grs,futuro
2026-01-12,0.31,Galletas,Galleta Mix 500 Grs,futuro
2026-01-13,0.35,Galletas,Galleta Mix 500 Grs,futuro
2026-01-14,0.44,Galletas,Galleta Mix 500 Grs,futuro
2026-01-15,0.39,Galletas,Galleta Mix 500 Grs,futuro
2026-01-16,0.49,Galletas,Galleta Mix 500 Grs,futuro
2026-01-17,0.65,Galletas,Galleta Mix 500 Grs,futuro
2026-01-18,0.46,Galletas,Galleta Mix 500 Grs,futuro
2026-01-19,0.33,Galletas,Galleta Mix 500 Grs,futuro
2026-01-20,0.36,Galletas,Galleta Mix 500 Grs,futuro
2026-01-21,0.4,Galletas,Galleta Mix 500 Grs,futuro
2026-01-22,0.41,Galletas,Galleta Mix 500 Grs,futuro
2026-01-23,0.5,Galletas,Galleta Mix 500 Grs,futuro
2026-01-24,0.65,Galletas,Galleta Mix 500 Grs,futuro
2026-01-25,0.46,Galletas,Galleta Mix 500 Grs,futuro
2026-01-26,0.33,Galletas,Galleta Mix 500 Grs,futuro
2026-01-27,0.36,Galletas,Galleta Mix 500 Grs,futuro
2026-01-28,0.4,Galletas,Galleta Mix 500 Grs,futuro
2026-01-29,0.41,Galletas,Galleta Mix 500 Grs,futuro
2026-01-30,0.5,Galletas,Galleta Mix 500 Grs,futuro
2026-01-31,0.65,Galletas,Galleta Mix 500 Grs,futuro
2026-02-01,0.54,Galletas,Galleta Mix 500 Grs,futuro
2026-02-02,0.33,Galletas,Galleta Mix 500 Grs,futuro
2026-02-03,0.38,Galletas,Galleta Mix 500 Grs,futuro
2026-02-04,0.42,Galletas,Galleta Mix 500 Grs,futuro
2026-02-05,0.42,Galletas,Galleta Mix 500 Grs,futuro
2026-02-06,0.58,Galletas,Galleta Mix 500 Grs,futuro
2026-02-07,0.73,Galletas,Galleta Mix 500 Grs,futuro
2026-02-08,0.54,Galletas,Galleta Mix 500 Grs,futuro
2026-02-09,0.33,Galletas,Galleta Mix 500 Grs,futuro
2026-02-10,0.38,Galletas,Galleta Mix 500 Grs,futuro
2026-02-11,0.42,Galletas,Galleta Mix 500 Grs,futuro
2026-02-12,0.42,Galletas,Galleta Mix 500 Grs,futuro
2026-02-13,0.58,Galletas,Galleta Mix 500 Grs,futuro
2026-02-14,0.73,Galletas,Galleta Mix 500 Grs,futuro
2026-02-15,0.54,Galletas,Galleta Mix 500 Grs,futuro
2026-02-16,0.33,Galletas,Galleta Mix 500 Grs,futuro
2026-02-17,0.38,Galletas,Galleta Mix 500 Grs,futuro
2026-02-18,0.42,Galletas,Galleta Mix 500 Grs,futuro
2026-02-19,0.42,Galletas,Galleta Mix 500 Grs,futuro
2026-02-20,0.58,Galletas,Galleta Mix 500 Grs,futuro
2026-02-21,0.73,Galletas,Galleta Mix 500 Grs,futuro
2026-02-22,0.54,Galletas,Galleta Mix 500 Grs,futuro
2026-02-23,0.33,Galletas,Galleta Mix 500 Grs,futuro
2026-02-24,0.38,Galletas,Galleta Mix 500 Grs,futuro
2026-02-25,0.42,Galletas,Galleta Mix 500 Grs,futuro
2026-02-26,0.42,Galletas,Galleta Mix 500 Grs,futuro
2026-02-27,0.58,Galletas,Galleta Mix 500 Grs,futuro
2026-02-28,0.73,Galletas,Galleta Mix 500 Grs,futuro
2026-03-01,0.5,Galletas,Galleta Mix 500 Grs,futuro
2026-03-02,0.29,Galletas,Galleta Mix 500 Grs,futuro
2026-03-03,0.32,Galletas,Galleta Mix 500 Grs,futuro
2026-03-04,0.36,Galletas,Galleta Mix 500 Grs,futuro
2026-03-05,0.36,Galletas,Galleta Mix 500 Grs,futuro
2026-03-06,0.53,Galletas,Galleta Mix 500 Grs,futuro
2026-03-07,0.69,Galletas,Galleta Mix 500 Grs,futuro
2026-03-08,0.5,Galletas,Galleta Mix 500 Grs,futuro
2026-03-09,0.29,Galletas,Galleta Mix 500 Grs,futuro
2026-03-10,0.32,Galletas,Galleta Mix 500 Grs,futuro
2026-03-11,0.36,Galletas,Galleta Mix 500 Grs,futuro
2026-03-12,0.36,Galletas,Galleta Mix 500 Grs,futuro
2026-03-13,0.53,Galletas,Galleta Mix 500 Grs,futuro
2025-12-14,1.13,Galletas,Pastitas 155 Grs,futuro
2025-12-15,0.96,Galletas,Pastitas 155 Grs,futuro
2025-12-16,1.23,Galletas,Pastitas 155 Grs,futuro
2025-12-17,0.9,Galletas,Pastitas 155 Grs,futuro
2025-12-18,1.17,Galletas,Pastitas 155 Grs,futuro
2025-12-19,0.98,Galletas,Pastitas 155 Grs,futuro
2025-12-20,1.15,Galletas,Pastitas 155 Grs,futuro
2025-12-21,1.27,Galletas,Pastitas 155 Grs,futuro
2025-12-22,0.94,Galletas,Pastitas 155 Grs,futuro
2025-12-23,0.88,Galletas,Pastitas 155 Grs,futuro
2025-12-24,1.19,Galletas,Pastitas 155 Grs,futuro
2025-12-25,1.07,Galletas,Pastitas 155 Grs,futuro
2025-12-26,1.01,Galletas,Pastitas 155 Grs,futuro
2025-12-27,0.99,Galletas,Pastitas 155 Grs,futuro
2025-12-28,1.29,Galletas,Pastitas 155 Grs,futuro
2025-12-29,0.97,Galletas,Pastitas 155 Grs,futuro
2025-12-30,0.97,Galletas,Pastitas 155 Grs,futuro
2025-12-31,0.88,Galletas,Pastitas 155 Grs,futuro
2026-01-01,1.21,Galletas,Pastitas 155 Grs,futuro
2026-01-02,1.02,Galletas,Pastitas 155 Grs,futuro
2026-01-03,1.09,Galletas,Pastitas 155 Grs,futuro
2026-01-04,1.03,Galletas,Pastitas 155 Grs,futuro
2026-01-05,0.98,Galletas,Pastitas 155 Grs,futuro
2026-01-06,0.94,Galletas,Pastitas 155 Grs,futuro
2026-01-07,1.03,Galletas,Pastitas 155 Grs,futuro
2026-01-08,1.11,Galletas,Pastitas 155 Grs,futuro
2026-01-09,1.05,Galletas,Pastitas 155 Grs,futuro
2026-01-10,1.14,Galletas,Pastitas 155 Grs,futuro
2026-01-11,1.23,Galletas,Pastitas 155 Grs,futuro
2026-01-12,0.97,Galletas,Pastitas 155 Grs,futuro
2026-01-13,0.91,Galletas,Pastitas 155 Grs,futuro
2026-01-14,0.9,Galletas,Pastitas 155 Grs,futuro
2026-01-15,1.2,Galletas,Pastitas 155 Grs,futuro
2026-01-16,1.08,Galletas,Pastitas 155 Grs,futuro
2026-01-17,1.09,Galletas,Pastitas 155 Grs,futuro
2026-01-18,1.21,Galletas,Pastitas 155 Grs,futuro
2026-01-19,0.98,Galletas,Pastitas 155 Grs,futuro
2026-01-20,0.92,Galletas,Pastitas 155 Grs,futuro
2026-01-21,1.03,Galletas,Pastitas 155 Grs,futuro
2026-01-22,1.12,Galletas,Pastitas 155 Grs,futuro
2026-01-23,1.04,Galletas,Pastitas 155 Grs,futuro
2026-01-24,1.16,Galletas,Pastitas 155 Grs,futuro
2026-01-25,1.23,Galletas,Pastitas 155 Grs,futuro
2026-01-26,0.97,Galletas,Pastitas 155 Grs,futuro
2026-01-27,0.91,Galletas,Pastitas 155 Grs,futuro
2026-01-28,0.9,Galletas,Pastitas 155 Grs,futuro
2026-01-29,1.2,Galletas,Pastitas 155 Grs,futuro
2026-01-30,1.08,Galletas,Pastitas 155 Grs,futuro
2026-01-31,1.09,Galletas,Pastitas 155 Grs,futuro
2026-02-01,1.44,Galletas,Pastitas 155 Grs,futuro
2026-02-02,1.22,Galletas,Pastitas 155 Grs,futuro
2026-02-03,1.23,Galletas,Pastitas 155 Grs,futuro
2026-02-04,1.43,Galletas,Pastitas 155 Grs,futuro
2026-02-05,1.14,Galletas,Pastitas 155 Grs,futuro
2026-02-06,1.12,Galletas,Pastitas 155 Grs,futuro
2026-02-07,1.28,Galletas,Pastitas 155 Grs,futuro
2026-02-08,1.29,Galletas,Pastitas 155 Grs,futuro
2026-02-09,1.11,Galletas,Pastitas 155 Grs,futuro
2026-02-10,1.04,Galletas,Pastitas 155 Grs,futuro
2026-02-11,1.03,Galletas,Pastitas 155 Grs,futuro
2026-02-12,1.18,Galletas,Pastitas 155 Grs,futuro
2026-02-13,1.11,Galletas,Pastitas 155 Grs,futuro
2026-02-14,1.13,Galletas,Pastitas 155 Grs,futuro
2026-02-15,1.12,Galletas,Pastitas 155 Grs,futuro
2026-02-16,0.99,Galletas,Pastitas 155 Grs,futuro
2026-02-17,1.37,Galletas,Pastitas 155 Grs,futuro
2026-02-18,1.39,Galletas,Pastitas 155 Grs,futuro
2026-02-19,1.37,Galletas,Pastitas 155 Grs,futuro
2026-02-20,1.38,Galletas,Pastitas 155 Grs,futuro
2026-02-21,1.39,Galletas,Pastitas 155 Grs,futuro
2026-02-22,1.45,Galletas,Pastitas 155 Grs,futuro
2026-02-23,1.19,Galletas,Pastitas 155 Grs,futuro
2026-02-24,1.16,Galletas,Pastitas 155 Grs,futuro
2026-02-25,1.11,Galletas,Pastitas 155 Grs,futuro
2026-02-26,1.19,Galletas,Pastitas 155 Grs,futuro
2026-02-27,1.11,Galletas,Pastitas 155 Grs,futuro
2026-02-28,1.27,Galletas,Pastitas 155 Grs,futuro
2026-03-01,1.14,Galletas,Pastitas 155 Grs,futuro
2026-03-02,0.95,Galletas,Pastitas 155 Grs,futuro
2026-03-03,1.35,Galletas,Pastitas 155 Grs,futuro
2026-03-04,1.37,Galletas,Pastitas 155 Grs,futuro
2026-03-05,1.34,Galletas,Pastitas 155 Grs,futuro
2026-03-06,1.38,Galletas,Pastitas 155 Grs,futuro
2026-03-07,1.39,Galletas,Pastitas 155 Grs,futuro
2026-03-08,1.45,Galletas,Pastitas 155 Grs,futuro
2026-03-09,1.19,Galletas,Pastitas 155 Grs,futuro
2026-03-10,1.04,Galletas,Pastitas 155 Grs,futuro
2026-03-11,1.09,Galletas,Pastitas 155 Grs,futuro
2026-03-12,1.17,Galletas,Pastitas 155 Grs,futuro
2026-03-13,1.11,Galletas,Pastitas 155 Grs,futuro
2025-12-13,1.02,Gelatinas y Flanes,Flan Chico,futuro
2025-12-14,1.93,Gelatinas y Flanes,Flan Chico,futuro
2025-12-15,1.29,Gelatinas y Flanes,Flan Chico,futuro
2025-12-16,1.52,Gelatinas y Flanes,Flan Chico,futuro
2025-12-17,1.43,Gelatinas y Flanes,Flan Chico,futuro
2025-12-18,1.55,Gelatinas y Flanes,Flan Chico,futuro
2025-12-19,1.03,Gelatinas y Flanes,Flan Chico,futuro
2025-12-20,3.14,Gelatinas y Flanes,Flan Chico,futuro
2025-12-21,2.5,Gelatinas y Flanes,Flan Chico,futuro
2025-12-22,1.7,Gelatinas y Flanes,Flan Chico,futuro
2025-12-23,1.54,Gelatinas y Flanes,Flan Chico,futuro
2025-12-24,2.42,Gelatinas y Flanes,Flan Chico,futuro
2025-12-25,1.47,Gelatinas y Flanes,Flan Chico,futuro
2025-12-26,2.06,Gelatinas y Flanes,Flan Chico,futuro
2025-12-27,2.13,Gelatinas y Flanes,Flan Chico,futuro
2025-12-28,2.24,Gelatinas y Flanes,Flan Chico,futuro
2025-12-29,1.72,Gelatinas y Flanes,Flan Chico,futuro
2025-12-30,2.01,Gelatinas y Flanes,Flan Chico,futuro
2025-12-31,5.42,Gelatinas y Flanes,Flan Chico,futuro
2026-01-01,0.62,Gelatinas y Flanes,Flan Chico,futuro
2026-01-02,1.77,Gelatinas y Flanes,Flan Chico,futuro
2026-01-03,1.86,Gelatinas y Flanes,Flan Chico,futuro
2026-01-04,1.86,Gelatinas y Flanes,Flan Chico,futuro
2026-01-05,1.25,Gelatinas y Flanes,Flan Chico,futuro
2026-01-06,1.44,Gelatinas y Flanes,Flan Chico,futuro
2026-01-07,1.37,Gelatinas y Flanes,Flan Chico,futuro
2026-01-08,1.45,Gelatinas y Flanes,Flan Chico,futuro
2026-01-09,1.13,Gelatinas y Flanes,Flan Chico,futuro
2026-01-10,3.35,Gelatinas y Flanes,Flan Chico,futuro
2026-01-11,1.49,Gelatinas y Flanes,Flan Chico,futuro
2026-01-12,1.3,Gelatinas y Flanes,Flan Chico,futuro
2026-01-13,1.23,Gelatinas y Flanes,Flan Chico,futuro
2026-01-14,1.22,Gelatinas y Flanes,Flan Chico,futuro
2026-01-15,1.2,Gelatinas y Flanes,Flan Chico,futuro
2026-01-16,1.41,Gelatinas y Flanes,Flan Chico,futuro
2026-01-17,2.34,Gelatinas y Flanes,Flan Chico,futuro
2026-01-18,2.26,Gelatinas y Flanes,Flan Chico,futuro
2026-01-19,1.3,Gelatinas y Flanes,Flan Chico,futuro
2026-01-20,1.23,Gelatinas y Flanes,Flan Chico,futuro
2026-01-21,1.21,Gelatinas y Flanes,Flan Chico,futuro
2026-01-22,1.29,Gelatinas y Flanes,Flan Chico,futuro
2026-01-23,1.43,Gelatinas y Flanes,Flan Chico,futuro
2026-01-24,2.33,Gelatinas y Flanes,Flan Chico,futuro
2026-01-25,2.26,Gelatinas y Flanes,Flan Chico,futuro
2026-01-26,1.32,Gelatinas y Flanes,Flan Chico,futuro
2026-01-27,1.3,Gelatinas y Flanes,Flan Chico,futuro
2026-01-28,1.21,Gelatinas y Flanes,Flan Chico,futuro
2026-01-29,1.21,Gelatinas y Flanes,Flan Chico,futuro
2026-01-30,1.45,Gelatinas y Flanes,Flan Chico,futuro
2026-01-31,2.34,Gelatinas y Flanes,Flan Chico,futuro
2026-02-01,2.34,Gelatinas y Flanes,Flan Chico,futuro
2026-02-02,1.35,Gelatinas y Flanes,Flan Chico,futuro
2026-02-03,1.33,Gelatinas y Flanes,Flan Chico,futuro
2026-02-04,1.23,Gelatinas y Flanes,Flan Chico,futuro
2026-02-05,1.23,Gelatinas y Flanes,Flan Chico,futuro
2026-02-06,1.48,Gelatinas y Flanes,Flan Chico,futuro
2026-02-07,2.35,Gelatinas y Flanes,Flan Chico,futuro
2026-02-08,2.34,Gelatinas y Flanes,Flan Chico,futuro
2026-02-09,1.35,Gelatinas y Flanes,Flan Chico,futuro
2026-02-10,1.33,Gelatinas y Flanes,Flan Chico,futuro
2026-02-11,1.23,Gelatinas y Flanes,Flan Chico,futuro
2026-02-12,1.23,Gelatinas y Flanes,Flan Chico,futuro
2026-02-13,1.48,Gelatinas y Flanes,Flan Chico,futuro
2026-02-14,2.35,Gelatinas y Flanes,Flan Chico,futuro
2026-02-15,2.34,Gelatinas y Flanes,Flan Chico,futuro
2026-02-16,1.35,Gelatinas y Flanes,Flan Chico,futuro
2026-02-17,1.33,Gelatinas y Flanes,Flan Chico,futuro
2026-02-18,1.23,Gelatinas y Flanes,Flan Chico,futuro
2026-02-19,1.23,Gelatinas y Flanes,Flan Chico,futuro
2026-02-20,1.48,Gelatinas y Flanes,Flan Chico,futuro
2026-02-21,2.35,Gelatinas y Flanes,Flan Chico,futuro
2026-02-22,2.34,Gelatinas y Flanes,Flan Chico,futuro
2026-02-23,1.35,Gelatinas y Flanes,Flan Chico,futuro
2026-02-24,1.33,Gelatinas y Flanes,Flan Chico,futuro
2026-02-25,1.23,Gelatinas y Flanes,Flan Chico,futuro
2026-02-26,1.23,Gelatinas y Flanes,Flan Chico,futuro
2026-02-27,1.48,Gelatinas y Flanes,Flan Chico,futuro
2026-02-28,2.35,Gelatinas y Flanes,Flan Chico,futuro
2026-03-01,2.19,Gelatinas y Flanes,Flan Chico,futuro
2026-03-02,1.34,Gelatinas y Flanes,Flan Chico,futuro
2026-03-03,1.32,Gelatinas y Flanes,Flan Chico,futuro
2026-03-04,1.09,Gelatinas y Flanes,Flan Chico,futuro
2026-03-05,1.26,Gelatinas y Flanes,Flan Chico,futuro
2026-03-06,1.5,Gelatinas y Flanes,Flan Chico,futuro
2026-03-07,2.2,Gelatinas y Flanes,Flan Chico,futuro
2026-03-08,2.19,Gelatinas y Flanes,Flan Chico,futuro
2026-03-09,1.34,Gelatinas y Flanes,Flan Chico,futuro
2026-03-10,1.32,Gelatinas y Flanes,Flan Chico,futuro
2026-03-11,1.09,Gelatinas y Flanes,Flan Chico,futuro
2026-03-12,1.26,Gelatinas y Flanes,Flan Chico,futuro
2025-12-15,1.03,Gelatinas y Flanes,Flan Grande,futuro
2025-12-16,0.76,Gelatinas y Flanes,Flan Grande,futuro
2025-12-17,0.76,Gelatinas y Flanes,Flan Grande,futuro
2025-12-18,0.72,Gelatinas y Flanes,Flan Grande,futuro
2025-12-19,1.34,Gelatinas y Flanes,Flan Grande,futuro
2025-12-20,3.06,Gelatinas y Flanes,Flan Grande,futuro
2025-12-21,1.95,Gelatinas y Flanes,Flan Grande,futuro
2025-12-22,1.05,Gelatinas y Flanes,Flan Grande,futuro
2025-12-23,1.02,Gelatinas y Flanes,Flan Grande,futuro
2025-12-24,1.44,Gelatinas y Flanes,Flan Grande,futuro
2025-12-25,1.14,Gelatinas y Flanes,Flan Grande,futuro
2025-12-26,1.57,Gelatinas y Flanes,Flan Grande,futuro
2025-12-27,1.93,Gelatinas y Flanes,Flan Grande,futuro
2025-12-28,2.0,Gelatinas y Flanes,Flan Grande,futuro
2025-12-29,1.09,Gelatinas y Flanes,Flan Grande,futuro
2025-12-30,0.87,Gelatinas y Flanes,Flan Grande,futuro
2025-12-31,7.94,Gelatinas y Flanes,Flan Grande,futuro
2026-01-01,0.48,Gelatinas y Flanes,Flan Grande,futuro
2026-01-02,1.07,Gelatinas y Flanes,Flan Grande,futuro
2026-01-03,2.05,Gelatinas y Flanes,Flan Grande,futuro
2026-01-04,1.07,Gelatinas y Flanes,Flan Grande,futuro
2026-01-05,0.56,Gelatinas y Flanes,Flan Grande,futuro
2026-01-06,0.88,Gelatinas y Flanes,Flan Grande,futuro
2026-01-07,0.76,Gelatinas y Flanes,Flan Grande,futuro
2026-01-08,0.58,Gelatinas y Flanes,Flan Grande,futuro
2026-01-09,0.82,Gelatinas y Flanes,Flan Grande,futuro
2026-01-10,1.07,Gelatinas y Flanes,Flan Grande,futuro
2026-01-11,1.37,Gelatinas y Flanes,Flan Grande,futuro
2026-01-12,0.61,Gelatinas y Flanes,Flan Grande,futuro
2026-01-13,0.81,Gelatinas y Flanes,Flan Grande,futuro
2026-01-14,0.62,Gelatinas y Flanes,Flan Grande,futuro
2026-01-15,0.5,Gelatinas y Flanes,Flan Grande,futuro
2026-01-16,0.66,Gelatinas y Flanes,Flan Grande,futuro
2026-01-17,1.84,Gelatinas y Flanes,Flan Grande,futuro
2026-01-18,1.43,Gelatinas y Flanes,Flan Grande,futuro
2026-01-19,0.49,Gelatinas y Flanes,Flan Grande,futuro
2026-01-20,0.54,Gelatinas y Flanes,Flan Grande,futuro
2026-01-21,0.63,Gelatinas y Flanes,Flan Grande,futuro
2026-01-22,0.5,Gelatinas y Flanes,Flan Grande,futuro
2026-01-23,0.7,Gelatinas y Flanes,Flan Grande,futuro
2026-01-24,1.84,Gelatinas y Flanes,Flan Grande,futuro
2026-01-25,1.43,Gelatinas y Flanes,Flan Grande,futuro
2026-01-26,0.49,Gelatinas y Flanes,Flan Grande,futuro
2026-01-27,0.54,Gelatinas y Flanes,Flan Grande,futuro
2026-01-28,0.63,Gelatinas y Flanes,Flan Grande,futuro
2026-01-29,0.5,Gelatinas y Flanes,Flan Grande,futuro
2026-01-30,0.7,Gelatinas y Flanes,Flan Grande,futuro
2026-01-31,1.84,Gelatinas y Flanes,Flan Grande,futuro
2026-02-01,1.54,Gelatinas y Flanes,Flan Grande,futuro
2026-02-02,0.6,Gelatinas y Flanes,Flan Grande,futuro
2026-02-03,0.64,Gelatinas y Flanes,Flan Grande,futuro
2026-02-04,0.73,Gelatinas y Flanes,Flan Grande,futuro
2026-02-05,0.64,Gelatinas y Flanes,Flan Grande,futuro
2026-02-06,0.85,Gelatinas y Flanes,Flan Grande,futuro
2026-02-07,1.99,Gelatinas y Flanes,Flan Grande,futuro
2026-02-08,1.54,Gelatinas y Flanes,Flan Grande,futuro
2026-02-09,0.6,Gelatinas y Flanes,Flan Grande,futuro
2026-02-10,0.64,Gelatinas y Flanes,Flan Grande,futuro
2026-02-11,0.73,Gelatinas y Flanes,Flan Grande,futuro
2026-02-12,0.64,Gelatinas y Flanes,Flan Grande,futuro
2026-02-13,0.85,Gelatinas y Flanes,Flan Grande,futuro
2026-02-14,1.99,Gelatinas y Flanes,Flan Grande,futuro
2026-02-15,1.54,Gelatinas y Flanes,Flan Grande,futuro
2026-02-16,0.6,Gelatinas y Flanes,Flan Grande,futuro
2026-02-17,0.64,Gelatinas y Flanes,Flan Grande,futuro
2026-02-18,0.73,Gelatinas y Flanes,Flan Grande,futuro
2026-02-19,0.64,Gelatinas y Flanes,Flan Grande,futuro
2026-02-20,0.85,Gelatinas y Flanes,Flan Grande,futuro
2026-02-21,1.99,Gelatinas y Flanes,Flan Grande,futuro
2026-02-22,1.54,Gelatinas y Flanes,Flan Grande,futuro
2026-02-23,0.6,Gelatinas y Flanes,Flan Grande,futuro
2026-02-24,0.64,Gelatinas y Flanes,Flan Grande,futuro
2026-02-25,0.73,Gelatinas y Flanes,Flan Grande,futuro
2026-02-26,0.64,Gelatinas y Flanes,Flan Grande,futuro
2026-02-27,0.85,Gelatinas y Flanes,Flan Grande,futuro
2026-02-28,1.99,Gelatinas y Flanes,Flan Grande,futuro
2026-03-01,1.54,Gelatinas y Flanes,Flan Grande,futuro
2026-03-02,0.6,Gelatinas y Flanes,Flan Grande,futuro
2026-03-03,0.64,Gelatinas y Flanes,Flan Grande,futuro
2026-03-04,0.73,Gelatinas y Flanes,Flan Grande,futuro
2026-03-05,0.64,Gelatinas y Flanes,Flan Grande,futuro
2026-03-06,0.85,Gelatinas y Flanes,Flan Grande,futuro
2026-03-07,1.99,Gelatinas y Flanes,Flan Grande,futuro
2026-03-08,1.54,Gelatinas y Flanes,Flan Grande,futuro
2026-03-09,0.6,Gelatinas y Flanes,Flan Grande,futuro
2026-03-10,0.64,Gelatinas y Flanes,Flan Grande,futuro
2026-03-11,0.73,Gelatinas y Flanes,Flan Grande,futuro
2026-03-12,0.64,Gelatinas y Flanes,Flan Grande,futuro
2026-03-13,0.85,Gelatinas y Flanes,Flan Grande,futuro
2026-03-14,1.99,Gelatinas y Flanes,Flan Grande,futuro
2025-12-14,0.26,Gelatinas y Flanes,Gelatina Cafe Grande,futuro
2025-12-15,0.2,Gelatinas y Flanes,Gelatina Cafe Grande,futuro
2025-12-16,0.09,Gelatinas y Flanes,Gelatina Cafe Grande,futuro
2025-12-17,0.0,Gelatinas y Flanes,Gelatina Cafe Grande,futuro
2025-12-18,0.75,Gelatinas y Flanes,Gelatina Cafe Grande,futuro
2025-12-19,0.62,Gelatinas y Flanes,Gelatina Cafe Grande,futuro
2025-12-20,0.76,Gelatinas y Flanes,Gelatina Cafe Grande,futuro
2025-12-21,0.76,Gelatinas y Flanes,Gelatina Cafe Grande,futuro
2025-12-22,0.18,Gelatinas y Flanes,Gelatina Cafe Grande,futuro
2025-12-23,0.3,Gelatinas y Flanes,Gelatina Cafe Grande,futuro
2025-12-24,1.87,Gelatinas y Flanes,Gelatina Cafe Grande,futuro
2025-12-25,2.1,Gelatinas y Flanes,Gelatina Cafe Grande,futuro
2025-12-26,0.92,Gelatinas y Flanes,Gelatina Cafe Grande,futuro
2025-12-27,0.56,Gelatinas y Flanes,Gelatina Cafe Grande,futuro
2025-12-28,0.48,Gelatinas y Flanes,Gelatina Cafe Grande,futuro
2025-12-29,0.24,Gelatinas y Flanes,Gelatina Cafe Grande,futuro
2025-12-30,0.22,Gelatinas y Flanes,Gelatina Cafe Grande,futuro
2025-12-31,1.87,Gelatinas y Flanes,Gelatina Cafe Grande,futuro
2026-01-01,1.89,Gelatinas y Flanes,Gelatina Cafe Grande,futuro
2026-01-02,0.36,Gelatinas y Flanes,Gelatina Cafe Grande,futuro
2026-01-03,0.56,Gelatinas y Flanes,Gelatina Cafe Grande,futuro
2026-01-04,0.45,Gelatinas y Flanes,Gelatina Cafe Grande,futuro
2026-01-05,0.23,Gelatinas y Flanes,Gelatina Cafe Grande,futuro
2026-01-06,0.33,Gelatinas y Flanes,Gelatina Cafe Grande,futuro
2026-01-07,0.26,Gelatinas y Flanes,Gelatina Cafe Grande,futuro
2026-01-08,0.49,Gelatinas y Flanes,Gelatina Cafe Grande,futuro
2026-01-09,0.37,Gelatinas y Flanes,Gelatina Cafe Grande,futuro
2026-01-10,0.56,Gelatinas y Flanes,Gelatina Cafe Grande,futuro
2026-01-11,0.49,Gelatinas y Flanes,Gelatina Cafe Grande,futuro
2026-01-12,0.21,Gelatinas y Flanes,Gelatina Cafe Grande,futuro
2026-01-13,0.18,Gelatinas y Flanes,Gelatina Cafe Grande,futuro
2026-01-14,0.18,Gelatinas y Flanes,Gelatina Cafe Grande,futuro
2026-01-15,0.17,Gelatinas y Flanes,Gelatina Cafe Grande,futuro
2026-01-16,0.31,Gelatinas y Flanes,Gelatina Cafe Grande,futuro
2026-01-17,0.56,Gelatinas y Flanes,Gelatina Cafe Grande,futuro
2026-01-18,0.48,Gelatinas y Flanes,Gelatina Cafe Grande,futuro
2026-01-19,0.19,Gelatinas y Flanes,Gelatina Cafe Grande,futuro
2026-01-20,0.17,Gelatinas y Flanes,Gelatina Cafe Grande,futuro
2026-01-21,0.17,Gelatinas y Flanes,Gelatina Cafe Grande,futuro
2026-01-22,0.17,Gelatinas y Flanes,Gelatina Cafe Grande,futuro
2026-01-23,0.31,Gelatinas y Flanes,Gelatina Cafe Grande,futuro
2026-01-24,0.56,Gelatinas y Flanes,Gelatina Cafe Grande,futuro
2026-01-25,0.48,Gelatinas y Flanes,Gelatina Cafe Grande,futuro
2026-01-26,0.19,Gelatinas y Flanes,Gelatina Cafe Grande,futuro
2026-01-27,0.17,Gelatinas y Flanes,Gelatina Cafe Grande,futuro
2026-01-28,0.17,Gelatinas y Flanes,Gelatina Cafe Grande,futuro
2026-01-29,0.17,Gelatinas y Flanes,Gelatina Cafe Grande,futuro
2026-01-30,0.31,Gelatinas y Flanes,Gelatina Cafe Grande,futuro
2026-01-31,0.56,Gelatinas y Flanes,Gelatina Cafe Grande,futuro
2026-02-01,0.46,Gelatinas y Flanes,Gelatina Cafe Grande,futuro
2026-02-02,0.14,Gelatinas y Flanes,Gelatina Cafe Grande,futuro
2026-02-03,0.13,Gelatinas y Flanes,Gelatina Cafe Grande,futuro
2026-02-04,0.13,Gelatinas y Flanes,Gelatina Cafe Grande,futuro
2026-02-05,0.12,Gelatinas y Flanes,Gelatina Cafe Grande,futuro
2026-02-06,0.26,Gelatinas y Flanes,Gelatina Cafe Grande,futuro
2026-02-07,0.54,Gelatinas y Flanes,Gelatina Cafe Grande,futuro
2026-02-08,0.46,Gelatinas y Flanes,Gelatina Cafe Grande,futuro
2026-02-09,0.14,Gelatinas y Flanes,Gelatina Cafe Grande,futuro
2026-02-10,0.13,Gelatinas y Flanes,Gelatina Cafe Grande,futuro
2026-02-11,0.13,Gelatinas y Flanes,Gelatina Cafe Grande,futuro
2026-02-12,0.12,Gelatinas y Flanes,Gelatina Cafe Grande,futuro
2026-02-13,0.26,Gelatinas y Flanes,Gelatina Cafe Grande,futuro
2026-02-14,0.54,Gelatinas y Flanes,Gelatina Cafe Grande,futuro
2026-02-15,0.46,Gelatinas y Flanes,Gelatina Cafe Grande,futuro
2026-02-16,0.14,Gelatinas y Flanes,Gelatina Cafe Grande,futuro
2026-02-17,0.13,Gelatinas y Flanes,Gelatina Cafe Grande,futuro
2026-02-18,0.13,Gelatinas y Flanes,Gelatina Cafe Grande,futuro
2026-02-19,0.12,Gelatinas y Flanes,Gelatina Cafe Grande,futuro
2026-02-20,0.26,Gelatinas y Flanes,Gelatina Cafe Grande,futuro
2026-02-21,0.54,Gelatinas y Flanes,Gelatina Cafe Grande,futuro
2026-02-22,0.46,Gelatinas y Flanes,Gelatina Cafe Grande,futuro
2026-02-23,0.14,Gelatinas y Flanes,Gelatina Cafe Grande,futuro
2026-02-24,0.13,Gelatinas y Flanes,Gelatina Cafe Grande,futuro
2026-02-25,0.13,Gelatinas y Flanes,Gelatina Cafe Grande,futuro
2026-02-26,0.12,Gelatinas y Flanes,Gelatina Cafe Grande,futuro
2026-02-27,0.26,Gelatinas y Flanes,Gelatina Cafe Grande,futuro
2026-02-28,0.54,Gelatinas y Flanes,Gelatina Cafe Grande,futuro
2026-03-01,0.46,Gelatinas y Flanes,Gelatina Cafe Grande,futuro
2026-03-02,0.13,Gelatinas y Flanes,Gelatina Cafe Grande,futuro
2026-03-03,0.13,Gelatinas y Flanes,Gelatina Cafe Grande,futuro
2026-03-04,0.13,Gelatinas y Flanes,Gelatina Cafe Grande,futuro
2026-03-05,0.12,Gelatinas y Flanes,Gelatina Cafe Grande,futuro
2026-03-06,0.26,Gelatinas y Flanes,Gelatina Cafe Grande,futuro
2026-03-07,0.54,Gelatinas y Flanes,Gelatina Cafe Grande,futuro
2026-03-08,0.46,Gelatinas y Flanes,Gelatina Cafe Grande,futuro
2026-03-09,0.13,Gelatinas y Flanes,Gelatina Cafe Grande,futuro
2026-03-10,0.13,Gelatinas y Flanes,Gelatina Cafe Grande,futuro
2026-03-11,0.13,Gelatinas y Flanes,Gelatina Cafe Grande,futuro
2026-03-12,0.12,Gelatinas y Flanes,Gelatina Cafe Grande,futuro
2026-03-13,0.26,Gelatinas y Flanes,Gelatina Cafe Grande,futuro
2025-12-15,1.67,Gelatinas y Flanes,Gelatina Ind Primavera,futuro
2025-12-16,1.31,Gelatinas y Flanes,Gelatina Ind Primavera,futuro
2025-12-17,1.42,Gelatinas y Flanes,Gelatina Ind Primavera,futuro
2025-12-18,1.55,Gelatinas y Flanes,Gelatina Ind Primavera,futuro
2025-12-19,1.47,Gelatinas y Flanes,Gelatina Ind Primavera,futuro
2025-12-20,2.12,Gelatinas y Flanes,Gelatina Ind Primavera,futuro
2025-12-21,1.49,Gelatinas y Flanes,Gelatina Ind Primavera,futuro
2025-12-22,1.2,Gelatinas y Flanes,Gelatina Ind Primavera,futuro
2025-12-23,1.4,Gelatinas y Flanes,Gelatina Ind Primavera,futuro
2025-12-24,1.75,Gelatinas y Flanes,Gelatina Ind Primavera,futuro
2025-12-25,1.25,Gelatinas y Flanes,Gelatina Ind Primavera,futuro
2025-12-26,1.72,Gelatinas y Flanes,Gelatina Ind Primavera,futuro
2025-12-27,1.97,Gelatinas y Flanes,Gelatina Ind Primavera,futuro
2025-12-28,1.76,Gelatinas y Flanes,Gelatina Ind Primavera,futuro
2025-12-29,1.29,Gelatinas y Flanes,Gelatina Ind Primavera,futuro
2025-12-30,1.36,Gelatinas y Flanes,Gelatina Ind Primavera,futuro
2025-12-31,1.47,Gelatinas y Flanes,Gelatina Ind Primavera,futuro
2026-01-01,1.44,Gelatinas y Flanes,Gelatina Ind Primavera,futuro
2026-01-02,1.55,Gelatinas y Flanes,Gelatina Ind Primavera,futuro
2026-01-03,1.96,Gelatinas y Flanes,Gelatina Ind Primavera,futuro
2026-01-04,1.72,Gelatinas y Flanes,Gelatina Ind Primavera,futuro
2026-01-05,1.36,Gelatinas y Flanes,Gelatina Ind Primavera,futuro
2026-01-06,1.45,Gelatinas y Flanes,Gelatina Ind Primavera,futuro
2026-01-07,1.56,Gelatinas y Flanes,Gelatina Ind Primavera,futuro
2026-01-08,1.44,Gelatinas y Flanes,Gelatina Ind Primavera,futuro
2026-01-09,1.55,Gelatinas y Flanes,Gelatina Ind Primavera,futuro
2026-01-10,1.97,Gelatinas y Flanes,Gelatina Ind Primavera,futuro
2026-01-11,1.7,Gelatinas y Flanes,Gelatina Ind Primavera,futuro
2026-01-12,1.34,Gelatinas y Flanes,Gelatina Ind Primavera,futuro
2026-01-13,1.43,Gelatinas y Flanes,Gelatina Ind Primavera,futuro
2026-01-14,1.56,Gelatinas y Flanes,Gelatina Ind Primavera,futuro
2026-01-15,1.44,Gelatinas y Flanes,Gelatina Ind Primavera,futuro
2026-01-16,1.55,Gelatinas y Flanes,Gelatina Ind Primavera,futuro
2026-01-17,1.97,Gelatinas y Flanes,Gelatina Ind Primavera,futuro
2026-01-18,1.72,Gelatinas y Flanes,Gelatina Ind Primavera,futuro
2026-01-19,1.34,Gelatinas y Flanes,Gelatina Ind Primavera,futuro
2026-01-20,1.43,Gelatinas y Flanes,Gelatina Ind Primavera,futuro
2026-01-21,1.56,Gelatinas y Flanes,Gelatina Ind Primavera,futuro
2026-01-22,1.44,Gelatinas y Flanes,Gelatina Ind Primavera,futuro
2026-01-23,1.55,Gelatinas y Flanes,Gelatina Ind Primavera,futuro
2026-01-24,1.97,Gelatinas y Flanes,Gelatina Ind Primavera,futuro
2026-01-25,1.7,Gelatinas y Flanes,Gelatina Ind Primavera,futuro
2026-01-26,1.36,Gelatinas y Flanes,Gelatina Ind Primavera,futuro
2026-01-27,1.43,Gelatinas y Flanes,Gelatina Ind Primavera,futuro
2026-01-28,1.56,Gelatinas y Flanes,Gelatina Ind Primavera,futuro
2026-01-29,1.44,Gelatinas y Flanes,Gelatina Ind Primavera,futuro
2026-01-30,1.55,Gelatinas y Flanes,Gelatina Ind Primavera,futuro
2026-01-31,1.97,Gelatinas y Flanes,Gelatina Ind Primavera,futuro
2026-02-01,1.45,Gelatinas y Flanes,Gelatina Ind Primavera,futuro
2026-02-02,1.24,Gelatinas y Flanes,Gelatina Ind Primavera,futuro
2026-02-03,1.32,Gelatinas y Flanes,Gelatina Ind Primavera,futuro
2026-02-04,1.44,Gelatinas y Flanes,Gelatina Ind Primavera,futuro
2026-02-05,1.32,Gelatinas y Flanes,Gelatina Ind Primavera,futuro
2026-02-06,1.42,Gelatinas y Flanes,Gelatina Ind Primavera,futuro
2026-02-07,1.7,Gelatinas y Flanes,Gelatina Ind Primavera,futuro
2026-02-08,1.46,Gelatinas y Flanes,Gelatina Ind Primavera,futuro
2026-02-09,1.24,Gelatinas y Flanes,Gelatina Ind Primavera,futuro
2026-02-10,1.32,Gelatinas y Flanes,Gelatina Ind Primavera,futuro
2026-02-11,1.44,Gelatinas y Flanes,Gelatina Ind Primavera,futuro
2026-02-12,1.32,Gelatinas y Flanes,Gelatina Ind Primavera,futuro
2026-02-13,1.42,Gelatinas y Flanes,Gelatina Ind Primavera,futuro
2026-02-14,1.7,Gelatinas y Flanes,Gelatina Ind Primavera,futuro
2026-02-15,1.46,Gelatinas y Flanes,Gelatina Ind Primavera,futuro
2026-02-16,1.24,Gelatinas y Flanes,Gelatina Ind Primavera,futuro
2026-02-17,1.32,Gelatinas y Flanes,Gelatina Ind Primavera,futuro
2026-02-18,1.44,Gelatinas y Flanes,Gelatina Ind Primavera,futuro
2026-02-19,1.32,Gelatinas y Flanes,Gelatina Ind Primavera,futuro
2026-02-20,1.42,Gelatinas y Flanes,Gelatina Ind Primavera,futuro
2026-02-21,1.7,Gelatinas y Flanes,Gelatina Ind Primavera,futuro
2026-02-22,1.46,Gelatinas y Flanes,Gelatina Ind Primavera,futuro
2026-02-23,1.24,Gelatinas y Flanes,Gelatina Ind Primavera,futuro
2026-02-24,1.32,Gelatinas y Flanes,Gelatina Ind Primavera,futuro
2026-02-25,1.44,Gelatinas y Flanes,Gelatina Ind Primavera,futuro
2026-02-26,1.32,Gelatinas y Flanes,Gelatina Ind Primavera,futuro
2026-02-27,1.42,Gelatinas y Flanes,Gelatina Ind Primavera,futuro
2026-02-28,1.7,Gelatinas y Flanes,Gelatina Ind Primavera,futuro
2026-03-01,1.33,Gelatinas y Flanes,Gelatina Ind Primavera,futuro
2026-03-02,1.11,Gelatinas y Flanes,Gelatina Ind Primavera,futuro
2026-03-03,1.18,Gelatinas y Flanes,Gelatina Ind Primavera,futuro
2026-03-04,1.31,Gelatinas y Flanes,Gelatina Ind Primavera,futuro
2026-03-05,1.18,Gelatinas y Flanes,Gelatina Ind Primavera,futuro
2026-03-06,1.29,Gelatinas y Flanes,Gelatina Ind Primavera,futuro
2026-03-07,1.58,Gelatinas y Flanes,Gelatina Ind Primavera,futuro
2026-03-08,1.33,Gelatinas y Flanes,Gelatina Ind Primavera,futuro
2026-03-09,1.11,Gelatinas y Flanes,Gelatina Ind Primavera,futuro
2026-03-10,1.18,Gelatinas y Flanes,Gelatina Ind Primavera,futuro
2026-03-11,1.31,Gelatinas y Flanes,Gelatina Ind Primavera,futuro
2026-03-12,1.18,Gelatinas y Flanes,Gelatina Ind Primavera,futuro
2026-03-13,1.29,Gelatinas y Flanes,Gelatina Ind Primavera,futuro
2026-03-14,1.58,Gelatinas y Flanes,Gelatina Ind Primavera,futuro
2025-01-20,0.0,Gelatinas y Flanes,Gelatina Ind. Maracuya,futuro
2025-01-21,0.19,Gelatinas y Flanes,Gelatina Ind. Maracuya,futuro
2025-01-22,0.53,Gelatinas y Flanes,Gelatina Ind. Maracuya,futuro
2025-01-23,1.08,Gelatinas y Flanes,Gelatina Ind. Maracuya,futuro
2025-01-24,0.29,Gelatinas y Flanes,Gelatina Ind. Maracuya,futuro
2025-01-25,0.15,Gelatinas y Flanes,Gelatina Ind. Maracuya,futuro
2025-01-26,0.4,Gelatinas y Flanes,Gelatina Ind. Maracuya,futuro
2025-01-27,0.24,Gelatinas y Flanes,Gelatina Ind. Maracuya,futuro
2025-01-28,0.2,Gelatinas y Flanes,Gelatina Ind. Maracuya,futuro
2025-01-29,0.02,Gelatinas y Flanes,Gelatina Ind. Maracuya,futuro
2025-01-30,0.26,Gelatinas y Flanes,Gelatina Ind. Maracuya,futuro
2025-01-31,0.8,Gelatinas y Flanes,Gelatina Ind. Maracuya,futuro
2025-02-01,0.19,Gelatinas y Flanes,Gelatina Ind. Maracuya,futuro
2025-02-02,0.24,Gelatinas y Flanes,Gelatina Ind. Maracuya,futuro
2025-02-03,0.39,Gelatinas y Flanes,Gelatina Ind. Maracuya,futuro
2025-02-04,0.2,Gelatinas y Flanes,Gelatina Ind. Maracuya,futuro
2025-02-05,0.17,Gelatinas y Flanes,Gelatina Ind. Maracuya,futuro
2025-02-06,0.07,Gelatinas y Flanes,Gelatina Ind. Maracuya,futuro
2025-02-07,0.29,Gelatinas y Flanes,Gelatina Ind. Maracuya,futuro
2025-02-08,0.75,Gelatinas y Flanes,Gelatina Ind. Maracuya,futuro
2025-02-09,0.21,Gelatinas y Flanes,Gelatina Ind. Maracuya,futuro
2025-02-10,0.09,Gelatinas y Flanes,Gelatina Ind. Maracuya,futuro
2025-02-11,0.58,Gelatinas y Flanes,Gelatina Ind. Maracuya,futuro
2025-02-12,0.17,Gelatinas y Flanes,Gelatina Ind. Maracuya,futuro
2025-02-13,0.07,Gelatinas y Flanes,Gelatina Ind. Maracuya,futuro
2025-02-14,0.29,Gelatinas y Flanes,Gelatina Ind. Maracuya,futuro
2025-02-15,0.31,Gelatinas y Flanes,Gelatina Ind. Maracuya,futuro
2025-02-16,0.65,Gelatinas y Flanes,Gelatina Ind. Maracuya,futuro
2025-02-17,0.09,Gelatinas y Flanes,Gelatina Ind. Maracuya,futuro
2025-02-18,0.18,Gelatinas y Flanes,Gelatina Ind. Maracuya,futuro
2025-02-19,0.58,Gelatinas y Flanes,Gelatina Ind. Maracuya,futuro
2025-02-20,0.07,Gelatinas y Flanes,Gelatina Ind. Maracuya,futuro
2025-02-21,0.29,Gelatinas y Flanes,Gelatina Ind. Maracuya,futuro
2025-02-22,0.31,Gelatinas y Flanes,Gelatina Ind. Maracuya,futuro
2025-02-23,0.21,Gelatinas y Flanes,Gelatina Ind. Maracuya,futuro
2025-02-24,0.53,Gelatinas y Flanes,Gelatina Ind. Maracuya,futuro
2025-02-25,0.18,Gelatinas y Flanes,Gelatina Ind. Maracuya,futuro
2025-02-26,0.17,Gelatinas y Flanes,Gelatina Ind. Maracuya,futuro
2025-02-27,0.47,Gelatinas y Flanes,Gelatina Ind. Maracuya,futuro
2025-02-28,0.29,Gelatinas y Flanes,Gelatina Ind. Maracuya,futuro
2025-03-01,0.07,Gelatinas y Flanes,Gelatina Ind. Maracuya,futuro
2025-03-02,0.22,Gelatinas y Flanes,Gelatina Ind. Maracuya,futuro
2025-03-03,0.22,Gelatinas y Flanes,Gelatina Ind. Maracuya,futuro
2025-03-04,0.15,Gelatinas y Flanes,Gelatina Ind. Maracuya,futuro
2025-03-05,0.24,Gelatinas y Flanes,Gelatina Ind. Maracuya,futuro
2025-03-06,0.1,Gelatinas y Flanes,Gelatina Ind. Maracuya,futuro
2025-03-07,0.25,Gelatinas y Flanes,Gelatina Ind. Maracuya,futuro
2025-03-08,0.22,Gelatinas y Flanes,Gelatina Ind. Maracuya,futuro
2025-03-09,0.22,Gelatinas y Flanes,Gelatina Ind. Maracuya,futuro
2025-03-10,0.22,Gelatinas y Flanes,Gelatina Ind. Maracuya,futuro
2025-03-11,0.15,Gelatinas y Flanes,Gelatina Ind. Maracuya,futuro
2025-03-12,0.24,Gelatinas y Flanes,Gelatina Ind. Maracuya,futuro
2025-03-13,0.1,Gelatinas y Flanes,Gelatina Ind. Maracuya,futuro
2025-03-14,0.25,Gelatinas y Flanes,Gelatina Ind. Maracuya,futuro
2025-03-15,0.22,Gelatinas y Flanes,Gelatina Ind. Maracuya,futuro
2025-03-16,0.22,Gelatinas y Flanes,Gelatina Ind. Maracuya,futuro
2025-03-17,0.22,Gelatinas y Flanes,Gelatina Ind. Maracuya,futuro
2025-03-18,0.15,Gelatinas y Flanes,Gelatina Ind. Maracuya,futuro
2025-03-19,0.24,Gelatinas y Flanes,Gelatina Ind. Maracuya,futuro
2025-03-20,0.1,Gelatinas y Flanes,Gelatina Ind. Maracuya,futuro
2025-03-21,0.25,Gelatinas y Flanes,Gelatina Ind. Maracuya,futuro
2025-03-22,0.22,Gelatinas y Flanes,Gelatina Ind. Maracuya,futuro
2025-03-23,0.22,Gelatinas y Flanes,Gelatina Ind. Maracuya,futuro
2025-03-24,0.22,Gelatinas y Flanes,Gelatina Ind. Maracuya,futuro
2025-03-25,0.15,Gelatinas y Flanes,Gelatina Ind. Maracuya,futuro
2025-03-26,0.24,Gelatinas y Flanes,Gelatina Ind. Maracuya,futuro
2025-03-27,0.1,Gelatinas y Flanes,Gelatina Ind. Maracuya,futuro
2025-03-28,0.25,Gelatinas y Flanes,Gelatina Ind. Maracuya,futuro
2025-03-29,0.22,Gelatinas y Flanes,Gelatina Ind. Maracuya,futuro
2025-03-30,0.22,Gelatinas y Flanes,Gelatina Ind. Maracuya,futuro
2025-03-31,0.22,Gelatinas y Flanes,Gelatina Ind. Maracuya,futuro
2025-04-01,0.04,Gelatinas y Flanes,Gelatina Ind. Maracuya,futuro
2025-04-02,0.12,Gelatinas y Flanes,Gelatina Ind. Maracuya,futuro
2025-04-03,0.03,Gelatinas y Flanes,Gelatina Ind. Maracuya,futuro
2025-04-04,0.16,Gelatinas y Flanes,Gelatina Ind. Maracuya,futuro
2025-04-05,0.09,Gelatinas y Flanes,Gelatina Ind. Maracuya,futuro
2025-04-06,0.0,Gelatinas y Flanes,Gelatina Ind. Maracuya,futuro
2025-04-07,0.0,Gelatinas y Flanes,Gelatina Ind. Maracuya,futuro
2025-04-08,0.0,Gelatinas y Flanes,Gelatina Ind. Maracuya,futuro
2025-04-09,0.0,Gelatinas y Flanes,Gelatina Ind. Maracuya,futuro
2025-04-10,0.0,Gelatinas y Flanes,Gelatina Ind. Maracuya,futuro
2025-04-11,0.01,Gelatinas y Flanes,Gelatina Ind. Maracuya,futuro
2025-04-12,0.0,Gelatinas y Flanes,Gelatina Ind. Maracuya,futuro
2025-04-13,0.0,Gelatinas y Flanes,Gelatina Ind. Maracuya,futuro
2025-04-14,0.0,Gelatinas y Flanes,Gelatina Ind. Maracuya,futuro
2025-04-15,0.0,Gelatinas y Flanes,Gelatina Ind. Maracuya,futuro
2025-04-16,0.0,Gelatinas y Flanes,Gelatina Ind. Maracuya,futuro
2025-04-17,0.0,Gelatinas y Flanes,Gelatina Ind. Maracuya,futuro
2025-04-18,0.01,Gelatinas y Flanes,Gelatina Ind. Maracuya,futuro
2025-04-19,0.0,Gelatinas y Flanes,Gelatina Ind. Maracuya,futuro
2025-12-14,1.75,Gelatinas y Flanes,Gelatina Ind. Mosaico,futuro
2025-12-15,1.44,Gelatinas y Flanes,Gelatina Ind. Mosaico,futuro
2025-12-16,1.28,Gelatinas y Flanes,Gelatina Ind. Mosaico,futuro
2025-12-17,1.6,Gelatinas y Flanes,Gelatina Ind. Mosaico,futuro
2025-12-18,1.25,Gelatinas y Flanes,Gelatina Ind. Mosaico,futuro
2025-12-19,1.13,Gelatinas y Flanes,Gelatina Ind. Mosaico,futuro
2025-12-20,1.78,Gelatinas y Flanes,Gelatina Ind. Mosaico,futuro
2025-12-21,1.78,Gelatinas y Flanes,Gelatina Ind. Mosaico,futuro
2025-12-22,1.25,Gelatinas y Flanes,Gelatina Ind. Mosaico,futuro
2025-12-23,1.16,Gelatinas y Flanes,Gelatina Ind. Mosaico,futuro
2025-12-24,0.97,Gelatinas y Flanes,Gelatina Ind. Mosaico,futuro
2025-12-25,1.28,Gelatinas y Flanes,Gelatina Ind. Mosaico,futuro
2025-12-26,1.59,Gelatinas y Flanes,Gelatina Ind. Mosaico,futuro
2025-12-27,1.49,Gelatinas y Flanes,Gelatina Ind. Mosaico,futuro
2025-12-28,1.44,Gelatinas y Flanes,Gelatina Ind. Mosaico,futuro
2025-12-29,1.33,Gelatinas y Flanes,Gelatina Ind. Mosaico,futuro
2025-12-30,1.43,Gelatinas y Flanes,Gelatina Ind. Mosaico,futuro
2025-12-31,1.21,Gelatinas y Flanes,Gelatina Ind. Mosaico,futuro
2026-01-01,0.95,Gelatinas y Flanes,Gelatina Ind. Mosaico,futuro
2026-01-02,1.31,Gelatinas y Flanes,Gelatina Ind. Mosaico,futuro
2026-01-03,1.62,Gelatinas y Flanes,Gelatina Ind. Mosaico,futuro
2026-01-04,1.25,Gelatinas y Flanes,Gelatina Ind. Mosaico,futuro
2026-01-05,1.22,Gelatinas y Flanes,Gelatina Ind. Mosaico,futuro
2026-01-06,1.12,Gelatinas y Flanes,Gelatina Ind. Mosaico,futuro
2026-01-07,0.83,Gelatinas y Flanes,Gelatina Ind. Mosaico,futuro
2026-01-08,1.2,Gelatinas y Flanes,Gelatina Ind. Mosaico,futuro
2026-01-09,1.27,Gelatinas y Flanes,Gelatina Ind. Mosaico,futuro
2026-01-10,1.36,Gelatinas y Flanes,Gelatina Ind. Mosaico,futuro
2026-01-11,1.37,Gelatinas y Flanes,Gelatina Ind. Mosaico,futuro
2026-01-12,1.19,Gelatinas y Flanes,Gelatina Ind. Mosaico,futuro
2026-01-13,1.25,Gelatinas y Flanes,Gelatina Ind. Mosaico,futuro
2026-01-14,0.98,Gelatinas y Flanes,Gelatina Ind. Mosaico,futuro
2026-01-15,0.89,Gelatinas y Flanes,Gelatina Ind. Mosaico,futuro
2026-01-16,1.33,Gelatinas y Flanes,Gelatina Ind. Mosaico,futuro
2026-01-17,1.49,Gelatinas y Flanes,Gelatina Ind. Mosaico,futuro
2026-01-18,1.26,Gelatinas y Flanes,Gelatina Ind. Mosaico,futuro
2026-01-19,1.21,Gelatinas y Flanes,Gelatina Ind. Mosaico,futuro
2026-01-20,1.12,Gelatinas y Flanes,Gelatina Ind. Mosaico,futuro
2026-01-21,0.83,Gelatinas y Flanes,Gelatina Ind. Mosaico,futuro
2026-01-22,1.14,Gelatinas y Flanes,Gelatina Ind. Mosaico,futuro
2026-01-23,1.27,Gelatinas y Flanes,Gelatina Ind. Mosaico,futuro
2026-01-24,1.4,Gelatinas y Flanes,Gelatina Ind. Mosaico,futuro
2026-01-25,1.36,Gelatinas y Flanes,Gelatina Ind. Mosaico,futuro
2026-01-26,1.24,Gelatinas y Flanes,Gelatina Ind. Mosaico,futuro
2026-01-27,1.2,Gelatinas y Flanes,Gelatina Ind. Mosaico,futuro
2026-01-28,0.75,Gelatinas y Flanes,Gelatina Ind. Mosaico,futuro
2026-01-29,0.89,Gelatinas y Flanes,Gelatina Ind. Mosaico,futuro
2026-01-30,1.33,Gelatinas y Flanes,Gelatina Ind. Mosaico,futuro
2026-01-31,1.49,Gelatinas y Flanes,Gelatina Ind. Mosaico,futuro
2026-02-01,1.28,Gelatinas y Flanes,Gelatina Ind. Mosaico,futuro
2026-02-02,1.23,Gelatinas y Flanes,Gelatina Ind. Mosaico,futuro
2026-02-03,1.14,Gelatinas y Flanes,Gelatina Ind. Mosaico,futuro
2026-02-04,0.83,Gelatinas y Flanes,Gelatina Ind. Mosaico,futuro
2026-02-05,1.16,Gelatinas y Flanes,Gelatina Ind. Mosaico,futuro
2026-02-06,1.29,Gelatinas y Flanes,Gelatina Ind. Mosaico,futuro
2026-02-07,1.42,Gelatinas y Flanes,Gelatina Ind. Mosaico,futuro
2026-02-08,1.38,Gelatinas y Flanes,Gelatina Ind. Mosaico,futuro
2026-02-09,1.26,Gelatinas y Flanes,Gelatina Ind. Mosaico,futuro
2026-02-10,1.23,Gelatinas y Flanes,Gelatina Ind. Mosaico,futuro
2026-02-11,0.75,Gelatinas y Flanes,Gelatina Ind. Mosaico,futuro
2026-02-12,0.89,Gelatinas y Flanes,Gelatina Ind. Mosaico,futuro
2026-02-13,1.35,Gelatinas y Flanes,Gelatina Ind. Mosaico,futuro
2026-02-14,1.51,Gelatinas y Flanes,Gelatina Ind. Mosaico,futuro
2026-02-15,1.28,Gelatinas y Flanes,Gelatina Ind. Mosaico,futuro
2026-02-16,1.23,Gelatinas y Flanes,Gelatina Ind. Mosaico,futuro
2026-02-17,1.14,Gelatinas y Flanes,Gelatina Ind. Mosaico,futuro
2026-02-18,0.83,Gelatinas y Flanes,Gelatina Ind. Mosaico,futuro
2026-02-19,1.16,Gelatinas y Flanes,Gelatina Ind. Mosaico,futuro
2026-02-20,1.29,Gelatinas y Flanes,Gelatina Ind. Mosaico,futuro
2026-02-21,1.42,Gelatinas y Flanes,Gelatina Ind. Mosaico,futuro
2026-02-22,1.38,Gelatinas y Flanes,Gelatina Ind. Mosaico,futuro
2026-02-23,1.26,Gelatinas y Flanes,Gelatina Ind. Mosaico,futuro
2026-02-24,1.23,Gelatinas y Flanes,Gelatina Ind. Mosaico,futuro
2026-02-25,0.75,Gelatinas y Flanes,Gelatina Ind. Mosaico,futuro
2026-02-26,0.89,Gelatinas y Flanes,Gelatina Ind. Mosaico,futuro
2026-02-27,1.35,Gelatinas y Flanes,Gelatina Ind. Mosaico,futuro
2026-02-28,1.51,Gelatinas y Flanes,Gelatina Ind. Mosaico,futuro
2026-03-01,1.28,Gelatinas y Flanes,Gelatina Ind. Mosaico,futuro
2026-03-02,1.23,Gelatinas y Flanes,Gelatina Ind. Mosaico,futuro
2026-03-03,1.14,Gelatinas y Flanes,Gelatina Ind. Mosaico,futuro
2026-03-04,0.83,Gelatinas y Flanes,Gelatina Ind. Mosaico,futuro
2026-03-05,1.16,Gelatinas y Flanes,Gelatina Ind. Mosaico,futuro
2026-03-06,1.29,Gelatinas y Flanes,Gelatina Ind. Mosaico,futuro
2026-03-07,1.42,Gelatinas y Flanes,Gelatina Ind. Mosaico,futuro
2026-03-08,1.38,Gelatinas y Flanes,Gelatina Ind. Mosaico,futuro
2026-03-09,1.26,Gelatinas y Flanes,Gelatina Ind. Mosaico,futuro
2026-03-10,1.23,Gelatinas y Flanes,Gelatina Ind. Mosaico,futuro
2026-03-11,0.75,Gelatinas y Flanes,Gelatina Ind. Mosaico,futuro
2026-03-12,0.89,Gelatinas y Flanes,Gelatina Ind. Mosaico,futuro
2026-03-13,1.35,Gelatinas y Flanes,Gelatina Ind. Mosaico,futuro
2025-12-15,1.31,Gelatinas y Flanes,Gelatina Ind. Nuez,futuro
2025-12-16,1.84,Gelatinas y Flanes,Gelatina Ind. Nuez,futuro
2025-12-17,1.84,Gelatinas y Flanes,Gelatina Ind. Nuez,futuro
2025-12-18,0.97,Gelatinas y Flanes,Gelatina Ind. Nuez,futuro
2025-12-19,1.81,Gelatinas y Flanes,Gelatina Ind. Nuez,futuro
2025-12-20,1.75,Gelatinas y Flanes,Gelatina Ind. Nuez,futuro
2025-12-21,1.49,Gelatinas y Flanes,Gelatina Ind. Nuez,futuro
2025-12-22,1.72,Gelatinas y Flanes,Gelatina Ind. Nuez,futuro
2025-12-23,0.98,Gelatinas y Flanes,Gelatina Ind. Nuez,futuro
2025-12-24,1.59,Gelatinas y Flanes,Gelatina Ind. Nuez,futuro
2025-12-25,1.16,Gelatinas y Flanes,Gelatina Ind. Nuez,futuro
2025-12-26,1.38,Gelatinas y Flanes,Gelatina Ind. Nuez,futuro
2025-12-27,1.56,Gelatinas y Flanes,Gelatina Ind. Nuez,futuro
2025-12-28,1.24,Gelatinas y Flanes,Gelatina Ind. Nuez,futuro
2025-12-29,0.91,Gelatinas y Flanes,Gelatina Ind. Nuez,futuro
2025-12-30,0.96,Gelatinas y Flanes,Gelatina Ind. Nuez,futuro
2025-12-31,0.83,Gelatinas y Flanes,Gelatina Ind. Nuez,futuro
2026-01-01,0.85,Gelatinas y Flanes,Gelatina Ind. Nuez,futuro
2026-01-02,0.83,Gelatinas y Flanes,Gelatina Ind. Nuez,futuro
2026-01-03,1.44,Gelatinas y Flanes,Gelatina Ind. Nuez,futuro
2026-01-04,1.4,Gelatinas y Flanes,Gelatina Ind. Nuez,futuro
2026-01-05,0.97,Gelatinas y Flanes,Gelatina Ind. Nuez,futuro
2026-01-06,1.06,Gelatinas y Flanes,Gelatina Ind. Nuez,futuro
2026-01-07,0.96,Gelatinas y Flanes,Gelatina Ind. Nuez,futuro
2026-01-08,0.86,Gelatinas y Flanes,Gelatina Ind. Nuez,futuro
2026-01-09,0.77,Gelatinas y Flanes,Gelatina Ind. Nuez,futuro
2026-01-10,1.35,Gelatinas y Flanes,Gelatina Ind. Nuez,futuro
2026-01-11,1.11,Gelatinas y Flanes,Gelatina Ind. Nuez,futuro
2026-01-12,0.97,Gelatinas y Flanes,Gelatina Ind. Nuez,futuro
2026-01-13,1.0,Gelatinas y Flanes,Gelatina Ind. Nuez,futuro
2026-01-14,0.98,Gelatinas y Flanes,Gelatina Ind. Nuez,futuro
2026-01-15,1.02,Gelatinas y Flanes,Gelatina Ind. Nuez,futuro
2026-01-16,0.92,Gelatinas y Flanes,Gelatina Ind. Nuez,futuro
2026-01-17,1.32,Gelatinas y Flanes,Gelatina Ind. Nuez,futuro
2026-01-18,1.13,Gelatinas y Flanes,Gelatina Ind. Nuez,futuro
2026-01-19,1.02,Gelatinas y Flanes,Gelatina Ind. Nuez,futuro
2026-01-20,0.84,Gelatinas y Flanes,Gelatina Ind. Nuez,futuro
2026-01-21,1.07,Gelatinas y Flanes,Gelatina Ind. Nuez,futuro
2026-01-22,0.97,Gelatinas y Flanes,Gelatina Ind. Nuez,futuro
2026-01-23,0.98,Gelatinas y Flanes,Gelatina Ind. Nuez,futuro
2026-01-24,1.34,Gelatinas y Flanes,Gelatina Ind. Nuez,futuro
2026-01-25,1.29,Gelatinas y Flanes,Gelatina Ind. Nuez,futuro
2026-01-26,0.95,Gelatinas y Flanes,Gelatina Ind. Nuez,futuro
2026-01-27,1.04,Gelatinas y Flanes,Gelatina Ind. Nuez,futuro
2026-01-28,0.98,Gelatinas y Flanes,Gelatina Ind. Nuez,futuro
2026-01-29,0.88,Gelatinas y Flanes,Gelatina Ind. Nuez,futuro
2026-01-30,0.98,Gelatinas y Flanes,Gelatina Ind. Nuez,futuro
2026-01-31,1.33,Gelatinas y Flanes,Gelatina Ind. Nuez,futuro
2026-02-01,1.21,Gelatinas y Flanes,Gelatina Ind. Nuez,futuro
2026-02-02,1.08,Gelatinas y Flanes,Gelatina Ind. Nuez,futuro
2026-02-03,1.19,Gelatinas y Flanes,Gelatina Ind. Nuez,futuro
2026-02-04,1.23,Gelatinas y Flanes,Gelatina Ind. Nuez,futuro
2026-02-05,1.35,Gelatinas y Flanes,Gelatina Ind. Nuez,futuro
2026-02-06,1.17,Gelatinas y Flanes,Gelatina Ind. Nuez,futuro
2026-02-07,1.32,Gelatinas y Flanes,Gelatina Ind. Nuez,futuro
2026-02-08,1.36,Gelatinas y Flanes,Gelatina Ind. Nuez,futuro
2026-02-09,1.21,Gelatinas y Flanes,Gelatina Ind. Nuez,futuro
2026-02-10,1.11,Gelatinas y Flanes,Gelatina Ind. Nuez,futuro
2026-02-11,1.24,Gelatinas y Flanes,Gelatina Ind. Nuez,futuro
2026-02-12,1.32,Gelatinas y Flanes,Gelatina Ind. Nuez,futuro
2026-02-13,1.24,Gelatinas y Flanes,Gelatina Ind. Nuez,futuro
2026-02-14,1.44,Gelatinas y Flanes,Gelatina Ind. Nuez,futuro
2026-02-15,1.44,Gelatinas y Flanes,Gelatina Ind. Nuez,futuro
2026-02-16,1.08,Gelatinas y Flanes,Gelatina Ind. Nuez,futuro
2026-02-17,1.17,Gelatinas y Flanes,Gelatina Ind. Nuez,futuro
2026-02-18,1.15,Gelatinas y Flanes,Gelatina Ind. Nuez,futuro
2026-02-19,1.18,Gelatinas y Flanes,Gelatina Ind. Nuez,futuro
2026-02-20,1.1,Gelatinas y Flanes,Gelatina Ind. Nuez,futuro
2026-02-21,1.44,Gelatinas y Flanes,Gelatina Ind. Nuez,futuro
2026-02-22,1.44,Gelatinas y Flanes,Gelatina Ind. Nuez,futuro
2026-02-23,1.08,Gelatinas y Flanes,Gelatina Ind. Nuez,futuro
2026-02-24,1.17,Gelatinas y Flanes,Gelatina Ind. Nuez,futuro
2026-02-25,1.15,Gelatinas y Flanes,Gelatina Ind. Nuez,futuro
2026-02-26,1.18,Gelatinas y Flanes,Gelatina Ind. Nuez,futuro
2026-02-27,1.1,Gelatinas y Flanes,Gelatina Ind. Nuez,futuro
2026-02-28,1.44,Gelatinas y Flanes,Gelatina Ind. Nuez,futuro
2026-03-01,1.41,Gelatinas y Flanes,Gelatina Ind. Nuez,futuro
2026-03-02,1.08,Gelatinas y Flanes,Gelatina Ind. Nuez,futuro
2026-03-03,1.18,Gelatinas y Flanes,Gelatina Ind. Nuez,futuro
2026-03-04,1.16,Gelatinas y Flanes,Gelatina Ind. Nuez,futuro
2026-03-05,1.2,Gelatinas y Flanes,Gelatina Ind. Nuez,futuro
2026-03-06,1.1,Gelatinas y Flanes,Gelatina Ind. Nuez,futuro
2026-03-07,1.41,Gelatinas y Flanes,Gelatina Ind. Nuez,futuro
2026-03-08,1.41,Gelatinas y Flanes,Gelatina Ind. Nuez,futuro
2026-03-09,1.08,Gelatinas y Flanes,Gelatina Ind. Nuez,futuro
2026-03-10,1.18,Gelatinas y Flanes,Gelatina Ind. Nuez,futuro
2026-03-11,1.16,Gelatinas y Flanes,Gelatina Ind. Nuez,futuro
2026-03-12,1.2,Gelatinas y Flanes,Gelatina Ind. Nuez,futuro
2026-03-13,1.1,Gelatinas y Flanes,Gelatina Ind. Nuez,futuro
2026-03-14,1.41,Gelatinas y Flanes,Gelatina Ind. Nuez,futuro
2025-01-12,0.0,Gelatinas y Flanes,Gelatina Maracuya Chocolate Blanco,futuro
2025-01-13,0.0,Gelatinas y Flanes,Gelatina Maracuya Chocolate Blanco,futuro
2025-01-14,0.0,Gelatinas y Flanes,Gelatina Maracuya Chocolate Blanco,futuro
2025-01-15,0.0,Gelatinas y Flanes,Gelatina Maracuya Chocolate Blanco,futuro
2025-01-16,0.0,Gelatinas y Flanes,Gelatina Maracuya Chocolate Blanco,futuro
2025-01-17,0.0,Gelatinas y Flanes,Gelatina Maracuya Chocolate Blanco,futuro
2025-01-18,0.25,Gelatinas y Flanes,Gelatina Maracuya Chocolate Blanco,futuro
2025-01-19,0.0,Gelatinas y Flanes,Gelatina Maracuya Chocolate Blanco,futuro
2025-01-20,0.0,Gelatinas y Flanes,Gelatina Maracuya Chocolate Blanco,futuro
2025-01-21,0.0,Gelatinas y Flanes,Gelatina Maracuya Chocolate Blanco,futuro
2025-01-22,0.0,Gelatinas y Flanes,Gelatina Maracuya Chocolate Blanco,futuro
2025-01-23,0.0,Gelatinas y Flanes,Gelatina Maracuya Chocolate Blanco,futuro
2025-01-24,0.0,Gelatinas y Flanes,Gelatina Maracuya Chocolate Blanco,futuro
2025-01-25,0.25,Gelatinas y Flanes,Gelatina Maracuya Chocolate Blanco,futuro
2025-01-26,0.0,Gelatinas y Flanes,Gelatina Maracuya Chocolate Blanco,futuro
2025-01-27,0.0,Gelatinas y Flanes,Gelatina Maracuya Chocolate Blanco,futuro
2025-01-28,0.0,Gelatinas y Flanes,Gelatina Maracuya Chocolate Blanco,futuro
2025-01-29,0.0,Gelatinas y Flanes,Gelatina Maracuya Chocolate Blanco,futuro
2025-01-30,0.0,Gelatinas y Flanes,Gelatina Maracuya Chocolate Blanco,futuro
2025-01-31,0.0,Gelatinas y Flanes,Gelatina Maracuya Chocolate Blanco,futuro
2025-02-01,0.0,Gelatinas y Flanes,Gelatina Maracuya Chocolate Blanco,futuro
2025-02-02,0.0,Gelatinas y Flanes,Gelatina Maracuya Chocolate Blanco,futuro
2025-02-03,0.0,Gelatinas y Flanes,Gelatina Maracuya Chocolate Blanco,futuro
2025-02-04,0.0,Gelatinas y Flanes,Gelatina Maracuya Chocolate Blanco,futuro
2025-02-05,0.0,Gelatinas y Flanes,Gelatina Maracuya Chocolate Blanco,futuro
2025-02-06,0.0,Gelatinas y Flanes,Gelatina Maracuya Chocolate Blanco,futuro
2025-02-07,0.0,Gelatinas y Flanes,Gelatina Maracuya Chocolate Blanco,futuro
2025-02-08,0.0,Gelatinas y Flanes,Gelatina Maracuya Chocolate Blanco,futuro
2025-02-09,0.0,Gelatinas y Flanes,Gelatina Maracuya Chocolate Blanco,futuro
2025-02-10,0.0,Gelatinas y Flanes,Gelatina Maracuya Chocolate Blanco,futuro
2025-02-11,0.0,Gelatinas y Flanes,Gelatina Maracuya Chocolate Blanco,futuro
2025-02-12,0.0,Gelatinas y Flanes,Gelatina Maracuya Chocolate Blanco,futuro
2025-02-13,0.0,Gelatinas y Flanes,Gelatina Maracuya Chocolate Blanco,futuro
2025-02-14,0.0,Gelatinas y Flanes,Gelatina Maracuya Chocolate Blanco,futuro
2025-02-15,0.0,Gelatinas y Flanes,Gelatina Maracuya Chocolate Blanco,futuro
2025-02-16,0.0,Gelatinas y Flanes,Gelatina Maracuya Chocolate Blanco,futuro
2025-02-17,0.0,Gelatinas y Flanes,Gelatina Maracuya Chocolate Blanco,futuro
2025-02-18,0.0,Gelatinas y Flanes,Gelatina Maracuya Chocolate Blanco,futuro
2025-02-19,0.0,Gelatinas y Flanes,Gelatina Maracuya Chocolate Blanco,futuro
2025-02-20,0.0,Gelatinas y Flanes,Gelatina Maracuya Chocolate Blanco,futuro
2025-02-21,0.0,Gelatinas y Flanes,Gelatina Maracuya Chocolate Blanco,futuro
2025-02-22,0.0,Gelatinas y Flanes,Gelatina Maracuya Chocolate Blanco,futuro
2025-02-23,0.0,Gelatinas y Flanes,Gelatina Maracuya Chocolate Blanco,futuro
2025-02-24,0.0,Gelatinas y Flanes,Gelatina Maracuya Chocolate Blanco,futuro
2025-02-25,0.0,Gelatinas y Flanes,Gelatina Maracuya Chocolate Blanco,futuro
2025-02-26,0.0,Gelatinas y Flanes,Gelatina Maracuya Chocolate Blanco,futuro
2025-02-27,0.0,Gelatinas y Flanes,Gelatina Maracuya Chocolate Blanco,futuro
2025-02-28,0.0,Gelatinas y Flanes,Gelatina Maracuya Chocolate Blanco,futuro
2025-03-01,0.0,Gelatinas y Flanes,Gelatina Maracuya Chocolate Blanco,futuro
2025-03-02,0.0,Gelatinas y Flanes,Gelatina Maracuya Chocolate Blanco,futuro
2025-03-03,0.0,Gelatinas y Flanes,Gelatina Maracuya Chocolate Blanco,futuro
2025-03-04,0.0,Gelatinas y Flanes,Gelatina Maracuya Chocolate Blanco,futuro
2025-03-05,0.0,Gelatinas y Flanes,Gelatina Maracuya Chocolate Blanco,futuro
2025-03-06,0.0,Gelatinas y Flanes,Gelatina Maracuya Chocolate Blanco,futuro
2025-03-07,0.0,Gelatinas y Flanes,Gelatina Maracuya Chocolate Blanco,futuro
2025-03-08,0.0,Gelatinas y Flanes,Gelatina Maracuya Chocolate Blanco,futuro
2025-03-09,0.0,Gelatinas y Flanes,Gelatina Maracuya Chocolate Blanco,futuro
2025-03-10,0.0,Gelatinas y Flanes,Gelatina Maracuya Chocolate Blanco,futuro
2025-03-11,0.0,Gelatinas y Flanes,Gelatina Maracuya Chocolate Blanco,futuro
2025-03-12,0.0,Gelatinas y Flanes,Gelatina Maracuya Chocolate Blanco,futuro
2025-03-13,0.0,Gelatinas y Flanes,Gelatina Maracuya Chocolate Blanco,futuro
2025-03-14,0.0,Gelatinas y Flanes,Gelatina Maracuya Chocolate Blanco,futuro
2025-03-15,0.0,Gelatinas y Flanes,Gelatina Maracuya Chocolate Blanco,futuro
2025-03-16,0.0,Gelatinas y Flanes,Gelatina Maracuya Chocolate Blanco,futuro
2025-03-17,0.0,Gelatinas y Flanes,Gelatina Maracuya Chocolate Blanco,futuro
2025-03-18,0.0,Gelatinas y Flanes,Gelatina Maracuya Chocolate Blanco,futuro
2025-03-19,0.0,Gelatinas y Flanes,Gelatina Maracuya Chocolate Blanco,futuro
2025-03-20,0.0,Gelatinas y Flanes,Gelatina Maracuya Chocolate Blanco,futuro
2025-03-21,0.0,Gelatinas y Flanes,Gelatina Maracuya Chocolate Blanco,futuro
2025-03-22,0.0,Gelatinas y Flanes,Gelatina Maracuya Chocolate Blanco,futuro
2025-03-23,0.0,Gelatinas y Flanes,Gelatina Maracuya Chocolate Blanco,futuro
2025-03-24,0.0,Gelatinas y Flanes,Gelatina Maracuya Chocolate Blanco,futuro
2025-03-25,0.0,Gelatinas y Flanes,Gelatina Maracuya Chocolate Blanco,futuro
2025-03-26,0.0,Gelatinas y Flanes,Gelatina Maracuya Chocolate Blanco,futuro
2025-03-27,0.0,Gelatinas y Flanes,Gelatina Maracuya Chocolate Blanco,futuro
2025-03-28,0.0,Gelatinas y Flanes,Gelatina Maracuya Chocolate Blanco,futuro
2025-03-29,0.0,Gelatinas y Flanes,Gelatina Maracuya Chocolate Blanco,futuro
2025-03-30,0.0,Gelatinas y Flanes,Gelatina Maracuya Chocolate Blanco,futuro
2025-03-31,0.0,Gelatinas y Flanes,Gelatina Maracuya Chocolate Blanco,futuro
2025-04-01,0.0,Gelatinas y Flanes,Gelatina Maracuya Chocolate Blanco,futuro
2025-04-02,0.0,Gelatinas y Flanes,Gelatina Maracuya Chocolate Blanco,futuro
2025-04-03,0.0,Gelatinas y Flanes,Gelatina Maracuya Chocolate Blanco,futuro
2025-04-04,0.0,Gelatinas y Flanes,Gelatina Maracuya Chocolate Blanco,futuro
2025-04-05,0.0,Gelatinas y Flanes,Gelatina Maracuya Chocolate Blanco,futuro
2025-04-06,0.0,Gelatinas y Flanes,Gelatina Maracuya Chocolate Blanco,futuro
2025-04-07,0.0,Gelatinas y Flanes,Gelatina Maracuya Chocolate Blanco,futuro
2025-04-08,0.0,Gelatinas y Flanes,Gelatina Maracuya Chocolate Blanco,futuro
2025-04-09,0.0,Gelatinas y Flanes,Gelatina Maracuya Chocolate Blanco,futuro
2025-04-10,0.0,Gelatinas y Flanes,Gelatina Maracuya Chocolate Blanco,futuro
2025-04-11,0.0,Gelatinas y Flanes,Gelatina Maracuya Chocolate Blanco,futuro
2025-12-14,3.82,Gelatinas y Flanes,Gelatina Mosaico Grande,futuro
2025-12-15,1.44,Gelatinas y Flanes,Gelatina Mosaico Grande,futuro
2025-12-16,1.48,Gelatinas y Flanes,Gelatina Mosaico Grande,futuro
2025-12-17,1.41,Gelatinas y Flanes,Gelatina Mosaico Grande,futuro
2025-12-18,1.5,Gelatinas y Flanes,Gelatina Mosaico Grande,futuro
2025-12-19,2.25,Gelatinas y Flanes,Gelatina Mosaico Grande,futuro
2025-12-20,3.49,Gelatinas y Flanes,Gelatina Mosaico Grande,futuro
2025-12-21,3.79,Gelatinas y Flanes,Gelatina Mosaico Grande,futuro
2025-12-22,1.41,Gelatinas y Flanes,Gelatina Mosaico Grande,futuro
2025-12-23,1.32,Gelatinas y Flanes,Gelatina Mosaico Grande,futuro
2025-12-24,5.12,Gelatinas y Flanes,Gelatina Mosaico Grande,futuro
2025-12-25,3.59,Gelatinas y Flanes,Gelatina Mosaico Grande,futuro
2025-12-26,2.02,Gelatinas y Flanes,Gelatina Mosaico Grande,futuro
2025-12-27,4.51,Gelatinas y Flanes,Gelatina Mosaico Grande,futuro
2025-12-28,3.91,Gelatinas y Flanes,Gelatina Mosaico Grande,futuro
2025-12-29,1.47,Gelatinas y Flanes,Gelatina Mosaico Grande,futuro
2025-12-30,1.37,Gelatinas y Flanes,Gelatina Mosaico Grande,futuro
2025-12-31,10.93,Gelatinas y Flanes,Gelatina Mosaico Grande,futuro
2026-01-01,1.78,Gelatinas y Flanes,Gelatina Mosaico Grande,futuro
2026-01-02,2.26,Gelatinas y Flanes,Gelatina Mosaico Grande,futuro
2026-01-03,3.68,Gelatinas y Flanes,Gelatina Mosaico Grande,futuro
2026-01-04,3.68,Gelatinas y Flanes,Gelatina Mosaico Grande,futuro
2026-01-05,1.45,Gelatinas y Flanes,Gelatina Mosaico Grande,futuro
2026-01-06,1.06,Gelatinas y Flanes,Gelatina Mosaico Grande,futuro
2026-01-07,2.12,Gelatinas y Flanes,Gelatina Mosaico Grande,futuro
2026-01-08,1.39,Gelatinas y Flanes,Gelatina Mosaico Grande,futuro
2026-01-09,1.92,Gelatinas y Flanes,Gelatina Mosaico Grande,futuro
2026-01-10,3.69,Gelatinas y Flanes,Gelatina Mosaico Grande,futuro
2026-01-11,3.29,Gelatinas y Flanes,Gelatina Mosaico Grande,futuro
2026-01-12,1.62,Gelatinas y Flanes,Gelatina Mosaico Grande,futuro
2026-01-13,1.37,Gelatinas y Flanes,Gelatina Mosaico Grande,futuro
2026-01-14,1.33,Gelatinas y Flanes,Gelatina Mosaico Grande,futuro
2026-01-15,1.16,Gelatinas y Flanes,Gelatina Mosaico Grande,futuro
2026-01-16,1.8,Gelatinas y Flanes,Gelatina Mosaico Grande,futuro
2026-01-17,3.53,Gelatinas y Flanes,Gelatina Mosaico Grande,futuro
2026-01-18,3.57,Gelatinas y Flanes,Gelatina Mosaico Grande,futuro
2026-01-19,1.44,Gelatinas y Flanes,Gelatina Mosaico Grande,futuro
2026-01-20,1.16,Gelatinas y Flanes,Gelatina Mosaico Grande,futuro
2026-01-21,1.22,Gelatinas y Flanes,Gelatina Mosaico Grande,futuro
2026-01-22,1.16,Gelatinas y Flanes,Gelatina Mosaico Grande,futuro
2026-01-23,1.8,Gelatinas y Flanes,Gelatina Mosaico Grande,futuro
2026-01-24,3.53,Gelatinas y Flanes,Gelatina Mosaico Grande,futuro
2026-01-25,3.57,Gelatinas y Flanes,Gelatina Mosaico Grande,futuro
2026-01-26,1.43,Gelatinas y Flanes,Gelatina Mosaico Grande,futuro
2026-01-27,1.16,Gelatinas y Flanes,Gelatina Mosaico Grande,futuro
2026-01-28,1.17,Gelatinas y Flanes,Gelatina Mosaico Grande,futuro
2026-01-29,1.16,Gelatinas y Flanes,Gelatina Mosaico Grande,futuro
2026-01-30,1.8,Gelatinas y Flanes,Gelatina Mosaico Grande,futuro
2026-01-31,3.53,Gelatinas y Flanes,Gelatina Mosaico Grande,futuro
2026-02-01,3.57,Gelatinas y Flanes,Gelatina Mosaico Grande,futuro
2026-02-02,1.43,Gelatinas y Flanes,Gelatina Mosaico Grande,futuro
2026-02-03,1.16,Gelatinas y Flanes,Gelatina Mosaico Grande,futuro
2026-02-04,1.17,Gelatinas y Flanes,Gelatina Mosaico Grande,futuro
2026-02-05,1.16,Gelatinas y Flanes,Gelatina Mosaico Grande,futuro
2026-02-06,1.8,Gelatinas y Flanes,Gelatina Mosaico Grande,futuro
2026-02-07,3.53,Gelatinas y Flanes,Gelatina Mosaico Grande,futuro
2026-02-08,3.57,Gelatinas y Flanes,Gelatina Mosaico Grande,futuro
2026-02-09,1.43,Gelatinas y Flanes,Gelatina Mosaico Grande,futuro
2026-02-10,1.16,Gelatinas y Flanes,Gelatina Mosaico Grande,futuro
2026-02-11,1.17,Gelatinas y Flanes,Gelatina Mosaico Grande,futuro
2026-02-12,1.16,Gelatinas y Flanes,Gelatina Mosaico Grande,futuro
2026-02-13,1.8,Gelatinas y Flanes,Gelatina Mosaico Grande,futuro
2026-02-14,3.53,Gelatinas y Flanes,Gelatina Mosaico Grande,futuro
2026-02-15,3.57,Gelatinas y Flanes,Gelatina Mosaico Grande,futuro
2026-02-16,1.43,Gelatinas y Flanes,Gelatina Mosaico Grande,futuro
2026-02-17,1.16,Gelatinas y Flanes,Gelatina Mosaico Grande,futuro
2026-02-18,1.17,Gelatinas y Flanes,Gelatina Mosaico Grande,futuro
2026-02-19,1.16,Gelatinas y Flanes,Gelatina Mosaico Grande,futuro
2026-02-20,1.8,Gelatinas y Flanes,Gelatina Mosaico Grande,futuro
2026-02-21,3.53,Gelatinas y Flanes,Gelatina Mosaico Grande,futuro
2026-02-22,3.57,Gelatinas y Flanes,Gelatina Mosaico Grande,futuro
2026-02-23,1.43,Gelatinas y Flanes,Gelatina Mosaico Grande,futuro
2026-02-24,1.16,Gelatinas y Flanes,Gelatina Mosaico Grande,futuro
2026-02-25,1.17,Gelatinas y Flanes,Gelatina Mosaico Grande,futuro
2026-02-26,1.16,Gelatinas y Flanes,Gelatina Mosaico Grande,futuro
2026-02-27,1.8,Gelatinas y Flanes,Gelatina Mosaico Grande,futuro
2026-02-28,3.53,Gelatinas y Flanes,Gelatina Mosaico Grande,futuro
2026-03-01,3.57,Gelatinas y Flanes,Gelatina Mosaico Grande,futuro
2026-03-02,1.43,Gelatinas y Flanes,Gelatina Mosaico Grande,futuro
2026-03-03,1.16,Gelatinas y Flanes,Gelatina Mosaico Grande,futuro
2026-03-04,1.17,Gelatinas y Flanes,Gelatina Mosaico Grande,futuro
2026-03-05,1.16,Gelatinas y Flanes,Gelatina Mosaico Grande,futuro
2026-03-06,1.8,Gelatinas y Flanes,Gelatina Mosaico Grande,futuro
2026-03-07,3.53,Gelatinas y Flanes,Gelatina Mosaico Grande,futuro
2026-03-08,3.57,Gelatinas y Flanes,Gelatina Mosaico Grande,futuro
2026-03-09,1.43,Gelatinas y Flanes,Gelatina Mosaico Grande,futuro
2026-03-10,1.16,Gelatinas y Flanes,Gelatina Mosaico Grande,futuro
2026-03-11,1.17,Gelatinas y Flanes,Gelatina Mosaico Grande,futuro
2026-03-12,1.16,Gelatinas y Flanes,Gelatina Mosaico Grande,futuro
2026-03-13,1.8,Gelatinas y Flanes,Gelatina Mosaico Grande,futuro
2025-12-15,0.4,Gelatinas y Flanes,Gelatina Nuez Grande,futuro
2025-12-16,0.62,Gelatinas y Flanes,Gelatina Nuez Grande,futuro
2025-12-17,0.57,Gelatinas y Flanes,Gelatina Nuez Grande,futuro
2025-12-18,0.53,Gelatinas y Flanes,Gelatina Nuez Grande,futuro
2025-12-19,0.57,Gelatinas y Flanes,Gelatina Nuez Grande,futuro
2025-12-20,1.24,Gelatinas y Flanes,Gelatina Nuez Grande,futuro
2025-12-21,1.15,Gelatinas y Flanes,Gelatina Nuez Grande,futuro
2025-12-22,0.36,Gelatinas y Flanes,Gelatina Nuez Grande,futuro
2025-12-23,0.64,Gelatinas y Flanes,Gelatina Nuez Grande,futuro
2025-12-24,5.19,Gelatinas y Flanes,Gelatina Nuez Grande,futuro
2025-12-25,2.26,Gelatinas y Flanes,Gelatina Nuez Grande,futuro
2025-12-26,1.38,Gelatinas y Flanes,Gelatina Nuez Grande,futuro
2025-12-27,1.41,Gelatinas y Flanes,Gelatina Nuez Grande,futuro
2025-12-28,1.14,Gelatinas y Flanes,Gelatina Nuez Grande,futuro
2025-12-29,0.59,Gelatinas y Flanes,Gelatina Nuez Grande,futuro
2025-12-30,1.43,Gelatinas y Flanes,Gelatina Nuez Grande,futuro
2025-12-31,6.08,Gelatinas y Flanes,Gelatina Nuez Grande,futuro
2026-01-01,2.63,Gelatinas y Flanes,Gelatina Nuez Grande,futuro
2026-01-02,1.57,Gelatinas y Flanes,Gelatina Nuez Grande,futuro
2026-01-03,1.37,Gelatinas y Flanes,Gelatina Nuez Grande,futuro
2026-01-04,0.83,Gelatinas y Flanes,Gelatina Nuez Grande,futuro
2026-01-05,0.97,Gelatinas y Flanes,Gelatina Nuez Grande,futuro
2026-01-06,0.77,Gelatinas y Flanes,Gelatina Nuez Grande,futuro
2026-01-07,0.96,Gelatinas y Flanes,Gelatina Nuez Grande,futuro
2026-01-08,0.43,Gelatinas y Flanes,Gelatina Nuez Grande,futuro
2026-01-09,0.46,Gelatinas y Flanes,Gelatina Nuez Grande,futuro
2026-01-10,1.42,Gelatinas y Flanes,Gelatina Nuez Grande,futuro
2026-01-11,0.78,Gelatinas y Flanes,Gelatina Nuez Grande,futuro
2026-01-12,0.61,Gelatinas y Flanes,Gelatina Nuez Grande,futuro
2026-01-13,0.54,Gelatinas y Flanes,Gelatina Nuez Grande,futuro
2026-01-14,0.02,Gelatinas y Flanes,Gelatina Nuez Grande,futuro
2026-01-15,0.47,Gelatinas y Flanes,Gelatina Nuez Grande,futuro
2026-01-16,0.49,Gelatinas y Flanes,Gelatina Nuez Grande,futuro
2026-01-17,1.26,Gelatinas y Flanes,Gelatina Nuez Grande,futuro
2026-01-18,1.17,Gelatinas y Flanes,Gelatina Nuez Grande,futuro
2026-01-19,0.33,Gelatinas y Flanes,Gelatina Nuez Grande,futuro
2026-01-20,0.49,Gelatinas y Flanes,Gelatina Nuez Grande,futuro
2026-01-21,0.46,Gelatinas y Flanes,Gelatina Nuez Grande,futuro
2026-01-22,0.47,Gelatinas y Flanes,Gelatina Nuez Grande,futuro
2026-01-23,0.49,Gelatinas y Flanes,Gelatina Nuez Grande,futuro
2026-01-24,1.26,Gelatinas y Flanes,Gelatina Nuez Grande,futuro
2026-01-25,1.17,Gelatinas y Flanes,Gelatina Nuez Grande,futuro
2026-01-26,0.34,Gelatinas y Flanes,Gelatina Nuez Grande,futuro
2026-01-27,0.49,Gelatinas y Flanes,Gelatina Nuez Grande,futuro
2026-01-28,0.49,Gelatinas y Flanes,Gelatina Nuez Grande,futuro
2026-01-29,0.47,Gelatinas y Flanes,Gelatina Nuez Grande,futuro
2026-01-30,0.49,Gelatinas y Flanes,Gelatina Nuez Grande,futuro
2026-01-31,1.25,Gelatinas y Flanes,Gelatina Nuez Grande,futuro
2026-02-01,1.21,Gelatinas y Flanes,Gelatina Nuez Grande,futuro
2026-02-02,0.37,Gelatinas y Flanes,Gelatina Nuez Grande,futuro
2026-02-03,0.5,Gelatinas y Flanes,Gelatina Nuez Grande,futuro
2026-02-04,0.5,Gelatinas y Flanes,Gelatina Nuez Grande,futuro
2026-02-05,0.48,Gelatinas y Flanes,Gelatina Nuez Grande,futuro
2026-02-06,0.51,Gelatinas y Flanes,Gelatina Nuez Grande,futuro
2026-02-07,1.29,Gelatinas y Flanes,Gelatina Nuez Grande,futuro
2026-02-08,1.21,Gelatinas y Flanes,Gelatina Nuez Grande,futuro
2026-02-09,0.37,Gelatinas y Flanes,Gelatina Nuez Grande,futuro
2026-02-10,0.5,Gelatinas y Flanes,Gelatina Nuez Grande,futuro
2026-02-11,0.5,Gelatinas y Flanes,Gelatina Nuez Grande,futuro
2026-02-12,0.48,Gelatinas y Flanes,Gelatina Nuez Grande,futuro
2026-02-13,0.51,Gelatinas y Flanes,Gelatina Nuez Grande,futuro
2026-02-14,1.29,Gelatinas y Flanes,Gelatina Nuez Grande,futuro
2026-02-15,1.21,Gelatinas y Flanes,Gelatina Nuez Grande,futuro
2026-02-16,0.37,Gelatinas y Flanes,Gelatina Nuez Grande,futuro
2026-02-17,0.5,Gelatinas y Flanes,Gelatina Nuez Grande,futuro
2026-02-18,0.5,Gelatinas y Flanes,Gelatina Nuez Grande,futuro
2026-02-19,0.48,Gelatinas y Flanes,Gelatina Nuez Grande,futuro
2026-02-20,0.51,Gelatinas y Flanes,Gelatina Nuez Grande,futuro
2026-02-21,1.29,Gelatinas y Flanes,Gelatina Nuez Grande,futuro
2026-02-22,1.21,Gelatinas y Flanes,Gelatina Nuez Grande,futuro
2026-02-23,0.37,Gelatinas y Flanes,Gelatina Nuez Grande,futuro
2026-02-24,0.5,Gelatinas y Flanes,Gelatina Nuez Grande,futuro
2026-02-25,0.5,Gelatinas y Flanes,Gelatina Nuez Grande,futuro
2026-02-26,0.48,Gelatinas y Flanes,Gelatina Nuez Grande,futuro
2026-02-27,0.51,Gelatinas y Flanes,Gelatina Nuez Grande,futuro
2026-02-28,1.29,Gelatinas y Flanes,Gelatina Nuez Grande,futuro
2026-03-01,1.21,Gelatinas y Flanes,Gelatina Nuez Grande,futuro
2026-03-02,0.37,Gelatinas y Flanes,Gelatina Nuez Grande,futuro
2026-03-03,0.5,Gelatinas y Flanes,Gelatina Nuez Grande,futuro
2026-03-04,0.5,Gelatinas y Flanes,Gelatina Nuez Grande,futuro
2026-03-05,0.48,Gelatinas y Flanes,Gelatina Nuez Grande,futuro
2026-03-06,0.52,Gelatinas y Flanes,Gelatina Nuez Grande,futuro
2026-03-07,1.3,Gelatinas y Flanes,Gelatina Nuez Grande,futuro
2026-03-08,1.21,Gelatinas y Flanes,Gelatina Nuez Grande,futuro
2026-03-09,0.37,Gelatinas y Flanes,Gelatina Nuez Grande,futuro
2026-03-10,0.5,Gelatinas y Flanes,Gelatina Nuez Grande,futuro
2026-03-11,0.5,Gelatinas y Flanes,Gelatina Nuez Grande,futuro
2026-03-12,0.48,Gelatinas y Flanes,Gelatina Nuez Grande,futuro
2026-03-13,0.52,Gelatinas y Flanes,Gelatina Nuez Grande,futuro
2026-03-14,1.3,Gelatinas y Flanes,Gelatina Nuez Grande,futuro
2025-12-15,3.98,Gelatinas y Flanes,Gelatina Primavera Grande,futuro
2025-12-16,4.63,Gelatinas y Flanes,Gelatina Primavera Grande,futuro
2025-12-17,3.05,Gelatinas y Flanes,Gelatina Primavera Grande,futuro
2025-12-18,4.44,Gelatinas y Flanes,Gelatina Primavera Grande,futuro
2025-12-19,7.95,Gelatinas y Flanes,Gelatina Primavera Grande,futuro
2025-12-20,8.36,Gelatinas y Flanes,Gelatina Primavera Grande,futuro
2025-12-21,4.91,Gelatinas y Flanes,Gelatina Primavera Grande,futuro
2025-12-22,3.17,Gelatinas y Flanes,Gelatina Primavera Grande,futuro
2025-12-23,4.78,Gelatinas y Flanes,Gelatina Primavera Grande,futuro
2025-12-24,9.9,Gelatinas y Flanes,Gelatina Primavera Grande,futuro
2025-12-25,4.78,Gelatinas y Flanes,Gelatina Primavera Grande,futuro
2025-12-26,4.31,Gelatinas y Flanes,Gelatina Primavera Grande,futuro
2025-12-27,10.79,Gelatinas y Flanes,Gelatina Primavera Grande,futuro
2025-12-28,4.0,Gelatinas y Flanes,Gelatina Primavera Grande,futuro
2025-12-29,2.9,Gelatinas y Flanes,Gelatina Primavera Grande,futuro
2025-12-30,3.69,Gelatinas y Flanes,Gelatina Primavera Grande,futuro
2025-12-31,9.13,Gelatinas y Flanes,Gelatina Primavera Grande,futuro
2026-01-01,2.6,Gelatinas y Flanes,Gelatina Primavera Grande,futuro
2026-01-02,3.29,Gelatinas y Flanes,Gelatina Primavera Grande,futuro
2026-01-03,10.39,Gelatinas y Flanes,Gelatina Primavera Grande,futuro
2026-01-04,4.24,Gelatinas y Flanes,Gelatina Primavera Grande,futuro
2026-01-05,2.79,Gelatinas y Flanes,Gelatina Primavera Grande,futuro
2026-01-06,2.96,Gelatinas y Flanes,Gelatina Primavera Grande,futuro
2026-01-07,2.54,Gelatinas y Flanes,Gelatina Primavera Grande,futuro
2026-01-08,2.47,Gelatinas y Flanes,Gelatina Primavera Grande,futuro
2026-01-09,3.54,Gelatinas y Flanes,Gelatina Primavera Grande,futuro
2026-01-10,7.41,Gelatinas y Flanes,Gelatina Primavera Grande,futuro
2026-01-11,5.82,Gelatinas y Flanes,Gelatina Primavera Grande,futuro
2026-01-12,2.53,Gelatinas y Flanes,Gelatina Primavera Grande,futuro
2026-01-13,2.66,Gelatinas y Flanes,Gelatina Primavera Grande,futuro
2026-01-14,2.41,Gelatinas y Flanes,Gelatina Primavera Grande,futuro
2026-01-15,2.42,Gelatinas y Flanes,Gelatina Primavera Grande,futuro
2026-01-16,3.46,Gelatinas y Flanes,Gelatina Primavera Grande,futuro
2026-01-17,7.55,Gelatinas y Flanes,Gelatina Primavera Grande,futuro
2026-01-18,5.84,Gelatinas y Flanes,Gelatina Primavera Grande,futuro
2026-01-19,2.39,Gelatinas y Flanes,Gelatina Primavera Grande,futuro
2026-01-20,2.44,Gelatinas y Flanes,Gelatina Primavera Grande,futuro
2026-01-21,2.41,Gelatinas y Flanes,Gelatina Primavera Grande,futuro
2026-01-22,2.42,Gelatinas y Flanes,Gelatina Primavera Grande,futuro
2026-01-23,2.97,Gelatinas y Flanes,Gelatina Primavera Grande,futuro
2026-01-24,6.91,Gelatinas y Flanes,Gelatina Primavera Grande,futuro
2026-01-25,5.84,Gelatinas y Flanes,Gelatina Primavera Grande,futuro
2026-01-26,2.39,Gelatinas y Flanes,Gelatina Primavera Grande,futuro
2026-01-27,2.35,Gelatinas y Flanes,Gelatina Primavera Grande,futuro
2026-01-28,2.32,Gelatinas y Flanes,Gelatina Primavera Grande,futuro
2026-01-29,2.56,Gelatinas y Flanes,Gelatina Primavera Grande,futuro
2026-01-30,2.97,Gelatinas y Flanes,Gelatina Primavera Grande,futuro
2026-01-31,6.44,Gelatinas y Flanes,Gelatina Primavera Grande,futuro
2026-02-01,5.98,Gelatinas y Flanes,Gelatina Primavera Grande,futuro
2026-02-02,2.42,Gelatinas y Flanes,Gelatina Primavera Grande,futuro
2026-02-03,2.41,Gelatinas y Flanes,Gelatina Primavera Grande,futuro
2026-02-04,2.19,Gelatinas y Flanes,Gelatina Primavera Grande,futuro
2026-02-05,2.56,Gelatinas y Flanes,Gelatina Primavera Grande,futuro
2026-02-06,2.95,Gelatinas y Flanes,Gelatina Primavera Grande,futuro
2026-02-07,6.38,Gelatinas y Flanes,Gelatina Primavera Grande,futuro
2026-02-08,5.98,Gelatinas y Flanes,Gelatina Primavera Grande,futuro
2026-02-09,2.42,Gelatinas y Flanes,Gelatina Primavera Grande,futuro
2026-02-10,2.41,Gelatinas y Flanes,Gelatina Primavera Grande,futuro
2026-02-11,2.19,Gelatinas y Flanes,Gelatina Primavera Grande,futuro
2026-02-12,2.56,Gelatinas y Flanes,Gelatina Primavera Grande,futuro
2026-02-13,2.95,Gelatinas y Flanes,Gelatina Primavera Grande,futuro
2026-02-14,6.38,Gelatinas y Flanes,Gelatina Primavera Grande,futuro
2026-02-15,5.98,Gelatinas y Flanes,Gelatina Primavera Grande,futuro
2026-02-16,2.42,Gelatinas y Flanes,Gelatina Primavera Grande,futuro
2026-02-17,2.41,Gelatinas y Flanes,Gelatina Primavera Grande,futuro
2026-02-18,2.19,Gelatinas y Flanes,Gelatina Primavera Grande,futuro
2026-02-19,2.56,Gelatinas y Flanes,Gelatina Primavera Grande,futuro
2026-02-20,2.95,Gelatinas y Flanes,Gelatina Primavera Grande,futuro
2026-02-21,6.38,Gelatinas y Flanes,Gelatina Primavera Grande,futuro
2026-02-22,5.98,Gelatinas y Flanes,Gelatina Primavera Grande,futuro
2026-02-23,2.42,Gelatinas y Flanes,Gelatina Primavera Grande,futuro
2026-02-24,2.41,Gelatinas y Flanes,Gelatina Primavera Grande,futuro
2026-02-25,2.19,Gelatinas y Flanes,Gelatina Primavera Grande,futuro
2026-02-26,2.56,Gelatinas y Flanes,Gelatina Primavera Grande,futuro
2026-02-27,2.95,Gelatinas y Flanes,Gelatina Primavera Grande,futuro
2026-02-28,6.38,Gelatinas y Flanes,Gelatina Primavera Grande,futuro
2026-03-01,6.01,Gelatinas y Flanes,Gelatina Primavera Grande,futuro
2026-03-02,2.45,Gelatinas y Flanes,Gelatina Primavera Grande,futuro
2026-03-03,2.41,Gelatinas y Flanes,Gelatina Primavera Grande,futuro
2026-03-04,2.24,Gelatinas y Flanes,Gelatina Primavera Grande,futuro
2026-03-05,2.53,Gelatinas y Flanes,Gelatina Primavera Grande,futuro
2026-03-06,2.95,Gelatinas y Flanes,Gelatina Primavera Grande,futuro
2026-03-07,6.64,Gelatinas y Flanes,Gelatina Primavera Grande,futuro
2026-03-08,6.48,Gelatinas y Flanes,Gelatina Primavera Grande,futuro
2026-03-09,2.45,Gelatinas y Flanes,Gelatina Primavera Grande,futuro
2026-03-10,2.36,Gelatinas y Flanes,Gelatina Primavera Grande,futuro
2026-03-11,2.24,Gelatinas y Flanes,Gelatina Primavera Grande,futuro
2026-03-12,2.53,Gelatinas y Flanes,Gelatina Primavera Grande,futuro
2026-03-13,2.9,Gelatinas y Flanes,Gelatina Primavera Grande,futuro
2026-03-14,6.64,Gelatinas y Flanes,Gelatina Primavera Grande,futuro
2025-12-15,0.31,Gelatinas y Flanes,Gelatina de yogurt,futuro
2025-12-16,0.13,Gelatinas y Flanes,Gelatina de yogurt,futuro
2025-12-17,0.2,Gelatinas y Flanes,Gelatina de yogurt,futuro
2025-12-18,0.48,Gelatinas y Flanes,Gelatina de yogurt,futuro
2025-12-19,0.23,Gelatinas y Flanes,Gelatina de yogurt,futuro
2025-12-20,1.38,Gelatinas y Flanes,Gelatina de yogurt,futuro
2025-12-21,0.91,Gelatinas y Flanes,Gelatina de yogurt,futuro
2025-12-22,0.4,Gelatinas y Flanes,Gelatina de yogurt,futuro
2025-12-23,1.4,Gelatinas y Flanes,Gelatina de yogurt,futuro
2025-12-24,0.96,Gelatinas y Flanes,Gelatina de yogurt,futuro
2025-12-25,1.3,Gelatinas y Flanes,Gelatina de yogurt,futuro
2025-12-26,1.44,Gelatinas y Flanes,Gelatina de yogurt,futuro
2025-12-27,0.67,Gelatinas y Flanes,Gelatina de yogurt,futuro
2025-12-28,1.23,Gelatinas y Flanes,Gelatina de yogurt,futuro
2025-12-29,0.37,Gelatinas y Flanes,Gelatina de yogurt,futuro
2025-12-30,0.39,Gelatinas y Flanes,Gelatina de yogurt,futuro
2025-12-31,2.88,Gelatinas y Flanes,Gelatina de yogurt,futuro
2026-01-01,0.87,Gelatinas y Flanes,Gelatina de yogurt,futuro
2026-01-02,0.43,Gelatinas y Flanes,Gelatina de yogurt,futuro
2026-01-03,1.13,Gelatinas y Flanes,Gelatina de yogurt,futuro
2026-01-04,1.31,Gelatinas y Flanes,Gelatina de yogurt,futuro
2026-01-05,0.37,Gelatinas y Flanes,Gelatina de yogurt,futuro
2026-01-06,0.47,Gelatinas y Flanes,Gelatina de yogurt,futuro
2026-01-07,0.78,Gelatinas y Flanes,Gelatina de yogurt,futuro
2026-01-08,0.6,Gelatinas y Flanes,Gelatina de yogurt,futuro
2026-01-09,0.41,Gelatinas y Flanes,Gelatina de yogurt,futuro
2026-01-10,0.99,Gelatinas y Flanes,Gelatina de yogurt,futuro
2026-01-11,0.84,Gelatinas y Flanes,Gelatina de yogurt,futuro
2026-01-12,0.49,Gelatinas y Flanes,Gelatina de yogurt,futuro
2026-01-13,0.57,Gelatinas y Flanes,Gelatina de yogurt,futuro
2026-01-14,0.43,Gelatinas y Flanes,Gelatina de yogurt,futuro
2026-01-15,0.43,Gelatinas y Flanes,Gelatina de yogurt,futuro
2026-01-16,0.38,Gelatinas y Flanes,Gelatina de yogurt,futuro
2026-01-17,0.94,Gelatinas y Flanes,Gelatina de yogurt,futuro
2026-01-18,0.8,Gelatinas y Flanes,Gelatina de yogurt,futuro
2026-01-19,0.32,Gelatinas y Flanes,Gelatina de yogurt,futuro
2026-01-20,0.24,Gelatinas y Flanes,Gelatina de yogurt,futuro
2026-01-21,0.11,Gelatinas y Flanes,Gelatina de yogurt,futuro
2026-01-22,0.22,Gelatinas y Flanes,Gelatina de yogurt,futuro
2026-01-23,0.22,Gelatinas y Flanes,Gelatina de yogurt,futuro
2026-01-24,0.63,Gelatinas y Flanes,Gelatina de yogurt,futuro
2026-01-25,0.65,Gelatinas y Flanes,Gelatina de yogurt,futuro
2026-01-26,0.14,Gelatinas y Flanes,Gelatina de yogurt,futuro
2026-01-27,0.17,Gelatinas y Flanes,Gelatina de yogurt,futuro
2026-01-28,0.08,Gelatinas y Flanes,Gelatina de yogurt,futuro
2026-01-29,0.16,Gelatinas y Flanes,Gelatina de yogurt,futuro
2026-01-30,0.16,Gelatinas y Flanes,Gelatina de yogurt,futuro
2026-01-31,0.51,Gelatinas y Flanes,Gelatina de yogurt,futuro
2026-02-01,0.52,Gelatinas y Flanes,Gelatina de yogurt,futuro
2026-02-02,0.14,Gelatinas y Flanes,Gelatina de yogurt,futuro
2026-02-03,0.17,Gelatinas y Flanes,Gelatina de yogurt,futuro
2026-02-04,0.06,Gelatinas y Flanes,Gelatina de yogurt,futuro
2026-02-05,0.16,Gelatinas y Flanes,Gelatina de yogurt,futuro
2026-02-06,0.16,Gelatinas y Flanes,Gelatina de yogurt,futuro
2026-02-07,0.51,Gelatinas y Flanes,Gelatina de yogurt,futuro
2026-02-08,0.52,Gelatinas y Flanes,Gelatina de yogurt,futuro
2026-02-09,0.14,Gelatinas y Flanes,Gelatina de yogurt,futuro
2026-02-10,0.17,Gelatinas y Flanes,Gelatina de yogurt,futuro
2026-02-11,0.06,Gelatinas y Flanes,Gelatina de yogurt,futuro
2026-02-12,0.16,Gelatinas y Flanes,Gelatina de yogurt,futuro
2026-02-13,0.16,Gelatinas y Flanes,Gelatina de yogurt,futuro
2026-02-14,0.51,Gelatinas y Flanes,Gelatina de yogurt,futuro
2026-02-15,0.52,Gelatinas y Flanes,Gelatina de yogurt,futuro
2026-02-16,0.14,Gelatinas y Flanes,Gelatina de yogurt,futuro
2026-02-17,0.17,Gelatinas y Flanes,Gelatina de yogurt,futuro
2026-02-18,0.06,Gelatinas y Flanes,Gelatina de yogurt,futuro
2026-02-19,0.16,Gelatinas y Flanes,Gelatina de yogurt,futuro
2026-02-20,0.16,Gelatinas y Flanes,Gelatina de yogurt,futuro
2026-02-21,0.51,Gelatinas y Flanes,Gelatina de yogurt,futuro
2026-02-22,0.52,Gelatinas y Flanes,Gelatina de yogurt,futuro
2026-02-23,0.14,Gelatinas y Flanes,Gelatina de yogurt,futuro
2026-02-24,0.17,Gelatinas y Flanes,Gelatina de yogurt,futuro
2026-02-25,0.06,Gelatinas y Flanes,Gelatina de yogurt,futuro
2026-02-26,0.16,Gelatinas y Flanes,Gelatina de yogurt,futuro
2026-02-27,0.16,Gelatinas y Flanes,Gelatina de yogurt,futuro
2026-02-28,0.51,Gelatinas y Flanes,Gelatina de yogurt,futuro
2026-03-01,0.57,Gelatinas y Flanes,Gelatina de yogurt,futuro
2026-03-02,0.2,Gelatinas y Flanes,Gelatina de yogurt,futuro
2026-03-03,0.23,Gelatinas y Flanes,Gelatina de yogurt,futuro
2026-03-04,0.09,Gelatinas y Flanes,Gelatina de yogurt,futuro
2026-03-05,0.19,Gelatinas y Flanes,Gelatina de yogurt,futuro
2026-03-06,0.19,Gelatinas y Flanes,Gelatina de yogurt,futuro
2026-03-07,0.53,Gelatinas y Flanes,Gelatina de yogurt,futuro
2026-03-08,0.57,Gelatinas y Flanes,Gelatina de yogurt,futuro
2026-03-09,0.2,Gelatinas y Flanes,Gelatina de yogurt,futuro
2026-03-10,0.23,Gelatinas y Flanes,Gelatina de yogurt,futuro
2026-03-11,0.09,Gelatinas y Flanes,Gelatina de yogurt,futuro
2026-03-12,0.19,Gelatinas y Flanes,Gelatina de yogurt,futuro
2026-03-13,0.19,Gelatinas y Flanes,Gelatina de yogurt,futuro
2026-03-14,0.53,Gelatinas y Flanes,Gelatina de yogurt,futuro
2025-12-15,0.62,Gelatinas y Flanes,Vasito Flan Mini,futuro
2025-12-16,1.62,Gelatinas y Flanes,Vasito Flan Mini,futuro
2025-12-17,1.3,Gelatinas y Flanes,Vasito Flan Mini,futuro
2025-12-18,2.29,Gelatinas y Flanes,Vasito Flan Mini,futuro
2025-12-19,1.43,Gelatinas y Flanes,Vasito Flan Mini,futuro
2025-12-20,2.64,Gelatinas y Flanes,Vasito Flan Mini,futuro
2025-12-21,2.26,Gelatinas y Flanes,Vasito Flan Mini,futuro
2025-12-22,1.21,Gelatinas y Flanes,Vasito Flan Mini,futuro
2025-12-23,1.42,Gelatinas y Flanes,Vasito Flan Mini,futuro
2025-12-24,3.32,Gelatinas y Flanes,Vasito Flan Mini,futuro
2025-12-25,1.58,Gelatinas y Flanes,Vasito Flan Mini,futuro
2025-12-26,1.57,Gelatinas y Flanes,Vasito Flan Mini,futuro
2025-12-27,2.21,Gelatinas y Flanes,Vasito Flan Mini,futuro
2025-12-28,2.17,Gelatinas y Flanes,Vasito Flan Mini,futuro
2025-12-29,1.44,Gelatinas y Flanes,Vasito Flan Mini,futuro
2025-12-30,1.21,Gelatinas y Flanes,Vasito Flan Mini,futuro
2025-12-31,3.52,Gelatinas y Flanes,Vasito Flan Mini,futuro
2026-01-01,3.31,Gelatinas y Flanes,Vasito Flan Mini,futuro
2026-01-02,1.56,Gelatinas y Flanes,Vasito Flan Mini,futuro
2026-01-03,2.17,Gelatinas y Flanes,Vasito Flan Mini,futuro
2026-01-04,2.06,Gelatinas y Flanes,Vasito Flan Mini,futuro
2026-01-05,1.17,Gelatinas y Flanes,Vasito Flan Mini,futuro
2026-01-06,1.18,Gelatinas y Flanes,Vasito Flan Mini,futuro
2026-01-07,1.28,Gelatinas y Flanes,Vasito Flan Mini,futuro
2026-01-08,1.35,Gelatinas y Flanes,Vasito Flan Mini,futuro
2026-01-09,1.53,Gelatinas y Flanes,Vasito Flan Mini,futuro
2026-01-10,2.37,Gelatinas y Flanes,Vasito Flan Mini,futuro
2026-01-11,2.19,Gelatinas y Flanes,Vasito Flan Mini,futuro
2026-01-12,1.19,Gelatinas y Flanes,Vasito Flan Mini,futuro
2026-01-13,1.6,Gelatinas y Flanes,Vasito Flan Mini,futuro
2026-01-14,1.32,Gelatinas y Flanes,Vasito Flan Mini,futuro
2026-01-15,1.39,Gelatinas y Flanes,Vasito Flan Mini,futuro
2026-01-16,1.56,Gelatinas y Flanes,Vasito Flan Mini,futuro
2026-01-17,2.25,Gelatinas y Flanes,Vasito Flan Mini,futuro
2026-01-18,2.25,Gelatinas y Flanes,Vasito Flan Mini,futuro
2026-01-19,1.23,Gelatinas y Flanes,Vasito Flan Mini,futuro
2026-01-20,1.28,Gelatinas y Flanes,Vasito Flan Mini,futuro
2026-01-21,1.41,Gelatinas y Flanes,Vasito Flan Mini,futuro
2026-01-22,1.4,Gelatinas y Flanes,Vasito Flan Mini,futuro
2026-01-23,1.56,Gelatinas y Flanes,Vasito Flan Mini,futuro
2026-01-24,2.25,Gelatinas y Flanes,Vasito Flan Mini,futuro
2026-01-25,2.25,Gelatinas y Flanes,Vasito Flan Mini,futuro
2026-01-26,1.23,Gelatinas y Flanes,Vasito Flan Mini,futuro
2026-01-27,1.28,Gelatinas y Flanes,Vasito Flan Mini,futuro
2026-01-28,1.41,Gelatinas y Flanes,Vasito Flan Mini,futuro
2026-01-29,1.4,Gelatinas y Flanes,Vasito Flan Mini,futuro
2026-01-30,1.56,Gelatinas y Flanes,Vasito Flan Mini,futuro
2026-01-31,2.25,Gelatinas y Flanes,Vasito Flan Mini,futuro
2026-02-01,2.02,Gelatinas y Flanes,Vasito Flan Mini,futuro
2026-02-02,1.26,Gelatinas y Flanes,Vasito Flan Mini,futuro
2026-02-03,1.3,Gelatinas y Flanes,Vasito Flan Mini,futuro
2026-02-04,1.44,Gelatinas y Flanes,Vasito Flan Mini,futuro
2026-02-05,1.42,Gelatinas y Flanes,Vasito Flan Mini,futuro
2026-02-06,1.58,Gelatinas y Flanes,Vasito Flan Mini,futuro
2026-02-07,2.03,Gelatinas y Flanes,Vasito Flan Mini,futuro
2026-02-08,2.02,Gelatinas y Flanes,Vasito Flan Mini,futuro
2026-02-09,1.26,Gelatinas y Flanes,Vasito Flan Mini,futuro
2026-02-10,1.3,Gelatinas y Flanes,Vasito Flan Mini,futuro
2026-02-11,1.44,Gelatinas y Flanes,Vasito Flan Mini,futuro
2026-02-12,1.42,Gelatinas y Flanes,Vasito Flan Mini,futuro
2026-02-13,1.58,Gelatinas y Flanes,Vasito Flan Mini,futuro
2026-02-14,2.03,Gelatinas y Flanes,Vasito Flan Mini,futuro
2026-02-15,2.02,Gelatinas y Flanes,Vasito Flan Mini,futuro
2026-02-16,1.26,Gelatinas y Flanes,Vasito Flan Mini,futuro
2026-02-17,1.3,Gelatinas y Flanes,Vasito Flan Mini,futuro
2026-02-18,1.44,Gelatinas y Flanes,Vasito Flan Mini,futuro
2026-02-19,1.42,Gelatinas y Flanes,Vasito Flan Mini,futuro
2026-02-20,1.58,Gelatinas y Flanes,Vasito Flan Mini,futuro
2026-02-21,2.03,Gelatinas y Flanes,Vasito Flan Mini,futuro
2026-02-22,2.02,Gelatinas y Flanes,Vasito Flan Mini,futuro
2026-02-23,1.26,Gelatinas y Flanes,Vasito Flan Mini,futuro
2026-02-24,1.3,Gelatinas y Flanes,Vasito Flan Mini,futuro
2026-02-25,1.44,Gelatinas y Flanes,Vasito Flan Mini,futuro
2026-02-26,1.42,Gelatinas y Flanes,Vasito Flan Mini,futuro
2026-02-27,1.58,Gelatinas y Flanes,Vasito Flan Mini,futuro
2026-02-28,2.03,Gelatinas y Flanes,Vasito Flan Mini,futuro
2026-03-01,2.0,Gelatinas y Flanes,Vasito Flan Mini,futuro
2026-03-02,1.39,Gelatinas y Flanes,Vasito Flan Mini,futuro
2026-03-03,1.35,Gelatinas y Flanes,Vasito Flan Mini,futuro
2026-03-04,1.48,Gelatinas y Flanes,Vasito Flan Mini,futuro
2026-03-05,1.46,Gelatinas y Flanes,Vasito Flan Mini,futuro
2026-03-06,1.59,Gelatinas y Flanes,Vasito Flan Mini,futuro
2026-03-07,2.01,Gelatinas y Flanes,Vasito Flan Mini,futuro
2026-03-08,2.0,Gelatinas y Flanes,Vasito Flan Mini,futuro
2026-03-09,1.39,Gelatinas y Flanes,Vasito Flan Mini,futuro
2026-03-10,1.35,Gelatinas y Flanes,Vasito Flan Mini,futuro
2026-03-11,1.48,Gelatinas y Flanes,Vasito Flan Mini,futuro
2026-03-12,1.46,Gelatinas y Flanes,Vasito Flan Mini,futuro
2026-03-13,1.59,Gelatinas y Flanes,Vasito Flan Mini,futuro
2026-03-14,2.01,Gelatinas y Flanes,Vasito Flan Mini,futuro
2025-11-12,2.1,Gelatinas y Flanes,Vasito Gelatina Cafe,futuro
2025-11-13,2.6,Gelatinas y Flanes,Vasito Gelatina Cafe,futuro
2025-11-14,2.55,Gelatinas y Flanes,Vasito Gelatina Cafe,futuro
2025-11-15,2.69,Gelatinas y Flanes,Vasito Gelatina Cafe,futuro
2025-11-16,2.43,Gelatinas y Flanes,Vasito Gelatina Cafe,futuro
2025-11-17,1.83,Gelatinas y Flanes,Vasito Gelatina Cafe,futuro
2025-11-18,2.84,Gelatinas y Flanes,Vasito Gelatina Cafe,futuro
2025-11-19,2.42,Gelatinas y Flanes,Vasito Gelatina Cafe,futuro
2025-11-20,2.29,Gelatinas y Flanes,Vasito Gelatina Cafe,futuro
2025-11-21,3.84,Gelatinas y Flanes,Vasito Gelatina Cafe,futuro
2025-11-22,2.75,Gelatinas y Flanes,Vasito Gelatina Cafe,futuro
2025-11-23,2.62,Gelatinas y Flanes,Vasito Gelatina Cafe,futuro
2025-11-24,2.13,Gelatinas y Flanes,Vasito Gelatina Cafe,futuro
2025-11-25,2.43,Gelatinas y Flanes,Vasito Gelatina Cafe,futuro
2025-11-26,2.41,Gelatinas y Flanes,Vasito Gelatina Cafe,futuro
2025-11-27,2.44,Gelatinas y Flanes,Vasito Gelatina Cafe,futuro
2025-11-28,2.91,Gelatinas y Flanes,Vasito Gelatina Cafe,futuro
2025-11-29,3.3,Gelatinas y Flanes,Vasito Gelatina Cafe,futuro
2025-11-30,2.54,Gelatinas y Flanes,Vasito Gelatina Cafe,futuro
2025-12-01,2.0,Gelatinas y Flanes,Vasito Gelatina Cafe,futuro
2025-12-02,2.79,Gelatinas y Flanes,Vasito Gelatina Cafe,futuro
2025-12-03,2.58,Gelatinas y Flanes,Vasito Gelatina Cafe,futuro
2025-12-04,2.58,Gelatinas y Flanes,Vasito Gelatina Cafe,futuro
2025-12-05,3.0,Gelatinas y Flanes,Vasito Gelatina Cafe,futuro
2025-12-06,2.71,Gelatinas y Flanes,Vasito Gelatina Cafe,futuro
2025-12-07,3.08,Gelatinas y Flanes,Vasito Gelatina Cafe,futuro
2025-12-08,1.59,Gelatinas y Flanes,Vasito Gelatina Cafe,futuro
2025-12-09,2.72,Gelatinas y Flanes,Vasito Gelatina Cafe,futuro
2025-12-10,2.78,Gelatinas y Flanes,Vasito Gelatina Cafe,futuro
2025-12-11,2.6,Gelatinas y Flanes,Vasito Gelatina Cafe,futuro
2025-12-12,2.97,Gelatinas y Flanes,Vasito Gelatina Cafe,futuro
2025-12-13,3.12,Gelatinas y Flanes,Vasito Gelatina Cafe,futuro
2025-12-14,2.66,Gelatinas y Flanes,Vasito Gelatina Cafe,futuro
2025-12-15,2.06,Gelatinas y Flanes,Vasito Gelatina Cafe,futuro
2025-12-16,2.44,Gelatinas y Flanes,Vasito Gelatina Cafe,futuro
2025-12-17,2.44,Gelatinas y Flanes,Vasito Gelatina Cafe,futuro
2025-12-18,2.41,Gelatinas y Flanes,Vasito Gelatina Cafe,futuro
2025-12-19,2.92,Gelatinas y Flanes,Vasito Gelatina Cafe,futuro
2025-12-20,3.03,Gelatinas y Flanes,Vasito Gelatina Cafe,futuro
2025-12-21,2.5,Gelatinas y Flanes,Vasito Gelatina Cafe,futuro
2025-12-22,2.0,Gelatinas y Flanes,Vasito Gelatina Cafe,futuro
2025-12-23,2.48,Gelatinas y Flanes,Vasito Gelatina Cafe,futuro
2025-12-24,3.07,Gelatinas y Flanes,Vasito Gelatina Cafe,futuro
2025-12-25,1.89,Gelatinas y Flanes,Vasito Gelatina Cafe,futuro
2025-12-26,2.88,Gelatinas y Flanes,Vasito Gelatina Cafe,futuro
2025-12-27,3.29,Gelatinas y Flanes,Vasito Gelatina Cafe,futuro
2025-12-28,2.57,Gelatinas y Flanes,Vasito Gelatina Cafe,futuro
2025-12-29,1.91,Gelatinas y Flanes,Vasito Gelatina Cafe,futuro
2025-12-30,3.03,Gelatinas y Flanes,Vasito Gelatina Cafe,futuro
2025-12-31,2.78,Gelatinas y Flanes,Vasito Gelatina Cafe,futuro
2026-01-01,2.96,Gelatinas y Flanes,Vasito Gelatina Cafe,futuro
2026-01-02,3.44,Gelatinas y Flanes,Vasito Gelatina Cafe,futuro
2026-01-03,2.89,Gelatinas y Flanes,Vasito Gelatina Cafe,futuro
2026-01-04,3.08,Gelatinas y Flanes,Vasito Gelatina Cafe,futuro
2026-01-05,1.74,Gelatinas y Flanes,Vasito Gelatina Cafe,futuro
2026-01-06,2.69,Gelatinas y Flanes,Vasito Gelatina Cafe,futuro
2026-01-07,2.77,Gelatinas y Flanes,Vasito Gelatina Cafe,futuro
2026-01-08,2.51,Gelatinas y Flanes,Vasito Gelatina Cafe,futuro
2026-01-09,2.96,Gelatinas y Flanes,Vasito Gelatina Cafe,futuro
2026-01-10,3.13,Gelatinas y Flanes,Vasito Gelatina Cafe,futuro
2026-01-11,2.64,Gelatinas y Flanes,Vasito Gelatina Cafe,futuro
2026-01-12,2.01,Gelatinas y Flanes,Vasito Gelatina Cafe,futuro
2026-01-13,2.44,Gelatinas y Flanes,Vasito Gelatina Cafe,futuro
2026-01-14,2.38,Gelatinas y Flanes,Vasito Gelatina Cafe,futuro
2026-01-15,2.35,Gelatinas y Flanes,Vasito Gelatina Cafe,futuro
2026-01-16,2.89,Gelatinas y Flanes,Vasito Gelatina Cafe,futuro
2026-01-17,3.04,Gelatinas y Flanes,Vasito Gelatina Cafe,futuro
2026-01-18,2.5,Gelatinas y Flanes,Vasito Gelatina Cafe,futuro
2026-01-19,1.94,Gelatinas y Flanes,Vasito Gelatina Cafe,futuro
2026-01-20,2.71,Gelatinas y Flanes,Vasito Gelatina Cafe,futuro
2026-01-21,2.52,Gelatinas y Flanes,Vasito Gelatina Cafe,futuro
2026-01-22,2.52,Gelatinas y Flanes,Vasito Gelatina Cafe,futuro
2026-01-23,2.97,Gelatinas y Flanes,Vasito Gelatina Cafe,futuro
2026-01-24,3.07,Gelatinas y Flanes,Vasito Gelatina Cafe,futuro
2026-01-25,2.57,Gelatinas y Flanes,Vasito Gelatina Cafe,futuro
2026-01-26,1.8,Gelatinas y Flanes,Vasito Gelatina Cafe,futuro
2026-01-27,2.75,Gelatinas y Flanes,Vasito Gelatina Cafe,futuro
2026-01-28,2.61,Gelatinas y Flanes,Vasito Gelatina Cafe,futuro
2026-01-29,2.52,Gelatinas y Flanes,Vasito Gelatina Cafe,futuro
2026-01-30,2.96,Gelatinas y Flanes,Vasito Gelatina Cafe,futuro
2026-01-31,3.07,Gelatinas y Flanes,Vasito Gelatina Cafe,futuro
2026-02-01,2.59,Gelatinas y Flanes,Vasito Gelatina Cafe,futuro
2026-02-02,1.95,Gelatinas y Flanes,Vasito Gelatina Cafe,futuro
2026-02-03,2.69,Gelatinas y Flanes,Vasito Gelatina Cafe,futuro
2026-02-04,2.55,Gelatinas y Flanes,Vasito Gelatina Cafe,futuro
2026-02-05,2.46,Gelatinas y Flanes,Vasito Gelatina Cafe,futuro
2026-02-06,2.9,Gelatinas y Flanes,Vasito Gelatina Cafe,futuro
2026-02-07,2.99,Gelatinas y Flanes,Vasito Gelatina Cafe,futuro
2026-02-08,3.14,Gelatinas y Flanes,Vasito Gelatina Cafe,futuro
2026-02-09,1.57,Gelatinas y Flanes,Vasito Gelatina Cafe,futuro
2025-06-30,0.71,Gelatinas y Flanes,Vasito gelatina de yogurt,futuro
2025-07-01,1.14,Gelatinas y Flanes,Vasito gelatina de yogurt,futuro
2025-07-02,0.75,Gelatinas y Flanes,Vasito gelatina de yogurt,futuro
2025-07-03,1.4,Gelatinas y Flanes,Vasito gelatina de yogurt,futuro
2025-07-04,0.78,Gelatinas y Flanes,Vasito gelatina de yogurt,futuro
2025-07-05,0.94,Gelatinas y Flanes,Vasito gelatina de yogurt,futuro
2025-07-06,0.83,Gelatinas y Flanes,Vasito gelatina de yogurt,futuro
2025-07-07,0.84,Gelatinas y Flanes,Vasito gelatina de yogurt,futuro
2025-07-08,0.77,Gelatinas y Flanes,Vasito gelatina de yogurt,futuro
2025-07-09,0.93,Gelatinas y Flanes,Vasito gelatina de yogurt,futuro
2025-07-10,0.84,Gelatinas y Flanes,Vasito gelatina de yogurt,futuro
2025-07-11,0.49,Gelatinas y Flanes,Vasito gelatina de yogurt,futuro
2025-07-12,0.85,Gelatinas y Flanes,Vasito gelatina de yogurt,futuro
2025-07-13,0.67,Gelatinas y Flanes,Vasito gelatina de yogurt,futuro
2025-07-14,0.78,Gelatinas y Flanes,Vasito gelatina de yogurt,futuro
2025-07-15,0.66,Gelatinas y Flanes,Vasito gelatina de yogurt,futuro
2025-07-16,0.74,Gelatinas y Flanes,Vasito gelatina de yogurt,futuro
2025-07-17,1.01,Gelatinas y Flanes,Vasito gelatina de yogurt,futuro
2025-07-18,0.87,Gelatinas y Flanes,Vasito gelatina de yogurt,futuro
2025-07-19,0.78,Gelatinas y Flanes,Vasito gelatina de yogurt,futuro
2025-07-20,0.87,Gelatinas y Flanes,Vasito gelatina de yogurt,futuro
2025-07-21,0.73,Gelatinas y Flanes,Vasito gelatina de yogurt,futuro
2025-07-22,0.68,Gelatinas y Flanes,Vasito gelatina de yogurt,futuro
2025-07-23,0.75,Gelatinas y Flanes,Vasito gelatina de yogurt,futuro
2025-07-24,1.06,Gelatinas y Flanes,Vasito gelatina de yogurt,futuro
2025-07-25,0.73,Gelatinas y Flanes,Vasito gelatina de yogurt,futuro
2025-07-26,0.86,Gelatinas y Flanes,Vasito gelatina de yogurt,futuro
2025-07-27,0.9,Gelatinas y Flanes,Vasito gelatina de yogurt,futuro
2025-07-28,0.61,Gelatinas y Flanes,Vasito gelatina de yogurt,futuro
2025-07-29,0.68,Gelatinas y Flanes,Vasito gelatina de yogurt,futuro
2025-07-30,0.81,Gelatinas y Flanes,Vasito gelatina de yogurt,futuro
2025-07-31,1.01,Gelatinas y Flanes,Vasito gelatina de yogurt,futuro
2025-08-01,0.7,Gelatinas y Flanes,Vasito gelatina de yogurt,futuro
2025-08-02,0.83,Gelatinas y Flanes,Vasito gelatina de yogurt,futuro
2025-08-03,0.86,Gelatinas y Flanes,Vasito gelatina de yogurt,futuro
2025-08-04,0.51,Gelatinas y Flanes,Vasito gelatina de yogurt,futuro
2025-08-05,0.61,Gelatinas y Flanes,Vasito gelatina de yogurt,futuro
2025-08-06,0.56,Gelatinas y Flanes,Vasito gelatina de yogurt,futuro
2025-08-07,0.95,Gelatinas y Flanes,Vasito gelatina de yogurt,futuro
2025-08-08,0.74,Gelatinas y Flanes,Vasito gelatina de yogurt,futuro
2025-08-09,0.95,Gelatinas y Flanes,Vasito gelatina de yogurt,futuro
2025-08-10,0.9,Gelatinas y Flanes,Vasito gelatina de yogurt,futuro
2025-08-11,0.56,Gelatinas y Flanes,Vasito gelatina de yogurt,futuro
2025-08-12,0.64,Gelatinas y Flanes,Vasito gelatina de yogurt,futuro
2025-08-13,0.48,Gelatinas y Flanes,Vasito gelatina de yogurt,futuro
2025-08-14,0.95,Gelatinas y Flanes,Vasito gelatina de yogurt,futuro
2025-08-15,0.93,Gelatinas y Flanes,Vasito gelatina de yogurt,futuro
2025-08-16,0.85,Gelatinas y Flanes,Vasito gelatina de yogurt,futuro
2025-08-17,0.87,Gelatinas y Flanes,Vasito gelatina de yogurt,futuro
2025-08-18,0.67,Gelatinas y Flanes,Vasito gelatina de yogurt,futuro
2025-08-19,0.64,Gelatinas y Flanes,Vasito gelatina de yogurt,futuro
2025-08-20,0.36,Gelatinas y Flanes,Vasito gelatina de yogurt,futuro
2025-08-21,0.96,Gelatinas y Flanes,Vasito gelatina de yogurt,futuro
2025-08-22,0.93,Gelatinas y Flanes,Vasito gelatina de yogurt,futuro
2025-08-23,0.85,Gelatinas y Flanes,Vasito gelatina de yogurt,futuro
2025-08-24,0.87,Gelatinas y Flanes,Vasito gelatina de yogurt,futuro
2025-08-25,0.67,Gelatinas y Flanes,Vasito gelatina de yogurt,futuro
2025-08-26,0.6,Gelatinas y Flanes,Vasito gelatina de yogurt,futuro
2025-08-27,0.34,Gelatinas y Flanes,Vasito gelatina de yogurt,futuro
2025-08-28,0.78,Gelatinas y Flanes,Vasito gelatina de yogurt,futuro
2025-08-29,0.75,Gelatinas y Flanes,Vasito gelatina de yogurt,futuro
2025-08-30,0.9,Gelatinas y Flanes,Vasito gelatina de yogurt,futuro
2025-08-31,0.92,Gelatinas y Flanes,Vasito gelatina de yogurt,futuro
2025-09-01,0.97,Gelatinas y Flanes,Vasito gelatina de yogurt,futuro
2025-09-02,0.64,Gelatinas y Flanes,Vasito gelatina de yogurt,futuro
2025-09-03,0.33,Gelatinas y Flanes,Vasito gelatina de yogurt,futuro
2025-09-04,0.64,Gelatinas y Flanes,Vasito gelatina de yogurt,futuro
2025-09-05,1.04,Gelatinas y Flanes,Vasito gelatina de yogurt,futuro
2025-09-06,0.93,Gelatinas y Flanes,Vasito gelatina de yogurt,futuro
2025-09-07,0.92,Gelatinas y Flanes,Vasito gelatina de yogurt,futuro
2025-09-08,0.69,Gelatinas y Flanes,Vasito gelatina de yogurt,futuro
2025-09-09,0.67,Gelatinas y Flanes,Vasito gelatina de yogurt,futuro
2025-09-10,0.31,Gelatinas y Flanes,Vasito gelatina de yogurt,futuro
2025-09-11,0.74,Gelatinas y Flanes,Vasito gelatina de yogurt,futuro
2025-09-12,1.04,Gelatinas y Flanes,Vasito gelatina de yogurt,futuro
2025-09-13,0.77,Gelatinas y Flanes,Vasito gelatina de yogurt,futuro
2025-09-14,1.01,Gelatinas y Flanes,Vasito gelatina de yogurt,futuro
2025-09-15,0.8,Gelatinas y Flanes,Vasito gelatina de yogurt,futuro
2025-09-16,0.5,Gelatinas y Flanes,Vasito gelatina de yogurt,futuro
2025-09-17,0.21,Gelatinas y Flanes,Vasito gelatina de yogurt,futuro
2025-09-18,0.97,Gelatinas y Flanes,Vasito gelatina de yogurt,futuro
2025-09-19,0.93,Gelatinas y Flanes,Vasito gelatina de yogurt,futuro
2025-09-20,0.9,Gelatinas y Flanes,Vasito gelatina de yogurt,futuro
2025-09-21,1.12,Gelatinas y Flanes,Vasito gelatina de yogurt,futuro
2025-09-22,0.85,Gelatinas y Flanes,Vasito gelatina de yogurt,futuro
2025-09-23,0.54,Gelatinas y Flanes,Vasito gelatina de yogurt,futuro
2025-09-24,0.46,Gelatinas y Flanes,Vasito gelatina de yogurt,futuro
2025-09-25,0.75,Gelatinas y Flanes,Vasito gelatina de yogurt,futuro
2025-09-26,0.93,Gelatinas y Flanes,Vasito gelatina de yogurt,futuro
2025-09-27,1.25,Gelatinas y Flanes,Vasito gelatina de yogurt,futuro
2025-12-15,0.26,General,Costo de envío,futuro
2025-12-16,0.47,General,Costo de envío,futuro
2025-12-17,0.32,General,Costo de envío,futuro
2025-12-18,0.46,General,Costo de envío,futuro
2025-12-19,0.64,General,Costo de envío,futuro
2025-12-20,0.51,General,Costo de envío,futuro
2025-12-21,0.17,General,Costo de envío,futuro
2025-12-22,0.64,General,Costo de envío,futuro
2025-12-23,0.15,General,Costo de envío,futuro
2025-12-24,0.41,General,Costo de envío,futuro
2025-12-25,0.38,General,Costo de envío,futuro
2025-12-26,0.28,General,Costo de envío,futuro
2025-12-27,0.59,General,Costo de envío,futuro
2025-12-28,0.39,General,Costo de envío,futuro
2025-12-29,0.25,General,Costo de envío,futuro
2025-12-30,0.12,General,Costo de envío,futuro
2025-12-31,0.24,General,Costo de envío,futuro
2026-01-01,0.19,General,Costo de envío,futuro
2026-01-02,0.18,General,Costo de envío,futuro
2026-01-03,0.31,General,Costo de envío,futuro
2026-01-04,0.22,General,Costo de envío,futuro
2026-01-05,0.16,General,Costo de envío,futuro
2026-01-06,0.24,General,Costo de envío,futuro
2026-01-07,0.32,General,Costo de envío,futuro
2026-01-08,0.31,General,Costo de envío,futuro
2026-01-09,0.3,General,Costo de envío,futuro
2026-01-10,0.31,General,Costo de envío,futuro
2026-01-11,0.22,General,Costo de envío,futuro
2026-01-12,0.16,General,Costo de envío,futuro
2026-01-13,0.24,General,Costo de envío,futuro
2026-01-14,0.32,General,Costo de envío,futuro
2026-01-15,0.31,General,Costo de envío,futuro
2026-01-16,0.3,General,Costo de envío,futuro
2026-01-17,0.31,General,Costo de envío,futuro
2026-01-18,0.22,General,Costo de envío,futuro
2026-01-19,0.16,General,Costo de envío,futuro
2026-01-20,0.24,General,Costo de envío,futuro
2026-01-21,0.32,General,Costo de envío,futuro
2026-01-22,0.31,General,Costo de envío,futuro
2026-01-23,0.3,General,Costo de envío,futuro
2026-01-24,0.31,General,Costo de envío,futuro
2026-01-25,0.22,General,Costo de envío,futuro
2026-01-26,0.16,General,Costo de envío,futuro
2026-01-27,0.24,General,Costo de envío,futuro
2026-01-28,0.32,General,Costo de envío,futuro
2026-01-29,0.31,General,Costo de envío,futuro
2026-01-30,0.3,General,Costo de envío,futuro
2026-01-31,0.31,General,Costo de envío,futuro
2026-02-01,0.32,General,Costo de envío,futuro
2026-02-02,0.26,General,Costo de envío,futuro
2026-02-03,0.35,General,Costo de envío,futuro
2026-02-04,0.4,General,Costo de envío,futuro
2026-02-05,0.4,General,Costo de envío,futuro
2026-02-06,0.4,General,Costo de envío,futuro
2026-02-07,0.41,General,Costo de envío,futuro
2026-02-08,0.36,General,Costo de envío,futuro
2026-02-09,0.28,General,Costo de envío,futuro
2026-02-10,0.35,General,Costo de envío,futuro
2026-02-11,0.4,General,Costo de envío,futuro
2026-02-12,0.4,General,Costo de envío,futuro
2026-02-13,0.4,General,Costo de envío,futuro
2026-02-14,0.41,General,Costo de envío,futuro
2026-02-15,0.36,General,Costo de envío,futuro
2026-02-16,0.28,General,Costo de envío,futuro
2026-02-17,0.35,General,Costo de envío,futuro
2026-02-18,0.4,General,Costo de envío,futuro
2026-02-19,0.4,General,Costo de envío,futuro
2026-02-20,0.4,General,Costo de envío,futuro
2026-02-21,0.41,General,Costo de envío,futuro
2026-02-22,0.36,General,Costo de envío,futuro
2026-02-23,0.28,General,Costo de envío,futuro
2026-02-24,0.35,General,Costo de envío,futuro
2026-02-25,0.4,General,Costo de envío,futuro
2026-02-26,0.4,General,Costo de envío,futuro
2026-02-27,0.4,General,Costo de envío,futuro
2026-02-28,0.41,General,Costo de envío,futuro
2026-03-01,0.35,General,Costo de envío,futuro
2026-03-02,0.27,General,Costo de envío,futuro
2026-03-03,0.35,General,Costo de envío,futuro
2026-03-04,0.38,General,Costo de envío,futuro
2026-03-05,0.38,General,Costo de envío,futuro
2026-03-06,0.39,General,Costo de envío,futuro
2026-03-07,0.39,General,Costo de envío,futuro
2026-03-08,0.35,General,Costo de envío,futuro
2026-03-09,0.27,General,Costo de envío,futuro
2026-03-10,0.35,General,Costo de envío,futuro
2026-03-11,0.38,General,Costo de envío,futuro
2026-03-12,0.38,General,Costo de envío,futuro
2026-03-13,0.39,General,Costo de envío,futuro
2026-03-14,0.39,General,Costo de envío,futuro
2025-02-14,0.04,Panadería,Alfajores de chocolate,futuro
2025-02-15,0.0,Panadería,Alfajores de chocolate,futuro
2025-02-16,0.0,Panadería,Alfajores de chocolate,futuro
2025-02-17,0.0,Panadería,Alfajores de chocolate,futuro
2025-02-18,0.01,Panadería,Alfajores de chocolate,futuro
2025-02-19,0.01,Panadería,Alfajores de chocolate,futuro
2025-02-20,0.06,Panadería,Alfajores de chocolate,futuro
2025-02-21,0.04,Panadería,Alfajores de chocolate,futuro
2025-02-22,0.0,Panadería,Alfajores de chocolate,futuro
2025-02-23,0.0,Panadería,Alfajores de chocolate,futuro
2025-02-24,0.0,Panadería,Alfajores de chocolate,futuro
2025-02-25,0.01,Panadería,Alfajores de chocolate,futuro
2025-02-26,0.01,Panadería,Alfajores de chocolate,futuro
2025-02-27,0.07,Panadería,Alfajores de chocolate,futuro
2025-02-28,0.04,Panadería,Alfajores de chocolate,futuro
2025-03-01,0.0,Panadería,Alfajores de chocolate,futuro
2025-03-02,0.0,Panadería,Alfajores de chocolate,futuro
2025-03-03,0.0,Panadería,Alfajores de chocolate,futuro
2025-03-04,0.0,Panadería,Alfajores de chocolate,futuro
2025-03-05,0.0,Panadería,Alfajores de chocolate,futuro
2025-03-06,0.01,Panadería,Alfajores de chocolate,futuro
2025-03-07,0.0,Panadería,Alfajores de chocolate,futuro
2025-03-08,0.0,Panadería,Alfajores de chocolate,futuro
2025-03-09,0.0,Panadería,Alfajores de chocolate,futuro
2025-03-10,0.0,Panadería,Alfajores de chocolate,futuro
2025-03-11,0.0,Panadería,Alfajores de chocolate,futuro
2025-03-12,0.0,Panadería,Alfajores de chocolate,futuro
2025-03-13,0.01,Panadería,Alfajores de chocolate,futuro
2025-03-14,0.0,Panadería,Alfajores de chocolate,futuro
2025-03-15,0.0,Panadería,Alfajores de chocolate,futuro
2025-03-16,0.0,Panadería,Alfajores de chocolate,futuro
2025-03-17,0.0,Panadería,Alfajores de chocolate,futuro
2025-03-18,0.0,Panadería,Alfajores de chocolate,futuro
2025-03-19,0.0,Panadería,Alfajores de chocolate,futuro
2025-03-20,0.01,Panadería,Alfajores de chocolate,futuro
2025-03-21,0.0,Panadería,Alfajores de chocolate,futuro
2025-03-22,0.0,Panadería,Alfajores de chocolate,futuro
2025-03-23,0.0,Panadería,Alfajores de chocolate,futuro
2025-03-24,0.0,Panadería,Alfajores de chocolate,futuro
2025-03-25,0.0,Panadería,Alfajores de chocolate,futuro
2025-03-26,0.0,Panadería,Alfajores de chocolate,futuro
2025-03-27,0.01,Panadería,Alfajores de chocolate,futuro
2025-03-28,0.0,Panadería,Alfajores de chocolate,futuro
2025-03-29,0.0,Panadería,Alfajores de chocolate,futuro
2025-03-30,0.0,Panadería,Alfajores de chocolate,futuro
2025-03-31,0.0,Panadería,Alfajores de chocolate,futuro
2025-04-01,0.0,Panadería,Alfajores de chocolate,futuro
2025-04-02,0.0,Panadería,Alfajores de chocolate,futuro
2025-04-03,0.01,Panadería,Alfajores de chocolate,futuro
2025-04-04,0.0,Panadería,Alfajores de chocolate,futuro
2025-04-05,0.0,Panadería,Alfajores de chocolate,futuro
2025-04-06,0.0,Panadería,Alfajores de chocolate,futuro
2025-04-07,0.0,Panadería,Alfajores de chocolate,futuro
2025-04-08,0.0,Panadería,Alfajores de chocolate,futuro
2025-04-09,0.0,Panadería,Alfajores de chocolate,futuro
2025-04-10,0.01,Panadería,Alfajores de chocolate,futuro
2025-04-11,0.0,Panadería,Alfajores de chocolate,futuro
2025-04-12,0.0,Panadería,Alfajores de chocolate,futuro
2025-04-13,0.0,Panadería,Alfajores de chocolate,futuro
2025-04-14,0.0,Panadería,Alfajores de chocolate,futuro
2025-04-15,0.0,Panadería,Alfajores de chocolate,futuro
2025-04-16,0.0,Panadería,Alfajores de chocolate,futuro
2025-04-17,0.01,Panadería,Alfajores de chocolate,futuro
2025-04-18,0.0,Panadería,Alfajores de chocolate,futuro
2025-04-19,0.0,Panadería,Alfajores de chocolate,futuro
2025-04-20,0.0,Panadería,Alfajores de chocolate,futuro
2025-04-21,0.0,Panadería,Alfajores de chocolate,futuro
2025-04-22,0.0,Panadería,Alfajores de chocolate,futuro
2025-04-23,0.0,Panadería,Alfajores de chocolate,futuro
2025-04-24,0.01,Panadería,Alfajores de chocolate,futuro
2025-04-25,0.0,Panadería,Alfajores de chocolate,futuro
2025-04-26,0.0,Panadería,Alfajores de chocolate,futuro
2025-04-27,0.0,Panadería,Alfajores de chocolate,futuro
2025-04-28,0.0,Panadería,Alfajores de chocolate,futuro
2025-04-29,0.0,Panadería,Alfajores de chocolate,futuro
2025-04-30,0.0,Panadería,Alfajores de chocolate,futuro
2025-05-01,0.0,Panadería,Alfajores de chocolate,futuro
2025-05-02,0.0,Panadería,Alfajores de chocolate,futuro
2025-05-03,0.0,Panadería,Alfajores de chocolate,futuro
2025-05-04,0.0,Panadería,Alfajores de chocolate,futuro
2025-05-05,0.0,Panadería,Alfajores de chocolate,futuro
2025-05-06,0.0,Panadería,Alfajores de chocolate,futuro
2025-05-07,0.0,Panadería,Alfajores de chocolate,futuro
2025-05-08,0.0,Panadería,Alfajores de chocolate,futuro
2025-05-09,0.0,Panadería,Alfajores de chocolate,futuro
2025-05-10,0.0,Panadería,Alfajores de chocolate,futuro
2025-05-11,0.0,Panadería,Alfajores de chocolate,futuro
2025-05-12,0.0,Panadería,Alfajores de chocolate,futuro
2025-05-13,0.0,Panadería,Alfajores de chocolate,futuro
2025-05-14,0.0,Panadería,Alfajores de chocolate,futuro
2025-12-15,0.36,Panadería,Bisquet,futuro
2025-12-16,0.6,Panadería,Bisquet,futuro
2025-12-17,0.55,Panadería,Bisquet,futuro
2025-12-18,0.66,Panadería,Bisquet,futuro
2025-12-19,0.56,Panadería,Bisquet,futuro
2025-12-20,0.61,Panadería,Bisquet,futuro
2025-12-21,0.69,Panadería,Bisquet,futuro
2025-12-22,0.75,Panadería,Bisquet,futuro
2025-12-23,0.6,Panadería,Bisquet,futuro
2025-12-24,0.73,Panadería,Bisquet,futuro
2025-12-25,0.59,Panadería,Bisquet,futuro
2025-12-26,0.59,Panadería,Bisquet,futuro
2025-12-27,0.54,Panadería,Bisquet,futuro
2025-12-28,0.7,Panadería,Bisquet,futuro
2025-12-29,0.55,Panadería,Bisquet,futuro
2025-12-30,0.43,Panadería,Bisquet,futuro
2025-12-31,0.13,Panadería,Bisquet,futuro
2026-01-01,0.04,Panadería,Bisquet,futuro
2026-01-02,0.04,Panadería,Bisquet,futuro
2026-01-03,0.51,Panadería,Bisquet,futuro
2026-01-04,0.53,Panadería,Bisquet,futuro
2026-01-05,0.52,Panadería,Bisquet,futuro
2026-01-06,0.54,Panadería,Bisquet,futuro
2026-01-07,0.55,Panadería,Bisquet,futuro
2026-01-08,0.51,Panadería,Bisquet,futuro
2026-01-09,0.43,Panadería,Bisquet,futuro
2026-01-10,0.51,Panadería,Bisquet,futuro
2026-01-11,0.52,Panadería,Bisquet,futuro
2026-01-12,0.52,Panadería,Bisquet,futuro
2026-01-13,0.53,Panadería,Bisquet,futuro
2026-01-14,0.54,Panadería,Bisquet,futuro
2026-01-15,0.47,Panadería,Bisquet,futuro
2026-01-16,0.43,Panadería,Bisquet,futuro
2026-01-17,0.51,Panadería,Bisquet,futuro
2026-01-18,0.52,Panadería,Bisquet,futuro
2026-01-19,0.52,Panadería,Bisquet,futuro
2026-01-20,0.53,Panadería,Bisquet,futuro
2026-01-21,0.54,Panadería,Bisquet,futuro
2026-01-22,0.47,Panadería,Bisquet,futuro
2026-01-23,0.43,Panadería,Bisquet,futuro
2026-01-24,0.51,Panadería,Bisquet,futuro
2026-01-25,0.52,Panadería,Bisquet,futuro
2026-01-26,0.52,Panadería,Bisquet,futuro
2026-01-27,0.53,Panadería,Bisquet,futuro
2026-01-28,0.54,Panadería,Bisquet,futuro
2026-01-29,0.47,Panadería,Bisquet,futuro
2026-01-30,0.43,Panadería,Bisquet,futuro
2026-01-31,0.51,Panadería,Bisquet,futuro
2026-02-01,0.53,Panadería,Bisquet,futuro
2026-02-02,0.52,Panadería,Bisquet,futuro
2026-02-03,0.53,Panadería,Bisquet,futuro
2026-02-04,0.53,Panadería,Bisquet,futuro
2026-02-05,0.48,Panadería,Bisquet,futuro
2026-02-06,0.43,Panadería,Bisquet,futuro
2026-02-07,0.53,Panadería,Bisquet,futuro
2026-02-08,0.53,Panadería,Bisquet,futuro
2026-02-09,0.52,Panadería,Bisquet,futuro
2026-02-10,0.53,Panadería,Bisquet,futuro
2026-02-11,0.53,Panadería,Bisquet,futuro
2026-02-12,0.48,Panadería,Bisquet,futuro
2026-02-13,0.43,Panadería,Bisquet,futuro
2026-02-14,0.53,Panadería,Bisquet,futuro
2026-02-15,0.53,Panadería,Bisquet,futuro
2026-02-16,0.52,Panadería,Bisquet,futuro
2026-02-17,0.53,Panadería,Bisquet,futuro
2026-02-18,0.53,Panadería,Bisquet,futuro
2026-02-19,0.48,Panadería,Bisquet,futuro
2026-02-20,0.43,Panadería,Bisquet,futuro
2026-02-21,0.53,Panadería,Bisquet,futuro
2026-02-22,0.53,Panadería,Bisquet,futuro
2026-02-23,0.52,Panadería,Bisquet,futuro
2026-02-24,0.53,Panadería,Bisquet,futuro
2026-02-25,0.53,Panadería,Bisquet,futuro
2026-02-26,0.48,Panadería,Bisquet,futuro
2026-02-27,0.43,Panadería,Bisquet,futuro
2026-02-28,0.53,Panadería,Bisquet,futuro
2026-03-01,0.55,Panadería,Bisquet,futuro
2026-03-02,0.52,Panadería,Bisquet,futuro
2026-03-03,0.53,Panadería,Bisquet,futuro
2026-03-04,0.53,Panadería,Bisquet,futuro
2026-03-05,0.43,Panadería,Bisquet,futuro
2026-03-06,0.42,Panadería,Bisquet,futuro
2026-03-07,0.55,Panadería,Bisquet,futuro
2026-03-08,0.55,Panadería,Bisquet,futuro
2026-03-09,0.52,Panadería,Bisquet,futuro
2026-03-10,0.53,Panadería,Bisquet,futuro
2026-03-11,0.53,Panadería,Bisquet,futuro
2026-03-12,0.43,Panadería,Bisquet,futuro
2026-03-13,0.42,Panadería,Bisquet,futuro
2026-03-14,0.55,Panadería,Bisquet,futuro
2024-05-24,0.0,Panadería,Brownie Cheesecake Ind.,futuro
2024-05-25,0.0,Panadería,Brownie Cheesecake Ind.,futuro
2024-05-26,0.0,Panadería,Brownie Cheesecake Ind.,futuro
2024-05-27,0.0,Panadería,Brownie Cheesecake Ind.,futuro
2024-05-28,0.0,Panadería,Brownie Cheesecake Ind.,futuro
2024-05-29,0.0,Panadería,Brownie Cheesecake Ind.,futuro
2024-05-30,0.5,Panadería,Brownie Cheesecake Ind.,futuro
2024-05-31,0.0,Panadería,Brownie Cheesecake Ind.,futuro
2024-06-01,0.0,Panadería,Brownie Cheesecake Ind.,futuro
2024-06-02,0.0,Panadería,Brownie Cheesecake Ind.,futuro
2024-06-03,0.0,Panadería,Brownie Cheesecake Ind.,futuro
2024-06-04,0.0,Panadería,Brownie Cheesecake Ind.,futuro
2024-06-05,0.0,Panadería,Brownie Cheesecake Ind.,futuro
2024-06-06,0.0,Panadería,Brownie Cheesecake Ind.,futuro
2024-06-07,0.0,Panadería,Brownie Cheesecake Ind.,futuro
2024-06-08,0.0,Panadería,Brownie Cheesecake Ind.,futuro
2024-06-09,0.0,Panadería,Brownie Cheesecake Ind.,futuro
2024-06-10,0.0,Panadería,Brownie Cheesecake Ind.,futuro
2024-06-11,0.0,Panadería,Brownie Cheesecake Ind.,futuro
2024-06-12,0.0,Panadería,Brownie Cheesecake Ind.,futuro
2024-06-13,0.0,Panadería,Brownie Cheesecake Ind.,futuro
2024-06-14,0.0,Panadería,Brownie Cheesecake Ind.,futuro
2024-06-15,0.0,Panadería,Brownie Cheesecake Ind.,futuro
2024-06-16,0.0,Panadería,Brownie Cheesecake Ind.,futuro
2024-06-17,0.0,Panadería,Brownie Cheesecake Ind.,futuro
2024-06-18,0.0,Panadería,Brownie Cheesecake Ind.,futuro
2024-06-19,0.0,Panadería,Brownie Cheesecake Ind.,futuro
2024-06-20,0.0,Panadería,Brownie Cheesecake Ind.,futuro
2024-06-21,0.0,Panadería,Brownie Cheesecake Ind.,futuro
2024-06-22,0.0,Panadería,Brownie Cheesecake Ind.,futuro
2024-06-23,0.0,Panadería,Brownie Cheesecake Ind.,futuro
2024-06-24,0.0,Panadería,Brownie Cheesecake Ind.,futuro
2024-06-25,0.0,Panadería,Brownie Cheesecake Ind.,futuro
2024-06-26,0.0,Panadería,Brownie Cheesecake Ind.,futuro
2024-06-27,0.0,Panadería,Brownie Cheesecake Ind.,futuro
2024-06-28,0.0,Panadería,Brownie Cheesecake Ind.,futuro
2024-06-29,0.0,Panadería,Brownie Cheesecake Ind.,futuro
2024-06-30,0.0,Panadería,Brownie Cheesecake Ind.,futuro
2024-07-01,0.0,Panadería,Brownie Cheesecake Ind.,futuro
2024-07-02,0.0,Panadería,Brownie Cheesecake Ind.,futuro
2024-07-03,0.0,Panadería,Brownie Cheesecake Ind.,futuro
2024-07-04,0.0,Panadería,Brownie Cheesecake Ind.,futuro
2024-07-05,0.0,Panadería,Brownie Cheesecake Ind.,futuro
2024-07-06,0.0,Panadería,Brownie Cheesecake Ind.,futuro
2024-07-07,0.0,Panadería,Brownie Cheesecake Ind.,futuro
2024-07-08,0.0,Panadería,Brownie Cheesecake Ind.,futuro
2024-07-09,0.0,Panadería,Brownie Cheesecake Ind.,futuro
2024-07-10,0.0,Panadería,Brownie Cheesecake Ind.,futuro
2024-07-11,0.0,Panadería,Brownie Cheesecake Ind.,futuro
2024-07-12,0.0,Panadería,Brownie Cheesecake Ind.,futuro
2024-07-13,0.0,Panadería,Brownie Cheesecake Ind.,futuro
2024-07-14,0.0,Panadería,Brownie Cheesecake Ind.,futuro
2024-07-15,0.0,Panadería,Brownie Cheesecake Ind.,futuro
2024-07-16,0.0,Panadería,Brownie Cheesecake Ind.,futuro
2024-07-17,0.0,Panadería,Brownie Cheesecake Ind.,futuro
2024-07-18,0.0,Panadería,Brownie Cheesecake Ind.,futuro
2024-07-19,0.0,Panadería,Brownie Cheesecake Ind.,futuro
2024-07-20,0.0,Panadería,Brownie Cheesecake Ind.,futuro
2024-07-21,0.0,Panadería,Brownie Cheesecake Ind.,futuro
2024-07-22,0.0,Panadería,Brownie Cheesecake Ind.,futuro
2024-07-23,0.0,Panadería,Brownie Cheesecake Ind.,futuro
2024-07-24,0.0,Panadería,Brownie Cheesecake Ind.,futuro
2024-07-25,0.0,Panadería,Brownie Cheesecake Ind.,futuro
2024-07-26,0.0,Panadería,Brownie Cheesecake Ind.,futuro
2024-07-27,0.0,Panadería,Brownie Cheesecake Ind.,futuro
2024-07-28,0.0,Panadería,Brownie Cheesecake Ind.,futuro
2024-07-29,0.0,Panadería,Brownie Cheesecake Ind.,futuro
2024-07-30,0.0,Panadería,Brownie Cheesecake Ind.,futuro
2024-07-31,0.0,Panadería,Brownie Cheesecake Ind.,futuro
2024-08-01,0.0,Panadería,Brownie Cheesecake Ind.,futuro
2024-08-02,0.0,Panadería,Brownie Cheesecake Ind.,futuro
2024-08-03,0.0,Panadería,Brownie Cheesecake Ind.,futuro
2024-08-04,0.0,Panadería,Brownie Cheesecake Ind.,futuro
2024-08-05,0.0,Panadería,Brownie Cheesecake Ind.,futuro
2024-08-06,0.0,Panadería,Brownie Cheesecake Ind.,futuro
2024-08-07,0.0,Panadería,Brownie Cheesecake Ind.,futuro
2024-08-08,0.0,Panadería,Brownie Cheesecake Ind.,futuro
2024-08-09,0.0,Panadería,Brownie Cheesecake Ind.,futuro
2024-08-10,0.0,Panadería,Brownie Cheesecake Ind.,futuro
2024-08-11,0.0,Panadería,Brownie Cheesecake Ind.,futuro
2024-08-12,0.0,Panadería,Brownie Cheesecake Ind.,futuro
2024-08-13,0.0,Panadería,Brownie Cheesecake Ind.,futuro
2024-08-14,0.0,Panadería,Brownie Cheesecake Ind.,futuro
2024-08-15,0.0,Panadería,Brownie Cheesecake Ind.,futuro
2024-08-16,0.0,Panadería,Brownie Cheesecake Ind.,futuro
2024-08-17,0.0,Panadería,Brownie Cheesecake Ind.,futuro
2024-08-18,0.0,Panadería,Brownie Cheesecake Ind.,futuro
2024-08-19,0.0,Panadería,Brownie Cheesecake Ind.,futuro
2024-08-20,0.0,Panadería,Brownie Cheesecake Ind.,futuro
2024-08-21,0.0,Panadería,Brownie Cheesecake Ind.,futuro
2025-06-20,0.37,Panadería,Brownie dúo,futuro
2025-06-21,0.65,Panadería,Brownie dúo,futuro
2025-06-22,0.33,Panadería,Brownie dúo,futuro
2025-06-23,0.39,Panadería,Brownie dúo,futuro
2025-06-24,0.4,Panadería,Brownie dúo,futuro
2025-06-25,0.3,Panadería,Brownie dúo,futuro
2025-06-26,0.4,Panadería,Brownie dúo,futuro
2025-06-27,0.39,Panadería,Brownie dúo,futuro
2025-06-28,0.38,Panadería,Brownie dúo,futuro
2025-06-29,0.39,Panadería,Brownie dúo,futuro
2025-06-30,0.54,Panadería,Brownie dúo,futuro
2025-07-01,0.39,Panadería,Brownie dúo,futuro
2025-07-02,0.24,Panadería,Brownie dúo,futuro
2025-07-03,0.24,Panadería,Brownie dúo,futuro
2025-07-04,0.28,Panadería,Brownie dúo,futuro
2025-07-05,0.33,Panadería,Brownie dúo,futuro
2025-07-06,0.33,Panadería,Brownie dúo,futuro
2025-07-07,0.42,Panadería,Brownie dúo,futuro
2025-07-08,0.33,Panadería,Brownie dúo,futuro
2025-07-09,0.29,Panadería,Brownie dúo,futuro
2025-07-10,0.28,Panadería,Brownie dúo,futuro
2025-07-11,0.28,Panadería,Brownie dúo,futuro
2025-07-12,0.33,Panadería,Brownie dúo,futuro
2025-07-13,0.33,Panadería,Brownie dúo,futuro
2025-07-14,0.42,Panadería,Brownie dúo,futuro
2025-07-15,0.33,Panadería,Brownie dúo,futuro
2025-07-16,0.29,Panadería,Brownie dúo,futuro
2025-07-17,0.28,Panadería,Brownie dúo,futuro
2025-07-18,0.28,Panadería,Brownie dúo,futuro
2025-07-19,0.33,Panadería,Brownie dúo,futuro
2025-07-20,0.33,Panadería,Brownie dúo,futuro
2025-07-21,0.42,Panadería,Brownie dúo,futuro
2025-07-22,0.33,Panadería,Brownie dúo,futuro
2025-07-23,0.29,Panadería,Brownie dúo,futuro
2025-07-24,0.28,Panadería,Brownie dúo,futuro
2025-07-25,0.28,Panadería,Brownie dúo,futuro
2025-07-26,0.33,Panadería,Brownie dúo,futuro
2025-07-27,0.33,Panadería,Brownie dúo,futuro
2025-07-28,0.42,Panadería,Brownie dúo,futuro
2025-07-29,0.33,Panadería,Brownie dúo,futuro
2025-07-30,0.29,Panadería,Brownie dúo,futuro
2025-07-31,0.28,Panadería,Brownie dúo,futuro
2025-08-01,0.28,Panadería,Brownie dúo,futuro
2025-08-02,0.33,Panadería,Brownie dúo,futuro
2025-08-03,0.33,Panadería,Brownie dúo,futuro
2025-08-04,0.33,Panadería,Brownie dúo,futuro
2025-08-05,0.33,Panadería,Brownie dúo,futuro
2025-08-06,0.27,Panadería,Brownie dúo,futuro
2025-08-07,0.28,Panadería,Brownie dúo,futuro
2025-08-08,0.28,Panadería,Brownie dúo,futuro
2025-08-09,0.33,Panadería,Brownie dúo,futuro
2025-08-10,0.33,Panadería,Brownie dúo,futuro
2025-08-11,0.33,Panadería,Brownie dúo,futuro
2025-08-12,0.33,Panadería,Brownie dúo,futuro
2025-08-13,0.27,Panadería,Brownie dúo,futuro
2025-08-14,0.28,Panadería,Brownie dúo,futuro
2025-08-15,0.28,Panadería,Brownie dúo,futuro
2025-08-16,0.33,Panadería,Brownie dúo,futuro
2025-08-17,0.33,Panadería,Brownie dúo,futuro
2025-08-18,0.33,Panadería,Brownie dúo,futuro
2025-08-19,0.33,Panadería,Brownie dúo,futuro
2025-08-20,0.27,Panadería,Brownie dúo,futuro
2025-08-21,0.28,Panadería,Brownie dúo,futuro
2025-08-22,0.28,Panadería,Brownie dúo,futuro
2025-08-23,0.33,Panadería,Brownie dúo,futuro
2025-08-24,0.33,Panadería,Brownie dúo,futuro
2025-08-25,0.33,Panadería,Brownie dúo,futuro
2025-08-26,0.33,Panadería,Brownie dúo,futuro
2025-08-27,0.27,Panadería,Brownie dúo,futuro
2025-08-28,0.28,Panadería,Brownie dúo,futuro
2025-08-29,0.28,Panadería,Brownie dúo,futuro
2025-08-30,0.33,Panadería,Brownie dúo,futuro
2025-08-31,0.33,Panadería,Brownie dúo,futuro
2025-09-01,0.21,Panadería,Brownie dúo,futuro
2025-09-02,0.21,Panadería,Brownie dúo,futuro
2025-09-03,0.18,Panadería,Brownie dúo,futuro
2025-09-04,0.23,Panadería,Brownie dúo,futuro
2025-09-05,0.23,Panadería,Brownie dúo,futuro
2025-09-06,0.23,Panadería,Brownie dúo,futuro
2025-09-07,0.23,Panadería,Brownie dúo,futuro
2025-09-08,0.23,Panadería,Brownie dúo,futuro
2025-09-09,0.23,Panadería,Brownie dúo,futuro
2025-09-10,0.18,Panadería,Brownie dúo,futuro
2025-09-11,0.23,Panadería,Brownie dúo,futuro
2025-09-12,0.23,Panadería,Brownie dúo,futuro
2025-09-13,0.23,Panadería,Brownie dúo,futuro
2025-09-14,0.23,Panadería,Brownie dúo,futuro
2025-09-15,0.23,Panadería,Brownie dúo,futuro
2025-09-16,0.23,Panadería,Brownie dúo,futuro
2025-09-17,0.18,Panadería,Brownie dúo,futuro
2023-04-13,0.27,Panadería,Cono de crema pastelera,futuro
2023-04-14,0.45,Panadería,Cono de crema pastelera,futuro
2023-04-15,0.84,Panadería,Cono de crema pastelera,futuro
2023-04-16,0.0,Panadería,Cono de crema pastelera,futuro
2023-04-17,0.01,Panadería,Cono de crema pastelera,futuro
2023-04-18,0.63,Panadería,Cono de crema pastelera,futuro
2023-04-19,0.05,Panadería,Cono de crema pastelera,futuro
2023-04-20,0.59,Panadería,Cono de crema pastelera,futuro
2023-04-21,0.88,Panadería,Cono de crema pastelera,futuro
2023-04-22,0.0,Panadería,Cono de crema pastelera,futuro
2023-04-23,0.04,Panadería,Cono de crema pastelera,futuro
2023-04-24,0.0,Panadería,Cono de crema pastelera,futuro
2023-04-25,0.05,Panadería,Cono de crema pastelera,futuro
2023-04-26,0.01,Panadería,Cono de crema pastelera,futuro
2023-04-27,0.71,Panadería,Cono de crema pastelera,futuro
2023-04-28,0.45,Panadería,Cono de crema pastelera,futuro
2023-04-29,0.01,Panadería,Cono de crema pastelera,futuro
2023-04-30,0.0,Panadería,Cono de crema pastelera,futuro
2023-05-01,0.0,Panadería,Cono de crema pastelera,futuro
2023-05-02,0.05,Panadería,Cono de crema pastelera,futuro
2023-05-03,0.08,Panadería,Cono de crema pastelera,futuro
2023-05-04,0.71,Panadería,Cono de crema pastelera,futuro
2023-05-05,0.45,Panadería,Cono de crema pastelera,futuro
2023-05-06,0.01,Panadería,Cono de crema pastelera,futuro
2023-05-07,0.0,Panadería,Cono de crema pastelera,futuro
2023-05-08,0.0,Panadería,Cono de crema pastelera,futuro
2023-05-09,0.05,Panadería,Cono de crema pastelera,futuro
2023-05-10,0.08,Panadería,Cono de crema pastelera,futuro
2023-05-11,0.71,Panadería,Cono de crema pastelera,futuro
2023-05-12,0.45,Panadería,Cono de crema pastelera,futuro
2023-05-13,0.01,Panadería,Cono de crema pastelera,futuro
2023-05-14,0.0,Panadería,Cono de crema pastelera,futuro
2023-05-15,0.0,Panadería,Cono de crema pastelera,futuro
2023-05-16,0.05,Panadería,Cono de crema pastelera,futuro
2023-05-17,0.08,Panadería,Cono de crema pastelera,futuro
2023-05-18,0.71,Panadería,Cono de crema pastelera,futuro
2023-05-19,0.45,Panadería,Cono de crema pastelera,futuro
2023-05-20,0.01,Panadería,Cono de crema pastelera,futuro
2023-05-21,0.0,Panadería,Cono de crema pastelera,futuro
2023-05-22,0.0,Panadería,Cono de crema pastelera,futuro
2023-05-23,0.05,Panadería,Cono de crema pastelera,futuro
2023-05-24,0.08,Panadería,Cono de crema pastelera,futuro
2023-05-25,0.71,Panadería,Cono de crema pastelera,futuro
2023-05-26,0.45,Panadería,Cono de crema pastelera,futuro
2023-05-27,0.01,Panadería,Cono de crema pastelera,futuro
2023-05-28,0.0,Panadería,Cono de crema pastelera,futuro
2023-05-29,0.0,Panadería,Cono de crema pastelera,futuro
2023-05-30,0.05,Panadería,Cono de crema pastelera,futuro
2023-05-31,0.08,Panadería,Cono de crema pastelera,futuro
2023-06-01,0.71,Panadería,Cono de crema pastelera,futuro
2023-06-02,0.45,Panadería,Cono de crema pastelera,futuro
2023-06-03,0.01,Panadería,Cono de crema pastelera,futuro
2023-06-04,0.0,Panadería,Cono de crema pastelera,futuro
2023-06-05,0.0,Panadería,Cono de crema pastelera,futuro
2023-06-06,0.05,Panadería,Cono de crema pastelera,futuro
2023-06-07,0.08,Panadería,Cono de crema pastelera,futuro
2023-06-08,0.71,Panadería,Cono de crema pastelera,futuro
2023-06-09,0.45,Panadería,Cono de crema pastelera,futuro
2023-06-10,0.01,Panadería,Cono de crema pastelera,futuro
2023-06-11,0.0,Panadería,Cono de crema pastelera,futuro
2023-06-12,0.0,Panadería,Cono de crema pastelera,futuro
2023-06-13,0.05,Panadería,Cono de crema pastelera,futuro
2023-06-14,0.08,Panadería,Cono de crema pastelera,futuro
2023-06-15,0.71,Panadería,Cono de crema pastelera,futuro
2023-06-16,0.45,Panadería,Cono de crema pastelera,futuro
2023-06-17,0.01,Panadería,Cono de crema pastelera,futuro
2023-06-18,0.0,Panadería,Cono de crema pastelera,futuro
2023-06-19,0.0,Panadería,Cono de crema pastelera,futuro
2023-06-20,0.05,Panadería,Cono de crema pastelera,futuro
2023-06-21,0.08,Panadería,Cono de crema pastelera,futuro
2023-06-22,0.71,Panadería,Cono de crema pastelera,futuro
2023-06-23,0.45,Panadería,Cono de crema pastelera,futuro
2023-06-24,0.01,Panadería,Cono de crema pastelera,futuro
2023-06-25,0.0,Panadería,Cono de crema pastelera,futuro
2023-06-26,0.0,Panadería,Cono de crema pastelera,futuro
2023-06-27,0.05,Panadería,Cono de crema pastelera,futuro
2023-06-28,0.08,Panadería,Cono de crema pastelera,futuro
2023-06-29,0.71,Panadería,Cono de crema pastelera,futuro
2023-06-30,0.45,Panadería,Cono de crema pastelera,futuro
2023-07-01,0.01,Panadería,Cono de crema pastelera,futuro
2023-07-02,0.0,Panadería,Cono de crema pastelera,futuro
2023-07-03,0.0,Panadería,Cono de crema pastelera,futuro
2023-07-04,0.05,Panadería,Cono de crema pastelera,futuro
2023-07-05,0.08,Panadería,Cono de crema pastelera,futuro
2023-07-06,0.71,Panadería,Cono de crema pastelera,futuro
2023-07-07,0.45,Panadería,Cono de crema pastelera,futuro
2023-07-08,0.01,Panadería,Cono de crema pastelera,futuro
2023-07-09,0.0,Panadería,Cono de crema pastelera,futuro
2023-07-10,0.0,Panadería,Cono de crema pastelera,futuro
2023-07-11,0.05,Panadería,Cono de crema pastelera,futuro
2025-06-02,0.06,Panadería,Palitos de queso,futuro
2025-06-03,0.06,Panadería,Palitos de queso,futuro
2025-06-04,0.12,Panadería,Palitos de queso,futuro
2025-06-05,0.48,Panadería,Palitos de queso,futuro
2025-06-06,0.09,Panadería,Palitos de queso,futuro
2025-06-07,0.14,Panadería,Palitos de queso,futuro
2025-06-08,0.16,Panadería,Palitos de queso,futuro
2025-06-09,0.01,Panadería,Palitos de queso,futuro
2025-06-10,0.06,Panadería,Palitos de queso,futuro
2025-06-11,0.05,Panadería,Palitos de queso,futuro
2025-06-12,0.04,Panadería,Palitos de queso,futuro
2025-06-13,0.18,Panadería,Palitos de queso,futuro
2025-06-14,2.89,Panadería,Palitos de queso,futuro
2025-06-15,0.0,Panadería,Palitos de queso,futuro
2025-06-16,0.49,Panadería,Palitos de queso,futuro
2025-06-17,0.03,Panadería,Palitos de queso,futuro
2025-06-18,0.01,Panadería,Palitos de queso,futuro
2025-06-19,0.37,Panadería,Palitos de queso,futuro
2025-06-20,0.25,Panadería,Palitos de queso,futuro
2025-06-21,0.0,Panadería,Palitos de queso,futuro
2025-06-22,0.15,Panadería,Palitos de queso,futuro
2025-06-23,0.12,Panadería,Palitos de queso,futuro
2025-06-24,0.0,Panadería,Palitos de queso,futuro
2025-06-25,0.05,Panadería,Palitos de queso,futuro
2025-06-26,0.06,Panadería,Palitos de queso,futuro
2025-06-27,0.07,Panadería,Palitos de queso,futuro
2025-06-28,0.09,Panadería,Palitos de queso,futuro
2025-06-29,0.08,Panadería,Palitos de queso,futuro
2025-06-30,0.09,Panadería,Palitos de queso,futuro
2025-07-01,0.02,Panadería,Palitos de queso,futuro
2025-07-02,0.02,Panadería,Palitos de queso,futuro
2025-07-03,0.03,Panadería,Palitos de queso,futuro
2025-07-04,0.04,Panadería,Palitos de queso,futuro
2025-07-05,0.05,Panadería,Palitos de queso,futuro
2025-07-06,0.04,Panadería,Palitos de queso,futuro
2025-07-07,0.08,Panadería,Palitos de queso,futuro
2025-07-08,0.02,Panadería,Palitos de queso,futuro
2025-07-09,0.02,Panadería,Palitos de queso,futuro
2025-07-10,0.03,Panadería,Palitos de queso,futuro
2025-07-11,0.04,Panadería,Palitos de queso,futuro
2025-07-12,0.05,Panadería,Palitos de queso,futuro
2025-07-13,0.04,Panadería,Palitos de queso,futuro
2025-07-14,0.08,Panadería,Palitos de queso,futuro
2025-07-15,0.02,Panadería,Palitos de queso,futuro
2025-07-16,0.02,Panadería,Palitos de queso,futuro
2025-07-17,0.03,Panadería,Palitos de queso,futuro
2025-07-18,0.04,Panadería,Palitos de queso,futuro
2025-07-19,0.05,Panadería,Palitos de queso,futuro
2025-07-20,0.04,Panadería,Palitos de queso,futuro
2025-07-21,0.08,Panadería,Palitos de queso,futuro
2025-07-22,0.02,Panadería,Palitos de queso,futuro
2025-07-23,0.02,Panadería,Palitos de queso,futuro
2025-07-24,0.03,Panadería,Palitos de queso,futuro
2025-07-25,0.04,Panadería,Palitos de queso,futuro
2025-07-26,0.05,Panadería,Palitos de queso,futuro
2025-07-27,0.04,Panadería,Palitos de queso,futuro
2025-07-28,0.08,Panadería,Palitos de queso,futuro
2025-07-29,0.02,Panadería,Palitos de queso,futuro
2025-07-30,0.02,Panadería,Palitos de queso,futuro
2025-07-31,0.03,Panadería,Palitos de queso,futuro
2025-08-01,0.0,Panadería,Palitos de queso,futuro
2025-08-02,0.03,Panadería,Palitos de queso,futuro
2025-08-03,0.0,Panadería,Palitos de queso,futuro
2025-08-04,0.01,Panadería,Palitos de queso,futuro
2025-08-05,0.0,Panadería,Palitos de queso,futuro
2025-08-06,0.0,Panadería,Palitos de queso,futuro
2025-08-07,0.0,Panadería,Palitos de queso,futuro
2025-08-08,0.0,Panadería,Palitos de queso,futuro
2025-08-09,0.03,Panadería,Palitos de queso,futuro
2025-08-10,0.0,Panadería,Palitos de queso,futuro
2025-08-11,0.01,Panadería,Palitos de queso,futuro
2025-08-12,0.0,Panadería,Palitos de queso,futuro
2025-08-13,0.0,Panadería,Palitos de queso,futuro
2025-08-14,0.0,Panadería,Palitos de queso,futuro
2025-08-15,0.0,Panadería,Palitos de queso,futuro
2025-08-16,0.03,Panadería,Palitos de queso,futuro
2025-08-17,0.0,Panadería,Palitos de queso,futuro
2025-08-18,0.01,Panadería,Palitos de queso,futuro
2025-08-19,0.0,Panadería,Palitos de queso,futuro
2025-08-20,0.0,Panadería,Palitos de queso,futuro
2025-08-21,0.0,Panadería,Palitos de queso,futuro
2025-08-22,0.0,Panadería,Palitos de queso,futuro
2025-08-23,0.03,Panadería,Palitos de queso,futuro
2025-08-24,0.0,Panadería,Palitos de queso,futuro
2025-08-25,0.01,Panadería,Palitos de queso,futuro
2025-08-26,0.0,Panadería,Palitos de queso,futuro
2025-08-27,0.0,Panadería,Palitos de queso,futuro
2025-08-28,0.0,Panadería,Palitos de queso,futuro
2025-08-29,0.0,Panadería,Palitos de queso,futuro
2025-08-30,0.03,Panadería,Palitos de queso,futuro
2025-12-15,0.53,Panadería,Pan de Huevo,futuro
2025-12-16,0.26,Panadería,Pan de Huevo,futuro
2025-12-17,0.46,Panadería,Pan de Huevo,futuro
2025-12-18,0.73,Panadería,Pan de Huevo,futuro
2025-12-19,0.59,Panadería,Pan de Huevo,futuro
2025-12-20,0.53,Panadería,Pan de Huevo,futuro
2025-12-21,0.17,Panadería,Pan de Huevo,futuro
2025-12-22,0.2,Panadería,Pan de Huevo,futuro
2025-12-23,0.71,Panadería,Pan de Huevo,futuro
2025-12-24,1.01,Panadería,Pan de Huevo,futuro
2025-12-25,0.74,Panadería,Pan de Huevo,futuro
2025-12-26,0.56,Panadería,Pan de Huevo,futuro
2025-12-27,0.45,Panadería,Pan de Huevo,futuro
2025-12-28,0.68,Panadería,Pan de Huevo,futuro
2025-12-29,0.55,Panadería,Pan de Huevo,futuro
2025-12-30,0.67,Panadería,Pan de Huevo,futuro
2025-12-31,0.85,Panadería,Pan de Huevo,futuro
2026-01-01,0.26,Panadería,Pan de Huevo,futuro
2026-01-02,0.21,Panadería,Pan de Huevo,futuro
2026-01-03,0.36,Panadería,Pan de Huevo,futuro
2026-01-04,0.38,Panadería,Pan de Huevo,futuro
2026-01-05,0.3,Panadería,Pan de Huevo,futuro
2026-01-06,0.36,Panadería,Pan de Huevo,futuro
2026-01-07,0.26,Panadería,Pan de Huevo,futuro
2026-01-08,0.32,Panadería,Pan de Huevo,futuro
2026-01-09,0.28,Panadería,Pan de Huevo,futuro
2026-01-10,0.29,Panadería,Pan de Huevo,futuro
2026-01-11,0.27,Panadería,Pan de Huevo,futuro
2026-01-12,0.2,Panadería,Pan de Huevo,futuro
2026-01-13,0.26,Panadería,Pan de Huevo,futuro
2026-01-14,0.26,Panadería,Pan de Huevo,futuro
2026-01-15,0.31,Panadería,Pan de Huevo,futuro
2026-01-16,0.28,Panadería,Pan de Huevo,futuro
2026-01-17,0.29,Panadería,Pan de Huevo,futuro
2026-01-18,0.27,Panadería,Pan de Huevo,futuro
2026-01-19,0.2,Panadería,Pan de Huevo,futuro
2026-01-20,0.26,Panadería,Pan de Huevo,futuro
2026-01-21,0.26,Panadería,Pan de Huevo,futuro
2026-01-22,0.31,Panadería,Pan de Huevo,futuro
2026-01-23,0.28,Panadería,Pan de Huevo,futuro
2026-01-24,0.29,Panadería,Pan de Huevo,futuro
2026-01-25,0.27,Panadería,Pan de Huevo,futuro
2026-01-26,0.2,Panadería,Pan de Huevo,futuro
2026-01-27,0.26,Panadería,Pan de Huevo,futuro
2026-01-28,0.26,Panadería,Pan de Huevo,futuro
2026-01-29,0.31,Panadería,Pan de Huevo,futuro
2026-01-30,0.28,Panadería,Pan de Huevo,futuro
2026-01-31,0.29,Panadería,Pan de Huevo,futuro
2026-02-01,0.39,Panadería,Pan de Huevo,futuro
2026-02-02,0.31,Panadería,Pan de Huevo,futuro
2026-02-03,0.37,Panadería,Pan de Huevo,futuro
2026-02-04,0.31,Panadería,Pan de Huevo,futuro
2026-02-05,0.43,Panadería,Pan de Huevo,futuro
2026-02-06,0.41,Panadería,Pan de Huevo,futuro
2026-02-07,0.75,Panadería,Pan de Huevo,futuro
2026-02-08,0.4,Panadería,Pan de Huevo,futuro
2026-02-09,0.31,Panadería,Pan de Huevo,futuro
2026-02-10,0.37,Panadería,Pan de Huevo,futuro
2026-02-11,0.31,Panadería,Pan de Huevo,futuro
2026-02-12,0.43,Panadería,Pan de Huevo,futuro
2026-02-13,0.41,Panadería,Pan de Huevo,futuro
2026-02-14,0.75,Panadería,Pan de Huevo,futuro
2026-02-15,0.4,Panadería,Pan de Huevo,futuro
2026-02-16,0.31,Panadería,Pan de Huevo,futuro
2026-02-17,0.37,Panadería,Pan de Huevo,futuro
2026-02-18,0.31,Panadería,Pan de Huevo,futuro
2026-02-19,0.43,Panadería,Pan de Huevo,futuro
2026-02-20,0.41,Panadería,Pan de Huevo,futuro
2026-02-21,0.75,Panadería,Pan de Huevo,futuro
2026-02-22,0.4,Panadería,Pan de Huevo,futuro
2026-02-23,0.31,Panadería,Pan de Huevo,futuro
2026-02-24,0.37,Panadería,Pan de Huevo,futuro
2026-02-25,0.31,Panadería,Pan de Huevo,futuro
2026-02-26,0.43,Panadería,Pan de Huevo,futuro
2026-02-27,0.41,Panadería,Pan de Huevo,futuro
2026-02-28,0.75,Panadería,Pan de Huevo,futuro
2026-03-01,0.42,Panadería,Pan de Huevo,futuro
2026-03-02,0.34,Panadería,Pan de Huevo,futuro
2026-03-03,0.51,Panadería,Pan de Huevo,futuro
2026-03-04,0.38,Panadería,Pan de Huevo,futuro
2026-03-05,0.52,Panadería,Pan de Huevo,futuro
2026-03-06,0.46,Panadería,Pan de Huevo,futuro
2026-03-07,0.87,Panadería,Pan de Huevo,futuro
2026-03-08,0.53,Panadería,Pan de Huevo,futuro
2026-03-09,0.46,Panadería,Pan de Huevo,futuro
2026-03-10,0.51,Panadería,Pan de Huevo,futuro
2026-03-11,0.38,Panadería,Pan de Huevo,futuro
2026-03-12,0.52,Panadería,Pan de Huevo,futuro
2026-03-13,0.46,Panadería,Pan de Huevo,futuro
2026-03-14,0.87,Panadería,Pan de Huevo,futuro
2025-12-15,0.49,Panadería,Panqué de nuez y pasas,futuro
2025-12-16,0.66,Panadería,Panqué de nuez y pasas,futuro
2025-12-17,0.63,Panadería,Panqué de nuez y pasas,futuro
2025-12-18,1.0,Panadería,Panqué de nuez y pasas,futuro
2025-12-19,1.07,Panadería,Panqué de nuez y pasas,futuro
2025-12-20,1.06,Panadería,Panqué de nuez y pasas,futuro
2025-12-21,0.78,Panadería,Panqué de nuez y pasas,futuro
2025-12-22,0.56,Panadería,Panqué de nuez y pasas,futuro
2025-12-23,0.87,Panadería,Panqué de nuez y pasas,futuro
2025-12-24,0.97,Panadería,Panqué de nuez y pasas,futuro
2025-12-25,0.82,Panadería,Panqué de nuez y pasas,futuro
2025-12-26,1.02,Panadería,Panqué de nuez y pasas,futuro
2025-12-27,0.85,Panadería,Panqué de nuez y pasas,futuro
2025-12-28,1.0,Panadería,Panqué de nuez y pasas,futuro
2025-12-29,0.76,Panadería,Panqué de nuez y pasas,futuro
2025-12-30,0.71,Panadería,Panqué de nuez y pasas,futuro
2025-12-31,1.35,Panadería,Panqué de nuez y pasas,futuro
2026-01-01,0.97,Panadería,Panqué de nuez y pasas,futuro
2026-01-02,1.03,Panadería,Panqué de nuez y pasas,futuro
2026-01-03,0.86,Panadería,Panqué de nuez y pasas,futuro
2026-01-04,1.11,Panadería,Panqué de nuez y pasas,futuro
2026-01-05,0.8,Panadería,Panqué de nuez y pasas,futuro
2026-01-06,0.58,Panadería,Panqué de nuez y pasas,futuro
2026-01-07,1.07,Panadería,Panqué de nuez y pasas,futuro
2026-01-08,0.78,Panadería,Panqué de nuez y pasas,futuro
2026-01-09,1.15,Panadería,Panqué de nuez y pasas,futuro
2026-01-10,0.92,Panadería,Panqué de nuez y pasas,futuro
2026-01-11,1.03,Panadería,Panqué de nuez y pasas,futuro
2026-01-12,0.79,Panadería,Panqué de nuez y pasas,futuro
2026-01-13,0.61,Panadería,Panqué de nuez y pasas,futuro
2026-01-14,1.14,Panadería,Panqué de nuez y pasas,futuro
2026-01-15,0.76,Panadería,Panqué de nuez y pasas,futuro
2026-01-16,1.14,Panadería,Panqué de nuez y pasas,futuro
2026-01-17,0.94,Panadería,Panqué de nuez y pasas,futuro
2026-01-18,1.03,Panadería,Panqué de nuez y pasas,futuro
2026-01-19,0.79,Panadería,Panqué de nuez y pasas,futuro
2026-01-20,0.61,Panadería,Panqué de nuez y pasas,futuro
2026-01-21,1.14,Panadería,Panqué de nuez y pasas,futuro
2026-01-22,0.76,Panadería,Panqué de nuez y pasas,futuro
2026-01-23,1.14,Panadería,Panqué de nuez y pasas,futuro
2026-01-24,0.94,Panadería,Panqué de nuez y pasas,futuro
2026-01-25,1.03,Panadería,Panqué de nuez y pasas,futuro
2026-01-26,0.79,Panadería,Panqué de nuez y pasas,futuro
2026-01-27,0.61,Panadería,Panqué de nuez y pasas,futuro
2026-01-28,1.14,Panadería,Panqué de nuez y pasas,futuro
2026-01-29,0.76,Panadería,Panqué de nuez y pasas,futuro
2026-01-30,1.14,Panadería,Panqué de nuez y pasas,futuro
2026-01-31,0.94,Panadería,Panqué de nuez y pasas,futuro
2026-02-01,1.03,Panadería,Panqué de nuez y pasas,futuro
2026-02-02,0.66,Panadería,Panqué de nuez y pasas,futuro
2026-02-03,0.61,Panadería,Panqué de nuez y pasas,futuro
2026-02-04,1.18,Panadería,Panqué de nuez y pasas,futuro
2026-02-05,0.74,Panadería,Panqué de nuez y pasas,futuro
2026-02-06,1.17,Panadería,Panqué de nuez y pasas,futuro
2026-02-07,0.9,Panadería,Panqué de nuez y pasas,futuro
2026-02-08,1.03,Panadería,Panqué de nuez y pasas,futuro
2026-02-09,0.66,Panadería,Panqué de nuez y pasas,futuro
2026-02-10,0.61,Panadería,Panqué de nuez y pasas,futuro
2026-02-11,1.18,Panadería,Panqué de nuez y pasas,futuro
2026-02-12,0.74,Panadería,Panqué de nuez y pasas,futuro
2026-02-13,1.17,Panadería,Panqué de nuez y pasas,futuro
2026-02-14,0.9,Panadería,Panqué de nuez y pasas,futuro
2026-02-15,1.03,Panadería,Panqué de nuez y pasas,futuro
2026-02-16,0.66,Panadería,Panqué de nuez y pasas,futuro
2026-02-17,0.61,Panadería,Panqué de nuez y pasas,futuro
2026-02-18,1.18,Panadería,Panqué de nuez y pasas,futuro
2026-02-19,0.74,Panadería,Panqué de nuez y pasas,futuro
2026-02-20,1.17,Panadería,Panqué de nuez y pasas,futuro
2026-02-21,0.9,Panadería,Panqué de nuez y pasas,futuro
2026-02-22,1.03,Panadería,Panqué de nuez y pasas,futuro
2026-02-23,0.66,Panadería,Panqué de nuez y pasas,futuro
2026-02-24,0.61,Panadería,Panqué de nuez y pasas,futuro
2026-02-25,1.18,Panadería,Panqué de nuez y pasas,futuro
2026-02-26,0.74,Panadería,Panqué de nuez y pasas,futuro
2026-02-27,1.17,Panadería,Panqué de nuez y pasas,futuro
2026-02-28,0.9,Panadería,Panqué de nuez y pasas,futuro
2026-03-01,1.15,Panadería,Panqué de nuez y pasas,futuro
2026-03-02,0.7,Panadería,Panqué de nuez y pasas,futuro
2026-03-03,0.65,Panadería,Panqué de nuez y pasas,futuro
2026-03-04,1.33,Panadería,Panqué de nuez y pasas,futuro
2026-03-05,0.83,Panadería,Panqué de nuez y pasas,futuro
2026-03-06,1.25,Panadería,Panqué de nuez y pasas,futuro
2026-03-07,0.96,Panadería,Panqué de nuez y pasas,futuro
2026-03-08,1.15,Panadería,Panqué de nuez y pasas,futuro
2026-03-09,0.7,Panadería,Panqué de nuez y pasas,futuro
2026-03-10,0.65,Panadería,Panqué de nuez y pasas,futuro
2026-03-11,1.33,Panadería,Panqué de nuez y pasas,futuro
2026-03-12,0.83,Panadería,Panqué de nuez y pasas,futuro
2026-03-13,1.25,Panadería,Panqué de nuez y pasas,futuro
2026-03-14,0.96,Panadería,Panqué de nuez y pasas,futuro
2025-12-15,2.37,Pastelería Crema,Pastel 3 Leches Chico,futuro
2025-12-16,2.03,Pastelería Crema,Pastel 3 Leches Chico,futuro
2025-12-17,2.41,Pastelería Crema,Pastel 3 Leches Chico,futuro
2025-12-18,2.11,Pastelería Crema,Pastel 3 Leches Chico,futuro
2025-12-19,2.01,Pastelería Crema,Pastel 3 Leches Chico,futuro
2025-12-20,3.95,Pastelería Crema,Pastel 3 Leches Chico,futuro
2025-12-21,3.95,Pastelería Crema,Pastel 3 Leches Chico,futuro
2025-12-22,2.07,Pastelería Crema,Pastel 3 Leches Chico,futuro
2025-12-23,2.31,Pastelería Crema,Pastel 3 Leches Chico,futuro
2025-12-24,5.56,Pastelería Crema,Pastel 3 Leches Chico,futuro
2025-12-25,5.1,Pastelería Crema,Pastel 3 Leches Chico,futuro
2025-12-26,2.42,Pastelería Crema,Pastel 3 Leches Chico,futuro
2025-12-27,3.33,Pastelería Crema,Pastel 3 Leches Chico,futuro
2025-12-28,3.6,Pastelería Crema,Pastel 3 Leches Chico,futuro
2025-12-29,2.49,Pastelería Crema,Pastel 3 Leches Chico,futuro
2025-12-30,2.46,Pastelería Crema,Pastel 3 Leches Chico,futuro
2025-12-31,4.8,Pastelería Crema,Pastel 3 Leches Chico,futuro
2026-01-01,4.28,Pastelería Crema,Pastel 3 Leches Chico,futuro
2026-01-02,2.7,Pastelería Crema,Pastel 3 Leches Chico,futuro
2026-01-03,3.35,Pastelería Crema,Pastel 3 Leches Chico,futuro
2026-01-04,3.37,Pastelería Crema,Pastel 3 Leches Chico,futuro
2026-01-05,2.31,Pastelería Crema,Pastel 3 Leches Chico,futuro
2026-01-06,2.07,Pastelería Crema,Pastel 3 Leches Chico,futuro
2026-01-07,2.15,Pastelería Crema,Pastel 3 Leches Chico,futuro
2026-01-08,2.2,Pastelería Crema,Pastel 3 Leches Chico,futuro
2026-01-09,2.15,Pastelería Crema,Pastel 3 Leches Chico,futuro
2026-01-10,3.81,Pastelería Crema,Pastel 3 Leches Chico,futuro
2026-01-11,3.81,Pastelería Crema,Pastel 3 Leches Chico,futuro
2026-01-12,2.39,Pastelería Crema,Pastel 3 Leches Chico,futuro
2026-01-13,2.31,Pastelería Crema,Pastel 3 Leches Chico,futuro
2026-01-14,2.31,Pastelería Crema,Pastel 3 Leches Chico,futuro
2026-01-15,2.0,Pastelería Crema,Pastel 3 Leches Chico,futuro
2026-01-16,2.17,Pastelería Crema,Pastel 3 Leches Chico,futuro
2026-01-17,3.79,Pastelería Crema,Pastel 3 Leches Chico,futuro
2026-01-18,3.82,Pastelería Crema,Pastel 3 Leches Chico,futuro
2026-01-19,2.39,Pastelería Crema,Pastel 3 Leches Chico,futuro
2026-01-20,2.31,Pastelería Crema,Pastel 3 Leches Chico,futuro
2026-01-21,2.33,Pastelería Crema,Pastel 3 Leches Chico,futuro
2026-01-22,2.0,Pastelería Crema,Pastel 3 Leches Chico,futuro
2026-01-23,2.17,Pastelería Crema,Pastel 3 Leches Chico,futuro
2026-01-24,3.79,Pastelería Crema,Pastel 3 Leches Chico,futuro
2026-01-25,3.82,Pastelería Crema,Pastel 3 Leches Chico,futuro
2026-01-26,2.39,Pastelería Crema,Pastel 3 Leches Chico,futuro
2026-01-27,2.31,Pastelería Crema,Pastel 3 Leches Chico,futuro
2026-01-28,2.33,Pastelería Crema,Pastel 3 Leches Chico,futuro
2026-01-29,2.0,Pastelería Crema,Pastel 3 Leches Chico,futuro
2026-01-30,2.17,Pastelería Crema,Pastel 3 Leches Chico,futuro
2026-01-31,3.79,Pastelería Crema,Pastel 3 Leches Chico,futuro
2026-02-01,3.87,Pastelería Crema,Pastel 3 Leches Chico,futuro
2026-02-02,2.52,Pastelería Crema,Pastel 3 Leches Chico,futuro
2026-02-03,2.44,Pastelería Crema,Pastel 3 Leches Chico,futuro
2026-02-04,2.49,Pastelería Crema,Pastel 3 Leches Chico,futuro
2026-02-05,2.3,Pastelería Crema,Pastel 3 Leches Chico,futuro
2026-02-06,2.46,Pastelería Crema,Pastel 3 Leches Chico,futuro
2026-02-07,3.87,Pastelería Crema,Pastel 3 Leches Chico,futuro
2026-02-08,3.87,Pastelería Crema,Pastel 3 Leches Chico,futuro
2026-02-09,2.52,Pastelería Crema,Pastel 3 Leches Chico,futuro
2026-02-10,2.44,Pastelería Crema,Pastel 3 Leches Chico,futuro
2026-02-11,2.49,Pastelería Crema,Pastel 3 Leches Chico,futuro
2026-02-12,2.3,Pastelería Crema,Pastel 3 Leches Chico,futuro
2026-02-13,2.46,Pastelería Crema,Pastel 3 Leches Chico,futuro
2026-02-14,3.87,Pastelería Crema,Pastel 3 Leches Chico,futuro
2026-02-15,3.87,Pastelería Crema,Pastel 3 Leches Chico,futuro
2026-02-16,2.52,Pastelería Crema,Pastel 3 Leches Chico,futuro
2026-02-17,2.44,Pastelería Crema,Pastel 3 Leches Chico,futuro
2026-02-18,2.49,Pastelería Crema,Pastel 3 Leches Chico,futuro
2026-02-19,2.3,Pastelería Crema,Pastel 3 Leches Chico,futuro
2026-02-20,2.46,Pastelería Crema,Pastel 3 Leches Chico,futuro
2026-02-21,3.87,Pastelería Crema,Pastel 3 Leches Chico,futuro
2026-02-22,3.87,Pastelería Crema,Pastel 3 Leches Chico,futuro
2026-02-23,2.52,Pastelería Crema,Pastel 3 Leches Chico,futuro
2026-02-24,2.44,Pastelería Crema,Pastel 3 Leches Chico,futuro
2026-02-25,2.49,Pastelería Crema,Pastel 3 Leches Chico,futuro
2026-02-26,2.3,Pastelería Crema,Pastel 3 Leches Chico,futuro
2026-02-27,2.46,Pastelería Crema,Pastel 3 Leches Chico,futuro
2026-02-28,3.87,Pastelería Crema,Pastel 3 Leches Chico,futuro
2026-03-01,3.95,Pastelería Crema,Pastel 3 Leches Chico,futuro
2026-03-02,2.65,Pastelería Crema,Pastel 3 Leches Chico,futuro
2026-03-03,2.47,Pastelería Crema,Pastel 3 Leches Chico,futuro
2026-03-04,2.52,Pastelería Crema,Pastel 3 Leches Chico,futuro
2026-03-05,2.33,Pastelería Crema,Pastel 3 Leches Chico,futuro
2026-03-06,2.59,Pastelería Crema,Pastel 3 Leches Chico,futuro
2026-03-07,3.83,Pastelería Crema,Pastel 3 Leches Chico,futuro
2026-03-08,3.85,Pastelería Crema,Pastel 3 Leches Chico,futuro
2026-03-09,2.65,Pastelería Crema,Pastel 3 Leches Chico,futuro
2026-03-10,2.47,Pastelería Crema,Pastel 3 Leches Chico,futuro
2026-03-11,2.52,Pastelería Crema,Pastel 3 Leches Chico,futuro
2026-03-12,2.33,Pastelería Crema,Pastel 3 Leches Chico,futuro
2026-03-13,2.59,Pastelería Crema,Pastel 3 Leches Chico,futuro
2026-03-14,3.83,Pastelería Crema,Pastel 3 Leches Chico,futuro
2025-12-14,3.04,Pastelería Crema,Pastel 3 Leches Chocolate,futuro
2025-12-15,2.35,Pastelería Crema,Pastel 3 Leches Chocolate,futuro
2025-12-16,2.32,Pastelería Crema,Pastel 3 Leches Chocolate,futuro
2025-12-17,2.42,Pastelería Crema,Pastel 3 Leches Chocolate,futuro
2025-12-18,2.31,Pastelería Crema,Pastel 3 Leches Chocolate,futuro
2025-12-19,3.17,Pastelería Crema,Pastel 3 Leches Chocolate,futuro
2025-12-20,6.41,Pastelería Crema,Pastel 3 Leches Chocolate,futuro
2025-12-21,3.01,Pastelería Crema,Pastel 3 Leches Chocolate,futuro
2025-12-22,2.08,Pastelería Crema,Pastel 3 Leches Chocolate,futuro
2025-12-23,2.62,Pastelería Crema,Pastel 3 Leches Chocolate,futuro
2025-12-24,2.87,Pastelería Crema,Pastel 3 Leches Chocolate,futuro
2025-12-25,3.01,Pastelería Crema,Pastel 3 Leches Chocolate,futuro
2025-12-26,3.78,Pastelería Crema,Pastel 3 Leches Chocolate,futuro
2025-12-27,5.08,Pastelería Crema,Pastel 3 Leches Chocolate,futuro
2025-12-28,3.66,Pastelería Crema,Pastel 3 Leches Chocolate,futuro
2025-12-29,2.34,Pastelería Crema,Pastel 3 Leches Chocolate,futuro
2025-12-30,2.28,Pastelería Crema,Pastel 3 Leches Chocolate,futuro
2025-12-31,9.56,Pastelería Crema,Pastel 3 Leches Chocolate,futuro
2026-01-01,5.6,Pastelería Crema,Pastel 3 Leches Chocolate,futuro
2026-01-02,4.33,Pastelería Crema,Pastel 3 Leches Chocolate,futuro
2026-01-03,4.41,Pastelería Crema,Pastel 3 Leches Chocolate,futuro
2026-01-04,3.4,Pastelería Crema,Pastel 3 Leches Chocolate,futuro
2026-01-05,2.12,Pastelería Crema,Pastel 3 Leches Chocolate,futuro
2026-01-06,2.55,Pastelería Crema,Pastel 3 Leches Chocolate,futuro
2026-01-07,2.71,Pastelería Crema,Pastel 3 Leches Chocolate,futuro
2026-01-08,2.57,Pastelería Crema,Pastel 3 Leches Chocolate,futuro
2026-01-09,2.69,Pastelería Crema,Pastel 3 Leches Chocolate,futuro
2026-01-10,4.57,Pastelería Crema,Pastel 3 Leches Chocolate,futuro
2026-01-11,2.99,Pastelería Crema,Pastel 3 Leches Chocolate,futuro
2026-01-12,2.0,Pastelería Crema,Pastel 3 Leches Chocolate,futuro
2026-01-13,2.57,Pastelería Crema,Pastel 3 Leches Chocolate,futuro
2026-01-14,2.41,Pastelería Crema,Pastel 3 Leches Chocolate,futuro
2026-01-15,2.3,Pastelería Crema,Pastel 3 Leches Chocolate,futuro
2026-01-16,2.49,Pastelería Crema,Pastel 3 Leches Chocolate,futuro
2026-01-17,4.28,Pastelería Crema,Pastel 3 Leches Chocolate,futuro
2026-01-18,3.05,Pastelería Crema,Pastel 3 Leches Chocolate,futuro
2026-01-19,1.69,Pastelería Crema,Pastel 3 Leches Chocolate,futuro
2026-01-20,2.23,Pastelería Crema,Pastel 3 Leches Chocolate,futuro
2026-01-21,2.2,Pastelería Crema,Pastel 3 Leches Chocolate,futuro
2026-01-22,2.24,Pastelería Crema,Pastel 3 Leches Chocolate,futuro
2026-01-23,2.55,Pastelería Crema,Pastel 3 Leches Chocolate,futuro
2026-01-24,4.34,Pastelería Crema,Pastel 3 Leches Chocolate,futuro
2026-01-25,3.05,Pastelería Crema,Pastel 3 Leches Chocolate,futuro
2026-01-26,1.69,Pastelería Crema,Pastel 3 Leches Chocolate,futuro
2026-01-27,2.23,Pastelería Crema,Pastel 3 Leches Chocolate,futuro
2026-01-28,2.22,Pastelería Crema,Pastel 3 Leches Chocolate,futuro
2026-01-29,2.24,Pastelería Crema,Pastel 3 Leches Chocolate,futuro
2026-01-30,2.55,Pastelería Crema,Pastel 3 Leches Chocolate,futuro
2026-01-31,4.34,Pastelería Crema,Pastel 3 Leches Chocolate,futuro
2026-02-01,3.05,Pastelería Crema,Pastel 3 Leches Chocolate,futuro
2026-02-02,1.69,Pastelería Crema,Pastel 3 Leches Chocolate,futuro
2026-02-03,2.23,Pastelería Crema,Pastel 3 Leches Chocolate,futuro
2026-02-04,2.22,Pastelería Crema,Pastel 3 Leches Chocolate,futuro
2026-02-05,2.24,Pastelería Crema,Pastel 3 Leches Chocolate,futuro
2026-02-06,2.49,Pastelería Crema,Pastel 3 Leches Chocolate,futuro
2026-02-07,4.34,Pastelería Crema,Pastel 3 Leches Chocolate,futuro
2026-02-08,3.05,Pastelería Crema,Pastel 3 Leches Chocolate,futuro
2026-02-09,1.69,Pastelería Crema,Pastel 3 Leches Chocolate,futuro
2026-02-10,2.23,Pastelería Crema,Pastel 3 Leches Chocolate,futuro
2026-02-11,2.22,Pastelería Crema,Pastel 3 Leches Chocolate,futuro
2026-02-12,2.24,Pastelería Crema,Pastel 3 Leches Chocolate,futuro
2026-02-13,2.49,Pastelería Crema,Pastel 3 Leches Chocolate,futuro
2026-02-14,4.34,Pastelería Crema,Pastel 3 Leches Chocolate,futuro
2026-02-15,3.05,Pastelería Crema,Pastel 3 Leches Chocolate,futuro
2026-02-16,1.69,Pastelería Crema,Pastel 3 Leches Chocolate,futuro
2026-02-17,2.23,Pastelería Crema,Pastel 3 Leches Chocolate,futuro
2026-02-18,2.22,Pastelería Crema,Pastel 3 Leches Chocolate,futuro
2026-02-19,2.24,Pastelería Crema,Pastel 3 Leches Chocolate,futuro
2026-02-20,2.49,Pastelería Crema,Pastel 3 Leches Chocolate,futuro
2026-02-21,4.34,Pastelería Crema,Pastel 3 Leches Chocolate,futuro
2026-02-22,3.05,Pastelería Crema,Pastel 3 Leches Chocolate,futuro
2026-02-23,1.69,Pastelería Crema,Pastel 3 Leches Chocolate,futuro
2026-02-24,2.23,Pastelería Crema,Pastel 3 Leches Chocolate,futuro
2026-02-25,2.22,Pastelería Crema,Pastel 3 Leches Chocolate,futuro
2026-02-26,2.24,Pastelería Crema,Pastel 3 Leches Chocolate,futuro
2026-02-27,2.49,Pastelería Crema,Pastel 3 Leches Chocolate,futuro
2026-02-28,4.34,Pastelería Crema,Pastel 3 Leches Chocolate,futuro
2026-03-01,3.05,Pastelería Crema,Pastel 3 Leches Chocolate,futuro
2026-03-02,1.69,Pastelería Crema,Pastel 3 Leches Chocolate,futuro
2026-03-03,2.23,Pastelería Crema,Pastel 3 Leches Chocolate,futuro
2026-03-04,2.22,Pastelería Crema,Pastel 3 Leches Chocolate,futuro
2026-03-05,2.24,Pastelería Crema,Pastel 3 Leches Chocolate,futuro
2026-03-06,2.49,Pastelería Crema,Pastel 3 Leches Chocolate,futuro
2026-03-07,4.34,Pastelería Crema,Pastel 3 Leches Chocolate,futuro
2026-03-08,3.05,Pastelería Crema,Pastel 3 Leches Chocolate,futuro
2026-03-09,1.69,Pastelería Crema,Pastel 3 Leches Chocolate,futuro
2026-03-10,2.23,Pastelería Crema,Pastel 3 Leches Chocolate,futuro
2026-03-11,2.22,Pastelería Crema,Pastel 3 Leches Chocolate,futuro
2026-03-12,2.24,Pastelería Crema,Pastel 3 Leches Chocolate,futuro
2026-03-13,2.49,Pastelería Crema,Pastel 3 Leches Chocolate,futuro
2025-12-14,1.89,Pastelería Crema,Pastel 3 Leches Cuadrado,futuro
2025-12-15,1.82,Pastelería Crema,Pastel 3 Leches Cuadrado,futuro
2025-12-16,2.15,Pastelería Crema,Pastel 3 Leches Cuadrado,futuro
2025-12-17,2.31,Pastelería Crema,Pastel 3 Leches Cuadrado,futuro
2025-12-18,2.63,Pastelería Crema,Pastel 3 Leches Cuadrado,futuro
2025-12-19,2.4,Pastelería Crema,Pastel 3 Leches Cuadrado,futuro
2025-12-20,5.41,Pastelería Crema,Pastel 3 Leches Cuadrado,futuro
2025-12-21,2.44,Pastelería Crema,Pastel 3 Leches Cuadrado,futuro
2025-12-22,1.86,Pastelería Crema,Pastel 3 Leches Cuadrado,futuro
2025-12-23,2.18,Pastelería Crema,Pastel 3 Leches Cuadrado,futuro
2025-12-24,7.88,Pastelería Crema,Pastel 3 Leches Cuadrado,futuro
2025-12-25,3.44,Pastelería Crema,Pastel 3 Leches Cuadrado,futuro
2025-12-26,3.26,Pastelería Crema,Pastel 3 Leches Cuadrado,futuro
2025-12-27,4.67,Pastelería Crema,Pastel 3 Leches Cuadrado,futuro
2025-12-28,1.98,Pastelería Crema,Pastel 3 Leches Cuadrado,futuro
2025-12-29,1.6,Pastelería Crema,Pastel 3 Leches Cuadrado,futuro
2025-12-30,2.21,Pastelería Crema,Pastel 3 Leches Cuadrado,futuro
2025-12-31,5.55,Pastelería Crema,Pastel 3 Leches Cuadrado,futuro
2026-01-01,3.05,Pastelería Crema,Pastel 3 Leches Cuadrado,futuro
2026-01-02,1.9,Pastelería Crema,Pastel 3 Leches Cuadrado,futuro
2026-01-03,5.56,Pastelería Crema,Pastel 3 Leches Cuadrado,futuro
2026-01-04,1.79,Pastelería Crema,Pastel 3 Leches Cuadrado,futuro
2026-01-05,1.42,Pastelería Crema,Pastel 3 Leches Cuadrado,futuro
2026-01-06,1.41,Pastelería Crema,Pastel 3 Leches Cuadrado,futuro
2026-01-07,1.75,Pastelería Crema,Pastel 3 Leches Cuadrado,futuro
2026-01-08,1.91,Pastelería Crema,Pastel 3 Leches Cuadrado,futuro
2026-01-09,1.93,Pastelería Crema,Pastel 3 Leches Cuadrado,futuro
2026-01-10,4.69,Pastelería Crema,Pastel 3 Leches Cuadrado,futuro
2026-01-11,2.58,Pastelería Crema,Pastel 3 Leches Cuadrado,futuro
2026-01-12,1.25,Pastelería Crema,Pastel 3 Leches Cuadrado,futuro
2026-01-13,1.34,Pastelería Crema,Pastel 3 Leches Cuadrado,futuro
2026-01-14,1.67,Pastelería Crema,Pastel 3 Leches Cuadrado,futuro
2026-01-15,1.68,Pastelería Crema,Pastel 3 Leches Cuadrado,futuro
2026-01-16,2.12,Pastelería Crema,Pastel 3 Leches Cuadrado,futuro
2026-01-17,4.91,Pastelería Crema,Pastel 3 Leches Cuadrado,futuro
2026-01-18,2.26,Pastelería Crema,Pastel 3 Leches Cuadrado,futuro
2026-01-19,1.25,Pastelería Crema,Pastel 3 Leches Cuadrado,futuro
2026-01-20,1.4,Pastelería Crema,Pastel 3 Leches Cuadrado,futuro
2026-01-21,1.49,Pastelería Crema,Pastel 3 Leches Cuadrado,futuro
2026-01-22,1.6,Pastelería Crema,Pastel 3 Leches Cuadrado,futuro
2026-01-23,2.13,Pastelería Crema,Pastel 3 Leches Cuadrado,futuro
2026-01-24,4.84,Pastelería Crema,Pastel 3 Leches Cuadrado,futuro
2026-01-25,2.29,Pastelería Crema,Pastel 3 Leches Cuadrado,futuro
2026-01-26,1.25,Pastelería Crema,Pastel 3 Leches Cuadrado,futuro
2026-01-27,1.4,Pastelería Crema,Pastel 3 Leches Cuadrado,futuro
2026-01-28,1.49,Pastelería Crema,Pastel 3 Leches Cuadrado,futuro
2026-01-29,1.6,Pastelería Crema,Pastel 3 Leches Cuadrado,futuro
2026-01-30,2.17,Pastelería Crema,Pastel 3 Leches Cuadrado,futuro
2026-01-31,4.84,Pastelería Crema,Pastel 3 Leches Cuadrado,futuro
2026-02-01,2.29,Pastelería Crema,Pastel 3 Leches Cuadrado,futuro
2026-02-02,1.16,Pastelería Crema,Pastel 3 Leches Cuadrado,futuro
2026-02-03,1.33,Pastelería Crema,Pastel 3 Leches Cuadrado,futuro
2026-02-04,1.43,Pastelería Crema,Pastel 3 Leches Cuadrado,futuro
2026-02-05,1.55,Pastelería Crema,Pastel 3 Leches Cuadrado,futuro
2026-02-06,2.08,Pastelería Crema,Pastel 3 Leches Cuadrado,futuro
2026-02-07,4.68,Pastelería Crema,Pastel 3 Leches Cuadrado,futuro
2026-02-08,2.29,Pastelería Crema,Pastel 3 Leches Cuadrado,futuro
2026-02-09,1.16,Pastelería Crema,Pastel 3 Leches Cuadrado,futuro
2026-02-10,1.33,Pastelería Crema,Pastel 3 Leches Cuadrado,futuro
2026-02-11,1.43,Pastelería Crema,Pastel 3 Leches Cuadrado,futuro
2026-02-12,1.55,Pastelería Crema,Pastel 3 Leches Cuadrado,futuro
2026-02-13,2.08,Pastelería Crema,Pastel 3 Leches Cuadrado,futuro
2026-02-14,4.68,Pastelería Crema,Pastel 3 Leches Cuadrado,futuro
2026-02-15,2.29,Pastelería Crema,Pastel 3 Leches Cuadrado,futuro
2026-02-16,1.16,Pastelería Crema,Pastel 3 Leches Cuadrado,futuro
2026-02-17,1.33,Pastelería Crema,Pastel 3 Leches Cuadrado,futuro
2026-02-18,1.43,Pastelería Crema,Pastel 3 Leches Cuadrado,futuro
2026-02-19,1.55,Pastelería Crema,Pastel 3 Leches Cuadrado,futuro
2026-02-20,2.08,Pastelería Crema,Pastel 3 Leches Cuadrado,futuro
2026-02-21,4.68,Pastelería Crema,Pastel 3 Leches Cuadrado,futuro
2026-02-22,2.29,Pastelería Crema,Pastel 3 Leches Cuadrado,futuro
2026-02-23,1.16,Pastelería Crema,Pastel 3 Leches Cuadrado,futuro
2026-02-24,1.33,Pastelería Crema,Pastel 3 Leches Cuadrado,futuro
2026-02-25,1.43,Pastelería Crema,Pastel 3 Leches Cuadrado,futuro
2026-02-26,1.55,Pastelería Crema,Pastel 3 Leches Cuadrado,futuro
2026-02-27,2.08,Pastelería Crema,Pastel 3 Leches Cuadrado,futuro
2026-02-28,4.68,Pastelería Crema,Pastel 3 Leches Cuadrado,futuro
2026-03-01,2.29,Pastelería Crema,Pastel 3 Leches Cuadrado,futuro
2026-03-02,1.15,Pastelería Crema,Pastel 3 Leches Cuadrado,futuro
2026-03-03,1.32,Pastelería Crema,Pastel 3 Leches Cuadrado,futuro
2026-03-04,1.42,Pastelería Crema,Pastel 3 Leches Cuadrado,futuro
2026-03-05,1.54,Pastelería Crema,Pastel 3 Leches Cuadrado,futuro
2026-03-06,2.07,Pastelería Crema,Pastel 3 Leches Cuadrado,futuro
2026-03-07,4.67,Pastelería Crema,Pastel 3 Leches Cuadrado,futuro
2026-03-08,2.29,Pastelería Crema,Pastel 3 Leches Cuadrado,futuro
2026-03-09,1.15,Pastelería Crema,Pastel 3 Leches Cuadrado,futuro
2026-03-10,1.32,Pastelería Crema,Pastel 3 Leches Cuadrado,futuro
2026-03-11,1.42,Pastelería Crema,Pastel 3 Leches Cuadrado,futuro
2026-03-12,1.54,Pastelería Crema,Pastel 3 Leches Cuadrado,futuro
2026-03-13,2.07,Pastelería Crema,Pastel 3 Leches Cuadrado,futuro
2025-12-14,0.91,Pastelería Crema,Pastel 3 Leches Redondo,futuro
2025-12-15,1.98,Pastelería Crema,Pastel 3 Leches Redondo,futuro
2025-12-16,2.2,Pastelería Crema,Pastel 3 Leches Redondo,futuro
2025-12-17,2.09,Pastelería Crema,Pastel 3 Leches Redondo,futuro
2025-12-18,2.46,Pastelería Crema,Pastel 3 Leches Redondo,futuro
2025-12-19,2.56,Pastelería Crema,Pastel 3 Leches Redondo,futuro
2025-12-20,4.47,Pastelería Crema,Pastel 3 Leches Redondo,futuro
2025-12-21,2.34,Pastelería Crema,Pastel 3 Leches Redondo,futuro
2025-12-22,2.49,Pastelería Crema,Pastel 3 Leches Redondo,futuro
2025-12-23,2.72,Pastelería Crema,Pastel 3 Leches Redondo,futuro
2025-12-24,5.51,Pastelería Crema,Pastel 3 Leches Redondo,futuro
2025-12-25,3.65,Pastelería Crema,Pastel 3 Leches Redondo,futuro
2025-12-26,2.69,Pastelería Crema,Pastel 3 Leches Redondo,futuro
2025-12-27,4.85,Pastelería Crema,Pastel 3 Leches Redondo,futuro
2025-12-28,2.18,Pastelería Crema,Pastel 3 Leches Redondo,futuro
2025-12-29,2.1,Pastelería Crema,Pastel 3 Leches Redondo,futuro
2025-12-30,2.34,Pastelería Crema,Pastel 3 Leches Redondo,futuro
2025-12-31,7.02,Pastelería Crema,Pastel 3 Leches Redondo,futuro
2026-01-01,1.0,Pastelería Crema,Pastel 3 Leches Redondo,futuro
2026-01-02,2.16,Pastelería Crema,Pastel 3 Leches Redondo,futuro
2026-01-03,4.5,Pastelería Crema,Pastel 3 Leches Redondo,futuro
2026-01-04,2.24,Pastelería Crema,Pastel 3 Leches Redondo,futuro
2026-01-05,2.11,Pastelería Crema,Pastel 3 Leches Redondo,futuro
2026-01-06,2.39,Pastelería Crema,Pastel 3 Leches Redondo,futuro
2026-01-07,1.81,Pastelería Crema,Pastel 3 Leches Redondo,futuro
2026-01-08,2.14,Pastelería Crema,Pastel 3 Leches Redondo,futuro
2026-01-09,2.75,Pastelería Crema,Pastel 3 Leches Redondo,futuro
2026-01-10,4.51,Pastelería Crema,Pastel 3 Leches Redondo,futuro
2026-01-11,2.09,Pastelería Crema,Pastel 3 Leches Redondo,futuro
2026-01-12,2.03,Pastelería Crema,Pastel 3 Leches Redondo,futuro
2026-01-13,1.55,Pastelería Crema,Pastel 3 Leches Redondo,futuro
2026-01-14,2.12,Pastelería Crema,Pastel 3 Leches Redondo,futuro
2026-01-15,1.87,Pastelería Crema,Pastel 3 Leches Redondo,futuro
2026-01-16,2.4,Pastelería Crema,Pastel 3 Leches Redondo,futuro
2026-01-17,3.83,Pastelería Crema,Pastel 3 Leches Redondo,futuro
2026-01-18,2.63,Pastelería Crema,Pastel 3 Leches Redondo,futuro
2026-01-19,1.95,Pastelería Crema,Pastel 3 Leches Redondo,futuro
2026-01-20,1.98,Pastelería Crema,Pastel 3 Leches Redondo,futuro
2026-01-21,1.7,Pastelería Crema,Pastel 3 Leches Redondo,futuro
2026-01-22,2.02,Pastelería Crema,Pastel 3 Leches Redondo,futuro
2026-01-23,1.99,Pastelería Crema,Pastel 3 Leches Redondo,futuro
2026-01-24,4.09,Pastelería Crema,Pastel 3 Leches Redondo,futuro
2026-01-25,2.02,Pastelería Crema,Pastel 3 Leches Redondo,futuro
2026-01-26,1.98,Pastelería Crema,Pastel 3 Leches Redondo,futuro
2026-01-27,1.82,Pastelería Crema,Pastel 3 Leches Redondo,futuro
2026-01-28,1.69,Pastelería Crema,Pastel 3 Leches Redondo,futuro
2026-01-29,1.88,Pastelería Crema,Pastel 3 Leches Redondo,futuro
2026-01-30,2.27,Pastelería Crema,Pastel 3 Leches Redondo,futuro
2026-01-31,3.47,Pastelería Crema,Pastel 3 Leches Redondo,futuro
2026-02-01,2.62,Pastelería Crema,Pastel 3 Leches Redondo,futuro
2026-02-02,1.95,Pastelería Crema,Pastel 3 Leches Redondo,futuro
2026-02-03,1.86,Pastelería Crema,Pastel 3 Leches Redondo,futuro
2026-02-04,1.66,Pastelería Crema,Pastel 3 Leches Redondo,futuro
2026-02-05,1.88,Pastelería Crema,Pastel 3 Leches Redondo,futuro
2026-02-06,2.04,Pastelería Crema,Pastel 3 Leches Redondo,futuro
2026-02-07,3.77,Pastelería Crema,Pastel 3 Leches Redondo,futuro
2026-02-08,2.37,Pastelería Crema,Pastel 3 Leches Redondo,futuro
2026-02-09,1.95,Pastelería Crema,Pastel 3 Leches Redondo,futuro
2026-02-10,1.83,Pastelería Crema,Pastel 3 Leches Redondo,futuro
2026-02-11,1.69,Pastelería Crema,Pastel 3 Leches Redondo,futuro
2026-02-12,1.88,Pastelería Crema,Pastel 3 Leches Redondo,futuro
2026-02-13,2.04,Pastelería Crema,Pastel 3 Leches Redondo,futuro
2026-02-14,3.77,Pastelería Crema,Pastel 3 Leches Redondo,futuro
2026-02-15,2.37,Pastelería Crema,Pastel 3 Leches Redondo,futuro
2026-02-16,1.95,Pastelería Crema,Pastel 3 Leches Redondo,futuro
2026-02-17,1.83,Pastelería Crema,Pastel 3 Leches Redondo,futuro
2026-02-18,1.69,Pastelería Crema,Pastel 3 Leches Redondo,futuro
2026-02-19,1.88,Pastelería Crema,Pastel 3 Leches Redondo,futuro
2026-02-20,2.04,Pastelería Crema,Pastel 3 Leches Redondo,futuro
2026-02-21,3.77,Pastelería Crema,Pastel 3 Leches Redondo,futuro
2026-02-22,2.37,Pastelería Crema,Pastel 3 Leches Redondo,futuro
2026-02-23,1.95,Pastelería Crema,Pastel 3 Leches Redondo,futuro
2026-02-24,1.83,Pastelería Crema,Pastel 3 Leches Redondo,futuro
2026-02-25,1.69,Pastelería Crema,Pastel 3 Leches Redondo,futuro
2026-02-26,1.88,Pastelería Crema,Pastel 3 Leches Redondo,futuro
2026-02-27,2.04,Pastelería Crema,Pastel 3 Leches Redondo,futuro
2026-02-28,3.77,Pastelería Crema,Pastel 3 Leches Redondo,futuro
2026-03-01,2.38,Pastelería Crema,Pastel 3 Leches Redondo,futuro
2026-03-02,1.95,Pastelería Crema,Pastel 3 Leches Redondo,futuro
2026-03-03,1.76,Pastelería Crema,Pastel 3 Leches Redondo,futuro
2026-03-04,1.62,Pastelería Crema,Pastel 3 Leches Redondo,futuro
2026-03-05,1.81,Pastelería Crema,Pastel 3 Leches Redondo,futuro
2026-03-06,2.03,Pastelería Crema,Pastel 3 Leches Redondo,futuro
2026-03-07,3.77,Pastelería Crema,Pastel 3 Leches Redondo,futuro
2026-03-08,2.38,Pastelería Crema,Pastel 3 Leches Redondo,futuro
2026-03-09,1.95,Pastelería Crema,Pastel 3 Leches Redondo,futuro
2026-03-10,1.76,Pastelería Crema,Pastel 3 Leches Redondo,futuro
2026-03-11,1.62,Pastelería Crema,Pastel 3 Leches Redondo,futuro
2026-03-12,1.81,Pastelería Crema,Pastel 3 Leches Redondo,futuro
2026-03-13,2.03,Pastelería Crema,Pastel 3 Leches Redondo,futuro
2023-06-19,0.0,Pastelería Crema,Pastel 3 leches baileys,futuro
2023-06-20,0.0,Pastelería Crema,Pastel 3 leches baileys,futuro
2023-06-21,0.49,Pastelería Crema,Pastel 3 leches baileys,futuro
2023-06-22,0.0,Pastelería Crema,Pastel 3 leches baileys,futuro
2023-06-23,0.0,Pastelería Crema,Pastel 3 leches baileys,futuro
2023-06-24,0.0,Pastelería Crema,Pastel 3 leches baileys,futuro
2023-06-25,0.0,Pastelería Crema,Pastel 3 leches baileys,futuro
2023-06-26,0.0,Pastelería Crema,Pastel 3 leches baileys,futuro
2023-06-27,0.0,Pastelería Crema,Pastel 3 leches baileys,futuro
2023-06-28,0.49,Pastelería Crema,Pastel 3 leches baileys,futuro
2023-06-29,0.0,Pastelería Crema,Pastel 3 leches baileys,futuro
2023-06-30,0.0,Pastelería Crema,Pastel 3 leches baileys,futuro
2023-07-01,0.0,Pastelería Crema,Pastel 3 leches baileys,futuro
2023-07-02,0.0,Pastelería Crema,Pastel 3 leches baileys,futuro
2023-07-03,0.0,Pastelería Crema,Pastel 3 leches baileys,futuro
2023-07-04,0.0,Pastelería Crema,Pastel 3 leches baileys,futuro
2023-07-05,0.49,Pastelería Crema,Pastel 3 leches baileys,futuro
2023-07-06,0.0,Pastelería Crema,Pastel 3 leches baileys,futuro
2023-07-07,0.0,Pastelería Crema,Pastel 3 leches baileys,futuro
2023-07-08,0.0,Pastelería Crema,Pastel 3 leches baileys,futuro
2023-07-09,0.0,Pastelería Crema,Pastel 3 leches baileys,futuro
2023-07-10,0.0,Pastelería Crema,Pastel 3 leches baileys,futuro
2023-07-11,0.0,Pastelería Crema,Pastel 3 leches baileys,futuro
2023-07-12,0.49,Pastelería Crema,Pastel 3 leches baileys,futuro
2023-07-13,0.0,Pastelería Crema,Pastel 3 leches baileys,futuro
2023-07-14,0.0,Pastelería Crema,Pastel 3 leches baileys,futuro
2023-07-15,0.0,Pastelería Crema,Pastel 3 leches baileys,futuro
2023-07-16,0.0,Pastelería Crema,Pastel 3 leches baileys,futuro
2023-07-17,0.0,Pastelería Crema,Pastel 3 leches baileys,futuro
2023-07-18,0.0,Pastelería Crema,Pastel 3 leches baileys,futuro
2023-07-19,0.49,Pastelería Crema,Pastel 3 leches baileys,futuro
2023-07-20,0.0,Pastelería Crema,Pastel 3 leches baileys,futuro
2023-07-21,0.0,Pastelería Crema,Pastel 3 leches baileys,futuro
2023-07-22,0.0,Pastelería Crema,Pastel 3 leches baileys,futuro
2023-07-23,0.0,Pastelería Crema,Pastel 3 leches baileys,futuro
2023-07-24,0.0,Pastelería Crema,Pastel 3 leches baileys,futuro
2023-07-25,0.0,Pastelería Crema,Pastel 3 leches baileys,futuro
2023-07-26,0.49,Pastelería Crema,Pastel 3 leches baileys,futuro
2023-07-27,0.0,Pastelería Crema,Pastel 3 leches baileys,futuro
2023-07-28,0.0,Pastelería Crema,Pastel 3 leches baileys,futuro
2023-07-29,0.0,Pastelería Crema,Pastel 3 leches baileys,futuro
2023-07-30,0.0,Pastelería Crema,Pastel 3 leches baileys,futuro
2023-07-31,0.0,Pastelería Crema,Pastel 3 leches baileys,futuro
2023-08-01,0.0,Pastelería Crema,Pastel 3 leches baileys,futuro
2023-08-02,0.49,Pastelería Crema,Pastel 3 leches baileys,futuro
2023-08-03,0.0,Pastelería Crema,Pastel 3 leches baileys,futuro
2023-08-04,0.0,Pastelería Crema,Pastel 3 leches baileys,futuro
2023-08-05,0.0,Pastelería Crema,Pastel 3 leches baileys,futuro
2023-08-06,0.0,Pastelería Crema,Pastel 3 leches baileys,futuro
2023-08-07,0.0,Pastelería Crema,Pastel 3 leches baileys,futuro
2023-08-08,0.0,Pastelería Crema,Pastel 3 leches baileys,futuro
2023-08-09,0.49,Pastelería Crema,Pastel 3 leches baileys,futuro
2023-08-10,0.0,Pastelería Crema,Pastel 3 leches baileys,futuro
2023-08-11,0.0,Pastelería Crema,Pastel 3 leches baileys,futuro
2023-08-12,0.0,Pastelería Crema,Pastel 3 leches baileys,futuro
2023-08-13,0.0,Pastelería Crema,Pastel 3 leches baileys,futuro
2023-08-14,0.0,Pastelería Crema,Pastel 3 leches baileys,futuro
2023-08-15,0.0,Pastelería Crema,Pastel 3 leches baileys,futuro
2023-08-16,0.49,Pastelería Crema,Pastel 3 leches baileys,futuro
2023-08-17,0.0,Pastelería Crema,Pastel 3 leches baileys,futuro
2023-08-18,0.0,Pastelería Crema,Pastel 3 leches baileys,futuro
2023-08-19,0.0,Pastelería Crema,Pastel 3 leches baileys,futuro
2023-08-20,0.0,Pastelería Crema,Pastel 3 leches baileys,futuro
2023-08-21,0.0,Pastelería Crema,Pastel 3 leches baileys,futuro
2023-08-22,0.0,Pastelería Crema,Pastel 3 leches baileys,futuro
2023-08-23,0.49,Pastelería Crema,Pastel 3 leches baileys,futuro
2023-08-24,0.0,Pastelería Crema,Pastel 3 leches baileys,futuro
2023-08-25,0.0,Pastelería Crema,Pastel 3 leches baileys,futuro
2023-08-26,0.0,Pastelería Crema,Pastel 3 leches baileys,futuro
2023-08-27,0.0,Pastelería Crema,Pastel 3 leches baileys,futuro
2023-08-28,0.0,Pastelería Crema,Pastel 3 leches baileys,futuro
2023-08-29,0.0,Pastelería Crema,Pastel 3 leches baileys,futuro
2023-08-30,0.49,Pastelería Crema,Pastel 3 leches baileys,futuro
2023-08-31,0.0,Pastelería Crema,Pastel 3 leches baileys,futuro
2023-09-01,0.0,Pastelería Crema,Pastel 3 leches baileys,futuro
2023-09-02,0.0,Pastelería Crema,Pastel 3 leches baileys,futuro
2023-09-03,0.0,Pastelería Crema,Pastel 3 leches baileys,futuro
2023-09-04,0.0,Pastelería Crema,Pastel 3 leches baileys,futuro
2023-09-05,0.0,Pastelería Crema,Pastel 3 leches baileys,futuro
2023-09-06,0.49,Pastelería Crema,Pastel 3 leches baileys,futuro
2023-09-07,0.0,Pastelería Crema,Pastel 3 leches baileys,futuro
2023-09-08,0.0,Pastelería Crema,Pastel 3 leches baileys,futuro
2023-09-09,0.0,Pastelería Crema,Pastel 3 leches baileys,futuro
2023-09-10,0.0,Pastelería Crema,Pastel 3 leches baileys,futuro
2023-09-11,0.0,Pastelería Crema,Pastel 3 leches baileys,futuro
2023-09-12,0.0,Pastelería Crema,Pastel 3 leches baileys,futuro
2023-09-13,0.49,Pastelería Crema,Pastel 3 leches baileys,futuro
2023-09-14,0.0,Pastelería Crema,Pastel 3 leches baileys,futuro
2023-09-15,0.0,Pastelería Crema,Pastel 3 leches baileys,futuro
2023-09-16,0.0,Pastelería Crema,Pastel 3 leches baileys,futuro
2025-12-15,1.84,Pastelería Crema,Pastel Capuchino,futuro
2025-12-16,2.3,Pastelería Crema,Pastel Capuchino,futuro
2025-12-17,2.31,Pastelería Crema,Pastel Capuchino,futuro
2025-12-18,1.96,Pastelería Crema,Pastel Capuchino,futuro
2025-12-19,1.96,Pastelería Crema,Pastel Capuchino,futuro
2025-12-20,4.33,Pastelería Crema,Pastel Capuchino,futuro
2025-12-21,3.77,Pastelería Crema,Pastel Capuchino,futuro
2025-12-22,2.11,Pastelería Crema,Pastel Capuchino,futuro
2025-12-23,1.94,Pastelería Crema,Pastel Capuchino,futuro
2025-12-24,4.15,Pastelería Crema,Pastel Capuchino,futuro
2025-12-25,3.06,Pastelería Crema,Pastel Capuchino,futuro
2025-12-26,4.34,Pastelería Crema,Pastel Capuchino,futuro
2025-12-27,3.85,Pastelería Crema,Pastel Capuchino,futuro
2025-12-28,4.46,Pastelería Crema,Pastel Capuchino,futuro
2025-12-29,1.33,Pastelería Crema,Pastel Capuchino,futuro
2025-12-30,2.06,Pastelería Crema,Pastel Capuchino,futuro
2025-12-31,1.94,Pastelería Crema,Pastel Capuchino,futuro
2026-01-01,1.67,Pastelería Crema,Pastel Capuchino,futuro
2026-01-02,1.93,Pastelería Crema,Pastel Capuchino,futuro
2026-01-03,3.89,Pastelería Crema,Pastel Capuchino,futuro
2026-01-04,3.34,Pastelería Crema,Pastel Capuchino,futuro
2026-01-05,1.57,Pastelería Crema,Pastel Capuchino,futuro
2026-01-06,1.76,Pastelería Crema,Pastel Capuchino,futuro
2026-01-07,1.82,Pastelería Crema,Pastel Capuchino,futuro
2026-01-08,1.64,Pastelería Crema,Pastel Capuchino,futuro
2026-01-09,1.92,Pastelería Crema,Pastel Capuchino,futuro
2026-01-10,3.66,Pastelería Crema,Pastel Capuchino,futuro
2026-01-11,3.47,Pastelería Crema,Pastel Capuchino,futuro
2026-01-12,1.49,Pastelería Crema,Pastel Capuchino,futuro
2026-01-13,1.77,Pastelería Crema,Pastel Capuchino,futuro
2026-01-14,1.77,Pastelería Crema,Pastel Capuchino,futuro
2026-01-15,1.66,Pastelería Crema,Pastel Capuchino,futuro
2026-01-16,1.89,Pastelería Crema,Pastel Capuchino,futuro
2026-01-17,3.66,Pastelería Crema,Pastel Capuchino,futuro
2026-01-18,3.43,Pastelería Crema,Pastel Capuchino,futuro
2026-01-19,1.49,Pastelería Crema,Pastel Capuchino,futuro
2026-01-20,1.77,Pastelería Crema,Pastel Capuchino,futuro
2026-01-21,1.77,Pastelería Crema,Pastel Capuchino,futuro
2026-01-22,1.66,Pastelería Crema,Pastel Capuchino,futuro
2026-01-23,1.89,Pastelería Crema,Pastel Capuchino,futuro
2026-01-24,3.66,Pastelería Crema,Pastel Capuchino,futuro
2026-01-25,3.43,Pastelería Crema,Pastel Capuchino,futuro
2026-01-26,1.49,Pastelería Crema,Pastel Capuchino,futuro
2026-01-27,1.77,Pastelería Crema,Pastel Capuchino,futuro
2026-01-28,1.77,Pastelería Crema,Pastel Capuchino,futuro
2026-01-29,1.66,Pastelería Crema,Pastel Capuchino,futuro
2026-01-30,1.89,Pastelería Crema,Pastel Capuchino,futuro
2026-01-31,3.66,Pastelería Crema,Pastel Capuchino,futuro
2026-02-01,3.43,Pastelería Crema,Pastel Capuchino,futuro
2026-02-02,1.49,Pastelería Crema,Pastel Capuchino,futuro
2026-02-03,1.77,Pastelería Crema,Pastel Capuchino,futuro
2026-02-04,1.77,Pastelería Crema,Pastel Capuchino,futuro
2026-02-05,1.66,Pastelería Crema,Pastel Capuchino,futuro
2026-02-06,1.89,Pastelería Crema,Pastel Capuchino,futuro
2026-02-07,3.66,Pastelería Crema,Pastel Capuchino,futuro
2026-02-08,3.43,Pastelería Crema,Pastel Capuchino,futuro
2026-02-09,1.49,Pastelería Crema,Pastel Capuchino,futuro
2026-02-10,1.77,Pastelería Crema,Pastel Capuchino,futuro
2026-02-11,1.77,Pastelería Crema,Pastel Capuchino,futuro
2026-02-12,1.66,Pastelería Crema,Pastel Capuchino,futuro
2026-02-13,1.89,Pastelería Crema,Pastel Capuchino,futuro
2026-02-14,3.66,Pastelería Crema,Pastel Capuchino,futuro
2026-02-15,3.43,Pastelería Crema,Pastel Capuchino,futuro
2026-02-16,1.49,Pastelería Crema,Pastel Capuchino,futuro
2026-02-17,1.77,Pastelería Crema,Pastel Capuchino,futuro
2026-02-18,1.77,Pastelería Crema,Pastel Capuchino,futuro
2026-02-19,1.66,Pastelería Crema,Pastel Capuchino,futuro
2026-02-20,1.89,Pastelería Crema,Pastel Capuchino,futuro
2026-02-21,3.66,Pastelería Crema,Pastel Capuchino,futuro
2026-02-22,3.43,Pastelería Crema,Pastel Capuchino,futuro
2026-02-23,1.49,Pastelería Crema,Pastel Capuchino,futuro
2026-02-24,1.77,Pastelería Crema,Pastel Capuchino,futuro
2026-02-25,1.77,Pastelería Crema,Pastel Capuchino,futuro
2026-02-26,1.66,Pastelería Crema,Pastel Capuchino,futuro
2026-02-27,1.89,Pastelería Crema,Pastel Capuchino,futuro
2026-02-28,3.66,Pastelería Crema,Pastel Capuchino,futuro
2026-03-01,3.44,Pastelería Crema,Pastel Capuchino,futuro
2026-03-02,1.5,Pastelería Crema,Pastel Capuchino,futuro
2026-03-03,1.77,Pastelería Crema,Pastel Capuchino,futuro
2026-03-04,1.77,Pastelería Crema,Pastel Capuchino,futuro
2026-03-05,1.67,Pastelería Crema,Pastel Capuchino,futuro
2026-03-06,1.9,Pastelería Crema,Pastel Capuchino,futuro
2026-03-07,3.67,Pastelería Crema,Pastel Capuchino,futuro
2026-03-08,3.44,Pastelería Crema,Pastel Capuchino,futuro
2026-03-09,1.5,Pastelería Crema,Pastel Capuchino,futuro
2026-03-10,1.77,Pastelería Crema,Pastel Capuchino,futuro
2026-03-11,1.77,Pastelería Crema,Pastel Capuchino,futuro
2026-03-12,1.67,Pastelería Crema,Pastel Capuchino,futuro
2026-03-13,1.9,Pastelería Crema,Pastel Capuchino,futuro
2026-03-14,3.67,Pastelería Crema,Pastel Capuchino,futuro
2025-12-15,2.42,Pastelería Crema,Pastel Capuchino Chico,futuro
2025-12-16,2.33,Pastelería Crema,Pastel Capuchino Chico,futuro
2025-12-17,2.25,Pastelería Crema,Pastel Capuchino Chico,futuro
2025-12-18,2.44,Pastelería Crema,Pastel Capuchino Chico,futuro
2025-12-19,2.36,Pastelería Crema,Pastel Capuchino Chico,futuro
2025-12-20,3.21,Pastelería Crema,Pastel Capuchino Chico,futuro
2025-12-21,2.9,Pastelería Crema,Pastel Capuchino Chico,futuro
2025-12-22,2.45,Pastelería Crema,Pastel Capuchino Chico,futuro
2025-12-23,2.63,Pastelería Crema,Pastel Capuchino Chico,futuro
2025-12-24,5.7,Pastelería Crema,Pastel Capuchino Chico,futuro
2025-12-25,4.96,Pastelería Crema,Pastel Capuchino Chico,futuro
2025-12-26,2.33,Pastelería Crema,Pastel Capuchino Chico,futuro
2025-12-27,3.42,Pastelería Crema,Pastel Capuchino Chico,futuro
2025-12-28,3.15,Pastelería Crema,Pastel Capuchino Chico,futuro
2025-12-29,2.24,Pastelería Crema,Pastel Capuchino Chico,futuro
2025-12-30,2.27,Pastelería Crema,Pastel Capuchino Chico,futuro
2025-12-31,2.66,Pastelería Crema,Pastel Capuchino Chico,futuro
2026-01-01,3.01,Pastelería Crema,Pastel Capuchino Chico,futuro
2026-01-02,2.36,Pastelería Crema,Pastel Capuchino Chico,futuro
2026-01-03,3.25,Pastelería Crema,Pastel Capuchino Chico,futuro
2026-01-04,2.99,Pastelería Crema,Pastel Capuchino Chico,futuro
2026-01-05,2.43,Pastelería Crema,Pastel Capuchino Chico,futuro
2026-01-06,2.37,Pastelería Crema,Pastel Capuchino Chico,futuro
2026-01-07,2.26,Pastelería Crema,Pastel Capuchino Chico,futuro
2026-01-08,2.52,Pastelería Crema,Pastel Capuchino Chico,futuro
2026-01-09,2.57,Pastelería Crema,Pastel Capuchino Chico,futuro
2026-01-10,3.35,Pastelería Crema,Pastel Capuchino Chico,futuro
2026-01-11,3.17,Pastelería Crema,Pastel Capuchino Chico,futuro
2026-01-12,2.25,Pastelería Crema,Pastel Capuchino Chico,futuro
2026-01-13,2.36,Pastelería Crema,Pastel Capuchino Chico,futuro
2026-01-14,2.36,Pastelería Crema,Pastel Capuchino Chico,futuro
2026-01-15,2.53,Pastelería Crema,Pastel Capuchino Chico,futuro
2026-01-16,2.57,Pastelería Crema,Pastel Capuchino Chico,futuro
2026-01-17,3.4,Pastelería Crema,Pastel Capuchino Chico,futuro
2026-01-18,3.32,Pastelería Crema,Pastel Capuchino Chico,futuro
2026-01-19,2.33,Pastelería Crema,Pastel Capuchino Chico,futuro
2026-01-20,2.32,Pastelería Crema,Pastel Capuchino Chico,futuro
2026-01-21,2.24,Pastelería Crema,Pastel Capuchino Chico,futuro
2026-01-22,2.48,Pastelería Crema,Pastel Capuchino Chico,futuro
2026-01-23,2.57,Pastelería Crema,Pastel Capuchino Chico,futuro
2026-01-24,3.4,Pastelería Crema,Pastel Capuchino Chico,futuro
2026-01-25,3.29,Pastelería Crema,Pastel Capuchino Chico,futuro
2026-01-26,2.33,Pastelería Crema,Pastel Capuchino Chico,futuro
2026-01-27,2.32,Pastelería Crema,Pastel Capuchino Chico,futuro
2026-01-28,2.24,Pastelería Crema,Pastel Capuchino Chico,futuro
2026-01-29,2.48,Pastelería Crema,Pastel Capuchino Chico,futuro
2026-01-30,2.57,Pastelería Crema,Pastel Capuchino Chico,futuro
2026-01-31,3.4,Pastelería Crema,Pastel Capuchino Chico,futuro
2026-02-01,3.32,Pastelería Crema,Pastel Capuchino Chico,futuro
2026-02-02,2.38,Pastelería Crema,Pastel Capuchino Chico,futuro
2026-02-03,2.45,Pastelería Crema,Pastel Capuchino Chico,futuro
2026-02-04,2.37,Pastelería Crema,Pastel Capuchino Chico,futuro
2026-02-05,2.61,Pastelería Crema,Pastel Capuchino Chico,futuro
2026-02-06,2.67,Pastelería Crema,Pastel Capuchino Chico,futuro
2026-02-07,3.47,Pastelería Crema,Pastel Capuchino Chico,futuro
2026-02-08,3.32,Pastelería Crema,Pastel Capuchino Chico,futuro
2026-02-09,2.38,Pastelería Crema,Pastel Capuchino Chico,futuro
2026-02-10,2.45,Pastelería Crema,Pastel Capuchino Chico,futuro
2026-02-11,2.37,Pastelería Crema,Pastel Capuchino Chico,futuro
2026-02-12,2.61,Pastelería Crema,Pastel Capuchino Chico,futuro
2026-02-13,2.67,Pastelería Crema,Pastel Capuchino Chico,futuro
2026-02-14,3.47,Pastelería Crema,Pastel Capuchino Chico,futuro
2026-02-15,3.32,Pastelería Crema,Pastel Capuchino Chico,futuro
2026-02-16,2.38,Pastelería Crema,Pastel Capuchino Chico,futuro
2026-02-17,2.45,Pastelería Crema,Pastel Capuchino Chico,futuro
2026-02-18,2.37,Pastelería Crema,Pastel Capuchino Chico,futuro
2026-02-19,2.61,Pastelería Crema,Pastel Capuchino Chico,futuro
2026-02-20,2.67,Pastelería Crema,Pastel Capuchino Chico,futuro
2026-02-21,3.47,Pastelería Crema,Pastel Capuchino Chico,futuro
2026-02-22,3.32,Pastelería Crema,Pastel Capuchino Chico,futuro
2026-02-23,2.38,Pastelería Crema,Pastel Capuchino Chico,futuro
2026-02-24,2.45,Pastelería Crema,Pastel Capuchino Chico,futuro
2026-02-25,2.37,Pastelería Crema,Pastel Capuchino Chico,futuro
2026-02-26,2.61,Pastelería Crema,Pastel Capuchino Chico,futuro
2026-02-27,2.67,Pastelería Crema,Pastel Capuchino Chico,futuro
2026-02-28,3.47,Pastelería Crema,Pastel Capuchino Chico,futuro
2026-03-01,3.62,Pastelería Crema,Pastel Capuchino Chico,futuro
2026-03-02,2.38,Pastelería Crema,Pastel Capuchino Chico,futuro
2026-03-03,2.45,Pastelería Crema,Pastel Capuchino Chico,futuro
2026-03-04,2.38,Pastelería Crema,Pastel Capuchino Chico,futuro
2026-03-05,2.62,Pastelería Crema,Pastel Capuchino Chico,futuro
2026-03-06,2.67,Pastelería Crema,Pastel Capuchino Chico,futuro
2026-03-07,3.77,Pastelería Crema,Pastel Capuchino Chico,futuro
2026-03-08,3.62,Pastelería Crema,Pastel Capuchino Chico,futuro
2026-03-09,2.38,Pastelería Crema,Pastel Capuchino Chico,futuro
2026-03-10,2.45,Pastelería Crema,Pastel Capuchino Chico,futuro
2026-03-11,2.38,Pastelería Crema,Pastel Capuchino Chico,futuro
2026-03-12,2.62,Pastelería Crema,Pastel Capuchino Chico,futuro
2026-03-13,2.67,Pastelería Crema,Pastel Capuchino Chico,futuro
2026-03-14,3.77,Pastelería Crema,Pastel Capuchino Chico,futuro
2024-05-01,6.68,Pastelería Crema,Pastel Choconejo,futuro
2024-05-02,6.16,Pastelería Crema,Pastel Choconejo,futuro
2024-05-03,6.16,Pastelería Crema,Pastel Choconejo,futuro
2024-05-04,6.16,Pastelería Crema,Pastel Choconejo,futuro
2024-05-05,6.16,Pastelería Crema,Pastel Choconejo,futuro
2024-05-06,6.16,Pastelería Crema,Pastel Choconejo,futuro
2024-05-07,6.16,Pastelería Crema,Pastel Choconejo,futuro
2024-05-08,6.16,Pastelería Crema,Pastel Choconejo,futuro
2024-05-09,6.16,Pastelería Crema,Pastel Choconejo,futuro
2024-05-10,6.16,Pastelería Crema,Pastel Choconejo,futuro
2024-05-11,6.16,Pastelería Crema,Pastel Choconejo,futuro
2024-05-12,6.16,Pastelería Crema,Pastel Choconejo,futuro
2024-05-13,6.16,Pastelería Crema,Pastel Choconejo,futuro
2024-05-14,6.16,Pastelería Crema,Pastel Choconejo,futuro
2024-05-15,6.16,Pastelería Crema,Pastel Choconejo,futuro
2024-05-16,6.16,Pastelería Crema,Pastel Choconejo,futuro
2024-05-17,6.16,Pastelería Crema,Pastel Choconejo,futuro
2024-05-18,6.16,Pastelería Crema,Pastel Choconejo,futuro
2024-05-19,6.16,Pastelería Crema,Pastel Choconejo,futuro
2024-05-20,6.16,Pastelería Crema,Pastel Choconejo,futuro
2024-05-21,6.16,Pastelería Crema,Pastel Choconejo,futuro
2024-05-22,6.16,Pastelería Crema,Pastel Choconejo,futuro
2024-05-23,6.16,Pastelería Crema,Pastel Choconejo,futuro
2024-05-24,6.16,Pastelería Crema,Pastel Choconejo,futuro
2024-05-25,6.16,Pastelería Crema,Pastel Choconejo,futuro
2024-05-26,6.16,Pastelería Crema,Pastel Choconejo,futuro
2024-05-27,6.16,Pastelería Crema,Pastel Choconejo,futuro
2024-05-28,6.16,Pastelería Crema,Pastel Choconejo,futuro
2024-05-29,6.16,Pastelería Crema,Pastel Choconejo,futuro
2024-05-30,6.16,Pastelería Crema,Pastel Choconejo,futuro
2024-05-31,6.16,Pastelería Crema,Pastel Choconejo,futuro
2024-06-01,6.16,Pastelería Crema,Pastel Choconejo,futuro
2024-06-02,6.16,Pastelería Crema,Pastel Choconejo,futuro
2024-06-03,6.16,Pastelería Crema,Pastel Choconejo,futuro
2024-06-04,6.16,Pastelería Crema,Pastel Choconejo,futuro
2024-06-05,6.16,Pastelería Crema,Pastel Choconejo,futuro
2024-06-06,6.16,Pastelería Crema,Pastel Choconejo,futuro
2024-06-07,6.16,Pastelería Crema,Pastel Choconejo,futuro
2024-06-08,6.16,Pastelería Crema,Pastel Choconejo,futuro
2024-06-09,6.16,Pastelería Crema,Pastel Choconejo,futuro
2024-06-10,6.16,Pastelería Crema,Pastel Choconejo,futuro
2024-06-11,6.16,Pastelería Crema,Pastel Choconejo,futuro
2024-06-12,6.16,Pastelería Crema,Pastel Choconejo,futuro
2024-06-13,6.16,Pastelería Crema,Pastel Choconejo,futuro
2024-06-14,6.16,Pastelería Crema,Pastel Choconejo,futuro
2024-06-15,6.16,Pastelería Crema,Pastel Choconejo,futuro
2024-06-16,6.16,Pastelería Crema,Pastel Choconejo,futuro
2024-06-17,6.16,Pastelería Crema,Pastel Choconejo,futuro
2024-06-18,6.16,Pastelería Crema,Pastel Choconejo,futuro
2024-06-19,6.16,Pastelería Crema,Pastel Choconejo,futuro
2024-06-20,6.16,Pastelería Crema,Pastel Choconejo,futuro
2024-06-21,6.16,Pastelería Crema,Pastel Choconejo,futuro
2024-06-22,6.16,Pastelería Crema,Pastel Choconejo,futuro
2024-06-23,6.16,Pastelería Crema,Pastel Choconejo,futuro
2024-06-24,6.16,Pastelería Crema,Pastel Choconejo,futuro
2024-06-25,6.16,Pastelería Crema,Pastel Choconejo,futuro
2024-06-26,6.16,Pastelería Crema,Pastel Choconejo,futuro
2024-06-27,6.16,Pastelería Crema,Pastel Choconejo,futuro
2024-06-28,6.16,Pastelería Crema,Pastel Choconejo,futuro
2024-06-29,6.16,Pastelería Crema,Pastel Choconejo,futuro
2024-06-30,6.16,Pastelería Crema,Pastel Choconejo,futuro
2024-07-01,6.16,Pastelería Crema,Pastel Choconejo,futuro
2024-07-02,6.16,Pastelería Crema,Pastel Choconejo,futuro
2024-07-03,6.16,Pastelería Crema,Pastel Choconejo,futuro
2024-07-04,6.16,Pastelería Crema,Pastel Choconejo,futuro
2024-07-05,6.16,Pastelería Crema,Pastel Choconejo,futuro
2024-07-06,6.16,Pastelería Crema,Pastel Choconejo,futuro
2024-07-07,6.16,Pastelería Crema,Pastel Choconejo,futuro
2024-07-08,6.16,Pastelería Crema,Pastel Choconejo,futuro
2024-07-09,6.16,Pastelería Crema,Pastel Choconejo,futuro
2024-07-10,6.16,Pastelería Crema,Pastel Choconejo,futuro
2024-07-11,6.16,Pastelería Crema,Pastel Choconejo,futuro
2024-07-12,6.16,Pastelería Crema,Pastel Choconejo,futuro
2024-07-13,6.16,Pastelería Crema,Pastel Choconejo,futuro
2024-07-14,6.16,Pastelería Crema,Pastel Choconejo,futuro
2024-07-15,6.16,Pastelería Crema,Pastel Choconejo,futuro
2024-07-16,6.16,Pastelería Crema,Pastel Choconejo,futuro
2024-07-17,6.16,Pastelería Crema,Pastel Choconejo,futuro
2024-07-18,6.16,Pastelería Crema,Pastel Choconejo,futuro
2024-07-19,6.16,Pastelería Crema,Pastel Choconejo,futuro
2024-07-20,6.16,Pastelería Crema,Pastel Choconejo,futuro
2024-07-21,6.16,Pastelería Crema,Pastel Choconejo,futuro
2024-07-22,6.16,Pastelería Crema,Pastel Choconejo,futuro
2024-07-23,6.16,Pastelería Crema,Pastel Choconejo,futuro
2024-07-24,6.16,Pastelería Crema,Pastel Choconejo,futuro
2024-07-25,6.16,Pastelería Crema,Pastel Choconejo,futuro
2024-07-26,6.16,Pastelería Crema,Pastel Choconejo,futuro
2024-07-27,6.16,Pastelería Crema,Pastel Choconejo,futuro
2024-07-28,6.16,Pastelería Crema,Pastel Choconejo,futuro
2024-07-29,6.16,Pastelería Crema,Pastel Choconejo,futuro
2025-12-14,2.28,Pastelería Crema,Pastel Delicias,futuro
2025-12-15,1.47,Pastelería Crema,Pastel Delicias,futuro
2025-12-16,2.16,Pastelería Crema,Pastel Delicias,futuro
2025-12-17,1.6,Pastelería Crema,Pastel Delicias,futuro
2025-12-18,2.42,Pastelería Crema,Pastel Delicias,futuro
2025-12-19,2.21,Pastelería Crema,Pastel Delicias,futuro
2025-12-20,4.31,Pastelería Crema,Pastel Delicias,futuro
2025-12-21,1.27,Pastelería Crema,Pastel Delicias,futuro
2025-12-22,1.49,Pastelería Crema,Pastel Delicias,futuro
2025-12-23,1.73,Pastelería Crema,Pastel Delicias,futuro
2025-12-24,5.57,Pastelería Crema,Pastel Delicias,futuro
2025-12-25,1.55,Pastelería Crema,Pastel Delicias,futuro
2025-12-26,2.34,Pastelería Crema,Pastel Delicias,futuro
2025-12-27,3.46,Pastelería Crema,Pastel Delicias,futuro
2025-12-28,2.3,Pastelería Crema,Pastel Delicias,futuro
2025-12-29,1.1,Pastelería Crema,Pastel Delicias,futuro
2025-12-30,2.21,Pastelería Crema,Pastel Delicias,futuro
2025-12-31,3.91,Pastelería Crema,Pastel Delicias,futuro
2026-01-01,3.53,Pastelería Crema,Pastel Delicias,futuro
2026-01-02,1.4,Pastelería Crema,Pastel Delicias,futuro
2026-01-03,3.16,Pastelería Crema,Pastel Delicias,futuro
2026-01-04,1.72,Pastelería Crema,Pastel Delicias,futuro
2026-01-05,1.09,Pastelería Crema,Pastel Delicias,futuro
2026-01-06,1.42,Pastelería Crema,Pastel Delicias,futuro
2026-01-07,1.71,Pastelería Crema,Pastel Delicias,futuro
2026-01-08,1.56,Pastelería Crema,Pastel Delicias,futuro
2026-01-09,1.93,Pastelería Crema,Pastel Delicias,futuro
2026-01-10,3.12,Pastelería Crema,Pastel Delicias,futuro
2026-01-11,1.67,Pastelería Crema,Pastel Delicias,futuro
2026-01-12,1.14,Pastelería Crema,Pastel Delicias,futuro
2026-01-13,1.47,Pastelería Crema,Pastel Delicias,futuro
2026-01-14,1.39,Pastelería Crema,Pastel Delicias,futuro
2026-01-15,1.47,Pastelería Crema,Pastel Delicias,futuro
2026-01-16,1.8,Pastelería Crema,Pastel Delicias,futuro
2026-01-17,3.18,Pastelería Crema,Pastel Delicias,futuro
2026-01-18,1.73,Pastelería Crema,Pastel Delicias,futuro
2026-01-19,1.28,Pastelería Crema,Pastel Delicias,futuro
2026-01-20,1.52,Pastelería Crema,Pastel Delicias,futuro
2026-01-21,1.43,Pastelería Crema,Pastel Delicias,futuro
2026-01-22,1.47,Pastelería Crema,Pastel Delicias,futuro
2026-01-23,1.8,Pastelería Crema,Pastel Delicias,futuro
2026-01-24,3.18,Pastelería Crema,Pastel Delicias,futuro
2026-01-25,1.73,Pastelería Crema,Pastel Delicias,futuro
2026-01-26,1.28,Pastelería Crema,Pastel Delicias,futuro
2026-01-27,1.52,Pastelería Crema,Pastel Delicias,futuro
2026-01-28,1.43,Pastelería Crema,Pastel Delicias,futuro
2026-01-29,1.47,Pastelería Crema,Pastel Delicias,futuro
2026-01-30,1.8,Pastelería Crema,Pastel Delicias,futuro
2026-01-31,3.18,Pastelería Crema,Pastel Delicias,futuro
2026-02-01,1.61,Pastelería Crema,Pastel Delicias,futuro
2026-02-02,1.36,Pastelería Crema,Pastel Delicias,futuro
2026-02-03,1.35,Pastelería Crema,Pastel Delicias,futuro
2026-02-04,1.4,Pastelería Crema,Pastel Delicias,futuro
2026-02-05,1.4,Pastelería Crema,Pastel Delicias,futuro
2026-02-06,1.67,Pastelería Crema,Pastel Delicias,futuro
2026-02-07,3.01,Pastelería Crema,Pastel Delicias,futuro
2026-02-08,1.57,Pastelería Crema,Pastel Delicias,futuro
2026-02-09,1.36,Pastelería Crema,Pastel Delicias,futuro
2026-02-10,1.35,Pastelería Crema,Pastel Delicias,futuro
2026-02-11,1.39,Pastelería Crema,Pastel Delicias,futuro
2026-02-12,1.39,Pastelería Crema,Pastel Delicias,futuro
2026-02-13,1.67,Pastelería Crema,Pastel Delicias,futuro
2026-02-14,3.01,Pastelería Crema,Pastel Delicias,futuro
2026-02-15,1.57,Pastelería Crema,Pastel Delicias,futuro
2026-02-16,1.36,Pastelería Crema,Pastel Delicias,futuro
2026-02-17,1.35,Pastelería Crema,Pastel Delicias,futuro
2026-02-18,1.39,Pastelería Crema,Pastel Delicias,futuro
2026-02-19,1.39,Pastelería Crema,Pastel Delicias,futuro
2026-02-20,1.67,Pastelería Crema,Pastel Delicias,futuro
2026-02-21,3.01,Pastelería Crema,Pastel Delicias,futuro
2026-02-22,1.57,Pastelería Crema,Pastel Delicias,futuro
2026-02-23,1.36,Pastelería Crema,Pastel Delicias,futuro
2026-02-24,1.35,Pastelería Crema,Pastel Delicias,futuro
2026-02-25,1.39,Pastelería Crema,Pastel Delicias,futuro
2026-02-26,1.39,Pastelería Crema,Pastel Delicias,futuro
2026-02-27,1.67,Pastelería Crema,Pastel Delicias,futuro
2026-02-28,3.01,Pastelería Crema,Pastel Delicias,futuro
2026-03-01,1.57,Pastelería Crema,Pastel Delicias,futuro
2026-03-02,1.33,Pastelería Crema,Pastel Delicias,futuro
2026-03-03,1.34,Pastelería Crema,Pastel Delicias,futuro
2026-03-04,1.34,Pastelería Crema,Pastel Delicias,futuro
2026-03-05,1.37,Pastelería Crema,Pastel Delicias,futuro
2026-03-06,1.64,Pastelería Crema,Pastel Delicias,futuro
2026-03-07,2.98,Pastelería Crema,Pastel Delicias,futuro
2026-03-08,2.01,Pastelería Crema,Pastel Delicias,futuro
2026-03-09,1.17,Pastelería Crema,Pastel Delicias,futuro
2026-03-10,1.57,Pastelería Crema,Pastel Delicias,futuro
2026-03-11,1.35,Pastelería Crema,Pastel Delicias,futuro
2026-03-12,1.42,Pastelería Crema,Pastel Delicias,futuro
2026-03-13,1.68,Pastelería Crema,Pastel Delicias,futuro
2025-12-14,2.13,Pastelería Crema,Pastel Espejo de Moras Grande,futuro
2025-12-15,2.05,Pastelería Crema,Pastel Espejo de Moras Grande,futuro
2025-12-16,2.42,Pastelería Crema,Pastel Espejo de Moras Grande,futuro
2025-12-17,2.49,Pastelería Crema,Pastel Espejo de Moras Grande,futuro
2025-12-18,2.5,Pastelería Crema,Pastel Espejo de Moras Grande,futuro
2025-12-19,2.42,Pastelería Crema,Pastel Espejo de Moras Grande,futuro
2025-12-20,3.93,Pastelería Crema,Pastel Espejo de Moras Grande,futuro
2025-12-21,3.25,Pastelería Crema,Pastel Espejo de Moras Grande,futuro
2025-12-22,1.77,Pastelería Crema,Pastel Espejo de Moras Grande,futuro
2025-12-23,1.98,Pastelería Crema,Pastel Espejo de Moras Grande,futuro
2025-12-24,12.67,Pastelería Crema,Pastel Espejo de Moras Grande,futuro
2025-12-25,1.79,Pastelería Crema,Pastel Espejo de Moras Grande,futuro
2025-12-26,1.84,Pastelería Crema,Pastel Espejo de Moras Grande,futuro
2025-12-27,3.63,Pastelería Crema,Pastel Espejo de Moras Grande,futuro
2025-12-28,3.89,Pastelería Crema,Pastel Espejo de Moras Grande,futuro
2025-12-29,1.67,Pastelería Crema,Pastel Espejo de Moras Grande,futuro
2025-12-30,2.12,Pastelería Crema,Pastel Espejo de Moras Grande,futuro
2025-12-31,8.95,Pastelería Crema,Pastel Espejo de Moras Grande,futuro
2026-01-01,2.47,Pastelería Crema,Pastel Espejo de Moras Grande,futuro
2026-01-02,3.22,Pastelería Crema,Pastel Espejo de Moras Grande,futuro
2026-01-03,3.43,Pastelería Crema,Pastel Espejo de Moras Grande,futuro
2026-01-04,2.93,Pastelería Crema,Pastel Espejo de Moras Grande,futuro
2026-01-05,1.64,Pastelería Crema,Pastel Espejo de Moras Grande,futuro
2026-01-06,1.84,Pastelería Crema,Pastel Espejo de Moras Grande,futuro
2026-01-07,1.76,Pastelería Crema,Pastel Espejo de Moras Grande,futuro
2026-01-08,1.06,Pastelería Crema,Pastel Espejo de Moras Grande,futuro
2026-01-09,1.87,Pastelería Crema,Pastel Espejo de Moras Grande,futuro
2026-01-10,3.92,Pastelería Crema,Pastel Espejo de Moras Grande,futuro
2026-01-11,2.8,Pastelería Crema,Pastel Espejo de Moras Grande,futuro
2026-01-12,1.36,Pastelería Crema,Pastel Espejo de Moras Grande,futuro
2026-01-13,1.63,Pastelería Crema,Pastel Espejo de Moras Grande,futuro
2026-01-14,1.55,Pastelería Crema,Pastel Espejo de Moras Grande,futuro
2026-01-15,1.71,Pastelería Crema,Pastel Espejo de Moras Grande,futuro
2026-01-16,1.74,Pastelería Crema,Pastel Espejo de Moras Grande,futuro
2026-01-17,3.73,Pastelería Crema,Pastel Espejo de Moras Grande,futuro
2026-01-18,2.96,Pastelería Crema,Pastel Espejo de Moras Grande,futuro
2026-01-19,1.23,Pastelería Crema,Pastel Espejo de Moras Grande,futuro
2026-01-20,1.34,Pastelería Crema,Pastel Espejo de Moras Grande,futuro
2026-01-21,1.55,Pastelería Crema,Pastel Espejo de Moras Grande,futuro
2026-01-22,1.61,Pastelería Crema,Pastel Espejo de Moras Grande,futuro
2026-01-23,1.74,Pastelería Crema,Pastel Espejo de Moras Grande,futuro
2026-01-24,3.73,Pastelería Crema,Pastel Espejo de Moras Grande,futuro
2026-01-25,2.96,Pastelería Crema,Pastel Espejo de Moras Grande,futuro
2026-01-26,1.23,Pastelería Crema,Pastel Espejo de Moras Grande,futuro
2026-01-27,1.34,Pastelería Crema,Pastel Espejo de Moras Grande,futuro
2026-01-28,1.55,Pastelería Crema,Pastel Espejo de Moras Grande,futuro
2026-01-29,1.61,Pastelería Crema,Pastel Espejo de Moras Grande,futuro
2026-01-30,1.74,Pastelería Crema,Pastel Espejo de Moras Grande,futuro
2026-01-31,3.73,Pastelería Crema,Pastel Espejo de Moras Grande,futuro
2026-02-01,2.97,Pastelería Crema,Pastel Espejo de Moras Grande,futuro
2026-02-02,1.25,Pastelería Crema,Pastel Espejo de Moras Grande,futuro
2026-02-03,1.41,Pastelería Crema,Pastel Espejo de Moras Grande,futuro
2026-02-04,1.6,Pastelería Crema,Pastel Espejo de Moras Grande,futuro
2026-02-05,1.66,Pastelería Crema,Pastel Espejo de Moras Grande,futuro
2026-02-06,1.8,Pastelería Crema,Pastel Espejo de Moras Grande,futuro
2026-02-07,3.74,Pastelería Crema,Pastel Espejo de Moras Grande,futuro
2026-02-08,2.97,Pastelería Crema,Pastel Espejo de Moras Grande,futuro
2026-02-09,1.25,Pastelería Crema,Pastel Espejo de Moras Grande,futuro
2026-02-10,1.41,Pastelería Crema,Pastel Espejo de Moras Grande,futuro
2026-02-11,1.6,Pastelería Crema,Pastel Espejo de Moras Grande,futuro
2026-02-12,1.66,Pastelería Crema,Pastel Espejo de Moras Grande,futuro
2026-02-13,1.8,Pastelería Crema,Pastel Espejo de Moras Grande,futuro
2026-02-14,3.74,Pastelería Crema,Pastel Espejo de Moras Grande,futuro
2026-02-15,2.97,Pastelería Crema,Pastel Espejo de Moras Grande,futuro
2026-02-16,1.25,Pastelería Crema,Pastel Espejo de Moras Grande,futuro
2026-02-17,1.41,Pastelería Crema,Pastel Espejo de Moras Grande,futuro
2026-02-18,1.6,Pastelería Crema,Pastel Espejo de Moras Grande,futuro
2026-02-19,1.66,Pastelería Crema,Pastel Espejo de Moras Grande,futuro
2026-02-20,1.8,Pastelería Crema,Pastel Espejo de Moras Grande,futuro
2026-02-21,3.74,Pastelería Crema,Pastel Espejo de Moras Grande,futuro
2026-02-22,2.97,Pastelería Crema,Pastel Espejo de Moras Grande,futuro
2026-02-23,1.25,Pastelería Crema,Pastel Espejo de Moras Grande,futuro
2026-02-24,1.41,Pastelería Crema,Pastel Espejo de Moras Grande,futuro
2026-02-25,1.6,Pastelería Crema,Pastel Espejo de Moras Grande,futuro
2026-02-26,1.66,Pastelería Crema,Pastel Espejo de Moras Grande,futuro
2026-02-27,1.8,Pastelería Crema,Pastel Espejo de Moras Grande,futuro
2026-02-28,3.74,Pastelería Crema,Pastel Espejo de Moras Grande,futuro
2026-03-01,3.01,Pastelería Crema,Pastel Espejo de Moras Grande,futuro
2026-03-02,1.28,Pastelería Crema,Pastel Espejo de Moras Grande,futuro
2026-03-03,1.41,Pastelería Crema,Pastel Espejo de Moras Grande,futuro
2026-03-04,1.6,Pastelería Crema,Pastel Espejo de Moras Grande,futuro
2026-03-05,1.66,Pastelería Crema,Pastel Espejo de Moras Grande,futuro
2026-03-06,1.8,Pastelería Crema,Pastel Espejo de Moras Grande,futuro
2026-03-07,3.89,Pastelería Crema,Pastel Espejo de Moras Grande,futuro
2026-03-08,3.13,Pastelería Crema,Pastel Espejo de Moras Grande,futuro
2026-03-09,1.27,Pastelería Crema,Pastel Espejo de Moras Grande,futuro
2026-03-10,1.41,Pastelería Crema,Pastel Espejo de Moras Grande,futuro
2026-03-11,1.6,Pastelería Crema,Pastel Espejo de Moras Grande,futuro
2026-03-12,1.59,Pastelería Crema,Pastel Espejo de Moras Grande,futuro
2026-03-13,1.8,Pastelería Crema,Pastel Espejo de Moras Grande,futuro
2025-12-15,5.36,Pastelería Crema,Pastel Fresas c/Crema Chico,futuro
2025-12-16,6.08,Pastelería Crema,Pastel Fresas c/Crema Chico,futuro
2025-12-17,5.83,Pastelería Crema,Pastel Fresas c/Crema Chico,futuro
2025-12-18,6.92,Pastelería Crema,Pastel Fresas c/Crema Chico,futuro
2025-12-19,7.11,Pastelería Crema,Pastel Fresas c/Crema Chico,futuro
2025-12-20,10.39,Pastelería Crema,Pastel Fresas c/Crema Chico,futuro
2025-12-21,9.96,Pastelería Crema,Pastel Fresas c/Crema Chico,futuro
2025-12-22,6.39,Pastelería Crema,Pastel Fresas c/Crema Chico,futuro
2025-12-23,6.57,Pastelería Crema,Pastel Fresas c/Crema Chico,futuro
2025-12-24,6.95,Pastelería Crema,Pastel Fresas c/Crema Chico,futuro
2025-12-25,9.24,Pastelería Crema,Pastel Fresas c/Crema Chico,futuro
2025-12-26,8.39,Pastelería Crema,Pastel Fresas c/Crema Chico,futuro
2025-12-27,11.18,Pastelería Crema,Pastel Fresas c/Crema Chico,futuro
2025-12-28,10.59,Pastelería Crema,Pastel Fresas c/Crema Chico,futuro
2025-12-29,6.32,Pastelería Crema,Pastel Fresas c/Crema Chico,futuro
2025-12-30,6.49,Pastelería Crema,Pastel Fresas c/Crema Chico,futuro
2025-12-31,7.48,Pastelería Crema,Pastel Fresas c/Crema Chico,futuro
2026-01-01,9.39,Pastelería Crema,Pastel Fresas c/Crema Chico,futuro
2026-01-02,7.54,Pastelería Crema,Pastel Fresas c/Crema Chico,futuro
2026-01-03,11.07,Pastelería Crema,Pastel Fresas c/Crema Chico,futuro
2026-01-04,9.82,Pastelería Crema,Pastel Fresas c/Crema Chico,futuro
2026-01-05,6.97,Pastelería Crema,Pastel Fresas c/Crema Chico,futuro
2026-01-06,6.02,Pastelería Crema,Pastel Fresas c/Crema Chico,futuro
2026-01-07,6.33,Pastelería Crema,Pastel Fresas c/Crema Chico,futuro
2026-01-08,7.15,Pastelería Crema,Pastel Fresas c/Crema Chico,futuro
2026-01-09,7.19,Pastelería Crema,Pastel Fresas c/Crema Chico,futuro
2026-01-10,10.72,Pastelería Crema,Pastel Fresas c/Crema Chico,futuro
2026-01-11,9.58,Pastelería Crema,Pastel Fresas c/Crema Chico,futuro
2026-01-12,6.63,Pastelería Crema,Pastel Fresas c/Crema Chico,futuro
2026-01-13,5.74,Pastelería Crema,Pastel Fresas c/Crema Chico,futuro
2026-01-14,5.91,Pastelería Crema,Pastel Fresas c/Crema Chico,futuro
2026-01-15,6.01,Pastelería Crema,Pastel Fresas c/Crema Chico,futuro
2026-01-16,6.59,Pastelería Crema,Pastel Fresas c/Crema Chico,futuro
2026-01-17,10.7,Pastelería Crema,Pastel Fresas c/Crema Chico,futuro
2026-01-18,9.4,Pastelería Crema,Pastel Fresas c/Crema Chico,futuro
2026-01-19,6.16,Pastelería Crema,Pastel Fresas c/Crema Chico,futuro
2026-01-20,5.83,Pastelería Crema,Pastel Fresas c/Crema Chico,futuro
2026-01-21,5.84,Pastelería Crema,Pastel Fresas c/Crema Chico,futuro
2026-01-22,6.04,Pastelería Crema,Pastel Fresas c/Crema Chico,futuro
2026-01-23,6.45,Pastelería Crema,Pastel Fresas c/Crema Chico,futuro
2026-01-24,10.79,Pastelería Crema,Pastel Fresas c/Crema Chico,futuro
2026-01-25,9.38,Pastelería Crema,Pastel Fresas c/Crema Chico,futuro
2026-01-26,6.16,Pastelería Crema,Pastel Fresas c/Crema Chico,futuro
2026-01-27,5.82,Pastelería Crema,Pastel Fresas c/Crema Chico,futuro
2026-01-28,5.84,Pastelería Crema,Pastel Fresas c/Crema Chico,futuro
2026-01-29,6.02,Pastelería Crema,Pastel Fresas c/Crema Chico,futuro
2026-01-30,6.43,Pastelería Crema,Pastel Fresas c/Crema Chico,futuro
2026-01-31,10.79,Pastelería Crema,Pastel Fresas c/Crema Chico,futuro
2026-02-01,9.38,Pastelería Crema,Pastel Fresas c/Crema Chico,futuro
2026-02-02,6.18,Pastelería Crema,Pastel Fresas c/Crema Chico,futuro
2026-02-03,5.83,Pastelería Crema,Pastel Fresas c/Crema Chico,futuro
2026-02-04,5.85,Pastelería Crema,Pastel Fresas c/Crema Chico,futuro
2026-02-05,6.03,Pastelería Crema,Pastel Fresas c/Crema Chico,futuro
2026-02-06,6.44,Pastelería Crema,Pastel Fresas c/Crema Chico,futuro
2026-02-07,10.79,Pastelería Crema,Pastel Fresas c/Crema Chico,futuro
2026-02-08,9.38,Pastelería Crema,Pastel Fresas c/Crema Chico,futuro
2026-02-09,6.18,Pastelería Crema,Pastel Fresas c/Crema Chico,futuro
2026-02-10,5.83,Pastelería Crema,Pastel Fresas c/Crema Chico,futuro
2026-02-11,5.85,Pastelería Crema,Pastel Fresas c/Crema Chico,futuro
2026-02-12,6.03,Pastelería Crema,Pastel Fresas c/Crema Chico,futuro
2026-02-13,6.44,Pastelería Crema,Pastel Fresas c/Crema Chico,futuro
2026-02-14,10.79,Pastelería Crema,Pastel Fresas c/Crema Chico,futuro
2026-02-15,9.38,Pastelería Crema,Pastel Fresas c/Crema Chico,futuro
2026-02-16,6.18,Pastelería Crema,Pastel Fresas c/Crema Chico,futuro
2026-02-17,5.83,Pastelería Crema,Pastel Fresas c/Crema Chico,futuro
2026-02-18,5.85,Pastelería Crema,Pastel Fresas c/Crema Chico,futuro
2026-02-19,6.03,Pastelería Crema,Pastel Fresas c/Crema Chico,futuro
2026-02-20,6.44,Pastelería Crema,Pastel Fresas c/Crema Chico,futuro
2026-02-21,10.79,Pastelería Crema,Pastel Fresas c/Crema Chico,futuro
2026-02-22,9.38,Pastelería Crema,Pastel Fresas c/Crema Chico,futuro
2026-02-23,6.18,Pastelería Crema,Pastel Fresas c/Crema Chico,futuro
2026-02-24,5.83,Pastelería Crema,Pastel Fresas c/Crema Chico,futuro
2026-02-25,5.85,Pastelería Crema,Pastel Fresas c/Crema Chico,futuro
2026-02-26,6.03,Pastelería Crema,Pastel Fresas c/Crema Chico,futuro
2026-02-27,6.44,Pastelería Crema,Pastel Fresas c/Crema Chico,futuro
2026-02-28,10.79,Pastelería Crema,Pastel Fresas c/Crema Chico,futuro
2026-03-01,9.44,Pastelería Crema,Pastel Fresas c/Crema Chico,futuro
2026-03-02,6.18,Pastelería Crema,Pastel Fresas c/Crema Chico,futuro
2026-03-03,5.88,Pastelería Crema,Pastel Fresas c/Crema Chico,futuro
2026-03-04,5.97,Pastelería Crema,Pastel Fresas c/Crema Chico,futuro
2026-03-05,6.08,Pastelería Crema,Pastel Fresas c/Crema Chico,futuro
2026-03-06,6.55,Pastelería Crema,Pastel Fresas c/Crema Chico,futuro
2026-03-07,10.89,Pastelería Crema,Pastel Fresas c/Crema Chico,futuro
2026-03-08,9.44,Pastelería Crema,Pastel Fresas c/Crema Chico,futuro
2026-03-09,6.18,Pastelería Crema,Pastel Fresas c/Crema Chico,futuro
2026-03-10,5.88,Pastelería Crema,Pastel Fresas c/Crema Chico,futuro
2026-03-11,5.97,Pastelería Crema,Pastel Fresas c/Crema Chico,futuro
2026-03-12,6.08,Pastelería Crema,Pastel Fresas c/Crema Chico,futuro
2026-03-13,6.55,Pastelería Crema,Pastel Fresas c/Crema Chico,futuro
2026-03-14,10.89,Pastelería Crema,Pastel Fresas c/Crema Chico,futuro
2025-12-15,4.07,Pastelería Crema,Pastel Fresas c/Crema Grande,futuro
2025-12-16,4.74,Pastelería Crema,Pastel Fresas c/Crema Grande,futuro
2025-12-17,4.6,Pastelería Crema,Pastel Fresas c/Crema Grande,futuro
2025-12-18,4.88,Pastelería Crema,Pastel Fresas c/Crema Grande,futuro
2025-12-19,6.1,Pastelería Crema,Pastel Fresas c/Crema Grande,futuro
2025-12-20,11.31,Pastelería Crema,Pastel Fresas c/Crema Grande,futuro
2025-12-21,8.06,Pastelería Crema,Pastel Fresas c/Crema Grande,futuro
2025-12-22,5.68,Pastelería Crema,Pastel Fresas c/Crema Grande,futuro
2025-12-23,4.87,Pastelería Crema,Pastel Fresas c/Crema Grande,futuro
2025-12-24,7.78,Pastelería Crema,Pastel Fresas c/Crema Grande,futuro
2025-12-25,7.53,Pastelería Crema,Pastel Fresas c/Crema Grande,futuro
2025-12-26,6.81,Pastelería Crema,Pastel Fresas c/Crema Grande,futuro
2025-12-27,14.47,Pastelería Crema,Pastel Fresas c/Crema Grande,futuro
2025-12-28,6.8,Pastelería Crema,Pastel Fresas c/Crema Grande,futuro
2025-12-29,5.17,Pastelería Crema,Pastel Fresas c/Crema Grande,futuro
2025-12-30,5.05,Pastelería Crema,Pastel Fresas c/Crema Grande,futuro
2025-12-31,6.92,Pastelería Crema,Pastel Fresas c/Crema Grande,futuro
2026-01-01,6.49,Pastelería Crema,Pastel Fresas c/Crema Grande,futuro
2026-01-02,6.03,Pastelería Crema,Pastel Fresas c/Crema Grande,futuro
2026-01-03,14.61,Pastelería Crema,Pastel Fresas c/Crema Grande,futuro
2026-01-04,6.48,Pastelería Crema,Pastel Fresas c/Crema Grande,futuro
2026-01-05,3.74,Pastelería Crema,Pastel Fresas c/Crema Grande,futuro
2026-01-06,4.27,Pastelería Crema,Pastel Fresas c/Crema Grande,futuro
2026-01-07,3.94,Pastelería Crema,Pastel Fresas c/Crema Grande,futuro
2026-01-08,4.73,Pastelería Crema,Pastel Fresas c/Crema Grande,futuro
2026-01-09,5.4,Pastelería Crema,Pastel Fresas c/Crema Grande,futuro
2026-01-10,16.42,Pastelería Crema,Pastel Fresas c/Crema Grande,futuro
2026-01-11,6.18,Pastelería Crema,Pastel Fresas c/Crema Grande,futuro
2026-01-12,3.4,Pastelería Crema,Pastel Fresas c/Crema Grande,futuro
2026-01-13,3.81,Pastelería Crema,Pastel Fresas c/Crema Grande,futuro
2026-01-14,3.32,Pastelería Crema,Pastel Fresas c/Crema Grande,futuro
2026-01-15,4.15,Pastelería Crema,Pastel Fresas c/Crema Grande,futuro
2026-01-16,5.3,Pastelería Crema,Pastel Fresas c/Crema Grande,futuro
2026-01-17,15.85,Pastelería Crema,Pastel Fresas c/Crema Grande,futuro
2026-01-18,6.15,Pastelería Crema,Pastel Fresas c/Crema Grande,futuro
2026-01-19,3.15,Pastelería Crema,Pastel Fresas c/Crema Grande,futuro
2026-01-20,3.44,Pastelería Crema,Pastel Fresas c/Crema Grande,futuro
2026-01-21,3.24,Pastelería Crema,Pastel Fresas c/Crema Grande,futuro
2026-01-22,3.84,Pastelería Crema,Pastel Fresas c/Crema Grande,futuro
2026-01-23,4.75,Pastelería Crema,Pastel Fresas c/Crema Grande,futuro
2026-01-24,17.0,Pastelería Crema,Pastel Fresas c/Crema Grande,futuro
2026-01-25,5.93,Pastelería Crema,Pastel Fresas c/Crema Grande,futuro
2026-01-26,2.99,Pastelería Crema,Pastel Fresas c/Crema Grande,futuro
2026-01-27,2.98,Pastelería Crema,Pastel Fresas c/Crema Grande,futuro
2026-01-28,2.99,Pastelería Crema,Pastel Fresas c/Crema Grande,futuro
2026-01-29,3.62,Pastelería Crema,Pastel Fresas c/Crema Grande,futuro
2026-01-30,4.77,Pastelería Crema,Pastel Fresas c/Crema Grande,futuro
2026-01-31,15.47,Pastelería Crema,Pastel Fresas c/Crema Grande,futuro
2026-02-01,7.03,Pastelería Crema,Pastel Fresas c/Crema Grande,futuro
2026-02-02,3.04,Pastelería Crema,Pastel Fresas c/Crema Grande,futuro
2026-02-03,2.94,Pastelería Crema,Pastel Fresas c/Crema Grande,futuro
2026-02-04,2.97,Pastelería Crema,Pastel Fresas c/Crema Grande,futuro
2026-02-05,3.57,Pastelería Crema,Pastel Fresas c/Crema Grande,futuro
2026-02-06,4.83,Pastelería Crema,Pastel Fresas c/Crema Grande,futuro
2026-02-07,16.38,Pastelería Crema,Pastel Fresas c/Crema Grande,futuro
2026-02-08,5.63,Pastelería Crema,Pastel Fresas c/Crema Grande,futuro
2026-02-09,2.86,Pastelería Crema,Pastel Fresas c/Crema Grande,futuro
2026-02-10,2.98,Pastelería Crema,Pastel Fresas c/Crema Grande,futuro
2026-02-11,2.88,Pastelería Crema,Pastel Fresas c/Crema Grande,futuro
2026-02-12,3.6,Pastelería Crema,Pastel Fresas c/Crema Grande,futuro
2026-02-13,4.78,Pastelería Crema,Pastel Fresas c/Crema Grande,futuro
2026-02-14,15.43,Pastelería Crema,Pastel Fresas c/Crema Grande,futuro
2026-02-15,5.93,Pastelería Crema,Pastel Fresas c/Crema Grande,futuro
2026-02-16,2.72,Pastelería Crema,Pastel Fresas c/Crema Grande,futuro
2026-02-17,2.82,Pastelería Crema,Pastel Fresas c/Crema Grande,futuro
2026-02-18,2.78,Pastelería Crema,Pastel Fresas c/Crema Grande,futuro
2026-02-19,3.44,Pastelería Crema,Pastel Fresas c/Crema Grande,futuro
2026-02-20,4.43,Pastelería Crema,Pastel Fresas c/Crema Grande,futuro
2026-02-21,16.44,Pastelería Crema,Pastel Fresas c/Crema Grande,futuro
2026-02-22,5.63,Pastelería Crema,Pastel Fresas c/Crema Grande,futuro
2026-02-23,2.66,Pastelería Crema,Pastel Fresas c/Crema Grande,futuro
2026-02-24,2.82,Pastelería Crema,Pastel Fresas c/Crema Grande,futuro
2026-02-25,2.78,Pastelería Crema,Pastel Fresas c/Crema Grande,futuro
2026-02-26,3.44,Pastelería Crema,Pastel Fresas c/Crema Grande,futuro
2026-02-27,4.73,Pastelería Crema,Pastel Fresas c/Crema Grande,futuro
2026-02-28,15.07,Pastelería Crema,Pastel Fresas c/Crema Grande,futuro
2026-03-01,5.63,Pastelería Crema,Pastel Fresas c/Crema Grande,futuro
2026-03-02,2.72,Pastelería Crema,Pastel Fresas c/Crema Grande,futuro
2026-03-03,2.82,Pastelería Crema,Pastel Fresas c/Crema Grande,futuro
2026-03-04,2.78,Pastelería Crema,Pastel Fresas c/Crema Grande,futuro
2026-03-05,3.44,Pastelería Crema,Pastel Fresas c/Crema Grande,futuro
2026-03-06,4.43,Pastelería Crema,Pastel Fresas c/Crema Grande,futuro
2026-03-07,16.35,Pastelería Crema,Pastel Fresas c/Crema Grande,futuro
2026-03-08,5.63,Pastelería Crema,Pastel Fresas c/Crema Grande,futuro
2026-03-09,2.66,Pastelería Crema,Pastel Fresas c/Crema Grande,futuro
2026-03-10,2.82,Pastelería Crema,Pastel Fresas c/Crema Grande,futuro
2026-03-11,2.78,Pastelería Crema,Pastel Fresas c/Crema Grande,futuro
2026-03-12,3.44,Pastelería Crema,Pastel Fresas c/Crema Grande,futuro
2026-03-13,4.73,Pastelería Crema,Pastel Fresas c/Crema Grande,futuro
2026-03-14,15.07,Pastelería Crema,Pastel Fresas c/Crema Grande,futuro
2025-12-15,1.85,Pastelería Crema,Pastel Fresas c/Crema Mediano,futuro
2025-12-16,2.3,Pastelería Crema,Pastel Fresas c/Crema Mediano,futuro
2025-12-17,2.15,Pastelería Crema,Pastel Fresas c/Crema Mediano,futuro
2025-12-18,2.66,Pastelería Crema,Pastel Fresas c/Crema Mediano,futuro
2025-12-19,2.98,Pastelería Crema,Pastel Fresas c/Crema Mediano,futuro
2025-12-20,5.44,Pastelería Crema,Pastel Fresas c/Crema Mediano,futuro
2025-12-21,6.07,Pastelería Crema,Pastel Fresas c/Crema Mediano,futuro
2025-12-22,1.96,Pastelería Crema,Pastel Fresas c/Crema Mediano,futuro
2025-12-23,2.6,Pastelería Crema,Pastel Fresas c/Crema Mediano,futuro
2025-12-24,4.5,Pastelería Crema,Pastel Fresas c/Crema Mediano,futuro
2025-12-25,4.18,Pastelería Crema,Pastel Fresas c/Crema Mediano,futuro
2025-12-26,3.14,Pastelería Crema,Pastel Fresas c/Crema Mediano,futuro
2025-12-27,5.52,Pastelería Crema,Pastel Fresas c/Crema Mediano,futuro
2025-12-28,5.3,Pastelería Crema,Pastel Fresas c/Crema Mediano,futuro
2025-12-29,2.07,Pastelería Crema,Pastel Fresas c/Crema Mediano,futuro
2025-12-30,2.32,Pastelería Crema,Pastel Fresas c/Crema Mediano,futuro
2025-12-31,5.83,Pastelería Crema,Pastel Fresas c/Crema Mediano,futuro
2026-01-01,6.26,Pastelería Crema,Pastel Fresas c/Crema Mediano,futuro
2026-01-02,2.62,Pastelería Crema,Pastel Fresas c/Crema Mediano,futuro
2026-01-03,5.84,Pastelería Crema,Pastel Fresas c/Crema Mediano,futuro
2026-01-04,5.21,Pastelería Crema,Pastel Fresas c/Crema Mediano,futuro
2026-01-05,2.01,Pastelería Crema,Pastel Fresas c/Crema Mediano,futuro
2026-01-06,2.38,Pastelería Crema,Pastel Fresas c/Crema Mediano,futuro
2026-01-07,2.66,Pastelería Crema,Pastel Fresas c/Crema Mediano,futuro
2026-01-08,2.67,Pastelería Crema,Pastel Fresas c/Crema Mediano,futuro
2026-01-09,3.05,Pastelería Crema,Pastel Fresas c/Crema Mediano,futuro
2026-01-10,5.91,Pastelería Crema,Pastel Fresas c/Crema Mediano,futuro
2026-01-11,5.59,Pastelería Crema,Pastel Fresas c/Crema Mediano,futuro
2026-01-12,2.09,Pastelería Crema,Pastel Fresas c/Crema Mediano,futuro
2026-01-13,2.38,Pastelería Crema,Pastel Fresas c/Crema Mediano,futuro
2026-01-14,2.53,Pastelería Crema,Pastel Fresas c/Crema Mediano,futuro
2026-01-15,2.61,Pastelería Crema,Pastel Fresas c/Crema Mediano,futuro
2026-01-16,3.05,Pastelería Crema,Pastel Fresas c/Crema Mediano,futuro
2026-01-17,5.78,Pastelería Crema,Pastel Fresas c/Crema Mediano,futuro
2026-01-18,5.59,Pastelería Crema,Pastel Fresas c/Crema Mediano,futuro
2026-01-19,2.15,Pastelería Crema,Pastel Fresas c/Crema Mediano,futuro
2026-01-20,2.44,Pastelería Crema,Pastel Fresas c/Crema Mediano,futuro
2026-01-21,2.46,Pastelería Crema,Pastel Fresas c/Crema Mediano,futuro
2026-01-22,2.63,Pastelería Crema,Pastel Fresas c/Crema Mediano,futuro
2026-01-23,3.05,Pastelería Crema,Pastel Fresas c/Crema Mediano,futuro
2026-01-24,5.78,Pastelería Crema,Pastel Fresas c/Crema Mediano,futuro
2026-01-25,5.59,Pastelería Crema,Pastel Fresas c/Crema Mediano,futuro
2026-01-26,2.15,Pastelería Crema,Pastel Fresas c/Crema Mediano,futuro
2026-01-27,2.44,Pastelería Crema,Pastel Fresas c/Crema Mediano,futuro
2026-01-28,2.46,Pastelería Crema,Pastel Fresas c/Crema Mediano,futuro
2026-01-29,2.63,Pastelería Crema,Pastel Fresas c/Crema Mediano,futuro
2026-01-30,3.05,Pastelería Crema,Pastel Fresas c/Crema Mediano,futuro
2026-01-31,5.78,Pastelería Crema,Pastel Fresas c/Crema Mediano,futuro
2026-02-01,5.59,Pastelería Crema,Pastel Fresas c/Crema Mediano,futuro
2026-02-02,2.15,Pastelería Crema,Pastel Fresas c/Crema Mediano,futuro
2026-02-03,2.44,Pastelería Crema,Pastel Fresas c/Crema Mediano,futuro
2026-02-04,2.46,Pastelería Crema,Pastel Fresas c/Crema Mediano,futuro
2026-02-05,2.63,Pastelería Crema,Pastel Fresas c/Crema Mediano,futuro
2026-02-06,3.05,Pastelería Crema,Pastel Fresas c/Crema Mediano,futuro
2026-02-07,5.93,Pastelería Crema,Pastel Fresas c/Crema Mediano,futuro
2026-02-08,5.59,Pastelería Crema,Pastel Fresas c/Crema Mediano,futuro
2026-02-09,2.15,Pastelería Crema,Pastel Fresas c/Crema Mediano,futuro
2026-02-10,2.44,Pastelería Crema,Pastel Fresas c/Crema Mediano,futuro
2026-02-11,2.46,Pastelería Crema,Pastel Fresas c/Crema Mediano,futuro
2026-02-12,2.63,Pastelería Crema,Pastel Fresas c/Crema Mediano,futuro
2026-02-13,3.05,Pastelería Crema,Pastel Fresas c/Crema Mediano,futuro
2026-02-14,5.93,Pastelería Crema,Pastel Fresas c/Crema Mediano,futuro
2026-02-15,5.59,Pastelería Crema,Pastel Fresas c/Crema Mediano,futuro
2026-02-16,2.15,Pastelería Crema,Pastel Fresas c/Crema Mediano,futuro
2026-02-17,2.44,Pastelería Crema,Pastel Fresas c/Crema Mediano,futuro
2026-02-18,2.46,Pastelería Crema,Pastel Fresas c/Crema Mediano,futuro
2026-02-19,2.63,Pastelería Crema,Pastel Fresas c/Crema Mediano,futuro
2026-02-20,3.05,Pastelería Crema,Pastel Fresas c/Crema Mediano,futuro
2026-02-21,5.93,Pastelería Crema,Pastel Fresas c/Crema Mediano,futuro
2026-02-22,5.59,Pastelería Crema,Pastel Fresas c/Crema Mediano,futuro
2026-02-23,2.15,Pastelería Crema,Pastel Fresas c/Crema Mediano,futuro
2026-02-24,2.44,Pastelería Crema,Pastel Fresas c/Crema Mediano,futuro
2026-02-25,2.46,Pastelería Crema,Pastel Fresas c/Crema Mediano,futuro
2026-02-26,2.63,Pastelería Crema,Pastel Fresas c/Crema Mediano,futuro
2026-02-27,3.05,Pastelería Crema,Pastel Fresas c/Crema Mediano,futuro
2026-02-28,5.93,Pastelería Crema,Pastel Fresas c/Crema Mediano,futuro
2026-03-01,5.59,Pastelería Crema,Pastel Fresas c/Crema Mediano,futuro
2026-03-02,2.15,Pastelería Crema,Pastel Fresas c/Crema Mediano,futuro
2026-03-03,2.44,Pastelería Crema,Pastel Fresas c/Crema Mediano,futuro
2026-03-04,2.46,Pastelería Crema,Pastel Fresas c/Crema Mediano,futuro
2026-03-05,2.63,Pastelería Crema,Pastel Fresas c/Crema Mediano,futuro
2026-03-06,3.05,Pastelería Crema,Pastel Fresas c/Crema Mediano,futuro
2026-03-07,5.93,Pastelería Crema,Pastel Fresas c/Crema Mediano,futuro
2026-03-08,5.59,Pastelería Crema,Pastel Fresas c/Crema Mediano,futuro
2026-03-09,2.15,Pastelería Crema,Pastel Fresas c/Crema Mediano,futuro
2026-03-10,2.44,Pastelería Crema,Pastel Fresas c/Crema Mediano,futuro
2026-03-11,2.46,Pastelería Crema,Pastel Fresas c/Crema Mediano,futuro
2026-03-12,2.63,Pastelería Crema,Pastel Fresas c/Crema Mediano,futuro
2026-03-13,3.05,Pastelería Crema,Pastel Fresas c/Crema Mediano,futuro
2026-03-14,5.93,Pastelería Crema,Pastel Fresas c/Crema Mediano,futuro
2025-12-14,2.22,Pastelería Crema,Pastel Frutal Chia Redondo,futuro
2025-12-15,0.8,Pastelería Crema,Pastel Frutal Chia Redondo,futuro
2025-12-16,1.22,Pastelería Crema,Pastel Frutal Chia Redondo,futuro
2025-12-17,1.06,Pastelería Crema,Pastel Frutal Chia Redondo,futuro
2025-12-18,1.35,Pastelería Crema,Pastel Frutal Chia Redondo,futuro
2025-12-19,1.48,Pastelería Crema,Pastel Frutal Chia Redondo,futuro
2025-12-20,2.12,Pastelería Crema,Pastel Frutal Chia Redondo,futuro
2025-12-21,2.29,Pastelería Crema,Pastel Frutal Chia Redondo,futuro
2025-12-22,0.68,Pastelería Crema,Pastel Frutal Chia Redondo,futuro
2025-12-23,1.2,Pastelería Crema,Pastel Frutal Chia Redondo,futuro
2025-12-24,4.23,Pastelería Crema,Pastel Frutal Chia Redondo,futuro
2025-12-25,1.57,Pastelería Crema,Pastel Frutal Chia Redondo,futuro
2025-12-26,1.3,Pastelería Crema,Pastel Frutal Chia Redondo,futuro
2025-12-27,2.62,Pastelería Crema,Pastel Frutal Chia Redondo,futuro
2025-12-28,2.27,Pastelería Crema,Pastel Frutal Chia Redondo,futuro
2025-12-29,0.72,Pastelería Crema,Pastel Frutal Chia Redondo,futuro
2025-12-30,1.44,Pastelería Crema,Pastel Frutal Chia Redondo,futuro
2025-12-31,2.93,Pastelería Crema,Pastel Frutal Chia Redondo,futuro
2026-01-01,2.94,Pastelería Crema,Pastel Frutal Chia Redondo,futuro
2026-01-02,1.1,Pastelería Crema,Pastel Frutal Chia Redondo,futuro
2026-01-03,2.44,Pastelería Crema,Pastel Frutal Chia Redondo,futuro
2026-01-04,2.16,Pastelería Crema,Pastel Frutal Chia Redondo,futuro
2026-01-05,0.67,Pastelería Crema,Pastel Frutal Chia Redondo,futuro
2026-01-06,0.88,Pastelería Crema,Pastel Frutal Chia Redondo,futuro
2026-01-07,1.05,Pastelería Crema,Pastel Frutal Chia Redondo,futuro
2026-01-08,1.28,Pastelería Crema,Pastel Frutal Chia Redondo,futuro
2026-01-09,1.39,Pastelería Crema,Pastel Frutal Chia Redondo,futuro
2026-01-10,2.43,Pastelería Crema,Pastel Frutal Chia Redondo,futuro
2026-01-11,2.14,Pastelería Crema,Pastel Frutal Chia Redondo,futuro
2026-01-12,0.75,Pastelería Crema,Pastel Frutal Chia Redondo,futuro
2026-01-13,1.24,Pastelería Crema,Pastel Frutal Chia Redondo,futuro
2026-01-14,1.02,Pastelería Crema,Pastel Frutal Chia Redondo,futuro
2026-01-15,1.26,Pastelería Crema,Pastel Frutal Chia Redondo,futuro
2026-01-16,1.22,Pastelería Crema,Pastel Frutal Chia Redondo,futuro
2026-01-17,2.43,Pastelería Crema,Pastel Frutal Chia Redondo,futuro
2026-01-18,2.11,Pastelería Crema,Pastel Frutal Chia Redondo,futuro
2026-01-19,0.6,Pastelería Crema,Pastel Frutal Chia Redondo,futuro
2026-01-20,1.17,Pastelería Crema,Pastel Frutal Chia Redondo,futuro
2026-01-21,1.08,Pastelería Crema,Pastel Frutal Chia Redondo,futuro
2026-01-22,1.36,Pastelería Crema,Pastel Frutal Chia Redondo,futuro
2026-01-23,1.33,Pastelería Crema,Pastel Frutal Chia Redondo,futuro
2026-01-24,2.43,Pastelería Crema,Pastel Frutal Chia Redondo,futuro
2026-01-25,2.12,Pastelería Crema,Pastel Frutal Chia Redondo,futuro
2026-01-26,0.6,Pastelería Crema,Pastel Frutal Chia Redondo,futuro
2026-01-27,1.08,Pastelería Crema,Pastel Frutal Chia Redondo,futuro
2026-01-28,1.02,Pastelería Crema,Pastel Frutal Chia Redondo,futuro
2026-01-29,1.36,Pastelería Crema,Pastel Frutal Chia Redondo,futuro
2026-01-30,1.33,Pastelería Crema,Pastel Frutal Chia Redondo,futuro
2026-01-31,2.46,Pastelería Crema,Pastel Frutal Chia Redondo,futuro
2026-02-01,2.24,Pastelería Crema,Pastel Frutal Chia Redondo,futuro
2026-02-02,0.66,Pastelería Crema,Pastel Frutal Chia Redondo,futuro
2026-02-03,1.15,Pastelería Crema,Pastel Frutal Chia Redondo,futuro
2026-02-04,1.08,Pastelería Crema,Pastel Frutal Chia Redondo,futuro
2026-02-05,1.24,Pastelería Crema,Pastel Frutal Chia Redondo,futuro
2026-02-06,1.3,Pastelería Crema,Pastel Frutal Chia Redondo,futuro
2026-02-07,2.54,Pastelería Crema,Pastel Frutal Chia Redondo,futuro
2026-02-08,2.2,Pastelería Crema,Pastel Frutal Chia Redondo,futuro
2026-02-09,0.66,Pastelería Crema,Pastel Frutal Chia Redondo,futuro
2026-02-10,1.15,Pastelería Crema,Pastel Frutal Chia Redondo,futuro
2026-02-11,1.08,Pastelería Crema,Pastel Frutal Chia Redondo,futuro
2026-02-12,1.24,Pastelería Crema,Pastel Frutal Chia Redondo,futuro
2026-02-13,1.3,Pastelería Crema,Pastel Frutal Chia Redondo,futuro
2026-02-14,2.54,Pastelería Crema,Pastel Frutal Chia Redondo,futuro
2026-02-15,2.2,Pastelería Crema,Pastel Frutal Chia Redondo,futuro
2026-02-16,0.66,Pastelería Crema,Pastel Frutal Chia Redondo,futuro
2026-02-17,1.15,Pastelería Crema,Pastel Frutal Chia Redondo,futuro
2026-02-18,1.08,Pastelería Crema,Pastel Frutal Chia Redondo,futuro
2026-02-19,1.24,Pastelería Crema,Pastel Frutal Chia Redondo,futuro
2026-02-20,1.3,Pastelería Crema,Pastel Frutal Chia Redondo,futuro
2026-02-21,2.54,Pastelería Crema,Pastel Frutal Chia Redondo,futuro
2026-02-22,2.2,Pastelería Crema,Pastel Frutal Chia Redondo,futuro
2026-02-23,0.66,Pastelería Crema,Pastel Frutal Chia Redondo,futuro
2026-02-24,1.15,Pastelería Crema,Pastel Frutal Chia Redondo,futuro
2026-02-25,1.08,Pastelería Crema,Pastel Frutal Chia Redondo,futuro
2026-02-26,1.24,Pastelería Crema,Pastel Frutal Chia Redondo,futuro
2026-02-27,1.3,Pastelería Crema,Pastel Frutal Chia Redondo,futuro
2026-02-28,2.54,Pastelería Crema,Pastel Frutal Chia Redondo,futuro
2026-03-01,2.22,Pastelería Crema,Pastel Frutal Chia Redondo,futuro
2026-03-02,0.66,Pastelería Crema,Pastel Frutal Chia Redondo,futuro
2026-03-03,1.15,Pastelería Crema,Pastel Frutal Chia Redondo,futuro
2026-03-04,1.09,Pastelería Crema,Pastel Frutal Chia Redondo,futuro
2026-03-05,1.25,Pastelería Crema,Pastel Frutal Chia Redondo,futuro
2026-03-06,1.3,Pastelería Crema,Pastel Frutal Chia Redondo,futuro
2026-03-07,2.56,Pastelería Crema,Pastel Frutal Chia Redondo,futuro
2026-03-08,2.22,Pastelería Crema,Pastel Frutal Chia Redondo,futuro
2026-03-09,0.66,Pastelería Crema,Pastel Frutal Chia Redondo,futuro
2026-03-10,1.15,Pastelería Crema,Pastel Frutal Chia Redondo,futuro
2026-03-11,1.09,Pastelería Crema,Pastel Frutal Chia Redondo,futuro
2026-03-12,1.25,Pastelería Crema,Pastel Frutal Chia Redondo,futuro
2026-03-13,1.3,Pastelería Crema,Pastel Frutal Chia Redondo,futuro
2025-12-14,2.06,Pastelería Crema,Pastel Mil Hojas Mediano,futuro
2025-12-15,1.4,Pastelería Crema,Pastel Mil Hojas Mediano,futuro
2025-12-16,1.63,Pastelería Crema,Pastel Mil Hojas Mediano,futuro
2025-12-17,1.53,Pastelería Crema,Pastel Mil Hojas Mediano,futuro
2025-12-18,1.28,Pastelería Crema,Pastel Mil Hojas Mediano,futuro
2025-12-19,1.77,Pastelería Crema,Pastel Mil Hojas Mediano,futuro
2025-12-20,3.26,Pastelería Crema,Pastel Mil Hojas Mediano,futuro
2025-12-21,2.12,Pastelería Crema,Pastel Mil Hojas Mediano,futuro
2025-12-22,0.96,Pastelería Crema,Pastel Mil Hojas Mediano,futuro
2025-12-23,1.72,Pastelería Crema,Pastel Mil Hojas Mediano,futuro
2025-12-24,6.91,Pastelería Crema,Pastel Mil Hojas Mediano,futuro
2025-12-25,3.72,Pastelería Crema,Pastel Mil Hojas Mediano,futuro
2025-12-26,1.87,Pastelería Crema,Pastel Mil Hojas Mediano,futuro
2025-12-27,3.19,Pastelería Crema,Pastel Mil Hojas Mediano,futuro
2025-12-28,2.18,Pastelería Crema,Pastel Mil Hojas Mediano,futuro
2025-12-29,1.33,Pastelería Crema,Pastel Mil Hojas Mediano,futuro
2025-12-30,1.15,Pastelería Crema,Pastel Mil Hojas Mediano,futuro
2025-12-31,1.49,Pastelería Crema,Pastel Mil Hojas Mediano,futuro
2026-01-01,1.44,Pastelería Crema,Pastel Mil Hojas Mediano,futuro
2026-01-02,1.84,Pastelería Crema,Pastel Mil Hojas Mediano,futuro
2026-01-03,3.31,Pastelería Crema,Pastel Mil Hojas Mediano,futuro
2026-01-04,1.85,Pastelería Crema,Pastel Mil Hojas Mediano,futuro
2026-01-05,1.44,Pastelería Crema,Pastel Mil Hojas Mediano,futuro
2026-01-06,1.61,Pastelería Crema,Pastel Mil Hojas Mediano,futuro
2026-01-07,1.42,Pastelería Crema,Pastel Mil Hojas Mediano,futuro
2026-01-08,1.69,Pastelería Crema,Pastel Mil Hojas Mediano,futuro
2026-01-09,1.83,Pastelería Crema,Pastel Mil Hojas Mediano,futuro
2026-01-10,3.38,Pastelería Crema,Pastel Mil Hojas Mediano,futuro
2026-01-11,2.16,Pastelería Crema,Pastel Mil Hojas Mediano,futuro
2026-01-12,1.28,Pastelería Crema,Pastel Mil Hojas Mediano,futuro
2026-01-13,1.58,Pastelería Crema,Pastel Mil Hojas Mediano,futuro
2026-01-14,1.4,Pastelería Crema,Pastel Mil Hojas Mediano,futuro
2026-01-15,1.55,Pastelería Crema,Pastel Mil Hojas Mediano,futuro
2026-01-16,1.86,Pastelería Crema,Pastel Mil Hojas Mediano,futuro
2026-01-17,3.38,Pastelería Crema,Pastel Mil Hojas Mediano,futuro
2026-01-18,2.16,Pastelería Crema,Pastel Mil Hojas Mediano,futuro
2026-01-19,1.28,Pastelería Crema,Pastel Mil Hojas Mediano,futuro
2026-01-20,1.58,Pastelería Crema,Pastel Mil Hojas Mediano,futuro
2026-01-21,1.4,Pastelería Crema,Pastel Mil Hojas Mediano,futuro
2026-01-22,1.55,Pastelería Crema,Pastel Mil Hojas Mediano,futuro
2026-01-23,1.86,Pastelería Crema,Pastel Mil Hojas Mediano,futuro
2026-01-24,3.38,Pastelería Crema,Pastel Mil Hojas Mediano,futuro
2026-01-25,2.16,Pastelería Crema,Pastel Mil Hojas Mediano,futuro
2026-01-26,1.28,Pastelería Crema,Pastel Mil Hojas Mediano,futuro
2026-01-27,1.58,Pastelería Crema,Pastel Mil Hojas Mediano,futuro
2026-01-28,1.4,Pastelería Crema,Pastel Mil Hojas Mediano,futuro
2026-01-29,1.55,Pastelería Crema,Pastel Mil Hojas Mediano,futuro
2026-01-30,1.86,Pastelería Crema,Pastel Mil Hojas Mediano,futuro
2026-01-31,3.38,Pastelería Crema,Pastel Mil Hojas Mediano,futuro
2026-02-01,2.16,Pastelería Crema,Pastel Mil Hojas Mediano,futuro
2026-02-02,1.28,Pastelería Crema,Pastel Mil Hojas Mediano,futuro
2026-02-03,1.58,Pastelería Crema,Pastel Mil Hojas Mediano,futuro
2026-02-04,1.4,Pastelería Crema,Pastel Mil Hojas Mediano,futuro
2026-02-05,1.55,Pastelería Crema,Pastel Mil Hojas Mediano,futuro
2026-02-06,1.86,Pastelería Crema,Pastel Mil Hojas Mediano,futuro
2026-02-07,3.38,Pastelería Crema,Pastel Mil Hojas Mediano,futuro
2026-02-08,2.16,Pastelería Crema,Pastel Mil Hojas Mediano,futuro
2026-02-09,1.28,Pastelería Crema,Pastel Mil Hojas Mediano,futuro
2026-02-10,1.58,Pastelería Crema,Pastel Mil Hojas Mediano,futuro
2026-02-11,1.4,Pastelería Crema,Pastel Mil Hojas Mediano,futuro
2026-02-12,1.55,Pastelería Crema,Pastel Mil Hojas Mediano,futuro
2026-02-13,1.86,Pastelería Crema,Pastel Mil Hojas Mediano,futuro
2026-02-14,3.38,Pastelería Crema,Pastel Mil Hojas Mediano,futuro
2026-02-15,2.16,Pastelería Crema,Pastel Mil Hojas Mediano,futuro
2026-02-16,1.28,Pastelería Crema,Pastel Mil Hojas Mediano,futuro
2026-02-17,1.58,Pastelería Crema,Pastel Mil Hojas Mediano,futuro
2026-02-18,1.4,Pastelería Crema,Pastel Mil Hojas Mediano,futuro
2026-02-19,1.55,Pastelería Crema,Pastel Mil Hojas Mediano,futuro
2026-02-20,1.86,Pastelería Crema,Pastel Mil Hojas Mediano,futuro
2026-02-21,3.38,Pastelería Crema,Pastel Mil Hojas Mediano,futuro
2026-02-22,2.16,Pastelería Crema,Pastel Mil Hojas Mediano,futuro
2026-02-23,1.28,Pastelería Crema,Pastel Mil Hojas Mediano,futuro
2026-02-24,1.58,Pastelería Crema,Pastel Mil Hojas Mediano,futuro
2026-02-25,1.4,Pastelería Crema,Pastel Mil Hojas Mediano,futuro
2026-02-26,1.55,Pastelería Crema,Pastel Mil Hojas Mediano,futuro
2026-02-27,1.86,Pastelería Crema,Pastel Mil Hojas Mediano,futuro
2026-02-28,3.38,Pastelería Crema,Pastel Mil Hojas Mediano,futuro
2026-03-01,2.16,Pastelería Crema,Pastel Mil Hojas Mediano,futuro
2026-03-02,1.28,Pastelería Crema,Pastel Mil Hojas Mediano,futuro
2026-03-03,1.58,Pastelería Crema,Pastel Mil Hojas Mediano,futuro
2026-03-04,1.4,Pastelería Crema,Pastel Mil Hojas Mediano,futuro
2026-03-05,1.55,Pastelería Crema,Pastel Mil Hojas Mediano,futuro
2026-03-06,1.86,Pastelería Crema,Pastel Mil Hojas Mediano,futuro
2026-03-07,3.27,Pastelería Crema,Pastel Mil Hojas Mediano,futuro
2026-03-08,2.16,Pastelería Crema,Pastel Mil Hojas Mediano,futuro
2026-03-09,1.28,Pastelería Crema,Pastel Mil Hojas Mediano,futuro
2026-03-10,1.58,Pastelería Crema,Pastel Mil Hojas Mediano,futuro
2026-03-11,1.4,Pastelería Crema,Pastel Mil Hojas Mediano,futuro
2026-03-12,1.55,Pastelería Crema,Pastel Mil Hojas Mediano,futuro
2026-03-13,1.86,Pastelería Crema,Pastel Mil Hojas Mediano,futuro
2025-12-15,2.17,Pastelería Crema,Pastel Mini Mil Hojas,futuro
2025-12-16,2.28,Pastelería Crema,Pastel Mini Mil Hojas,futuro
2025-12-17,2.25,Pastelería Crema,Pastel Mini Mil Hojas,futuro
2025-12-18,2.29,Pastelería Crema,Pastel Mini Mil Hojas,futuro
2025-12-19,2.06,Pastelería Crema,Pastel Mini Mil Hojas,futuro
2025-12-20,3.19,Pastelería Crema,Pastel Mini Mil Hojas,futuro
2025-12-21,3.13,Pastelería Crema,Pastel Mini Mil Hojas,futuro
2025-12-22,2.33,Pastelería Crema,Pastel Mini Mil Hojas,futuro
2025-12-23,1.78,Pastelería Crema,Pastel Mini Mil Hojas,futuro
2025-12-24,3.49,Pastelería Crema,Pastel Mini Mil Hojas,futuro
2025-12-25,2.41,Pastelería Crema,Pastel Mini Mil Hojas,futuro
2025-12-26,1.98,Pastelería Crema,Pastel Mini Mil Hojas,futuro
2025-12-27,3.12,Pastelería Crema,Pastel Mini Mil Hojas,futuro
2025-12-28,3.31,Pastelería Crema,Pastel Mini Mil Hojas,futuro
2025-12-29,2.31,Pastelería Crema,Pastel Mini Mil Hojas,futuro
2025-12-30,2.84,Pastelería Crema,Pastel Mini Mil Hojas,futuro
2025-12-31,6.65,Pastelería Crema,Pastel Mini Mil Hojas,futuro
2026-01-01,2.71,Pastelería Crema,Pastel Mini Mil Hojas,futuro
2026-01-02,3.43,Pastelería Crema,Pastel Mini Mil Hojas,futuro
2026-01-03,2.8,Pastelería Crema,Pastel Mini Mil Hojas,futuro
2026-01-04,3.18,Pastelería Crema,Pastel Mini Mil Hojas,futuro
2026-01-05,2.41,Pastelería Crema,Pastel Mini Mil Hojas,futuro
2026-01-06,2.02,Pastelería Crema,Pastel Mini Mil Hojas,futuro
2026-01-07,2.32,Pastelería Crema,Pastel Mini Mil Hojas,futuro
2026-01-08,2.24,Pastelería Crema,Pastel Mini Mil Hojas,futuro
2026-01-09,2.3,Pastelería Crema,Pastel Mini Mil Hojas,futuro
2026-01-10,3.27,Pastelería Crema,Pastel Mini Mil Hojas,futuro
2026-01-11,3.37,Pastelería Crema,Pastel Mini Mil Hojas,futuro
2026-01-12,2.76,Pastelería Crema,Pastel Mini Mil Hojas,futuro
2026-01-13,2.13,Pastelería Crema,Pastel Mini Mil Hojas,futuro
2026-01-14,2.14,Pastelería Crema,Pastel Mini Mil Hojas,futuro
2026-01-15,2.28,Pastelería Crema,Pastel Mini Mil Hojas,futuro
2026-01-16,2.32,Pastelería Crema,Pastel Mini Mil Hojas,futuro
2026-01-17,3.27,Pastelería Crema,Pastel Mini Mil Hojas,futuro
2026-01-18,3.35,Pastelería Crema,Pastel Mini Mil Hojas,futuro
2026-01-19,2.33,Pastelería Crema,Pastel Mini Mil Hojas,futuro
2026-01-20,2.02,Pastelería Crema,Pastel Mini Mil Hojas,futuro
2026-01-21,2.12,Pastelería Crema,Pastel Mini Mil Hojas,futuro
2026-01-22,2.24,Pastelería Crema,Pastel Mini Mil Hojas,futuro
2026-01-23,2.34,Pastelería Crema,Pastel Mini Mil Hojas,futuro
2026-01-24,3.29,Pastelería Crema,Pastel Mini Mil Hojas,futuro
2026-01-25,3.35,Pastelería Crema,Pastel Mini Mil Hojas,futuro
2026-01-26,2.33,Pastelería Crema,Pastel Mini Mil Hojas,futuro
2026-01-27,2.02,Pastelería Crema,Pastel Mini Mil Hojas,futuro
2026-01-28,2.12,Pastelería Crema,Pastel Mini Mil Hojas,futuro
2026-01-29,2.24,Pastelería Crema,Pastel Mini Mil Hojas,futuro
2026-01-30,2.34,Pastelería Crema,Pastel Mini Mil Hojas,futuro
2026-01-31,3.29,Pastelería Crema,Pastel Mini Mil Hojas,futuro
2026-02-01,3.38,Pastelería Crema,Pastel Mini Mil Hojas,futuro
2026-02-02,2.4,Pastelería Crema,Pastel Mini Mil Hojas,futuro
2026-02-03,2.09,Pastelería Crema,Pastel Mini Mil Hojas,futuro
2026-02-04,2.2,Pastelería Crema,Pastel Mini Mil Hojas,futuro
2026-02-05,2.32,Pastelería Crema,Pastel Mini Mil Hojas,futuro
2026-02-06,2.42,Pastelería Crema,Pastel Mini Mil Hojas,futuro
2026-02-07,3.33,Pastelería Crema,Pastel Mini Mil Hojas,futuro
2026-02-08,3.38,Pastelería Crema,Pastel Mini Mil Hojas,futuro
2026-02-09,2.4,Pastelería Crema,Pastel Mini Mil Hojas,futuro
2026-02-10,2.09,Pastelería Crema,Pastel Mini Mil Hojas,futuro
2026-02-11,2.2,Pastelería Crema,Pastel Mini Mil Hojas,futuro
2026-02-12,2.32,Pastelería Crema,Pastel Mini Mil Hojas,futuro
2026-02-13,2.42,Pastelería Crema,Pastel Mini Mil Hojas,futuro
2026-02-14,3.33,Pastelería Crema,Pastel Mini Mil Hojas,futuro
2026-02-15,3.38,Pastelería Crema,Pastel Mini Mil Hojas,futuro
2026-02-16,2.4,Pastelería Crema,Pastel Mini Mil Hojas,futuro
2026-02-17,2.09,Pastelería Crema,Pastel Mini Mil Hojas,futuro
2026-02-18,2.2,Pastelería Crema,Pastel Mini Mil Hojas,futuro
2026-02-19,2.32,Pastelería Crema,Pastel Mini Mil Hojas,futuro
2026-02-20,2.42,Pastelería Crema,Pastel Mini Mil Hojas,futuro
2026-02-21,3.33,Pastelería Crema,Pastel Mini Mil Hojas,futuro
2026-02-22,3.38,Pastelería Crema,Pastel Mini Mil Hojas,futuro
2026-02-23,2.4,Pastelería Crema,Pastel Mini Mil Hojas,futuro
2026-02-24,2.09,Pastelería Crema,Pastel Mini Mil Hojas,futuro
2026-02-25,2.2,Pastelería Crema,Pastel Mini Mil Hojas,futuro
2026-02-26,2.32,Pastelería Crema,Pastel Mini Mil Hojas,futuro
2026-02-27,2.42,Pastelería Crema,Pastel Mini Mil Hojas,futuro
2026-02-28,3.33,Pastelería Crema,Pastel Mini Mil Hojas,futuro
2026-03-01,3.53,Pastelería Crema,Pastel Mini Mil Hojas,futuro
2026-03-02,2.57,Pastelería Crema,Pastel Mini Mil Hojas,futuro
2026-03-03,2.21,Pastelería Crema,Pastel Mini Mil Hojas,futuro
2026-03-04,2.32,Pastelería Crema,Pastel Mini Mil Hojas,futuro
2026-03-05,2.44,Pastelería Crema,Pastel Mini Mil Hojas,futuro
2026-03-06,2.58,Pastelería Crema,Pastel Mini Mil Hojas,futuro
2026-03-07,3.48,Pastelería Crema,Pastel Mini Mil Hojas,futuro
2026-03-08,3.53,Pastelería Crema,Pastel Mini Mil Hojas,futuro
2026-03-09,2.57,Pastelería Crema,Pastel Mini Mil Hojas,futuro
2026-03-10,2.21,Pastelería Crema,Pastel Mini Mil Hojas,futuro
2026-03-11,2.32,Pastelería Crema,Pastel Mini Mil Hojas,futuro
2026-03-12,2.44,Pastelería Crema,Pastel Mini Mil Hojas,futuro
2026-03-13,2.58,Pastelería Crema,Pastel Mini Mil Hojas,futuro
2026-03-14,3.48,Pastelería Crema,Pastel Mini Mil Hojas,futuro
2025-12-15,1.47,Pastelería Crema,Pastel Philadelphia Cheese Cake,futuro
2025-12-16,1.42,Pastelería Crema,Pastel Philadelphia Cheese Cake,futuro
2025-12-17,1.49,Pastelería Crema,Pastel Philadelphia Cheese Cake,futuro
2025-12-18,1.69,Pastelería Crema,Pastel Philadelphia Cheese Cake,futuro
2025-12-19,1.82,Pastelería Crema,Pastel Philadelphia Cheese Cake,futuro
2025-12-20,1.84,Pastelería Crema,Pastel Philadelphia Cheese Cake,futuro
2025-12-21,1.78,Pastelería Crema,Pastel Philadelphia Cheese Cake,futuro
2025-12-22,1.29,Pastelería Crema,Pastel Philadelphia Cheese Cake,futuro
2025-12-23,1.27,Pastelería Crema,Pastel Philadelphia Cheese Cake,futuro
2025-12-24,3.84,Pastelería Crema,Pastel Philadelphia Cheese Cake,futuro
2025-12-25,3.44,Pastelería Crema,Pastel Philadelphia Cheese Cake,futuro
2025-12-26,1.13,Pastelería Crema,Pastel Philadelphia Cheese Cake,futuro
2025-12-27,1.96,Pastelería Crema,Pastel Philadelphia Cheese Cake,futuro
2025-12-28,1.6,Pastelería Crema,Pastel Philadelphia Cheese Cake,futuro
2025-12-29,1.23,Pastelería Crema,Pastel Philadelphia Cheese Cake,futuro
2025-12-30,1.79,Pastelería Crema,Pastel Philadelphia Cheese Cake,futuro
2025-12-31,2.87,Pastelería Crema,Pastel Philadelphia Cheese Cake,futuro
2026-01-01,1.41,Pastelería Crema,Pastel Philadelphia Cheese Cake,futuro
2026-01-02,1.35,Pastelería Crema,Pastel Philadelphia Cheese Cake,futuro
2026-01-03,1.57,Pastelería Crema,Pastel Philadelphia Cheese Cake,futuro
2026-01-04,1.59,Pastelería Crema,Pastel Philadelphia Cheese Cake,futuro
2026-01-05,1.0,Pastelería Crema,Pastel Philadelphia Cheese Cake,futuro
2026-01-06,1.16,Pastelería Crema,Pastel Philadelphia Cheese Cake,futuro
2026-01-07,1.15,Pastelería Crema,Pastel Philadelphia Cheese Cake,futuro
2026-01-08,1.28,Pastelería Crema,Pastel Philadelphia Cheese Cake,futuro
2026-01-09,1.03,Pastelería Crema,Pastel Philadelphia Cheese Cake,futuro
2026-01-10,1.5,Pastelería Crema,Pastel Philadelphia Cheese Cake,futuro
2026-01-11,1.5,Pastelería Crema,Pastel Philadelphia Cheese Cake,futuro
2026-01-12,1.02,Pastelería Crema,Pastel Philadelphia Cheese Cake,futuro
2026-01-13,0.99,Pastelería Crema,Pastel Philadelphia Cheese Cake,futuro
2026-01-14,1.01,Pastelería Crema,Pastel Philadelphia Cheese Cake,futuro
2026-01-15,1.15,Pastelería Crema,Pastel Philadelphia Cheese Cake,futuro
2026-01-16,1.07,Pastelería Crema,Pastel Philadelphia Cheese Cake,futuro
2026-01-17,1.49,Pastelería Crema,Pastel Philadelphia Cheese Cake,futuro
2026-01-18,1.51,Pastelería Crema,Pastel Philadelphia Cheese Cake,futuro
2026-01-19,0.92,Pastelería Crema,Pastel Philadelphia Cheese Cake,futuro
2026-01-20,1.02,Pastelería Crema,Pastel Philadelphia Cheese Cake,futuro
2026-01-21,1.07,Pastelería Crema,Pastel Philadelphia Cheese Cake,futuro
2026-01-22,1.09,Pastelería Crema,Pastel Philadelphia Cheese Cake,futuro
2026-01-23,1.1,Pastelería Crema,Pastel Philadelphia Cheese Cake,futuro
2026-01-24,1.5,Pastelería Crema,Pastel Philadelphia Cheese Cake,futuro
2026-01-25,1.43,Pastelería Crema,Pastel Philadelphia Cheese Cake,futuro
2026-01-26,1.05,Pastelería Crema,Pastel Philadelphia Cheese Cake,futuro
2026-01-27,0.91,Pastelería Crema,Pastel Philadelphia Cheese Cake,futuro
2026-01-28,1.01,Pastelería Crema,Pastel Philadelphia Cheese Cake,futuro
2026-01-29,1.15,Pastelería Crema,Pastel Philadelphia Cheese Cake,futuro
2026-01-30,1.07,Pastelería Crema,Pastel Philadelphia Cheese Cake,futuro
2026-01-31,1.49,Pastelería Crema,Pastel Philadelphia Cheese Cake,futuro
2026-02-01,1.51,Pastelería Crema,Pastel Philadelphia Cheese Cake,futuro
2026-02-02,0.95,Pastelería Crema,Pastel Philadelphia Cheese Cake,futuro
2026-02-03,1.02,Pastelería Crema,Pastel Philadelphia Cheese Cake,futuro
2026-02-04,1.07,Pastelería Crema,Pastel Philadelphia Cheese Cake,futuro
2026-02-05,1.09,Pastelería Crema,Pastel Philadelphia Cheese Cake,futuro
2026-02-06,1.1,Pastelería Crema,Pastel Philadelphia Cheese Cake,futuro
2026-02-07,1.5,Pastelería Crema,Pastel Philadelphia Cheese Cake,futuro
2026-02-08,1.43,Pastelería Crema,Pastel Philadelphia Cheese Cake,futuro
2026-02-09,1.05,Pastelería Crema,Pastel Philadelphia Cheese Cake,futuro
2026-02-10,0.94,Pastelería Crema,Pastel Philadelphia Cheese Cake,futuro
2026-02-11,1.01,Pastelería Crema,Pastel Philadelphia Cheese Cake,futuro
2026-02-12,1.15,Pastelería Crema,Pastel Philadelphia Cheese Cake,futuro
2026-02-13,1.07,Pastelería Crema,Pastel Philadelphia Cheese Cake,futuro
2026-02-14,1.49,Pastelería Crema,Pastel Philadelphia Cheese Cake,futuro
2026-02-15,1.51,Pastelería Crema,Pastel Philadelphia Cheese Cake,futuro
2026-02-16,0.95,Pastelería Crema,Pastel Philadelphia Cheese Cake,futuro
2026-02-17,1.02,Pastelería Crema,Pastel Philadelphia Cheese Cake,futuro
2026-02-18,1.07,Pastelería Crema,Pastel Philadelphia Cheese Cake,futuro
2026-02-19,1.09,Pastelería Crema,Pastel Philadelphia Cheese Cake,futuro
2026-02-20,1.1,Pastelería Crema,Pastel Philadelphia Cheese Cake,futuro
2026-02-21,1.5,Pastelería Crema,Pastel Philadelphia Cheese Cake,futuro
2026-02-22,1.43,Pastelería Crema,Pastel Philadelphia Cheese Cake,futuro
2026-02-23,1.05,Pastelería Crema,Pastel Philadelphia Cheese Cake,futuro
2026-02-24,0.94,Pastelería Crema,Pastel Philadelphia Cheese Cake,futuro
2026-02-25,1.01,Pastelería Crema,Pastel Philadelphia Cheese Cake,futuro
2026-02-26,1.15,Pastelería Crema,Pastel Philadelphia Cheese Cake,futuro
2026-02-27,1.07,Pastelería Crema,Pastel Philadelphia Cheese Cake,futuro
2026-02-28,1.49,Pastelería Crema,Pastel Philadelphia Cheese Cake,futuro
2026-03-01,1.47,Pastelería Crema,Pastel Philadelphia Cheese Cake,futuro
2026-03-02,1.02,Pastelería Crema,Pastel Philadelphia Cheese Cake,futuro
2026-03-03,1.01,Pastelería Crema,Pastel Philadelphia Cheese Cake,futuro
2026-03-04,0.97,Pastelería Crema,Pastel Philadelphia Cheese Cake,futuro
2026-03-05,1.01,Pastelería Crema,Pastel Philadelphia Cheese Cake,futuro
2026-03-06,1.12,Pastelería Crema,Pastel Philadelphia Cheese Cake,futuro
2026-03-07,1.59,Pastelería Crema,Pastel Philadelphia Cheese Cake,futuro
2026-03-08,1.44,Pastelería Crema,Pastel Philadelphia Cheese Cake,futuro
2026-03-09,0.96,Pastelería Crema,Pastel Philadelphia Cheese Cake,futuro
2026-03-10,1.03,Pastelería Crema,Pastel Philadelphia Cheese Cake,futuro
2026-03-11,1.05,Pastelería Crema,Pastel Philadelphia Cheese Cake,futuro
2026-03-12,1.07,Pastelería Crema,Pastel Philadelphia Cheese Cake,futuro
2026-03-13,0.99,Pastelería Crema,Pastel Philadelphia Cheese Cake,futuro
2026-03-14,1.89,Pastelería Crema,Pastel Philadelphia Cheese Cake,futuro
2025-12-15,4.84,Pastelería Crema,Pastel Rollito de Fresas,futuro
2025-12-16,2.91,Pastelería Crema,Pastel Rollito de Fresas,futuro
2025-12-17,3.7,Pastelería Crema,Pastel Rollito de Fresas,futuro
2025-12-18,3.41,Pastelería Crema,Pastel Rollito de Fresas,futuro
2025-12-19,4.0,Pastelería Crema,Pastel Rollito de Fresas,futuro
2025-12-20,4.1,Pastelería Crema,Pastel Rollito de Fresas,futuro
2025-12-21,3.93,Pastelería Crema,Pastel Rollito de Fresas,futuro
2025-12-22,3.7,Pastelería Crema,Pastel Rollito de Fresas,futuro
2025-12-23,3.63,Pastelería Crema,Pastel Rollito de Fresas,futuro
2025-12-24,9.72,Pastelería Crema,Pastel Rollito de Fresas,futuro
2025-12-25,3.01,Pastelería Crema,Pastel Rollito de Fresas,futuro
2025-12-26,3.56,Pastelería Crema,Pastel Rollito de Fresas,futuro
2025-12-27,5.08,Pastelería Crema,Pastel Rollito de Fresas,futuro
2025-12-28,3.69,Pastelería Crema,Pastel Rollito de Fresas,futuro
2025-12-29,3.6,Pastelería Crema,Pastel Rollito de Fresas,futuro
2025-12-30,3.74,Pastelería Crema,Pastel Rollito de Fresas,futuro
2025-12-31,13.3,Pastelería Crema,Pastel Rollito de Fresas,futuro
2026-01-01,3.74,Pastelería Crema,Pastel Rollito de Fresas,futuro
2026-01-02,3.55,Pastelería Crema,Pastel Rollito de Fresas,futuro
2026-01-03,5.44,Pastelería Crema,Pastel Rollito de Fresas,futuro
2026-01-04,3.64,Pastelería Crema,Pastel Rollito de Fresas,futuro
2026-01-05,4.58,Pastelería Crema,Pastel Rollito de Fresas,futuro
2026-01-06,3.24,Pastelería Crema,Pastel Rollito de Fresas,futuro
2026-01-07,3.53,Pastelería Crema,Pastel Rollito de Fresas,futuro
2026-01-08,3.03,Pastelería Crema,Pastel Rollito de Fresas,futuro
2026-01-09,3.58,Pastelería Crema,Pastel Rollito de Fresas,futuro
2026-01-10,4.65,Pastelería Crema,Pastel Rollito de Fresas,futuro
2026-01-11,4.03,Pastelería Crema,Pastel Rollito de Fresas,futuro
2026-01-12,3.99,Pastelería Crema,Pastel Rollito de Fresas,futuro
2026-01-13,3.12,Pastelería Crema,Pastel Rollito de Fresas,futuro
2026-01-14,3.41,Pastelería Crema,Pastel Rollito de Fresas,futuro
2026-01-15,3.51,Pastelería Crema,Pastel Rollito de Fresas,futuro
2026-01-16,3.48,Pastelería Crema,Pastel Rollito de Fresas,futuro
2026-01-17,4.05,Pastelería Crema,Pastel Rollito de Fresas,futuro
2026-01-18,4.02,Pastelería Crema,Pastel Rollito de Fresas,futuro
2026-01-19,3.55,Pastelería Crema,Pastel Rollito de Fresas,futuro
2026-01-20,3.47,Pastelería Crema,Pastel Rollito de Fresas,futuro
2026-01-21,3.61,Pastelería Crema,Pastel Rollito de Fresas,futuro
2026-01-22,3.51,Pastelería Crema,Pastel Rollito de Fresas,futuro
2026-01-23,3.54,Pastelería Crema,Pastel Rollito de Fresas,futuro
2026-01-24,3.95,Pastelería Crema,Pastel Rollito de Fresas,futuro
2026-01-25,4.09,Pastelería Crema,Pastel Rollito de Fresas,futuro
2026-01-26,3.62,Pastelería Crema,Pastel Rollito de Fresas,futuro
2026-01-27,3.45,Pastelería Crema,Pastel Rollito de Fresas,futuro
2026-01-28,3.61,Pastelería Crema,Pastel Rollito de Fresas,futuro
2026-01-29,3.54,Pastelería Crema,Pastel Rollito de Fresas,futuro
2026-01-30,3.54,Pastelería Crema,Pastel Rollito de Fresas,futuro
2026-01-31,3.95,Pastelería Crema,Pastel Rollito de Fresas,futuro
2026-02-01,3.96,Pastelería Crema,Pastel Rollito de Fresas,futuro
2026-02-02,3.65,Pastelería Crema,Pastel Rollito de Fresas,futuro
2026-02-03,3.46,Pastelería Crema,Pastel Rollito de Fresas,futuro
2026-02-04,3.59,Pastelería Crema,Pastel Rollito de Fresas,futuro
2026-02-05,3.48,Pastelería Crema,Pastel Rollito de Fresas,futuro
2026-02-06,3.61,Pastelería Crema,Pastel Rollito de Fresas,futuro
2026-02-07,3.95,Pastelería Crema,Pastel Rollito de Fresas,futuro
2026-02-08,3.96,Pastelería Crema,Pastel Rollito de Fresas,futuro
2026-02-09,3.52,Pastelería Crema,Pastel Rollito de Fresas,futuro
2026-02-10,3.48,Pastelería Crema,Pastel Rollito de Fresas,futuro
2026-02-11,3.59,Pastelería Crema,Pastel Rollito de Fresas,futuro
2026-02-12,3.48,Pastelería Crema,Pastel Rollito de Fresas,futuro
2026-02-13,3.55,Pastelería Crema,Pastel Rollito de Fresas,futuro
2026-02-14,3.96,Pastelería Crema,Pastel Rollito de Fresas,futuro
2026-02-15,3.96,Pastelería Crema,Pastel Rollito de Fresas,futuro
2026-02-16,3.52,Pastelería Crema,Pastel Rollito de Fresas,futuro
2026-02-17,3.48,Pastelería Crema,Pastel Rollito de Fresas,futuro
2026-02-18,3.59,Pastelería Crema,Pastel Rollito de Fresas,futuro
2026-02-19,3.48,Pastelería Crema,Pastel Rollito de Fresas,futuro
2026-02-20,3.55,Pastelería Crema,Pastel Rollito de Fresas,futuro
2026-02-21,3.96,Pastelería Crema,Pastel Rollito de Fresas,futuro
2026-02-22,3.96,Pastelería Crema,Pastel Rollito de Fresas,futuro
2026-02-23,3.52,Pastelería Crema,Pastel Rollito de Fresas,futuro
2026-02-24,3.48,Pastelería Crema,Pastel Rollito de Fresas,futuro
2026-02-25,3.59,Pastelería Crema,Pastel Rollito de Fresas,futuro
2026-02-26,3.48,Pastelería Crema,Pastel Rollito de Fresas,futuro
2026-02-27,3.55,Pastelería Crema,Pastel Rollito de Fresas,futuro
2026-02-28,3.96,Pastelería Crema,Pastel Rollito de Fresas,futuro
2026-03-01,3.96,Pastelería Crema,Pastel Rollito de Fresas,futuro
2026-03-02,3.52,Pastelería Crema,Pastel Rollito de Fresas,futuro
2026-03-03,3.48,Pastelería Crema,Pastel Rollito de Fresas,futuro
2026-03-04,3.59,Pastelería Crema,Pastel Rollito de Fresas,futuro
2026-03-05,3.48,Pastelería Crema,Pastel Rollito de Fresas,futuro
2026-03-06,3.55,Pastelería Crema,Pastel Rollito de Fresas,futuro
2026-03-07,3.96,Pastelería Crema,Pastel Rollito de Fresas,futuro
2026-03-08,3.96,Pastelería Crema,Pastel Rollito de Fresas,futuro
2026-03-09,3.52,Pastelería Crema,Pastel Rollito de Fresas,futuro
2026-03-10,3.48,Pastelería Crema,Pastel Rollito de Fresas,futuro
2026-03-11,3.59,Pastelería Crema,Pastel Rollito de Fresas,futuro
2026-03-12,3.48,Pastelería Crema,Pastel Rollito de Fresas,futuro
2026-03-13,3.55,Pastelería Crema,Pastel Rollito de Fresas,futuro
2026-03-14,3.96,Pastelería Crema,Pastel Rollito de Fresas,futuro
2024-06-17,3.4,Pastelería Crema,Pastel Tiramisu Grande,futuro
2024-06-18,1.15,Pastelería Crema,Pastel Tiramisu Grande,futuro
2024-06-19,0.53,Pastelería Crema,Pastel Tiramisu Grande,futuro
2024-06-20,1.07,Pastelería Crema,Pastel Tiramisu Grande,futuro
2024-06-21,2.78,Pastelería Crema,Pastel Tiramisu Grande,futuro
2024-06-22,3.0,Pastelería Crema,Pastel Tiramisu Grande,futuro
2024-06-23,2.43,Pastelería Crema,Pastel Tiramisu Grande,futuro
2024-06-24,0.99,Pastelería Crema,Pastel Tiramisu Grande,futuro
2024-06-25,1.14,Pastelería Crema,Pastel Tiramisu Grande,futuro
2024-06-26,1.25,Pastelería Crema,Pastel Tiramisu Grande,futuro
2024-06-27,1.22,Pastelería Crema,Pastel Tiramisu Grande,futuro
2024-06-28,1.08,Pastelería Crema,Pastel Tiramisu Grande,futuro
2024-06-29,1.9,Pastelería Crema,Pastel Tiramisu Grande,futuro
2024-06-30,1.73,Pastelería Crema,Pastel Tiramisu Grande,futuro
2024-07-01,1.46,Pastelería Crema,Pastel Tiramisu Grande,futuro
2024-07-02,1.16,Pastelería Crema,Pastel Tiramisu Grande,futuro
2024-07-03,0.78,Pastelería Crema,Pastel Tiramisu Grande,futuro
2024-07-04,1.22,Pastelería Crema,Pastel Tiramisu Grande,futuro
2024-07-05,1.49,Pastelería Crema,Pastel Tiramisu Grande,futuro
2024-07-06,2.16,Pastelería Crema,Pastel Tiramisu Grande,futuro
2024-07-07,1.86,Pastelería Crema,Pastel Tiramisu Grande,futuro
2024-07-08,1.07,Pastelería Crema,Pastel Tiramisu Grande,futuro
2024-07-09,1.08,Pastelería Crema,Pastel Tiramisu Grande,futuro
2024-07-10,1.16,Pastelería Crema,Pastel Tiramisu Grande,futuro
2024-07-11,1.19,Pastelería Crema,Pastel Tiramisu Grande,futuro
2024-07-12,0.96,Pastelería Crema,Pastel Tiramisu Grande,futuro
2024-07-13,1.99,Pastelería Crema,Pastel Tiramisu Grande,futuro
2024-07-14,1.89,Pastelería Crema,Pastel Tiramisu Grande,futuro
2024-07-15,1.31,Pastelería Crema,Pastel Tiramisu Grande,futuro
2024-07-16,1.07,Pastelería Crema,Pastel Tiramisu Grande,futuro
2024-07-17,1.04,Pastelería Crema,Pastel Tiramisu Grande,futuro
2024-07-18,1.21,Pastelería Crema,Pastel Tiramisu Grande,futuro
2024-07-19,1.28,Pastelería Crema,Pastel Tiramisu Grande,futuro
2024-07-20,1.97,Pastelería Crema,Pastel Tiramisu Grande,futuro
2024-07-21,1.62,Pastelería Crema,Pastel Tiramisu Grande,futuro
2024-07-22,1.2,Pastelería Crema,Pastel Tiramisu Grande,futuro
2024-07-23,1.03,Pastelería Crema,Pastel Tiramisu Grande,futuro
2024-07-24,1.09,Pastelería Crema,Pastel Tiramisu Grande,futuro
2024-07-25,1.17,Pastelería Crema,Pastel Tiramisu Grande,futuro
2024-07-26,1.22,Pastelería Crema,Pastel Tiramisu Grande,futuro
2024-07-27,1.89,Pastelería Crema,Pastel Tiramisu Grande,futuro
2024-07-28,1.85,Pastelería Crema,Pastel Tiramisu Grande,futuro
2024-07-29,1.21,Pastelería Crema,Pastel Tiramisu Grande,futuro
2024-07-30,1.03,Pastelería Crema,Pastel Tiramisu Grande,futuro
2024-07-31,1.05,Pastelería Crema,Pastel Tiramisu Grande,futuro
2024-08-01,1.17,Pastelería Crema,Pastel Tiramisu Grande,futuro
2024-08-02,1.23,Pastelería Crema,Pastel Tiramisu Grande,futuro
2024-08-03,1.89,Pastelería Crema,Pastel Tiramisu Grande,futuro
2024-08-04,1.85,Pastelería Crema,Pastel Tiramisu Grande,futuro
2024-08-05,1.21,Pastelería Crema,Pastel Tiramisu Grande,futuro
2024-08-06,1.03,Pastelería Crema,Pastel Tiramisu Grande,futuro
2024-08-07,1.05,Pastelería Crema,Pastel Tiramisu Grande,futuro
2024-08-08,1.17,Pastelería Crema,Pastel Tiramisu Grande,futuro
2024-08-09,1.23,Pastelería Crema,Pastel Tiramisu Grande,futuro
2024-08-10,1.89,Pastelería Crema,Pastel Tiramisu Grande,futuro
2024-08-11,1.85,Pastelería Crema,Pastel Tiramisu Grande,futuro
2024-08-12,1.21,Pastelería Crema,Pastel Tiramisu Grande,futuro
2024-08-13,1.03,Pastelería Crema,Pastel Tiramisu Grande,futuro
2024-08-14,1.05,Pastelería Crema,Pastel Tiramisu Grande,futuro
2024-08-15,1.17,Pastelería Crema,Pastel Tiramisu Grande,futuro
2024-08-16,1.23,Pastelería Crema,Pastel Tiramisu Grande,futuro
2024-08-17,1.89,Pastelería Crema,Pastel Tiramisu Grande,futuro
2024-08-18,1.85,Pastelería Crema,Pastel Tiramisu Grande,futuro
2024-08-19,1.21,Pastelería Crema,Pastel Tiramisu Grande,futuro
2024-08-20,1.03,Pastelería Crema,Pastel Tiramisu Grande,futuro
2024-08-21,1.05,Pastelería Crema,Pastel Tiramisu Grande,futuro
2024-08-22,1.17,Pastelería Crema,Pastel Tiramisu Grande,futuro
2024-08-23,1.23,Pastelería Crema,Pastel Tiramisu Grande,futuro
2024-08-24,1.89,Pastelería Crema,Pastel Tiramisu Grande,futuro
2024-08-25,1.85,Pastelería Crema,Pastel Tiramisu Grande,futuro
2024-08-26,1.02,Pastelería Crema,Pastel Tiramisu Grande,futuro
2024-08-27,1.33,Pastelería Crema,Pastel Tiramisu Grande,futuro
2024-08-28,2.65,Pastelería Crema,Pastel Tiramisu Grande,futuro
2024-08-29,0.9,Pastelería Crema,Pastel Tiramisu Grande,futuro
2024-08-30,1.08,Pastelería Crema,Pastel Tiramisu Grande,futuro
2024-08-31,1.61,Pastelería Crema,Pastel Tiramisu Grande,futuro
2024-09-01,1.67,Pastelería Crema,Pastel Tiramisu Grande,futuro
2024-09-02,1.41,Pastelería Crema,Pastel Tiramisu Grande,futuro
2024-09-03,0.97,Pastelería Crema,Pastel Tiramisu Grande,futuro
2024-09-04,1.06,Pastelería Crema,Pastel Tiramisu Grande,futuro
2024-09-05,1.27,Pastelería Crema,Pastel Tiramisu Grande,futuro
2024-09-06,1.26,Pastelería Crema,Pastel Tiramisu Grande,futuro
2024-09-07,2.56,Pastelería Crema,Pastel Tiramisu Grande,futuro
2024-09-08,1.63,Pastelería Crema,Pastel Tiramisu Grande,futuro
2024-09-09,1.11,Pastelería Crema,Pastel Tiramisu Grande,futuro
2024-09-10,1.07,Pastelería Crema,Pastel Tiramisu Grande,futuro
2024-09-11,1.32,Pastelería Crema,Pastel Tiramisu Grande,futuro
2024-09-12,1.59,Pastelería Crema,Pastel Tiramisu Grande,futuro
2024-09-13,1.21,Pastelería Crema,Pastel Tiramisu Grande,futuro
2024-09-14,1.69,Pastelería Crema,Pastel Tiramisu Grande,futuro
2024-05-18,0.99,Pastelería Crema,Pastel chocomenta chico,futuro
2024-05-19,1.49,Pastelería Crema,Pastel chocomenta chico,futuro
2024-05-20,0.58,Pastelería Crema,Pastel chocomenta chico,futuro
2024-05-21,0.82,Pastelería Crema,Pastel chocomenta chico,futuro
2024-05-22,0.88,Pastelería Crema,Pastel chocomenta chico,futuro
2024-05-23,0.38,Pastelería Crema,Pastel chocomenta chico,futuro
2024-05-24,1.25,Pastelería Crema,Pastel chocomenta chico,futuro
2024-05-25,1.47,Pastelería Crema,Pastel chocomenta chico,futuro
2024-05-26,1.36,Pastelería Crema,Pastel chocomenta chico,futuro
2024-05-27,1.12,Pastelería Crema,Pastel chocomenta chico,futuro
2024-05-28,0.75,Pastelería Crema,Pastel chocomenta chico,futuro
2024-05-29,0.92,Pastelería Crema,Pastel chocomenta chico,futuro
2024-05-30,0.82,Pastelería Crema,Pastel chocomenta chico,futuro
2024-05-31,0.54,Pastelería Crema,Pastel chocomenta chico,futuro
2024-06-01,1.65,Pastelería Crema,Pastel chocomenta chico,futuro
2024-06-02,0.89,Pastelería Crema,Pastel chocomenta chico,futuro
2024-06-03,1.16,Pastelería Crema,Pastel chocomenta chico,futuro
2024-06-04,1.07,Pastelería Crema,Pastel chocomenta chico,futuro
2024-06-05,0.76,Pastelería Crema,Pastel chocomenta chico,futuro
2024-06-06,1.16,Pastelería Crema,Pastel chocomenta chico,futuro
2024-06-07,0.82,Pastelería Crema,Pastel chocomenta chico,futuro
2024-06-08,1.88,Pastelería Crema,Pastel chocomenta chico,futuro
2024-06-09,1.01,Pastelería Crema,Pastel chocomenta chico,futuro
2024-06-10,0.89,Pastelería Crema,Pastel chocomenta chico,futuro
2024-06-11,1.09,Pastelería Crema,Pastel chocomenta chico,futuro
2024-06-12,0.81,Pastelería Crema,Pastel chocomenta chico,futuro
2024-06-13,1.01,Pastelería Crema,Pastel chocomenta chico,futuro
2024-06-14,0.7,Pastelería Crema,Pastel chocomenta chico,futuro
2024-06-15,1.95,Pastelería Crema,Pastel chocomenta chico,futuro
2024-06-16,1.39,Pastelería Crema,Pastel chocomenta chico,futuro
2024-06-17,1.31,Pastelería Crema,Pastel chocomenta chico,futuro
2024-06-18,0.91,Pastelería Crema,Pastel chocomenta chico,futuro
2024-06-19,0.91,Pastelería Crema,Pastel chocomenta chico,futuro
2024-06-20,0.99,Pastelería Crema,Pastel chocomenta chico,futuro
2024-06-21,0.93,Pastelería Crema,Pastel chocomenta chico,futuro
2024-06-22,1.48,Pastelería Crema,Pastel chocomenta chico,futuro
2024-06-23,0.87,Pastelería Crema,Pastel chocomenta chico,futuro
2024-06-24,1.11,Pastelería Crema,Pastel chocomenta chico,futuro
2024-06-25,0.9,Pastelería Crema,Pastel chocomenta chico,futuro
2024-06-26,0.86,Pastelería Crema,Pastel chocomenta chico,futuro
2024-06-27,1.05,Pastelería Crema,Pastel chocomenta chico,futuro
2024-06-28,0.81,Pastelería Crema,Pastel chocomenta chico,futuro
2024-06-29,1.69,Pastelería Crema,Pastel chocomenta chico,futuro
2024-06-30,1.01,Pastelería Crema,Pastel chocomenta chico,futuro
2024-07-01,0.87,Pastelería Crema,Pastel chocomenta chico,futuro
2024-07-02,1.09,Pastelería Crema,Pastel chocomenta chico,futuro
2024-07-03,0.78,Pastelería Crema,Pastel chocomenta chico,futuro
2024-07-04,1.02,Pastelería Crema,Pastel chocomenta chico,futuro
2024-07-05,0.81,Pastelería Crema,Pastel chocomenta chico,futuro
2024-07-06,1.44,Pastelería Crema,Pastel chocomenta chico,futuro
2024-07-07,0.93,Pastelería Crema,Pastel chocomenta chico,futuro
2024-07-08,1.23,Pastelería Crema,Pastel chocomenta chico,futuro
2024-07-09,0.82,Pastelería Crema,Pastel chocomenta chico,futuro
2024-07-10,0.82,Pastelería Crema,Pastel chocomenta chico,futuro
2024-07-11,1.04,Pastelería Crema,Pastel chocomenta chico,futuro
2024-07-12,0.8,Pastelería Crema,Pastel chocomenta chico,futuro
2024-07-13,1.67,Pastelería Crema,Pastel chocomenta chico,futuro
2024-07-14,0.92,Pastelería Crema,Pastel chocomenta chico,futuro
2024-07-15,1.0,Pastelería Crema,Pastel chocomenta chico,futuro
2024-07-16,1.05,Pastelería Crema,Pastel chocomenta chico,futuro
2024-07-17,0.64,Pastelería Crema,Pastel chocomenta chico,futuro
2024-07-18,1.08,Pastelería Crema,Pastel chocomenta chico,futuro
2024-07-19,0.84,Pastelería Crema,Pastel chocomenta chico,futuro
2024-07-20,1.42,Pastelería Crema,Pastel chocomenta chico,futuro
2024-07-21,1.01,Pastelería Crema,Pastel chocomenta chico,futuro
2024-07-22,0.93,Pastelería Crema,Pastel chocomenta chico,futuro
2024-07-23,1.18,Pastelería Crema,Pastel chocomenta chico,futuro
2024-07-24,0.77,Pastelería Crema,Pastel chocomenta chico,futuro
2024-07-25,1.05,Pastelería Crema,Pastel chocomenta chico,futuro
2024-07-26,0.81,Pastelería Crema,Pastel chocomenta chico,futuro
2024-07-27,1.51,Pastelería Crema,Pastel chocomenta chico,futuro
2024-07-28,0.89,Pastelería Crema,Pastel chocomenta chico,futuro
2024-07-29,1.01,Pastelería Crema,Pastel chocomenta chico,futuro
2024-07-30,0.84,Pastelería Crema,Pastel chocomenta chico,futuro
2024-07-31,1.01,Pastelería Crema,Pastel chocomenta chico,futuro
2024-08-01,0.87,Pastelería Crema,Pastel chocomenta chico,futuro
2024-08-02,1.2,Pastelería Crema,Pastel chocomenta chico,futuro
2024-08-03,1.67,Pastelería Crema,Pastel chocomenta chico,futuro
2024-08-04,1.16,Pastelería Crema,Pastel chocomenta chico,futuro
2024-08-05,0.84,Pastelería Crema,Pastel chocomenta chico,futuro
2024-08-06,1.15,Pastelería Crema,Pastel chocomenta chico,futuro
2024-08-07,0.75,Pastelería Crema,Pastel chocomenta chico,futuro
2024-08-08,1.09,Pastelería Crema,Pastel chocomenta chico,futuro
2024-08-09,0.8,Pastelería Crema,Pastel chocomenta chico,futuro
2024-08-10,1.61,Pastelería Crema,Pastel chocomenta chico,futuro
2024-08-11,1.03,Pastelería Crema,Pastel chocomenta chico,futuro
2024-08-12,0.9,Pastelería Crema,Pastel chocomenta chico,futuro
2024-08-13,1.06,Pastelería Crema,Pastel chocomenta chico,futuro
2024-08-14,0.84,Pastelería Crema,Pastel chocomenta chico,futuro
2024-08-15,1.05,Pastelería Crema,Pastel chocomenta chico,futuro
2025-02-24,1.11,Pastelería Crema,Pastel lotus,futuro
2025-02-25,0.17,Pastelería Crema,Pastel lotus,futuro
2025-02-26,1.76,Pastelería Crema,Pastel lotus,futuro
2025-02-27,1.48,Pastelería Crema,Pastel lotus,futuro
2025-02-28,1.45,Pastelería Crema,Pastel lotus,futuro
2025-03-01,1.29,Pastelería Crema,Pastel lotus,futuro
2025-03-02,1.24,Pastelería Crema,Pastel lotus,futuro
2025-03-03,1.41,Pastelería Crema,Pastel lotus,futuro
2025-03-04,1.27,Pastelería Crema,Pastel lotus,futuro
2025-03-05,1.3,Pastelería Crema,Pastel lotus,futuro
2025-03-06,1.53,Pastelería Crema,Pastel lotus,futuro
2025-03-07,1.07,Pastelería Crema,Pastel lotus,futuro
2025-03-08,1.46,Pastelería Crema,Pastel lotus,futuro
2025-03-09,2.31,Pastelería Crema,Pastel lotus,futuro
2025-03-10,0.51,Pastelería Crema,Pastel lotus,futuro
2025-03-11,0.23,Pastelería Crema,Pastel lotus,futuro
2025-03-12,0.46,Pastelería Crema,Pastel lotus,futuro
2025-03-13,0.44,Pastelería Crema,Pastel lotus,futuro
2025-03-14,0.73,Pastelería Crema,Pastel lotus,futuro
2025-03-15,0.96,Pastelería Crema,Pastel lotus,futuro
2025-03-16,1.14,Pastelería Crema,Pastel lotus,futuro
2025-03-17,1.35,Pastelería Crema,Pastel lotus,futuro
2025-03-18,1.45,Pastelería Crema,Pastel lotus,futuro
2025-03-19,1.42,Pastelería Crema,Pastel lotus,futuro
2025-03-20,1.29,Pastelería Crema,Pastel lotus,futuro
2025-03-21,1.38,Pastelería Crema,Pastel lotus,futuro
2025-03-22,2.13,Pastelería Crema,Pastel lotus,futuro
2025-03-23,0.72,Pastelería Crema,Pastel lotus,futuro
2025-03-24,0.54,Pastelería Crema,Pastel lotus,futuro
2025-03-25,0.61,Pastelería Crema,Pastel lotus,futuro
2025-03-26,0.34,Pastelería Crema,Pastel lotus,futuro
2025-03-27,1.14,Pastelería Crema,Pastel lotus,futuro
2025-03-28,0.8,Pastelería Crema,Pastel lotus,futuro
2025-03-29,0.61,Pastelería Crema,Pastel lotus,futuro
2025-03-30,1.73,Pastelería Crema,Pastel lotus,futuro
2025-03-31,1.58,Pastelería Crema,Pastel lotus,futuro
2025-04-01,1.43,Pastelería Crema,Pastel lotus,futuro
2025-04-02,1.07,Pastelería Crema,Pastel lotus,futuro
2025-04-03,1.38,Pastelería Crema,Pastel lotus,futuro
2025-04-04,1.41,Pastelería Crema,Pastel lotus,futuro
2025-04-05,1.22,Pastelería Crema,Pastel lotus,futuro
2025-04-06,2.35,Pastelería Crema,Pastel lotus,futuro
2025-04-07,0.68,Pastelería Crema,Pastel lotus,futuro
2025-04-08,0.05,Pastelería Crema,Pastel lotus,futuro
2025-04-09,0.75,Pastelería Crema,Pastel lotus,futuro
2025-04-10,0.52,Pastelería Crema,Pastel lotus,futuro
2025-04-11,0.77,Pastelería Crema,Pastel lotus,futuro
2025-04-12,0.96,Pastelería Crema,Pastel lotus,futuro
2025-04-13,1.12,Pastelería Crema,Pastel lotus,futuro
2025-04-14,1.35,Pastelería Crema,Pastel lotus,futuro
2025-04-15,1.45,Pastelería Crema,Pastel lotus,futuro
2025-04-16,1.42,Pastelería Crema,Pastel lotus,futuro
2025-04-17,1.29,Pastelería Crema,Pastel lotus,futuro
2025-04-18,1.38,Pastelería Crema,Pastel lotus,futuro
2025-04-19,2.13,Pastelería Crema,Pastel lotus,futuro
2025-04-20,0.72,Pastelería Crema,Pastel lotus,futuro
2025-04-21,0.54,Pastelería Crema,Pastel lotus,futuro
2025-04-22,0.61,Pastelería Crema,Pastel lotus,futuro
2025-04-23,0.34,Pastelería Crema,Pastel lotus,futuro
2025-04-24,1.14,Pastelería Crema,Pastel lotus,futuro
2025-04-25,0.8,Pastelería Crema,Pastel lotus,futuro
2025-04-26,0.61,Pastelería Crema,Pastel lotus,futuro
2025-04-27,1.73,Pastelería Crema,Pastel lotus,futuro
2025-04-28,1.58,Pastelería Crema,Pastel lotus,futuro
2025-04-29,1.43,Pastelería Crema,Pastel lotus,futuro
2025-04-30,1.07,Pastelería Crema,Pastel lotus,futuro
2025-05-01,1.4,Pastelería Crema,Pastel lotus,futuro
2025-05-02,1.42,Pastelería Crema,Pastel lotus,futuro
2025-05-03,1.08,Pastelería Crema,Pastel lotus,futuro
2025-05-04,2.35,Pastelería Crema,Pastel lotus,futuro
2025-05-05,0.69,Pastelería Crema,Pastel lotus,futuro
2025-05-06,0.07,Pastelería Crema,Pastel lotus,futuro
2025-05-07,0.83,Pastelería Crema,Pastel lotus,futuro
2025-05-08,0.51,Pastelería Crema,Pastel lotus,futuro
2025-05-09,0.75,Pastelería Crema,Pastel lotus,futuro
2025-05-10,0.82,Pastelería Crema,Pastel lotus,futuro
2025-05-11,1.12,Pastelería Crema,Pastel lotus,futuro
2025-05-12,1.36,Pastelería Crema,Pastel lotus,futuro
2025-05-13,1.45,Pastelería Crema,Pastel lotus,futuro
2025-05-14,1.46,Pastelería Crema,Pastel lotus,futuro
2025-05-15,1.3,Pastelería Crema,Pastel lotus,futuro
2025-05-16,1.39,Pastelería Crema,Pastel lotus,futuro
2025-05-17,1.99,Pastelería Crema,Pastel lotus,futuro
2025-05-18,1.24,Pastelería Crema,Pastel lotus,futuro
2025-05-19,1.42,Pastelería Crema,Pastel lotus,futuro
2025-05-20,1.39,Pastelería Crema,Pastel lotus,futuro
2025-05-21,1.55,Pastelería Crema,Pastel lotus,futuro
2025-05-22,1.56,Pastelería Crema,Pastel lotus,futuro
2025-05-23,1.22,Pastelería Crema,Pastel lotus,futuro
2025-05-24,1.32,Pastelería Crema,Pastel lotus,futuro
2025-07-07,1.31,Pastelería Crema,Pastel zanahoria chico,futuro
2025-07-08,1.33,Pastelería Crema,Pastel zanahoria chico,futuro
2025-07-09,1.08,Pastelería Crema,Pastel zanahoria chico,futuro
2025-07-10,1.09,Pastelería Crema,Pastel zanahoria chico,futuro
2025-07-11,1.42,Pastelería Crema,Pastel zanahoria chico,futuro
2025-07-12,2.1,Pastelería Crema,Pastel zanahoria chico,futuro
2025-07-13,1.55,Pastelería Crema,Pastel zanahoria chico,futuro
2025-07-14,1.24,Pastelería Crema,Pastel zanahoria chico,futuro
2025-07-15,1.06,Pastelería Crema,Pastel zanahoria chico,futuro
2025-07-16,1.08,Pastelería Crema,Pastel zanahoria chico,futuro
2025-07-17,1.05,Pastelería Crema,Pastel zanahoria chico,futuro
2025-07-18,1.35,Pastelería Crema,Pastel zanahoria chico,futuro
2025-07-19,2.27,Pastelería Crema,Pastel zanahoria chico,futuro
2025-07-20,1.52,Pastelería Crema,Pastel zanahoria chico,futuro
2025-07-21,1.36,Pastelería Crema,Pastel zanahoria chico,futuro
2025-07-22,1.16,Pastelería Crema,Pastel zanahoria chico,futuro
2025-07-23,1.2,Pastelería Crema,Pastel zanahoria chico,futuro
2025-07-24,1.05,Pastelería Crema,Pastel zanahoria chico,futuro
2025-07-25,1.39,Pastelería Crema,Pastel zanahoria chico,futuro
2025-07-26,2.27,Pastelería Crema,Pastel zanahoria chico,futuro
2025-07-27,1.52,Pastelería Crema,Pastel zanahoria chico,futuro
2025-07-28,1.36,Pastelería Crema,Pastel zanahoria chico,futuro
2025-07-29,1.16,Pastelería Crema,Pastel zanahoria chico,futuro
2025-07-30,1.2,Pastelería Crema,Pastel zanahoria chico,futuro
2025-07-31,1.05,Pastelería Crema,Pastel zanahoria chico,futuro
2025-08-01,1.39,Pastelería Crema,Pastel zanahoria chico,futuro
2025-08-02,2.2,Pastelería Crema,Pastel zanahoria chico,futuro
2025-08-03,1.52,Pastelería Crema,Pastel zanahoria chico,futuro
2025-08-04,1.36,Pastelería Crema,Pastel zanahoria chico,futuro
2025-08-05,1.16,Pastelería Crema,Pastel zanahoria chico,futuro
2025-08-06,1.2,Pastelería Crema,Pastel zanahoria chico,futuro
2025-08-07,1.05,Pastelería Crema,Pastel zanahoria chico,futuro
2025-08-08,1.39,Pastelería Crema,Pastel zanahoria chico,futuro
2025-08-09,2.2,Pastelería Crema,Pastel zanahoria chico,futuro
2025-08-10,1.52,Pastelería Crema,Pastel zanahoria chico,futuro
2025-08-11,1.36,Pastelería Crema,Pastel zanahoria chico,futuro
2025-08-12,1.16,Pastelería Crema,Pastel zanahoria chico,futuro
2025-08-13,1.2,Pastelería Crema,Pastel zanahoria chico,futuro
2025-08-14,1.05,Pastelería Crema,Pastel zanahoria chico,futuro
2025-08-15,1.39,Pastelería Crema,Pastel zanahoria chico,futuro
2025-08-16,2.2,Pastelería Crema,Pastel zanahoria chico,futuro
2025-08-17,1.52,Pastelería Crema,Pastel zanahoria chico,futuro
2025-08-18,1.36,Pastelería Crema,Pastel zanahoria chico,futuro
2025-08-19,1.16,Pastelería Crema,Pastel zanahoria chico,futuro
2025-08-20,1.2,Pastelería Crema,Pastel zanahoria chico,futuro
2025-08-21,1.05,Pastelería Crema,Pastel zanahoria chico,futuro
2025-08-22,1.39,Pastelería Crema,Pastel zanahoria chico,futuro
2025-08-23,2.2,Pastelería Crema,Pastel zanahoria chico,futuro
2025-08-24,1.52,Pastelería Crema,Pastel zanahoria chico,futuro
2025-08-25,1.36,Pastelería Crema,Pastel zanahoria chico,futuro
2025-08-26,1.48,Pastelería Crema,Pastel zanahoria chico,futuro
2025-08-27,2.58,Pastelería Crema,Pastel zanahoria chico,futuro
2025-08-28,2.29,Pastelería Crema,Pastel zanahoria chico,futuro
2025-08-29,1.66,Pastelería Crema,Pastel zanahoria chico,futuro
2025-08-30,2.14,Pastelería Crema,Pastel zanahoria chico,futuro
2025-08-31,1.51,Pastelería Crema,Pastel zanahoria chico,futuro
2025-09-01,1.22,Pastelería Crema,Pastel zanahoria chico,futuro
2025-09-02,0.94,Pastelería Crema,Pastel zanahoria chico,futuro
2025-09-03,1.24,Pastelería Crema,Pastel zanahoria chico,futuro
2025-09-04,0.98,Pastelería Crema,Pastel zanahoria chico,futuro
2025-09-05,1.34,Pastelería Crema,Pastel zanahoria chico,futuro
2025-09-06,2.16,Pastelería Crema,Pastel zanahoria chico,futuro
2025-09-07,1.42,Pastelería Crema,Pastel zanahoria chico,futuro
2025-09-08,1.38,Pastelería Crema,Pastel zanahoria chico,futuro
2025-09-09,1.1,Pastelería Crema,Pastel zanahoria chico,futuro
2025-09-10,1.14,Pastelería Crema,Pastel zanahoria chico,futuro
2025-09-11,1.11,Pastelería Crema,Pastel zanahoria chico,futuro
2025-09-12,1.39,Pastelería Crema,Pastel zanahoria chico,futuro
2025-09-13,2.24,Pastelería Crema,Pastel zanahoria chico,futuro
2025-09-14,1.51,Pastelería Crema,Pastel zanahoria chico,futuro
2025-09-15,1.52,Pastelería Crema,Pastel zanahoria chico,futuro
2025-09-16,1.03,Pastelería Crema,Pastel zanahoria chico,futuro
2025-09-17,1.2,Pastelería Crema,Pastel zanahoria chico,futuro
2025-09-18,0.98,Pastelería Crema,Pastel zanahoria chico,futuro
2025-09-19,1.39,Pastelería Crema,Pastel zanahoria chico,futuro
2025-09-20,2.17,Pastelería Crema,Pastel zanahoria chico,futuro
2025-09-21,1.52,Pastelería Crema,Pastel zanahoria chico,futuro
2025-09-22,1.36,Pastelería Crema,Pastel zanahoria chico,futuro
2025-09-23,1.14,Pastelería Crema,Pastel zanahoria chico,futuro
2025-09-24,1.22,Pastelería Crema,Pastel zanahoria chico,futuro
2025-09-25,1.05,Pastelería Crema,Pastel zanahoria chico,futuro
2025-09-26,1.39,Pastelería Crema,Pastel zanahoria chico,futuro
2025-09-27,2.22,Pastelería Crema,Pastel zanahoria chico,futuro
2025-09-28,1.51,Pastelería Crema,Pastel zanahoria chico,futuro
2025-09-29,1.52,Pastelería Crema,Pastel zanahoria chico,futuro
2025-09-30,1.15,Pastelería Crema,Pastel zanahoria chico,futuro
2025-10-01,1.21,Pastelería Crema,Pastel zanahoria chico,futuro
2025-10-02,0.97,Pastelería Crema,Pastel zanahoria chico,futuro
2025-10-03,1.4,Pastelería Crema,Pastel zanahoria chico,futuro
2025-10-04,2.11,Pastelería Crema,Pastel zanahoria chico,futuro
2024-06-10,0.4,Pastelería Crema,Pay de Limón,futuro
2024-06-11,0.16,Pastelería Crema,Pay de Limón,futuro
2024-06-12,0.25,Pastelería Crema,Pay de Limón,futuro
2024-06-13,0.18,Pastelería Crema,Pay de Limón,futuro
2024-06-14,0.34,Pastelería Crema,Pay de Limón,futuro
2024-06-15,1.32,Pastelería Crema,Pay de Limón,futuro
2024-06-16,0.51,Pastelería Crema,Pay de Limón,futuro
2024-06-17,0.3,Pastelería Crema,Pay de Limón,futuro
2024-06-18,0.09,Pastelería Crema,Pay de Limón,futuro
2024-06-19,0.35,Pastelería Crema,Pay de Limón,futuro
2024-06-20,0.27,Pastelería Crema,Pay de Limón,futuro
2024-06-21,0.45,Pastelería Crema,Pay de Limón,futuro
2024-06-22,0.8,Pastelería Crema,Pay de Limón,futuro
2024-06-23,0.79,Pastelería Crema,Pay de Limón,futuro
2024-06-24,0.26,Pastelería Crema,Pay de Limón,futuro
2024-06-25,0.21,Pastelería Crema,Pay de Limón,futuro
2024-06-26,0.27,Pastelería Crema,Pay de Limón,futuro
2024-06-27,0.32,Pastelería Crema,Pay de Limón,futuro
2024-06-28,0.15,Pastelería Crema,Pay de Limón,futuro
2024-06-29,0.63,Pastelería Crema,Pay de Limón,futuro
2024-06-30,0.66,Pastelería Crema,Pay de Limón,futuro
2024-07-01,0.25,Pastelería Crema,Pay de Limón,futuro
2024-07-02,0.23,Pastelería Crema,Pay de Limón,futuro
2024-07-03,0.26,Pastelería Crema,Pay de Limón,futuro
2024-07-04,0.23,Pastelería Crema,Pay de Limón,futuro
2024-07-05,0.24,Pastelería Crema,Pay de Limón,futuro
2024-07-06,0.71,Pastelería Crema,Pay de Limón,futuro
2024-07-07,0.7,Pastelería Crema,Pay de Limón,futuro
2024-07-08,0.25,Pastelería Crema,Pay de Limón,futuro
2024-07-09,0.23,Pastelería Crema,Pay de Limón,futuro
2024-07-10,0.26,Pastelería Crema,Pay de Limón,futuro
2024-07-11,0.23,Pastelería Crema,Pay de Limón,futuro
2024-07-12,0.24,Pastelería Crema,Pay de Limón,futuro
2024-07-13,0.71,Pastelería Crema,Pay de Limón,futuro
2024-07-14,0.7,Pastelería Crema,Pay de Limón,futuro
2024-07-15,0.25,Pastelería Crema,Pay de Limón,futuro
2024-07-16,0.23,Pastelería Crema,Pay de Limón,futuro
2024-07-17,0.26,Pastelería Crema,Pay de Limón,futuro
2024-07-18,0.23,Pastelería Crema,Pay de Limón,futuro
2024-07-19,0.24,Pastelería Crema,Pay de Limón,futuro
2024-07-20,0.71,Pastelería Crema,Pay de Limón,futuro
2024-07-21,0.7,Pastelería Crema,Pay de Limón,futuro
2024-07-22,0.25,Pastelería Crema,Pay de Limón,futuro
2024-07-23,0.23,Pastelería Crema,Pay de Limón,futuro
2024-07-24,0.26,Pastelería Crema,Pay de Limón,futuro
2024-07-25,0.23,Pastelería Crema,Pay de Limón,futuro
2024-07-26,0.24,Pastelería Crema,Pay de Limón,futuro
2024-07-27,0.71,Pastelería Crema,Pay de Limón,futuro
2024-07-28,0.7,Pastelería Crema,Pay de Limón,futuro
2024-07-29,0.25,Pastelería Crema,Pay de Limón,futuro
2024-07-30,0.23,Pastelería Crema,Pay de Limón,futuro
2024-07-31,0.26,Pastelería Crema,Pay de Limón,futuro
2024-08-01,0.26,Pastelería Crema,Pay de Limón,futuro
2024-08-02,0.26,Pastelería Crema,Pay de Limón,futuro
2024-08-03,0.74,Pastelería Crema,Pay de Limón,futuro
2024-08-04,0.72,Pastelería Crema,Pay de Limón,futuro
2024-08-05,0.28,Pastelería Crema,Pay de Limón,futuro
2024-08-06,0.26,Pastelería Crema,Pay de Limón,futuro
2024-08-07,0.28,Pastelería Crema,Pay de Limón,futuro
2024-08-08,0.26,Pastelería Crema,Pay de Limón,futuro
2024-08-09,0.26,Pastelería Crema,Pay de Limón,futuro
2024-08-10,0.74,Pastelería Crema,Pay de Limón,futuro
2024-08-11,0.72,Pastelería Crema,Pay de Limón,futuro
2024-08-12,0.28,Pastelería Crema,Pay de Limón,futuro
2024-08-13,0.26,Pastelería Crema,Pay de Limón,futuro
2024-08-14,0.28,Pastelería Crema,Pay de Limón,futuro
2024-08-15,0.26,Pastelería Crema,Pay de Limón,futuro
2024-08-16,0.26,Pastelería Crema,Pay de Limón,futuro
2024-08-17,0.74,Pastelería Crema,Pay de Limón,futuro
2024-08-18,0.72,Pastelería Crema,Pay de Limón,futuro
2024-08-19,0.28,Pastelería Crema,Pay de Limón,futuro
2024-08-20,0.26,Pastelería Crema,Pay de Limón,futuro
2024-08-21,0.28,Pastelería Crema,Pay de Limón,futuro
2024-08-22,0.26,Pastelería Crema,Pay de Limón,futuro
2024-08-23,0.26,Pastelería Crema,Pay de Limón,futuro
2024-08-24,0.74,Pastelería Crema,Pay de Limón,futuro
2024-08-25,0.72,Pastelería Crema,Pay de Limón,futuro
2024-08-26,0.37,Pastelería Crema,Pay de Limón,futuro
2024-08-27,0.34,Pastelería Crema,Pay de Limón,futuro
2024-08-28,0.55,Pastelería Crema,Pay de Limón,futuro
2024-08-29,0.23,Pastelería Crema,Pay de Limón,futuro
2024-08-30,0.25,Pastelería Crema,Pay de Limón,futuro
2024-08-31,0.72,Pastelería Crema,Pay de Limón,futuro
2024-09-01,0.81,Pastelería Crema,Pay de Limón,futuro
2024-09-02,0.32,Pastelería Crema,Pay de Limón,futuro
2024-09-03,0.44,Pastelería Crema,Pay de Limón,futuro
2024-09-04,0.48,Pastelería Crema,Pay de Limón,futuro
2024-09-05,0.46,Pastelería Crema,Pay de Limón,futuro
2024-09-06,0.54,Pastelería Crema,Pay de Limón,futuro
2024-09-07,0.82,Pastelería Crema,Pay de Limón,futuro
2025-12-15,4.09,Pastelería Mantequilla,Moka Grande,futuro
2025-12-16,4.06,Pastelería Mantequilla,Moka Grande,futuro
2025-12-17,3.76,Pastelería Mantequilla,Moka Grande,futuro
2025-12-18,3.9,Pastelería Mantequilla,Moka Grande,futuro
2025-12-19,4.26,Pastelería Mantequilla,Moka Grande,futuro
2025-12-20,9.36,Pastelería Mantequilla,Moka Grande,futuro
2025-12-21,7.3,Pastelería Mantequilla,Moka Grande,futuro
2025-12-22,3.32,Pastelería Mantequilla,Moka Grande,futuro
2025-12-23,3.55,Pastelería Mantequilla,Moka Grande,futuro
2025-12-24,4.97,Pastelería Mantequilla,Moka Grande,futuro
2025-12-25,4.98,Pastelería Mantequilla,Moka Grande,futuro
2025-12-26,6.01,Pastelería Mantequilla,Moka Grande,futuro
2025-12-27,8.16,Pastelería Mantequilla,Moka Grande,futuro
2025-12-28,7.34,Pastelería Mantequilla,Moka Grande,futuro
2025-12-29,3.35,Pastelería Mantequilla,Moka Grande,futuro
2025-12-30,3.04,Pastelería Mantequilla,Moka Grande,futuro
2025-12-31,6.92,Pastelería Mantequilla,Moka Grande,futuro
2026-01-01,6.8,Pastelería Mantequilla,Moka Grande,futuro
2026-01-02,2.93,Pastelería Mantequilla,Moka Grande,futuro
2026-01-03,10.05,Pastelería Mantequilla,Moka Grande,futuro
2026-01-04,7.3,Pastelería Mantequilla,Moka Grande,futuro
2026-01-05,1.74,Pastelería Mantequilla,Moka Grande,futuro
2026-01-06,2.37,Pastelería Mantequilla,Moka Grande,futuro
2026-01-07,2.44,Pastelería Mantequilla,Moka Grande,futuro
2026-01-08,2.75,Pastelería Mantequilla,Moka Grande,futuro
2026-01-09,4.2,Pastelería Mantequilla,Moka Grande,futuro
2026-01-10,9.36,Pastelería Mantequilla,Moka Grande,futuro
2026-01-11,7.23,Pastelería Mantequilla,Moka Grande,futuro
2026-01-12,2.57,Pastelería Mantequilla,Moka Grande,futuro
2026-01-13,2.59,Pastelería Mantequilla,Moka Grande,futuro
2026-01-14,2.49,Pastelería Mantequilla,Moka Grande,futuro
2026-01-15,3.16,Pastelería Mantequilla,Moka Grande,futuro
2026-01-16,4.29,Pastelería Mantequilla,Moka Grande,futuro
2026-01-17,10.27,Pastelería Mantequilla,Moka Grande,futuro
2026-01-18,8.34,Pastelería Mantequilla,Moka Grande,futuro
2026-01-19,2.51,Pastelería Mantequilla,Moka Grande,futuro
2026-01-20,2.58,Pastelería Mantequilla,Moka Grande,futuro
2026-01-21,2.63,Pastelería Mantequilla,Moka Grande,futuro
2026-01-22,3.09,Pastelería Mantequilla,Moka Grande,futuro
2026-01-23,4.27,Pastelería Mantequilla,Moka Grande,futuro
2026-01-24,9.9,Pastelería Mantequilla,Moka Grande,futuro
2026-01-25,7.88,Pastelería Mantequilla,Moka Grande,futuro
2026-01-26,2.53,Pastelería Mantequilla,Moka Grande,futuro
2026-01-27,2.58,Pastelería Mantequilla,Moka Grande,futuro
2026-01-28,2.6,Pastelería Mantequilla,Moka Grande,futuro
2026-01-29,3.16,Pastelería Mantequilla,Moka Grande,futuro
2026-01-30,4.41,Pastelería Mantequilla,Moka Grande,futuro
2026-01-31,10.02,Pastelería Mantequilla,Moka Grande,futuro
2026-02-01,8.15,Pastelería Mantequilla,Moka Grande,futuro
2026-02-02,2.44,Pastelería Mantequilla,Moka Grande,futuro
2026-02-03,2.58,Pastelería Mantequilla,Moka Grande,futuro
2026-02-04,2.6,Pastelería Mantequilla,Moka Grande,futuro
2026-02-05,3.08,Pastelería Mantequilla,Moka Grande,futuro
2026-02-06,4.27,Pastelería Mantequilla,Moka Grande,futuro
2026-02-07,10.64,Pastelería Mantequilla,Moka Grande,futuro
2026-02-08,7.85,Pastelería Mantequilla,Moka Grande,futuro
2026-02-09,2.51,Pastelería Mantequilla,Moka Grande,futuro
2026-02-10,2.58,Pastelería Mantequilla,Moka Grande,futuro
2026-02-11,2.6,Pastelería Mantequilla,Moka Grande,futuro
2026-02-12,3.15,Pastelería Mantequilla,Moka Grande,futuro
2026-02-13,4.4,Pastelería Mantequilla,Moka Grande,futuro
2026-02-14,10.78,Pastelería Mantequilla,Moka Grande,futuro
2026-02-15,7.88,Pastelería Mantequilla,Moka Grande,futuro
2026-02-16,2.54,Pastelería Mantequilla,Moka Grande,futuro
2026-02-17,2.58,Pastelería Mantequilla,Moka Grande,futuro
2026-02-18,2.6,Pastelería Mantequilla,Moka Grande,futuro
2026-02-19,3.13,Pastelería Mantequilla,Moka Grande,futuro
2026-02-20,4.27,Pastelería Mantequilla,Moka Grande,futuro
2026-02-21,10.83,Pastelería Mantequilla,Moka Grande,futuro
2026-02-22,7.85,Pastelería Mantequilla,Moka Grande,futuro
2026-02-23,2.54,Pastelería Mantequilla,Moka Grande,futuro
2026-02-24,2.58,Pastelería Mantequilla,Moka Grande,futuro
2026-02-25,2.6,Pastelería Mantequilla,Moka Grande,futuro
2026-02-26,3.13,Pastelería Mantequilla,Moka Grande,futuro
2026-02-27,4.27,Pastelería Mantequilla,Moka Grande,futuro
2026-02-28,10.83,Pastelería Mantequilla,Moka Grande,futuro
2026-03-01,7.85,Pastelería Mantequilla,Moka Grande,futuro
2026-03-02,2.54,Pastelería Mantequilla,Moka Grande,futuro
2026-03-03,2.58,Pastelería Mantequilla,Moka Grande,futuro
2026-03-04,2.6,Pastelería Mantequilla,Moka Grande,futuro
2026-03-05,3.13,Pastelería Mantequilla,Moka Grande,futuro
2026-03-06,4.27,Pastelería Mantequilla,Moka Grande,futuro
2026-03-07,10.86,Pastelería Mantequilla,Moka Grande,futuro
2026-03-08,7.85,Pastelería Mantequilla,Moka Grande,futuro
2026-03-09,2.54,Pastelería Mantequilla,Moka Grande,futuro
2026-03-10,2.58,Pastelería Mantequilla,Moka Grande,futuro
2026-03-11,2.6,Pastelería Mantequilla,Moka Grande,futuro
2026-03-12,3.13,Pastelería Mantequilla,Moka Grande,futuro
2026-03-13,4.27,Pastelería Mantequilla,Moka Grande,futuro
2026-03-14,10.86,Pastelería Mantequilla,Moka Grande,futuro
2025-12-15,2.57,Pastelería Mantequilla,Pastel Alemán,futuro
2025-12-16,2.51,Pastelería Mantequilla,Pastel Alemán,futuro
2025-12-17,2.37,Pastelería Mantequilla,Pastel Alemán,futuro
2025-12-18,2.45,Pastelería Mantequilla,Pastel Alemán,futuro
2025-12-19,2.96,Pastelería Mantequilla,Pastel Alemán,futuro
2025-12-20,3.82,Pastelería Mantequilla,Pastel Alemán,futuro
2025-12-21,3.99,Pastelería Mantequilla,Pastel Alemán,futuro
2025-12-22,2.87,Pastelería Mantequilla,Pastel Alemán,futuro
2025-12-23,2.18,Pastelería Mantequilla,Pastel Alemán,futuro
2025-12-24,8.94,Pastelería Mantequilla,Pastel Alemán,futuro
2025-12-25,3.3,Pastelería Mantequilla,Pastel Alemán,futuro
2025-12-26,4.59,Pastelería Mantequilla,Pastel Alemán,futuro
2025-12-27,4.25,Pastelería Mantequilla,Pastel Alemán,futuro
2025-12-28,5.27,Pastelería Mantequilla,Pastel Alemán,futuro
2025-12-29,3.22,Pastelería Mantequilla,Pastel Alemán,futuro
2025-12-30,3.77,Pastelería Mantequilla,Pastel Alemán,futuro
2025-12-31,5.19,Pastelería Mantequilla,Pastel Alemán,futuro
2026-01-01,3.28,Pastelería Mantequilla,Pastel Alemán,futuro
2026-01-02,4.99,Pastelería Mantequilla,Pastel Alemán,futuro
2026-01-03,4.1,Pastelería Mantequilla,Pastel Alemán,futuro
2026-01-04,3.93,Pastelería Mantequilla,Pastel Alemán,futuro
2026-01-05,3.11,Pastelería Mantequilla,Pastel Alemán,futuro
2026-01-06,3.01,Pastelería Mantequilla,Pastel Alemán,futuro
2026-01-07,2.64,Pastelería Mantequilla,Pastel Alemán,futuro
2026-01-08,2.56,Pastelería Mantequilla,Pastel Alemán,futuro
2026-01-09,3.16,Pastelería Mantequilla,Pastel Alemán,futuro
2026-01-10,4.42,Pastelería Mantequilla,Pastel Alemán,futuro
2026-01-11,3.75,Pastelería Mantequilla,Pastel Alemán,futuro
2026-01-12,2.49,Pastelería Mantequilla,Pastel Alemán,futuro
2026-01-13,2.54,Pastelería Mantequilla,Pastel Alemán,futuro
2026-01-14,2.37,Pastelería Mantequilla,Pastel Alemán,futuro
2026-01-15,2.4,Pastelería Mantequilla,Pastel Alemán,futuro
2026-01-16,3.13,Pastelería Mantequilla,Pastel Alemán,futuro
2026-01-17,3.81,Pastelería Mantequilla,Pastel Alemán,futuro
2026-01-18,3.65,Pastelería Mantequilla,Pastel Alemán,futuro
2026-01-19,2.18,Pastelería Mantequilla,Pastel Alemán,futuro
2026-01-20,2.25,Pastelería Mantequilla,Pastel Alemán,futuro
2026-01-21,2.22,Pastelería Mantequilla,Pastel Alemán,futuro
2026-01-22,2.2,Pastelería Mantequilla,Pastel Alemán,futuro
2026-01-23,2.97,Pastelería Mantequilla,Pastel Alemán,futuro
2026-01-24,3.88,Pastelería Mantequilla,Pastel Alemán,futuro
2026-01-25,3.66,Pastelería Mantequilla,Pastel Alemán,futuro
2026-01-26,2.21,Pastelería Mantequilla,Pastel Alemán,futuro
2026-01-27,2.23,Pastelería Mantequilla,Pastel Alemán,futuro
2026-01-28,2.27,Pastelería Mantequilla,Pastel Alemán,futuro
2026-01-29,2.12,Pastelería Mantequilla,Pastel Alemán,futuro
2026-01-30,2.79,Pastelería Mantequilla,Pastel Alemán,futuro
2026-01-31,3.79,Pastelería Mantequilla,Pastel Alemán,futuro
2026-02-01,3.77,Pastelería Mantequilla,Pastel Alemán,futuro
2026-02-02,2.22,Pastelería Mantequilla,Pastel Alemán,futuro
2026-02-03,2.27,Pastelería Mantequilla,Pastel Alemán,futuro
2026-02-04,2.27,Pastelería Mantequilla,Pastel Alemán,futuro
2026-02-05,2.21,Pastelería Mantequilla,Pastel Alemán,futuro
2026-02-06,2.91,Pastelería Mantequilla,Pastel Alemán,futuro
2026-02-07,3.92,Pastelería Mantequilla,Pastel Alemán,futuro
2026-02-08,3.77,Pastelería Mantequilla,Pastel Alemán,futuro
2026-02-09,2.22,Pastelería Mantequilla,Pastel Alemán,futuro
2026-02-10,2.27,Pastelería Mantequilla,Pastel Alemán,futuro
2026-02-11,2.27,Pastelería Mantequilla,Pastel Alemán,futuro
2026-02-12,2.21,Pastelería Mantequilla,Pastel Alemán,futuro
2026-02-13,2.91,Pastelería Mantequilla,Pastel Alemán,futuro
2026-02-14,3.92,Pastelería Mantequilla,Pastel Alemán,futuro
2026-02-15,3.77,Pastelería Mantequilla,Pastel Alemán,futuro
2026-02-16,2.22,Pastelería Mantequilla,Pastel Alemán,futuro
2026-02-17,2.27,Pastelería Mantequilla,Pastel Alemán,futuro
2026-02-18,2.27,Pastelería Mantequilla,Pastel Alemán,futuro
2026-02-19,2.21,Pastelería Mantequilla,Pastel Alemán,futuro
2026-02-20,2.91,Pastelería Mantequilla,Pastel Alemán,futuro
2026-02-21,3.92,Pastelería Mantequilla,Pastel Alemán,futuro
2026-02-22,3.77,Pastelería Mantequilla,Pastel Alemán,futuro
2026-02-23,2.22,Pastelería Mantequilla,Pastel Alemán,futuro
2026-02-24,2.27,Pastelería Mantequilla,Pastel Alemán,futuro
2026-02-25,2.27,Pastelería Mantequilla,Pastel Alemán,futuro
2026-02-26,2.21,Pastelería Mantequilla,Pastel Alemán,futuro
2026-02-27,2.91,Pastelería Mantequilla,Pastel Alemán,futuro
2026-02-28,3.92,Pastelería Mantequilla,Pastel Alemán,futuro
2026-03-01,3.76,Pastelería Mantequilla,Pastel Alemán,futuro
2026-03-02,2.17,Pastelería Mantequilla,Pastel Alemán,futuro
2026-03-03,2.19,Pastelería Mantequilla,Pastel Alemán,futuro
2026-03-04,2.2,Pastelería Mantequilla,Pastel Alemán,futuro
2026-03-05,2.13,Pastelería Mantequilla,Pastel Alemán,futuro
2026-03-06,2.8,Pastelería Mantequilla,Pastel Alemán,futuro
2026-03-07,3.86,Pastelería Mantequilla,Pastel Alemán,futuro
2026-03-08,3.76,Pastelería Mantequilla,Pastel Alemán,futuro
2026-03-09,2.17,Pastelería Mantequilla,Pastel Alemán,futuro
2026-03-10,2.19,Pastelería Mantequilla,Pastel Alemán,futuro
2026-03-11,2.2,Pastelería Mantequilla,Pastel Alemán,futuro
2026-03-12,2.13,Pastelería Mantequilla,Pastel Alemán,futuro
2026-03-13,2.8,Pastelería Mantequilla,Pastel Alemán,futuro
2026-03-14,3.86,Pastelería Mantequilla,Pastel Alemán,futuro
2025-07-02,0.7,Pastelería Mantequilla,Pastel Cheesecake con mermelada de fresa,futuro
2025-07-03,0.58,Pastelería Mantequilla,Pastel Cheesecake con mermelada de fresa,futuro
2025-07-04,0.64,Pastelería Mantequilla,Pastel Cheesecake con mermelada de fresa,futuro
2025-07-05,0.72,Pastelería Mantequilla,Pastel Cheesecake con mermelada de fresa,futuro
2025-07-06,0.9,Pastelería Mantequilla,Pastel Cheesecake con mermelada de fresa,futuro
2025-07-07,0.73,Pastelería Mantequilla,Pastel Cheesecake con mermelada de fresa,futuro
2025-07-08,0.69,Pastelería Mantequilla,Pastel Cheesecake con mermelada de fresa,futuro
2025-07-09,0.55,Pastelería Mantequilla,Pastel Cheesecake con mermelada de fresa,futuro
2025-07-10,0.55,Pastelería Mantequilla,Pastel Cheesecake con mermelada de fresa,futuro
2025-07-11,0.54,Pastelería Mantequilla,Pastel Cheesecake con mermelada de fresa,futuro
2025-07-12,0.69,Pastelería Mantequilla,Pastel Cheesecake con mermelada de fresa,futuro
2025-07-13,0.89,Pastelería Mantequilla,Pastel Cheesecake con mermelada de fresa,futuro
2025-07-14,0.73,Pastelería Mantequilla,Pastel Cheesecake con mermelada de fresa,futuro
2025-07-15,0.67,Pastelería Mantequilla,Pastel Cheesecake con mermelada de fresa,futuro
2025-07-16,0.52,Pastelería Mantequilla,Pastel Cheesecake con mermelada de fresa,futuro
2025-07-17,0.55,Pastelería Mantequilla,Pastel Cheesecake con mermelada de fresa,futuro
2025-07-18,0.59,Pastelería Mantequilla,Pastel Cheesecake con mermelada de fresa,futuro
2025-07-19,0.69,Pastelería Mantequilla,Pastel Cheesecake con mermelada de fresa,futuro
2025-07-20,0.88,Pastelería Mantequilla,Pastel Cheesecake con mermelada de fresa,futuro
2025-07-21,0.73,Pastelería Mantequilla,Pastel Cheesecake con mermelada de fresa,futuro
2025-07-22,0.67,Pastelería Mantequilla,Pastel Cheesecake con mermelada de fresa,futuro
2025-07-23,0.52,Pastelería Mantequilla,Pastel Cheesecake con mermelada de fresa,futuro
2025-07-24,0.55,Pastelería Mantequilla,Pastel Cheesecake con mermelada de fresa,futuro
2025-07-25,0.59,Pastelería Mantequilla,Pastel Cheesecake con mermelada de fresa,futuro
2025-07-26,0.69,Pastelería Mantequilla,Pastel Cheesecake con mermelada de fresa,futuro
2025-07-27,0.88,Pastelería Mantequilla,Pastel Cheesecake con mermelada de fresa,futuro
2025-07-28,0.73,Pastelería Mantequilla,Pastel Cheesecake con mermelada de fresa,futuro
2025-07-29,0.67,Pastelería Mantequilla,Pastel Cheesecake con mermelada de fresa,futuro
2025-07-30,0.52,Pastelería Mantequilla,Pastel Cheesecake con mermelada de fresa,futuro
2025-07-31,0.55,Pastelería Mantequilla,Pastel Cheesecake con mermelada de fresa,futuro
2025-08-01,0.59,Pastelería Mantequilla,Pastel Cheesecake con mermelada de fresa,futuro
2025-08-02,0.69,Pastelería Mantequilla,Pastel Cheesecake con mermelada de fresa,futuro
2025-08-03,0.88,Pastelería Mantequilla,Pastel Cheesecake con mermelada de fresa,futuro
2025-08-04,0.73,Pastelería Mantequilla,Pastel Cheesecake con mermelada de fresa,futuro
2025-08-05,0.67,Pastelería Mantequilla,Pastel Cheesecake con mermelada de fresa,futuro
2025-08-06,0.52,Pastelería Mantequilla,Pastel Cheesecake con mermelada de fresa,futuro
2025-08-07,0.55,Pastelería Mantequilla,Pastel Cheesecake con mermelada de fresa,futuro
2025-08-08,0.59,Pastelería Mantequilla,Pastel Cheesecake con mermelada de fresa,futuro
2025-08-09,0.69,Pastelería Mantequilla,Pastel Cheesecake con mermelada de fresa,futuro
2025-08-10,0.88,Pastelería Mantequilla,Pastel Cheesecake con mermelada de fresa,futuro
2025-08-11,0.73,Pastelería Mantequilla,Pastel Cheesecake con mermelada de fresa,futuro
2025-08-12,0.67,Pastelería Mantequilla,Pastel Cheesecake con mermelada de fresa,futuro
2025-08-13,0.52,Pastelería Mantequilla,Pastel Cheesecake con mermelada de fresa,futuro
2025-08-14,0.55,Pastelería Mantequilla,Pastel Cheesecake con mermelada de fresa,futuro
2025-08-15,0.59,Pastelería Mantequilla,Pastel Cheesecake con mermelada de fresa,futuro
2025-08-16,0.69,Pastelería Mantequilla,Pastel Cheesecake con mermelada de fresa,futuro
2025-08-17,0.88,Pastelería Mantequilla,Pastel Cheesecake con mermelada de fresa,futuro
2025-08-18,0.73,Pastelería Mantequilla,Pastel Cheesecake con mermelada de fresa,futuro
2025-08-19,0.67,Pastelería Mantequilla,Pastel Cheesecake con mermelada de fresa,futuro
2025-08-20,0.52,Pastelería Mantequilla,Pastel Cheesecake con mermelada de fresa,futuro
2025-08-21,0.55,Pastelería Mantequilla,Pastel Cheesecake con mermelada de fresa,futuro
2025-08-22,0.59,Pastelería Mantequilla,Pastel Cheesecake con mermelada de fresa,futuro
2025-08-23,0.69,Pastelería Mantequilla,Pastel Cheesecake con mermelada de fresa,futuro
2025-08-24,0.88,Pastelería Mantequilla,Pastel Cheesecake con mermelada de fresa,futuro
2025-08-25,0.73,Pastelería Mantequilla,Pastel Cheesecake con mermelada de fresa,futuro
2025-08-26,0.67,Pastelería Mantequilla,Pastel Cheesecake con mermelada de fresa,futuro
2025-08-27,0.52,Pastelería Mantequilla,Pastel Cheesecake con mermelada de fresa,futuro
2025-08-28,0.55,Pastelería Mantequilla,Pastel Cheesecake con mermelada de fresa,futuro
2025-08-29,0.59,Pastelería Mantequilla,Pastel Cheesecake con mermelada de fresa,futuro
2025-08-30,0.69,Pastelería Mantequilla,Pastel Cheesecake con mermelada de fresa,futuro
2025-08-31,0.88,Pastelería Mantequilla,Pastel Cheesecake con mermelada de fresa,futuro
2025-09-01,0.77,Pastelería Mantequilla,Pastel Cheesecake con mermelada de fresa,futuro
2025-09-02,0.71,Pastelería Mantequilla,Pastel Cheesecake con mermelada de fresa,futuro
2025-09-03,0.53,Pastelería Mantequilla,Pastel Cheesecake con mermelada de fresa,futuro
2025-09-04,0.56,Pastelería Mantequilla,Pastel Cheesecake con mermelada de fresa,futuro
2025-09-05,0.6,Pastelería Mantequilla,Pastel Cheesecake con mermelada de fresa,futuro
2025-09-06,0.69,Pastelería Mantequilla,Pastel Cheesecake con mermelada de fresa,futuro
2025-09-07,0.92,Pastelería Mantequilla,Pastel Cheesecake con mermelada de fresa,futuro
2025-09-08,0.77,Pastelería Mantequilla,Pastel Cheesecake con mermelada de fresa,futuro
2025-09-09,0.71,Pastelería Mantequilla,Pastel Cheesecake con mermelada de fresa,futuro
2025-09-10,0.53,Pastelería Mantequilla,Pastel Cheesecake con mermelada de fresa,futuro
2025-09-11,0.56,Pastelería Mantequilla,Pastel Cheesecake con mermelada de fresa,futuro
2025-09-12,0.6,Pastelería Mantequilla,Pastel Cheesecake con mermelada de fresa,futuro
2025-09-13,0.69,Pastelería Mantequilla,Pastel Cheesecake con mermelada de fresa,futuro
2025-09-14,0.92,Pastelería Mantequilla,Pastel Cheesecake con mermelada de fresa,futuro
2025-09-15,0.77,Pastelería Mantequilla,Pastel Cheesecake con mermelada de fresa,futuro
2025-09-16,0.71,Pastelería Mantequilla,Pastel Cheesecake con mermelada de fresa,futuro
2025-09-17,0.53,Pastelería Mantequilla,Pastel Cheesecake con mermelada de fresa,futuro
2025-09-18,0.56,Pastelería Mantequilla,Pastel Cheesecake con mermelada de fresa,futuro
2025-09-19,0.6,Pastelería Mantequilla,Pastel Cheesecake con mermelada de fresa,futuro
2025-09-20,0.69,Pastelería Mantequilla,Pastel Cheesecake con mermelada de fresa,futuro
2025-09-21,0.92,Pastelería Mantequilla,Pastel Cheesecake con mermelada de fresa,futuro
2025-09-22,0.77,Pastelería Mantequilla,Pastel Cheesecake con mermelada de fresa,futuro
2025-09-23,0.71,Pastelería Mantequilla,Pastel Cheesecake con mermelada de fresa,futuro
2025-09-24,0.53,Pastelería Mantequilla,Pastel Cheesecake con mermelada de fresa,futuro
2025-09-25,0.56,Pastelería Mantequilla,Pastel Cheesecake con mermelada de fresa,futuro
2025-09-26,0.6,Pastelería Mantequilla,Pastel Cheesecake con mermelada de fresa,futuro
2025-09-27,0.69,Pastelería Mantequilla,Pastel Cheesecake con mermelada de fresa,futuro
2025-09-28,0.92,Pastelería Mantequilla,Pastel Cheesecake con mermelada de fresa,futuro
2025-09-29,0.77,Pastelería Mantequilla,Pastel Cheesecake con mermelada de fresa,futuro
2025-12-15,1.76,Pastelería Mantequilla,Pastel Cookies and cream,futuro
2025-12-16,0.99,Pastelería Mantequilla,Pastel Cookies and cream,futuro
2025-12-17,1.07,Pastelería Mantequilla,Pastel Cookies and cream,futuro
2025-12-18,1.13,Pastelería Mantequilla,Pastel Cookies and cream,futuro
2025-12-19,1.45,Pastelería Mantequilla,Pastel Cookies and cream,futuro
2025-12-20,1.44,Pastelería Mantequilla,Pastel Cookies and cream,futuro
2025-12-21,2.34,Pastelería Mantequilla,Pastel Cookies and cream,futuro
2025-12-22,1.12,Pastelería Mantequilla,Pastel Cookies and cream,futuro
2025-12-23,0.91,Pastelería Mantequilla,Pastel Cookies and cream,futuro
2025-12-24,0.92,Pastelería Mantequilla,Pastel Cookies and cream,futuro
2025-12-25,1.28,Pastelería Mantequilla,Pastel Cookies and cream,futuro
2025-12-26,1.09,Pastelería Mantequilla,Pastel Cookies and cream,futuro
2025-12-27,2.12,Pastelería Mantequilla,Pastel Cookies and cream,futuro
2025-12-28,1.68,Pastelería Mantequilla,Pastel Cookies and cream,futuro
2025-12-29,1.54,Pastelería Mantequilla,Pastel Cookies and cream,futuro
2025-12-30,1.68,Pastelería Mantequilla,Pastel Cookies and cream,futuro
2025-12-31,3.52,Pastelería Mantequilla,Pastel Cookies and cream,futuro
2026-01-01,3.28,Pastelería Mantequilla,Pastel Cookies and cream,futuro
2026-01-02,1.11,Pastelería Mantequilla,Pastel Cookies and cream,futuro
2026-01-03,1.98,Pastelería Mantequilla,Pastel Cookies and cream,futuro
2026-01-04,1.96,Pastelería Mantequilla,Pastel Cookies and cream,futuro
2026-01-05,1.08,Pastelería Mantequilla,Pastel Cookies and cream,futuro
2026-01-06,1.07,Pastelería Mantequilla,Pastel Cookies and cream,futuro
2026-01-07,1.2,Pastelería Mantequilla,Pastel Cookies and cream,futuro
2026-01-08,1.16,Pastelería Mantequilla,Pastel Cookies and cream,futuro
2026-01-09,1.21,Pastelería Mantequilla,Pastel Cookies and cream,futuro
2026-01-10,2.31,Pastelería Mantequilla,Pastel Cookies and cream,futuro
2026-01-11,1.6,Pastelería Mantequilla,Pastel Cookies and cream,futuro
2026-01-12,1.37,Pastelería Mantequilla,Pastel Cookies and cream,futuro
2026-01-13,1.34,Pastelería Mantequilla,Pastel Cookies and cream,futuro
2026-01-14,1.42,Pastelería Mantequilla,Pastel Cookies and cream,futuro
2026-01-15,1.4,Pastelería Mantequilla,Pastel Cookies and cream,futuro
2026-01-16,1.13,Pastelería Mantequilla,Pastel Cookies and cream,futuro
2026-01-17,2.1,Pastelería Mantequilla,Pastel Cookies and cream,futuro
2026-01-18,1.53,Pastelería Mantequilla,Pastel Cookies and cream,futuro
2026-01-19,0.99,Pastelería Mantequilla,Pastel Cookies and cream,futuro
2026-01-20,1.09,Pastelería Mantequilla,Pastel Cookies and cream,futuro
2026-01-21,1.26,Pastelería Mantequilla,Pastel Cookies and cream,futuro
2026-01-22,1.27,Pastelería Mantequilla,Pastel Cookies and cream,futuro
2026-01-23,1.2,Pastelería Mantequilla,Pastel Cookies and cream,futuro
2026-01-24,2.53,Pastelería Mantequilla,Pastel Cookies and cream,futuro
2026-01-25,1.6,Pastelería Mantequilla,Pastel Cookies and cream,futuro
2026-01-26,0.99,Pastelería Mantequilla,Pastel Cookies and cream,futuro
2026-01-27,1.09,Pastelería Mantequilla,Pastel Cookies and cream,futuro
2026-01-28,1.27,Pastelería Mantequilla,Pastel Cookies and cream,futuro
2026-01-29,1.25,Pastelería Mantequilla,Pastel Cookies and cream,futuro
2026-01-30,1.19,Pastelería Mantequilla,Pastel Cookies and cream,futuro
2026-01-31,2.37,Pastelería Mantequilla,Pastel Cookies and cream,futuro
2026-02-01,1.93,Pastelería Mantequilla,Pastel Cookies and cream,futuro
2026-02-02,0.98,Pastelería Mantequilla,Pastel Cookies and cream,futuro
2026-02-03,1.05,Pastelería Mantequilla,Pastel Cookies and cream,futuro
2026-02-04,1.19,Pastelería Mantequilla,Pastel Cookies and cream,futuro
2026-02-05,1.27,Pastelería Mantequilla,Pastel Cookies and cream,futuro
2026-02-06,1.21,Pastelería Mantequilla,Pastel Cookies and cream,futuro
2026-02-07,2.5,Pastelería Mantequilla,Pastel Cookies and cream,futuro
2026-02-08,1.83,Pastelería Mantequilla,Pastel Cookies and cream,futuro
2026-02-09,0.98,Pastelería Mantequilla,Pastel Cookies and cream,futuro
2026-02-10,1.05,Pastelería Mantequilla,Pastel Cookies and cream,futuro
2026-02-11,1.19,Pastelería Mantequilla,Pastel Cookies and cream,futuro
2026-02-12,1.19,Pastelería Mantequilla,Pastel Cookies and cream,futuro
2026-02-13,1.21,Pastelería Mantequilla,Pastel Cookies and cream,futuro
2026-02-14,2.5,Pastelería Mantequilla,Pastel Cookies and cream,futuro
2026-02-15,1.93,Pastelería Mantequilla,Pastel Cookies and cream,futuro
2026-02-16,0.98,Pastelería Mantequilla,Pastel Cookies and cream,futuro
2026-02-17,1.05,Pastelería Mantequilla,Pastel Cookies and cream,futuro
2026-02-18,1.19,Pastelería Mantequilla,Pastel Cookies and cream,futuro
2026-02-19,1.19,Pastelería Mantequilla,Pastel Cookies and cream,futuro
2026-02-20,1.14,Pastelería Mantequilla,Pastel Cookies and cream,futuro
2026-02-21,2.5,Pastelería Mantequilla,Pastel Cookies and cream,futuro
2026-02-22,1.93,Pastelería Mantequilla,Pastel Cookies and cream,futuro
2026-02-23,1.04,Pastelería Mantequilla,Pastel Cookies and cream,futuro
2026-02-24,1.0,Pastelería Mantequilla,Pastel Cookies and cream,futuro
2026-02-25,1.3,Pastelería Mantequilla,Pastel Cookies and cream,futuro
2026-02-26,1.08,Pastelería Mantequilla,Pastel Cookies and cream,futuro
2026-02-27,1.37,Pastelería Mantequilla,Pastel Cookies and cream,futuro
2026-02-28,2.1,Pastelería Mantequilla,Pastel Cookies and cream,futuro
2026-03-01,2.51,Pastelería Mantequilla,Pastel Cookies and cream,futuro
2026-03-02,1.07,Pastelería Mantequilla,Pastel Cookies and cream,futuro
2026-03-03,1.02,Pastelería Mantequilla,Pastel Cookies and cream,futuro
2026-03-04,1.19,Pastelería Mantequilla,Pastel Cookies and cream,futuro
2026-03-05,1.17,Pastelería Mantequilla,Pastel Cookies and cream,futuro
2026-03-06,1.16,Pastelería Mantequilla,Pastel Cookies and cream,futuro
2026-03-07,2.92,Pastelería Mantequilla,Pastel Cookies and cream,futuro
2026-03-08,1.97,Pastelería Mantequilla,Pastel Cookies and cream,futuro
2026-03-09,1.07,Pastelería Mantequilla,Pastel Cookies and cream,futuro
2026-03-10,1.07,Pastelería Mantequilla,Pastel Cookies and cream,futuro
2026-03-11,1.27,Pastelería Mantequilla,Pastel Cookies and cream,futuro
2026-03-12,1.17,Pastelería Mantequilla,Pastel Cookies and cream,futuro
2026-03-13,1.18,Pastelería Mantequilla,Pastel Cookies and cream,futuro
2026-03-14,2.92,Pastelería Mantequilla,Pastel Cookies and cream,futuro
2025-06-28,1.33,Pastelería Mantequilla,Pastel Imposible,futuro
2025-06-29,1.28,Pastelería Mantequilla,Pastel Imposible,futuro
2025-06-30,0.63,Pastelería Mantequilla,Pastel Imposible,futuro
2025-07-01,0.98,Pastelería Mantequilla,Pastel Imposible,futuro
2025-07-02,1.01,Pastelería Mantequilla,Pastel Imposible,futuro
2025-07-03,0.72,Pastelería Mantequilla,Pastel Imposible,futuro
2025-07-04,1.11,Pastelería Mantequilla,Pastel Imposible,futuro
2025-07-05,2.06,Pastelería Mantequilla,Pastel Imposible,futuro
2025-07-06,1.39,Pastelería Mantequilla,Pastel Imposible,futuro
2025-07-07,1.03,Pastelería Mantequilla,Pastel Imposible,futuro
2025-07-08,0.89,Pastelería Mantequilla,Pastel Imposible,futuro
2025-07-09,0.95,Pastelería Mantequilla,Pastel Imposible,futuro
2025-07-10,1.03,Pastelería Mantequilla,Pastel Imposible,futuro
2025-07-11,0.98,Pastelería Mantequilla,Pastel Imposible,futuro
2025-07-12,1.54,Pastelería Mantequilla,Pastel Imposible,futuro
2025-07-13,1.27,Pastelería Mantequilla,Pastel Imposible,futuro
2025-07-14,0.77,Pastelería Mantequilla,Pastel Imposible,futuro
2025-07-15,0.89,Pastelería Mantequilla,Pastel Imposible,futuro
2025-07-16,0.95,Pastelería Mantequilla,Pastel Imposible,futuro
2025-07-17,0.9,Pastelería Mantequilla,Pastel Imposible,futuro
2025-07-18,1.15,Pastelería Mantequilla,Pastel Imposible,futuro
2025-07-19,1.54,Pastelería Mantequilla,Pastel Imposible,futuro
2025-07-20,1.23,Pastelería Mantequilla,Pastel Imposible,futuro
2025-07-21,0.71,Pastelería Mantequilla,Pastel Imposible,futuro
2025-07-22,0.72,Pastelería Mantequilla,Pastel Imposible,futuro
2025-07-23,0.81,Pastelería Mantequilla,Pastel Imposible,futuro
2025-07-24,0.89,Pastelería Mantequilla,Pastel Imposible,futuro
2025-07-25,0.94,Pastelería Mantequilla,Pastel Imposible,futuro
2025-07-26,1.52,Pastelería Mantequilla,Pastel Imposible,futuro
2025-07-27,1.17,Pastelería Mantequilla,Pastel Imposible,futuro
2025-07-28,0.64,Pastelería Mantequilla,Pastel Imposible,futuro
2025-07-29,0.8,Pastelería Mantequilla,Pastel Imposible,futuro
2025-07-30,0.91,Pastelería Mantequilla,Pastel Imposible,futuro
2025-07-31,0.87,Pastelería Mantequilla,Pastel Imposible,futuro
2025-08-01,0.94,Pastelería Mantequilla,Pastel Imposible,futuro
2025-08-02,1.48,Pastelería Mantequilla,Pastel Imposible,futuro
2025-08-03,1.17,Pastelería Mantequilla,Pastel Imposible,futuro
2025-08-04,0.6,Pastelería Mantequilla,Pastel Imposible,futuro
2025-08-05,0.73,Pastelería Mantequilla,Pastel Imposible,futuro
2025-08-06,0.81,Pastelería Mantequilla,Pastel Imposible,futuro
2025-08-07,0.84,Pastelería Mantequilla,Pastel Imposible,futuro
2025-08-08,0.93,Pastelería Mantequilla,Pastel Imposible,futuro
2025-08-09,1.48,Pastelería Mantequilla,Pastel Imposible,futuro
2025-08-10,1.17,Pastelería Mantequilla,Pastel Imposible,futuro
2025-08-11,0.6,Pastelería Mantequilla,Pastel Imposible,futuro
2025-08-12,0.73,Pastelería Mantequilla,Pastel Imposible,futuro
2025-08-13,0.81,Pastelería Mantequilla,Pastel Imposible,futuro
2025-08-14,0.84,Pastelería Mantequilla,Pastel Imposible,futuro
2025-08-15,0.93,Pastelería Mantequilla,Pastel Imposible,futuro
2025-08-16,1.48,Pastelería Mantequilla,Pastel Imposible,futuro
2025-08-17,1.17,Pastelería Mantequilla,Pastel Imposible,futuro
2025-08-18,0.6,Pastelería Mantequilla,Pastel Imposible,futuro
2025-08-19,0.73,Pastelería Mantequilla,Pastel Imposible,futuro
2025-08-20,0.81,Pastelería Mantequilla,Pastel Imposible,futuro
2025-08-21,0.84,Pastelería Mantequilla,Pastel Imposible,futuro
2025-08-22,0.93,Pastelería Mantequilla,Pastel Imposible,futuro
2025-08-23,1.48,Pastelería Mantequilla,Pastel Imposible,futuro
2025-08-24,1.17,Pastelería Mantequilla,Pastel Imposible,futuro
2025-08-25,0.6,Pastelería Mantequilla,Pastel Imposible,futuro
2025-08-26,1.26,Pastelería Mantequilla,Pastel Imposible,futuro
2025-08-27,0.88,Pastelería Mantequilla,Pastel Imposible,futuro
2025-08-28,1.0,Pastelería Mantequilla,Pastel Imposible,futuro
2025-08-29,1.48,Pastelería Mantequilla,Pastel Imposible,futuro
2025-08-30,1.46,Pastelería Mantequilla,Pastel Imposible,futuro
2025-08-31,1.17,Pastelería Mantequilla,Pastel Imposible,futuro
2025-09-01,0.7,Pastelería Mantequilla,Pastel Imposible,futuro
2025-09-02,0.84,Pastelería Mantequilla,Pastel Imposible,futuro
2025-09-03,0.89,Pastelería Mantequilla,Pastel Imposible,futuro
2025-09-04,0.88,Pastelería Mantequilla,Pastel Imposible,futuro
2025-09-05,1.09,Pastelería Mantequilla,Pastel Imposible,futuro
2025-09-06,1.64,Pastelería Mantequilla,Pastel Imposible,futuro
2025-09-07,1.41,Pastelería Mantequilla,Pastel Imposible,futuro
2025-09-08,0.82,Pastelería Mantequilla,Pastel Imposible,futuro
2025-09-09,0.96,Pastelería Mantequilla,Pastel Imposible,futuro
2025-09-10,0.96,Pastelería Mantequilla,Pastel Imposible,futuro
2025-09-11,0.9,Pastelería Mantequilla,Pastel Imposible,futuro
2025-09-12,1.04,Pastelería Mantequilla,Pastel Imposible,futuro
2025-09-13,1.58,Pastelería Mantequilla,Pastel Imposible,futuro
2025-09-14,1.29,Pastelería Mantequilla,Pastel Imposible,futuro
2025-09-15,0.8,Pastelería Mantequilla,Pastel Imposible,futuro
2025-09-16,0.88,Pastelería Mantequilla,Pastel Imposible,futuro
2025-09-17,0.96,Pastelería Mantequilla,Pastel Imposible,futuro
2025-09-18,0.9,Pastelería Mantequilla,Pastel Imposible,futuro
2025-09-19,1.04,Pastelería Mantequilla,Pastel Imposible,futuro
2025-09-20,1.58,Pastelería Mantequilla,Pastel Imposible,futuro
2025-09-21,1.29,Pastelería Mantequilla,Pastel Imposible,futuro
2025-09-22,0.8,Pastelería Mantequilla,Pastel Imposible,futuro
2025-09-23,0.88,Pastelería Mantequilla,Pastel Imposible,futuro
2025-09-24,0.96,Pastelería Mantequilla,Pastel Imposible,futuro
2025-09-25,0.9,Pastelería Mantequilla,Pastel Imposible,futuro
2024-04-15,0.77,Pastelería Mantequilla,Pastel Imposible Capuchino,futuro
2024-04-16,0.32,Pastelería Mantequilla,Pastel Imposible Capuchino,futuro
2024-04-17,0.29,Pastelería Mantequilla,Pastel Imposible Capuchino,futuro
2024-04-18,0.56,Pastelería Mantequilla,Pastel Imposible Capuchino,futuro
2024-04-19,0.62,Pastelería Mantequilla,Pastel Imposible Capuchino,futuro
2024-04-20,1.07,Pastelería Mantequilla,Pastel Imposible Capuchino,futuro
2024-04-21,0.64,Pastelería Mantequilla,Pastel Imposible Capuchino,futuro
2024-04-22,0.56,Pastelería Mantequilla,Pastel Imposible Capuchino,futuro
2024-04-23,0.37,Pastelería Mantequilla,Pastel Imposible Capuchino,futuro
2024-04-24,0.41,Pastelería Mantequilla,Pastel Imposible Capuchino,futuro
2024-04-25,0.35,Pastelería Mantequilla,Pastel Imposible Capuchino,futuro
2024-04-26,0.45,Pastelería Mantequilla,Pastel Imposible Capuchino,futuro
2024-04-27,0.88,Pastelería Mantequilla,Pastel Imposible Capuchino,futuro
2024-04-28,0.66,Pastelería Mantequilla,Pastel Imposible Capuchino,futuro
2024-04-29,0.51,Pastelería Mantequilla,Pastel Imposible Capuchino,futuro
2024-04-30,0.36,Pastelería Mantequilla,Pastel Imposible Capuchino,futuro
2024-05-01,0.36,Pastelería Mantequilla,Pastel Imposible Capuchino,futuro
2024-05-02,0.3,Pastelería Mantequilla,Pastel Imposible Capuchino,futuro
2024-05-03,0.46,Pastelería Mantequilla,Pastel Imposible Capuchino,futuro
2024-05-04,0.89,Pastelería Mantequilla,Pastel Imposible Capuchino,futuro
2024-05-05,0.68,Pastelería Mantequilla,Pastel Imposible Capuchino,futuro
2024-05-06,0.5,Pastelería Mantequilla,Pastel Imposible Capuchino,futuro
2024-05-07,0.36,Pastelería Mantequilla,Pastel Imposible Capuchino,futuro
2024-05-08,0.45,Pastelería Mantequilla,Pastel Imposible Capuchino,futuro
2024-05-09,0.3,Pastelería Mantequilla,Pastel Imposible Capuchino,futuro
2024-05-10,2.1,Pastelería Mantequilla,Pastel Imposible Capuchino,futuro
2024-05-11,0.86,Pastelería Mantequilla,Pastel Imposible Capuchino,futuro
2024-05-12,0.78,Pastelería Mantequilla,Pastel Imposible Capuchino,futuro
2024-05-13,0.48,Pastelería Mantequilla,Pastel Imposible Capuchino,futuro
2024-05-14,0.38,Pastelería Mantequilla,Pastel Imposible Capuchino,futuro
2024-05-15,0.38,Pastelería Mantequilla,Pastel Imposible Capuchino,futuro
2024-05-16,0.24,Pastelería Mantequilla,Pastel Imposible Capuchino,futuro
2024-05-17,0.55,Pastelería Mantequilla,Pastel Imposible Capuchino,futuro
2024-05-18,1.13,Pastelería Mantequilla,Pastel Imposible Capuchino,futuro
2024-05-19,0.62,Pastelería Mantequilla,Pastel Imposible Capuchino,futuro
2024-05-20,0.51,Pastelería Mantequilla,Pastel Imposible Capuchino,futuro
2024-05-21,0.35,Pastelería Mantequilla,Pastel Imposible Capuchino,futuro
2024-05-22,0.36,Pastelería Mantequilla,Pastel Imposible Capuchino,futuro
2024-05-23,0.45,Pastelería Mantequilla,Pastel Imposible Capuchino,futuro
2024-05-24,0.37,Pastelería Mantequilla,Pastel Imposible Capuchino,futuro
2024-05-25,0.84,Pastelería Mantequilla,Pastel Imposible Capuchino,futuro
2024-05-26,0.61,Pastelería Mantequilla,Pastel Imposible Capuchino,futuro
2024-05-27,0.5,Pastelería Mantequilla,Pastel Imposible Capuchino,futuro
2024-05-28,0.35,Pastelería Mantequilla,Pastel Imposible Capuchino,futuro
2024-05-29,0.36,Pastelería Mantequilla,Pastel Imposible Capuchino,futuro
2024-05-30,0.3,Pastelería Mantequilla,Pastel Imposible Capuchino,futuro
2024-05-31,0.46,Pastelería Mantequilla,Pastel Imposible Capuchino,futuro
2024-06-01,0.91,Pastelería Mantequilla,Pastel Imposible Capuchino,futuro
2024-06-02,0.69,Pastelería Mantequilla,Pastel Imposible Capuchino,futuro
2024-06-03,0.68,Pastelería Mantequilla,Pastel Imposible Capuchino,futuro
2024-06-04,0.56,Pastelería Mantequilla,Pastel Imposible Capuchino,futuro
2024-06-05,0.57,Pastelería Mantequilla,Pastel Imposible Capuchino,futuro
2024-06-06,0.57,Pastelería Mantequilla,Pastel Imposible Capuchino,futuro
2024-06-07,0.61,Pastelería Mantequilla,Pastel Imposible Capuchino,futuro
2024-06-08,0.88,Pastelería Mantequilla,Pastel Imposible Capuchino,futuro
2024-06-09,0.69,Pastelería Mantequilla,Pastel Imposible Capuchino,futuro
2024-06-10,0.68,Pastelería Mantequilla,Pastel Imposible Capuchino,futuro
2024-06-11,0.56,Pastelería Mantequilla,Pastel Imposible Capuchino,futuro
2024-06-12,0.57,Pastelería Mantequilla,Pastel Imposible Capuchino,futuro
2024-06-13,0.57,Pastelería Mantequilla,Pastel Imposible Capuchino,futuro
2024-06-14,0.61,Pastelería Mantequilla,Pastel Imposible Capuchino,futuro
2024-06-15,1.04,Pastelería Mantequilla,Pastel Imposible Capuchino,futuro
2024-06-16,2.71,Pastelería Mantequilla,Pastel Imposible Capuchino,futuro
2024-06-17,1.08,Pastelería Mantequilla,Pastel Imposible Capuchino,futuro
2024-06-18,0.36,Pastelería Mantequilla,Pastel Imposible Capuchino,futuro
2024-06-19,0.34,Pastelería Mantequilla,Pastel Imposible Capuchino,futuro
2024-06-20,0.61,Pastelería Mantequilla,Pastel Imposible Capuchino,futuro
2024-06-21,0.41,Pastelería Mantequilla,Pastel Imposible Capuchino,futuro
2024-06-22,0.8,Pastelería Mantequilla,Pastel Imposible Capuchino,futuro
2024-06-23,0.57,Pastelería Mantequilla,Pastel Imposible Capuchino,futuro
2024-06-24,0.71,Pastelería Mantequilla,Pastel Imposible Capuchino,futuro
2024-06-25,0.31,Pastelería Mantequilla,Pastel Imposible Capuchino,futuro
2024-06-26,0.77,Pastelería Mantequilla,Pastel Imposible Capuchino,futuro
2024-06-27,0.83,Pastelería Mantequilla,Pastel Imposible Capuchino,futuro
2024-06-28,1.08,Pastelería Mantequilla,Pastel Imposible Capuchino,futuro
2024-06-29,1.06,Pastelería Mantequilla,Pastel Imposible Capuchino,futuro
2024-06-30,0.72,Pastelería Mantequilla,Pastel Imposible Capuchino,futuro
2024-07-01,0.6,Pastelería Mantequilla,Pastel Imposible Capuchino,futuro
2024-07-02,0.43,Pastelería Mantequilla,Pastel Imposible Capuchino,futuro
2024-07-03,0.48,Pastelería Mantequilla,Pastel Imposible Capuchino,futuro
2024-07-04,0.42,Pastelería Mantequilla,Pastel Imposible Capuchino,futuro
2024-07-05,0.59,Pastelería Mantequilla,Pastel Imposible Capuchino,futuro
2024-07-06,1.11,Pastelería Mantequilla,Pastel Imposible Capuchino,futuro
2024-07-07,0.61,Pastelería Mantequilla,Pastel Imposible Capuchino,futuro
2024-07-08,0.6,Pastelería Mantequilla,Pastel Imposible Capuchino,futuro
2024-07-09,0.44,Pastelería Mantequilla,Pastel Imposible Capuchino,futuro
2024-07-10,0.47,Pastelería Mantequilla,Pastel Imposible Capuchino,futuro
2024-07-11,0.46,Pastelería Mantequilla,Pastel Imposible Capuchino,futuro
2024-07-12,0.59,Pastelería Mantequilla,Pastel Imposible Capuchino,futuro
2024-07-13,0.89,Pastelería Mantequilla,Pastel Imposible Capuchino,futuro
2024-09-28,1.43,Pastelería Mantequilla,Pastel Marmoleado,futuro
2024-09-29,1.19,Pastelería Mantequilla,Pastel Marmoleado,futuro
2024-09-30,0.76,Pastelería Mantequilla,Pastel Marmoleado,futuro
2024-10-01,0.67,Pastelería Mantequilla,Pastel Marmoleado,futuro
2024-10-02,0.68,Pastelería Mantequilla,Pastel Marmoleado,futuro
2024-10-03,0.84,Pastelería Mantequilla,Pastel Marmoleado,futuro
2024-10-04,0.8,Pastelería Mantequilla,Pastel Marmoleado,futuro
2024-10-05,1.55,Pastelería Mantequilla,Pastel Marmoleado,futuro
2024-10-06,1.27,Pastelería Mantequilla,Pastel Marmoleado,futuro
2024-10-07,0.61,Pastelería Mantequilla,Pastel Marmoleado,futuro
2024-10-08,0.68,Pastelería Mantequilla,Pastel Marmoleado,futuro
2024-10-09,0.69,Pastelería Mantequilla,Pastel Marmoleado,futuro
2024-10-10,0.9,Pastelería Mantequilla,Pastel Marmoleado,futuro
2024-10-11,1.24,Pastelería Mantequilla,Pastel Marmoleado,futuro
2024-10-12,1.68,Pastelería Mantequilla,Pastel Marmoleado,futuro
2024-10-13,1.16,Pastelería Mantequilla,Pastel Marmoleado,futuro
2024-10-14,0.55,Pastelería Mantequilla,Pastel Marmoleado,futuro
2024-10-15,0.74,Pastelería Mantequilla,Pastel Marmoleado,futuro
2024-10-16,0.69,Pastelería Mantequilla,Pastel Marmoleado,futuro
2024-10-17,0.85,Pastelería Mantequilla,Pastel Marmoleado,futuro
2024-10-18,1.2,Pastelería Mantequilla,Pastel Marmoleado,futuro
2024-10-19,1.69,Pastelería Mantequilla,Pastel Marmoleado,futuro
2024-10-20,1.16,Pastelería Mantequilla,Pastel Marmoleado,futuro
2024-10-21,0.55,Pastelería Mantequilla,Pastel Marmoleado,futuro
2024-10-22,0.74,Pastelería Mantequilla,Pastel Marmoleado,futuro
2024-10-23,0.69,Pastelería Mantequilla,Pastel Marmoleado,futuro
2024-10-24,0.88,Pastelería Mantequilla,Pastel Marmoleado,futuro
2024-10-25,1.2,Pastelería Mantequilla,Pastel Marmoleado,futuro
2024-10-26,1.69,Pastelería Mantequilla,Pastel Marmoleado,futuro
2024-10-27,1.16,Pastelería Mantequilla,Pastel Marmoleado,futuro
2024-10-28,0.55,Pastelería Mantequilla,Pastel Marmoleado,futuro
2024-10-29,0.74,Pastelería Mantequilla,Pastel Marmoleado,futuro
2024-10-30,0.69,Pastelería Mantequilla,Pastel Marmoleado,futuro
2024-10-31,0.88,Pastelería Mantequilla,Pastel Marmoleado,futuro
2024-11-01,1.28,Pastelería Mantequilla,Pastel Marmoleado,futuro
2024-11-02,1.74,Pastelería Mantequilla,Pastel Marmoleado,futuro
2024-11-03,1.28,Pastelería Mantequilla,Pastel Marmoleado,futuro
2024-11-04,0.69,Pastelería Mantequilla,Pastel Marmoleado,futuro
2024-11-05,0.88,Pastelería Mantequilla,Pastel Marmoleado,futuro
2024-11-06,0.82,Pastelería Mantequilla,Pastel Marmoleado,futuro
2024-11-07,0.97,Pastelería Mantequilla,Pastel Marmoleado,futuro
2024-11-08,1.28,Pastelería Mantequilla,Pastel Marmoleado,futuro
2024-11-09,1.74,Pastelería Mantequilla,Pastel Marmoleado,futuro
2024-11-10,1.28,Pastelería Mantequilla,Pastel Marmoleado,futuro
2024-11-11,0.69,Pastelería Mantequilla,Pastel Marmoleado,futuro
2024-11-12,0.88,Pastelería Mantequilla,Pastel Marmoleado,futuro
2024-11-13,0.82,Pastelería Mantequilla,Pastel Marmoleado,futuro
2024-11-14,0.97,Pastelería Mantequilla,Pastel Marmoleado,futuro
2024-11-15,1.28,Pastelería Mantequilla,Pastel Marmoleado,futuro
2024-11-16,1.74,Pastelería Mantequilla,Pastel Marmoleado,futuro
2024-11-17,1.28,Pastelería Mantequilla,Pastel Marmoleado,futuro
2024-11-18,0.69,Pastelería Mantequilla,Pastel Marmoleado,futuro
2024-11-19,0.88,Pastelería Mantequilla,Pastel Marmoleado,futuro
2024-11-20,0.82,Pastelería Mantequilla,Pastel Marmoleado,futuro
2024-11-21,0.97,Pastelería Mantequilla,Pastel Marmoleado,futuro
2024-11-22,1.28,Pastelería Mantequilla,Pastel Marmoleado,futuro
2024-11-23,1.74,Pastelería Mantequilla,Pastel Marmoleado,futuro
2024-11-24,1.28,Pastelería Mantequilla,Pastel Marmoleado,futuro
2024-11-25,0.69,Pastelería Mantequilla,Pastel Marmoleado,futuro
2024-11-26,0.88,Pastelería Mantequilla,Pastel Marmoleado,futuro
2024-11-27,0.82,Pastelería Mantequilla,Pastel Marmoleado,futuro
2024-11-28,0.97,Pastelería Mantequilla,Pastel Marmoleado,futuro
2024-11-29,1.28,Pastelería Mantequilla,Pastel Marmoleado,futuro
2024-11-30,1.74,Pastelería Mantequilla,Pastel Marmoleado,futuro
2024-12-01,1.28,Pastelería Mantequilla,Pastel Marmoleado,futuro
2024-12-02,0.74,Pastelería Mantequilla,Pastel Marmoleado,futuro
2024-12-03,0.94,Pastelería Mantequilla,Pastel Marmoleado,futuro
2024-12-04,0.93,Pastelería Mantequilla,Pastel Marmoleado,futuro
2024-12-05,1.12,Pastelería Mantequilla,Pastel Marmoleado,futuro
2024-12-06,1.27,Pastelería Mantequilla,Pastel Marmoleado,futuro
2024-12-07,1.77,Pastelería Mantequilla,Pastel Marmoleado,futuro
2024-12-08,1.23,Pastelería Mantequilla,Pastel Marmoleado,futuro
2024-12-09,0.8,Pastelería Mantequilla,Pastel Marmoleado,futuro
2024-12-10,0.87,Pastelería Mantequilla,Pastel Marmoleado,futuro
2024-12-11,0.89,Pastelería Mantequilla,Pastel Marmoleado,futuro
2024-12-12,1.12,Pastelería Mantequilla,Pastel Marmoleado,futuro
2024-12-13,1.32,Pastelería Mantequilla,Pastel Marmoleado,futuro
2024-12-14,1.77,Pastelería Mantequilla,Pastel Marmoleado,futuro
2024-12-15,1.25,Pastelería Mantequilla,Pastel Marmoleado,futuro
2024-12-16,0.81,Pastelería Mantequilla,Pastel Marmoleado,futuro
2024-12-17,0.92,Pastelería Mantequilla,Pastel Marmoleado,futuro
2024-12-18,0.86,Pastelería Mantequilla,Pastel Marmoleado,futuro
2024-12-19,1.09,Pastelería Mantequilla,Pastel Marmoleado,futuro
2024-12-20,1.28,Pastelería Mantequilla,Pastel Marmoleado,futuro
2024-12-21,1.81,Pastelería Mantequilla,Pastel Marmoleado,futuro
2024-12-22,1.25,Pastelería Mantequilla,Pastel Marmoleado,futuro
2024-12-23,1.92,Pastelería Mantequilla,Pastel Marmoleado,futuro
2024-12-24,2.17,Pastelería Mantequilla,Pastel Marmoleado,futuro
2024-12-25,2.03,Pastelería Mantequilla,Pastel Marmoleado,futuro
2024-12-26,1.98,Pastelería Mantequilla,Pastel Marmoleado,futuro
2025-12-15,3.11,Pastelería Mantequilla,Pastel Matilda,futuro
2025-12-16,1.79,Pastelería Mantequilla,Pastel Matilda,futuro
2025-12-17,2.68,Pastelería Mantequilla,Pastel Matilda,futuro
2025-12-18,3.07,Pastelería Mantequilla,Pastel Matilda,futuro
2025-12-19,3.76,Pastelería Mantequilla,Pastel Matilda,futuro
2025-12-20,4.81,Pastelería Mantequilla,Pastel Matilda,futuro
2025-12-21,3.17,Pastelería Mantequilla,Pastel Matilda,futuro
2025-12-22,3.32,Pastelería Mantequilla,Pastel Matilda,futuro
2025-12-23,3.35,Pastelería Mantequilla,Pastel Matilda,futuro
2025-12-24,15.78,Pastelería Mantequilla,Pastel Matilda,futuro
2025-12-25,6.38,Pastelería Mantequilla,Pastel Matilda,futuro
2025-12-26,2.46,Pastelería Mantequilla,Pastel Matilda,futuro
2025-12-27,5.23,Pastelería Mantequilla,Pastel Matilda,futuro
2025-12-28,2.35,Pastelería Mantequilla,Pastel Matilda,futuro
2025-12-29,2.19,Pastelería Mantequilla,Pastel Matilda,futuro
2025-12-30,3.11,Pastelería Mantequilla,Pastel Matilda,futuro
2025-12-31,5.36,Pastelería Mantequilla,Pastel Matilda,futuro
2026-01-01,1.1,Pastelería Mantequilla,Pastel Matilda,futuro
2026-01-02,1.93,Pastelería Mantequilla,Pastel Matilda,futuro
2026-01-03,10.92,Pastelería Mantequilla,Pastel Matilda,futuro
2026-01-04,0.74,Pastelería Mantequilla,Pastel Matilda,futuro
2026-01-05,1.91,Pastelería Mantequilla,Pastel Matilda,futuro
2026-01-06,1.98,Pastelería Mantequilla,Pastel Matilda,futuro
2026-01-07,1.86,Pastelería Mantequilla,Pastel Matilda,futuro
2026-01-08,2.09,Pastelería Mantequilla,Pastel Matilda,futuro
2026-01-09,1.61,Pastelería Mantequilla,Pastel Matilda,futuro
2026-01-10,3.92,Pastelería Mantequilla,Pastel Matilda,futuro
2026-01-11,2.19,Pastelería Mantequilla,Pastel Matilda,futuro
2026-01-12,0.96,Pastelería Mantequilla,Pastel Matilda,futuro
2026-01-13,1.8,Pastelería Mantequilla,Pastel Matilda,futuro
2026-01-14,2.17,Pastelería Mantequilla,Pastel Matilda,futuro
2026-01-15,1.89,Pastelería Mantequilla,Pastel Matilda,futuro
2026-01-16,2.35,Pastelería Mantequilla,Pastel Matilda,futuro
2026-01-17,4.22,Pastelería Mantequilla,Pastel Matilda,futuro
2026-01-18,3.02,Pastelería Mantequilla,Pastel Matilda,futuro
2026-01-19,1.9,Pastelería Mantequilla,Pastel Matilda,futuro
2026-01-20,1.93,Pastelería Mantequilla,Pastel Matilda,futuro
2026-01-21,2.11,Pastelería Mantequilla,Pastel Matilda,futuro
2026-01-22,2.2,Pastelería Mantequilla,Pastel Matilda,futuro
2026-01-23,1.95,Pastelería Mantequilla,Pastel Matilda,futuro
2026-01-24,4.24,Pastelería Mantequilla,Pastel Matilda,futuro
2026-01-25,2.35,Pastelería Mantequilla,Pastel Matilda,futuro
2026-01-26,2.35,Pastelería Mantequilla,Pastel Matilda,futuro
2026-01-27,1.94,Pastelería Mantequilla,Pastel Matilda,futuro
2026-01-28,2.11,Pastelería Mantequilla,Pastel Matilda,futuro
2026-01-29,2.1,Pastelería Mantequilla,Pastel Matilda,futuro
2026-01-30,2.2,Pastelería Mantequilla,Pastel Matilda,futuro
2026-01-31,4.45,Pastelería Mantequilla,Pastel Matilda,futuro
2026-02-01,2.42,Pastelería Mantequilla,Pastel Matilda,futuro
2026-02-02,1.8,Pastelería Mantequilla,Pastel Matilda,futuro
2026-02-03,2.14,Pastelería Mantequilla,Pastel Matilda,futuro
2026-02-04,1.92,Pastelería Mantequilla,Pastel Matilda,futuro
2026-02-05,1.8,Pastelería Mantequilla,Pastel Matilda,futuro
2026-02-06,2.34,Pastelería Mantequilla,Pastel Matilda,futuro
2026-02-07,3.97,Pastelería Mantequilla,Pastel Matilda,futuro
2026-02-08,2.18,Pastelería Mantequilla,Pastel Matilda,futuro
2026-02-09,1.88,Pastelería Mantequilla,Pastel Matilda,futuro
2026-02-10,1.98,Pastelería Mantequilla,Pastel Matilda,futuro
2026-02-11,2.65,Pastelería Mantequilla,Pastel Matilda,futuro
2026-02-12,1.47,Pastelería Mantequilla,Pastel Matilda,futuro
2026-02-13,1.92,Pastelería Mantequilla,Pastel Matilda,futuro
2026-02-14,4.37,Pastelería Mantequilla,Pastel Matilda,futuro
2026-02-15,1.94,Pastelería Mantequilla,Pastel Matilda,futuro
2026-02-16,1.62,Pastelería Mantequilla,Pastel Matilda,futuro
2026-02-17,1.87,Pastelería Mantequilla,Pastel Matilda,futuro
2026-02-18,1.86,Pastelería Mantequilla,Pastel Matilda,futuro
2026-02-19,1.91,Pastelería Mantequilla,Pastel Matilda,futuro
2026-02-20,1.77,Pastelería Mantequilla,Pastel Matilda,futuro
2026-02-21,3.75,Pastelería Mantequilla,Pastel Matilda,futuro
2026-02-22,1.97,Pastelería Mantequilla,Pastel Matilda,futuro
2026-02-23,1.51,Pastelería Mantequilla,Pastel Matilda,futuro
2026-02-24,1.93,Pastelería Mantequilla,Pastel Matilda,futuro
2026-02-25,1.91,Pastelería Mantequilla,Pastel Matilda,futuro
2026-02-26,1.61,Pastelería Mantequilla,Pastel Matilda,futuro
2026-02-27,1.88,Pastelería Mantequilla,Pastel Matilda,futuro
2026-02-28,3.65,Pastelería Mantequilla,Pastel Matilda,futuro
2026-03-01,1.89,Pastelería Mantequilla,Pastel Matilda,futuro
2026-03-02,1.32,Pastelería Mantequilla,Pastel Matilda,futuro
2026-03-03,1.74,Pastelería Mantequilla,Pastel Matilda,futuro
2026-03-04,1.82,Pastelería Mantequilla,Pastel Matilda,futuro
2026-03-05,1.6,Pastelería Mantequilla,Pastel Matilda,futuro
2026-03-06,1.72,Pastelería Mantequilla,Pastel Matilda,futuro
2026-03-07,3.61,Pastelería Mantequilla,Pastel Matilda,futuro
2026-03-08,1.89,Pastelería Mantequilla,Pastel Matilda,futuro
2026-03-09,1.32,Pastelería Mantequilla,Pastel Matilda,futuro
2026-03-10,1.74,Pastelería Mantequilla,Pastel Matilda,futuro
2026-03-11,1.82,Pastelería Mantequilla,Pastel Matilda,futuro
2026-03-12,1.6,Pastelería Mantequilla,Pastel Matilda,futuro
2026-03-13,1.72,Pastelería Mantequilla,Pastel Matilda,futuro
2026-03-14,3.61,Pastelería Mantequilla,Pastel Matilda,futuro
2025-12-15,1.29,Pastelería Mantequilla,Pastel Mini Cajeta,futuro
2025-12-16,1.29,Pastelería Mantequilla,Pastel Mini Cajeta,futuro
2025-12-17,1.16,Pastelería Mantequilla,Pastel Mini Cajeta,futuro
2025-12-18,1.04,Pastelería Mantequilla,Pastel Mini Cajeta,futuro
2025-12-19,1.2,Pastelería Mantequilla,Pastel Mini Cajeta,futuro
2025-12-20,1.38,Pastelería Mantequilla,Pastel Mini Cajeta,futuro
2025-12-21,1.6,Pastelería Mantequilla,Pastel Mini Cajeta,futuro
2025-12-22,1.31,Pastelería Mantequilla,Pastel Mini Cajeta,futuro
2025-12-23,1.16,Pastelería Mantequilla,Pastel Mini Cajeta,futuro
2025-12-24,2.36,Pastelería Mantequilla,Pastel Mini Cajeta,futuro
2025-12-25,2.04,Pastelería Mantequilla,Pastel Mini Cajeta,futuro
2025-12-26,1.28,Pastelería Mantequilla,Pastel Mini Cajeta,futuro
2025-12-27,1.31,Pastelería Mantequilla,Pastel Mini Cajeta,futuro
2025-12-28,1.43,Pastelería Mantequilla,Pastel Mini Cajeta,futuro
2025-12-29,1.32,Pastelería Mantequilla,Pastel Mini Cajeta,futuro
2025-12-30,1.33,Pastelería Mantequilla,Pastel Mini Cajeta,futuro
2025-12-31,2.67,Pastelería Mantequilla,Pastel Mini Cajeta,futuro
2026-01-01,2.87,Pastelería Mantequilla,Pastel Mini Cajeta,futuro
2026-01-02,1.99,Pastelería Mantequilla,Pastel Mini Cajeta,futuro
2026-01-03,1.28,Pastelería Mantequilla,Pastel Mini Cajeta,futuro
2026-01-04,1.41,Pastelería Mantequilla,Pastel Mini Cajeta,futuro
2026-01-05,1.33,Pastelería Mantequilla,Pastel Mini Cajeta,futuro
2026-01-06,1.23,Pastelería Mantequilla,Pastel Mini Cajeta,futuro
2026-01-07,1.04,Pastelería Mantequilla,Pastel Mini Cajeta,futuro
2026-01-08,1.38,Pastelería Mantequilla,Pastel Mini Cajeta,futuro
2026-01-09,1.49,Pastelería Mantequilla,Pastel Mini Cajeta,futuro
2026-01-10,1.28,Pastelería Mantequilla,Pastel Mini Cajeta,futuro
2026-01-11,1.41,Pastelería Mantequilla,Pastel Mini Cajeta,futuro
2026-01-12,1.3,Pastelería Mantequilla,Pastel Mini Cajeta,futuro
2026-01-13,1.2,Pastelería Mantequilla,Pastel Mini Cajeta,futuro
2026-01-14,1.01,Pastelería Mantequilla,Pastel Mini Cajeta,futuro
2026-01-15,1.15,Pastelería Mantequilla,Pastel Mini Cajeta,futuro
2026-01-16,1.24,Pastelería Mantequilla,Pastel Mini Cajeta,futuro
2026-01-17,1.27,Pastelería Mantequilla,Pastel Mini Cajeta,futuro
2026-01-18,1.4,Pastelería Mantequilla,Pastel Mini Cajeta,futuro
2026-01-19,1.29,Pastelería Mantequilla,Pastel Mini Cajeta,futuro
2026-01-20,1.3,Pastelería Mantequilla,Pastel Mini Cajeta,futuro
2026-01-21,1.15,Pastelería Mantequilla,Pastel Mini Cajeta,futuro
2026-01-22,1.15,Pastelería Mantequilla,Pastel Mini Cajeta,futuro
2026-01-23,1.24,Pastelería Mantequilla,Pastel Mini Cajeta,futuro
2026-01-24,1.27,Pastelería Mantequilla,Pastel Mini Cajeta,futuro
2026-01-25,1.4,Pastelería Mantequilla,Pastel Mini Cajeta,futuro
2026-01-26,1.29,Pastelería Mantequilla,Pastel Mini Cajeta,futuro
2026-01-27,1.3,Pastelería Mantequilla,Pastel Mini Cajeta,futuro
2026-01-28,1.15,Pastelería Mantequilla,Pastel Mini Cajeta,futuro
2026-01-29,1.15,Pastelería Mantequilla,Pastel Mini Cajeta,futuro
2026-01-30,1.24,Pastelería Mantequilla,Pastel Mini Cajeta,futuro
2026-01-31,1.27,Pastelería Mantequilla,Pastel Mini Cajeta,futuro
2026-02-01,1.53,Pastelería Mantequilla,Pastel Mini Cajeta,futuro
2026-02-02,1.46,Pastelería Mantequilla,Pastel Mini Cajeta,futuro
2026-02-03,1.47,Pastelería Mantequilla,Pastel Mini Cajeta,futuro
2026-02-04,1.41,Pastelería Mantequilla,Pastel Mini Cajeta,futuro
2026-02-05,1.41,Pastelería Mantequilla,Pastel Mini Cajeta,futuro
2026-02-06,1.47,Pastelería Mantequilla,Pastel Mini Cajeta,futuro
2026-02-07,1.5,Pastelería Mantequilla,Pastel Mini Cajeta,futuro
2026-02-08,1.54,Pastelería Mantequilla,Pastel Mini Cajeta,futuro
2026-02-09,1.48,Pastelería Mantequilla,Pastel Mini Cajeta,futuro
2026-02-10,1.49,Pastelería Mantequilla,Pastel Mini Cajeta,futuro
2026-02-11,1.43,Pastelería Mantequilla,Pastel Mini Cajeta,futuro
2026-02-12,1.43,Pastelería Mantequilla,Pastel Mini Cajeta,futuro
2026-02-13,1.48,Pastelería Mantequilla,Pastel Mini Cajeta,futuro
2026-02-14,1.5,Pastelería Mantequilla,Pastel Mini Cajeta,futuro
2026-02-15,1.54,Pastelería Mantequilla,Pastel Mini Cajeta,futuro
2026-02-16,1.48,Pastelería Mantequilla,Pastel Mini Cajeta,futuro
2026-02-17,1.49,Pastelería Mantequilla,Pastel Mini Cajeta,futuro
2026-02-18,1.43,Pastelería Mantequilla,Pastel Mini Cajeta,futuro
2026-02-19,1.43,Pastelería Mantequilla,Pastel Mini Cajeta,futuro
2026-02-20,1.48,Pastelería Mantequilla,Pastel Mini Cajeta,futuro
2026-02-21,1.5,Pastelería Mantequilla,Pastel Mini Cajeta,futuro
2026-02-22,1.54,Pastelería Mantequilla,Pastel Mini Cajeta,futuro
2026-02-23,1.48,Pastelería Mantequilla,Pastel Mini Cajeta,futuro
2026-02-24,1.49,Pastelería Mantequilla,Pastel Mini Cajeta,futuro
2026-02-25,1.43,Pastelería Mantequilla,Pastel Mini Cajeta,futuro
2026-02-26,1.43,Pastelería Mantequilla,Pastel Mini Cajeta,futuro
2026-02-27,1.48,Pastelería Mantequilla,Pastel Mini Cajeta,futuro
2026-02-28,1.5,Pastelería Mantequilla,Pastel Mini Cajeta,futuro
2026-03-01,1.59,Pastelería Mantequilla,Pastel Mini Cajeta,futuro
2026-03-02,1.54,Pastelería Mantequilla,Pastel Mini Cajeta,futuro
2026-03-03,1.54,Pastelería Mantequilla,Pastel Mini Cajeta,futuro
2026-03-04,1.48,Pastelería Mantequilla,Pastel Mini Cajeta,futuro
2026-03-05,1.48,Pastelería Mantequilla,Pastel Mini Cajeta,futuro
2026-03-06,1.54,Pastelería Mantequilla,Pastel Mini Cajeta,futuro
2026-03-07,1.55,Pastelería Mantequilla,Pastel Mini Cajeta,futuro
2026-03-08,1.59,Pastelería Mantequilla,Pastel Mini Cajeta,futuro
2026-03-09,1.54,Pastelería Mantequilla,Pastel Mini Cajeta,futuro
2026-03-10,1.54,Pastelería Mantequilla,Pastel Mini Cajeta,futuro
2026-03-11,1.48,Pastelería Mantequilla,Pastel Mini Cajeta,futuro
2026-03-12,1.48,Pastelería Mantequilla,Pastel Mini Cajeta,futuro
2026-03-13,1.54,Pastelería Mantequilla,Pastel Mini Cajeta,futuro
2026-03-14,1.55,Pastelería Mantequilla,Pastel Mini Cajeta,futuro
2025-12-15,5.59,Pastelería Mantequilla,Pastel Mini Moka,futuro
2025-12-16,3.65,Pastelería Mantequilla,Pastel Mini Moka,futuro
2025-12-17,3.52,Pastelería Mantequilla,Pastel Mini Moka,futuro
2025-12-18,3.31,Pastelería Mantequilla,Pastel Mini Moka,futuro
2025-12-19,3.19,Pastelería Mantequilla,Pastel Mini Moka,futuro
2025-12-20,4.19,Pastelería Mantequilla,Pastel Mini Moka,futuro
2025-12-21,4.29,Pastelería Mantequilla,Pastel Mini Moka,futuro
2025-12-22,3.94,Pastelería Mantequilla,Pastel Mini Moka,futuro
2025-12-23,4.86,Pastelería Mantequilla,Pastel Mini Moka,futuro
2025-12-24,5.89,Pastelería Mantequilla,Pastel Mini Moka,futuro
2025-12-25,6.52,Pastelería Mantequilla,Pastel Mini Moka,futuro
2025-12-26,4.22,Pastelería Mantequilla,Pastel Mini Moka,futuro
2025-12-27,4.24,Pastelería Mantequilla,Pastel Mini Moka,futuro
2025-12-28,4.24,Pastelería Mantequilla,Pastel Mini Moka,futuro
2025-12-29,3.74,Pastelería Mantequilla,Pastel Mini Moka,futuro
2025-12-30,3.61,Pastelería Mantequilla,Pastel Mini Moka,futuro
2025-12-31,8.25,Pastelería Mantequilla,Pastel Mini Moka,futuro
2026-01-01,4.31,Pastelería Mantequilla,Pastel Mini Moka,futuro
2026-01-02,5.03,Pastelería Mantequilla,Pastel Mini Moka,futuro
2026-01-03,4.52,Pastelería Mantequilla,Pastel Mini Moka,futuro
2026-01-04,4.64,Pastelería Mantequilla,Pastel Mini Moka,futuro
2026-01-05,3.77,Pastelería Mantequilla,Pastel Mini Moka,futuro
2026-01-06,3.53,Pastelería Mantequilla,Pastel Mini Moka,futuro
2026-01-07,3.59,Pastelería Mantequilla,Pastel Mini Moka,futuro
2026-01-08,3.8,Pastelería Mantequilla,Pastel Mini Moka,futuro
2026-01-09,4.0,Pastelería Mantequilla,Pastel Mini Moka,futuro
2026-01-10,4.17,Pastelería Mantequilla,Pastel Mini Moka,futuro
2026-01-11,4.56,Pastelería Mantequilla,Pastel Mini Moka,futuro
2026-01-12,3.4,Pastelería Mantequilla,Pastel Mini Moka,futuro
2026-01-13,3.69,Pastelería Mantequilla,Pastel Mini Moka,futuro
2026-01-14,4.11,Pastelería Mantequilla,Pastel Mini Moka,futuro
2026-01-15,3.79,Pastelería Mantequilla,Pastel Mini Moka,futuro
2026-01-16,3.92,Pastelería Mantequilla,Pastel Mini Moka,futuro
2026-01-17,4.16,Pastelería Mantequilla,Pastel Mini Moka,futuro
2026-01-18,4.26,Pastelería Mantequilla,Pastel Mini Moka,futuro
2026-01-19,3.67,Pastelería Mantequilla,Pastel Mini Moka,futuro
2026-01-20,3.48,Pastelería Mantequilla,Pastel Mini Moka,futuro
2026-01-21,3.65,Pastelería Mantequilla,Pastel Mini Moka,futuro
2026-01-22,3.64,Pastelería Mantequilla,Pastel Mini Moka,futuro
2026-01-23,3.99,Pastelería Mantequilla,Pastel Mini Moka,futuro
2026-01-24,4.2,Pastelería Mantequilla,Pastel Mini Moka,futuro
2026-01-25,4.19,Pastelería Mantequilla,Pastel Mini Moka,futuro
2026-01-26,3.78,Pastelería Mantequilla,Pastel Mini Moka,futuro
2026-01-27,3.72,Pastelería Mantequilla,Pastel Mini Moka,futuro
2026-01-28,3.65,Pastelería Mantequilla,Pastel Mini Moka,futuro
2026-01-29,3.83,Pastelería Mantequilla,Pastel Mini Moka,futuro
2026-01-30,3.92,Pastelería Mantequilla,Pastel Mini Moka,futuro
2026-01-31,4.16,Pastelería Mantequilla,Pastel Mini Moka,futuro
2026-02-01,4.19,Pastelería Mantequilla,Pastel Mini Moka,futuro
2026-02-02,3.67,Pastelería Mantequilla,Pastel Mini Moka,futuro
2026-02-03,3.69,Pastelería Mantequilla,Pastel Mini Moka,futuro
2026-02-04,3.65,Pastelería Mantequilla,Pastel Mini Moka,futuro
2026-02-05,3.83,Pastelería Mantequilla,Pastel Mini Moka,futuro
2026-02-06,3.92,Pastelería Mantequilla,Pastel Mini Moka,futuro
2026-02-07,4.16,Pastelería Mantequilla,Pastel Mini Moka,futuro
2026-02-08,4.19,Pastelería Mantequilla,Pastel Mini Moka,futuro
2026-02-09,3.67,Pastelería Mantequilla,Pastel Mini Moka,futuro
2026-02-10,3.69,Pastelería Mantequilla,Pastel Mini Moka,futuro
2026-02-11,3.65,Pastelería Mantequilla,Pastel Mini Moka,futuro
2026-02-12,3.83,Pastelería Mantequilla,Pastel Mini Moka,futuro
2026-02-13,3.92,Pastelería Mantequilla,Pastel Mini Moka,futuro
2026-02-14,4.16,Pastelería Mantequilla,Pastel Mini Moka,futuro
2026-02-15,4.19,Pastelería Mantequilla,Pastel Mini Moka,futuro
2026-02-16,3.67,Pastelería Mantequilla,Pastel Mini Moka,futuro
2026-02-17,3.69,Pastelería Mantequilla,Pastel Mini Moka,futuro
2026-02-18,3.65,Pastelería Mantequilla,Pastel Mini Moka,futuro
2026-02-19,3.83,Pastelería Mantequilla,Pastel Mini Moka,futuro
2026-02-20,3.92,Pastelería Mantequilla,Pastel Mini Moka,futuro
2026-02-21,4.16,Pastelería Mantequilla,Pastel Mini Moka,futuro
2026-02-22,4.19,Pastelería Mantequilla,Pastel Mini Moka,futuro
2026-02-23,3.67,Pastelería Mantequilla,Pastel Mini Moka,futuro
2026-02-24,3.69,Pastelería Mantequilla,Pastel Mini Moka,futuro
2026-02-25,3.65,Pastelería Mantequilla,Pastel Mini Moka,futuro
2026-02-26,3.83,Pastelería Mantequilla,Pastel Mini Moka,futuro
2026-02-27,3.92,Pastelería Mantequilla,Pastel Mini Moka,futuro
2026-02-28,4.16,Pastelería Mantequilla,Pastel Mini Moka,futuro
2026-03-01,4.14,Pastelería Mantequilla,Pastel Mini Moka,futuro
2026-03-02,3.63,Pastelería Mantequilla,Pastel Mini Moka,futuro
2026-03-03,3.64,Pastelería Mantequilla,Pastel Mini Moka,futuro
2026-03-04,3.61,Pastelería Mantequilla,Pastel Mini Moka,futuro
2026-03-05,3.78,Pastelería Mantequilla,Pastel Mini Moka,futuro
2026-03-06,3.91,Pastelería Mantequilla,Pastel Mini Moka,futuro
2026-03-07,4.16,Pastelería Mantequilla,Pastel Mini Moka,futuro
2026-03-08,4.14,Pastelería Mantequilla,Pastel Mini Moka,futuro
2026-03-09,3.63,Pastelería Mantequilla,Pastel Mini Moka,futuro
2026-03-10,3.64,Pastelería Mantequilla,Pastel Mini Moka,futuro
2026-03-11,3.61,Pastelería Mantequilla,Pastel Mini Moka,futuro
2026-03-12,3.78,Pastelería Mantequilla,Pastel Mini Moka,futuro
2026-03-13,3.91,Pastelería Mantequilla,Pastel Mini Moka,futuro
2026-03-14,4.16,Pastelería Mantequilla,Pastel Mini Moka,futuro
2025-12-15,3.9,Pastelería Mantequilla,Pastel Moka Chico,futuro
2025-12-16,4.55,Pastelería Mantequilla,Pastel Moka Chico,futuro
2025-12-17,4.56,Pastelería Mantequilla,Pastel Moka Chico,futuro
2025-12-18,4.45,Pastelería Mantequilla,Pastel Moka Chico,futuro
2025-12-19,5.47,Pastelería Mantequilla,Pastel Moka Chico,futuro
2025-12-20,6.9,Pastelería Mantequilla,Pastel Moka Chico,futuro
2025-12-21,8.12,Pastelería Mantequilla,Pastel Moka Chico,futuro
2025-12-22,4.6,Pastelería Mantequilla,Pastel Moka Chico,futuro
2025-12-23,5.12,Pastelería Mantequilla,Pastel Moka Chico,futuro
2025-12-24,6.81,Pastelería Mantequilla,Pastel Moka Chico,futuro
2025-12-25,7.51,Pastelería Mantequilla,Pastel Moka Chico,futuro
2025-12-26,4.32,Pastelería Mantequilla,Pastel Moka Chico,futuro
2025-12-27,6.68,Pastelería Mantequilla,Pastel Moka Chico,futuro
2025-12-28,8.02,Pastelería Mantequilla,Pastel Moka Chico,futuro
2025-12-29,4.81,Pastelería Mantequilla,Pastel Moka Chico,futuro
2025-12-30,4.92,Pastelería Mantequilla,Pastel Moka Chico,futuro
2025-12-31,16.86,Pastelería Mantequilla,Pastel Moka Chico,futuro
2026-01-01,8.27,Pastelería Mantequilla,Pastel Moka Chico,futuro
2026-01-02,2.8,Pastelería Mantequilla,Pastel Moka Chico,futuro
2026-01-03,6.18,Pastelería Mantequilla,Pastel Moka Chico,futuro
2026-01-04,7.0,Pastelería Mantequilla,Pastel Moka Chico,futuro
2026-01-05,3.23,Pastelería Mantequilla,Pastel Moka Chico,futuro
2026-01-06,3.32,Pastelería Mantequilla,Pastel Moka Chico,futuro
2026-01-07,3.41,Pastelería Mantequilla,Pastel Moka Chico,futuro
2026-01-08,4.43,Pastelería Mantequilla,Pastel Moka Chico,futuro
2026-01-09,4.29,Pastelería Mantequilla,Pastel Moka Chico,futuro
2026-01-10,6.14,Pastelería Mantequilla,Pastel Moka Chico,futuro
2026-01-11,7.75,Pastelería Mantequilla,Pastel Moka Chico,futuro
2026-01-12,4.15,Pastelería Mantequilla,Pastel Moka Chico,futuro
2026-01-13,3.37,Pastelería Mantequilla,Pastel Moka Chico,futuro
2026-01-14,3.35,Pastelería Mantequilla,Pastel Moka Chico,futuro
2026-01-15,3.85,Pastelería Mantequilla,Pastel Moka Chico,futuro
2026-01-16,4.29,Pastelería Mantequilla,Pastel Moka Chico,futuro
2026-01-17,6.4,Pastelería Mantequilla,Pastel Moka Chico,futuro
2026-01-18,7.58,Pastelería Mantequilla,Pastel Moka Chico,futuro
2026-01-19,4.43,Pastelería Mantequilla,Pastel Moka Chico,futuro
2026-01-20,4.45,Pastelería Mantequilla,Pastel Moka Chico,futuro
2026-01-21,4.3,Pastelería Mantequilla,Pastel Moka Chico,futuro
2026-01-22,4.06,Pastelería Mantequilla,Pastel Moka Chico,futuro
2026-01-23,4.36,Pastelería Mantequilla,Pastel Moka Chico,futuro
2026-01-24,6.39,Pastelería Mantequilla,Pastel Moka Chico,futuro
2026-01-25,7.56,Pastelería Mantequilla,Pastel Moka Chico,futuro
2026-01-26,4.15,Pastelería Mantequilla,Pastel Moka Chico,futuro
2026-01-27,4.35,Pastelería Mantequilla,Pastel Moka Chico,futuro
2026-01-28,4.21,Pastelería Mantequilla,Pastel Moka Chico,futuro
2026-01-29,4.12,Pastelería Mantequilla,Pastel Moka Chico,futuro
2026-01-30,4.3,Pastelería Mantequilla,Pastel Moka Chico,futuro
2026-01-31,6.39,Pastelería Mantequilla,Pastel Moka Chico,futuro
2026-02-01,7.56,Pastelería Mantequilla,Pastel Moka Chico,futuro
2026-02-02,4.15,Pastelería Mantequilla,Pastel Moka Chico,futuro
2026-02-03,4.17,Pastelería Mantequilla,Pastel Moka Chico,futuro
2026-02-04,4.05,Pastelería Mantequilla,Pastel Moka Chico,futuro
2026-02-05,4.03,Pastelería Mantequilla,Pastel Moka Chico,futuro
2026-02-06,4.3,Pastelería Mantequilla,Pastel Moka Chico,futuro
2026-02-07,6.39,Pastelería Mantequilla,Pastel Moka Chico,futuro
2026-02-08,7.56,Pastelería Mantequilla,Pastel Moka Chico,futuro
2026-02-09,4.15,Pastelería Mantequilla,Pastel Moka Chico,futuro
2026-02-10,4.17,Pastelería Mantequilla,Pastel Moka Chico,futuro
2026-02-11,4.05,Pastelería Mantequilla,Pastel Moka Chico,futuro
2026-02-12,4.03,Pastelería Mantequilla,Pastel Moka Chico,futuro
2026-02-13,4.3,Pastelería Mantequilla,Pastel Moka Chico,futuro
2026-02-14,6.39,Pastelería Mantequilla,Pastel Moka Chico,futuro
2026-02-15,7.56,Pastelería Mantequilla,Pastel Moka Chico,futuro
2026-02-16,4.15,Pastelería Mantequilla,Pastel Moka Chico,futuro
2026-02-17,4.17,Pastelería Mantequilla,Pastel Moka Chico,futuro
2026-02-18,4.05,Pastelería Mantequilla,Pastel Moka Chico,futuro
2026-02-19,4.03,Pastelería Mantequilla,Pastel Moka Chico,futuro
2026-02-20,4.3,Pastelería Mantequilla,Pastel Moka Chico,futuro
2026-02-21,6.39,Pastelería Mantequilla,Pastel Moka Chico,futuro
2026-02-22,7.56,Pastelería Mantequilla,Pastel Moka Chico,futuro
2026-02-23,4.15,Pastelería Mantequilla,Pastel Moka Chico,futuro
2026-02-24,4.17,Pastelería Mantequilla,Pastel Moka Chico,futuro
2026-02-25,4.05,Pastelería Mantequilla,Pastel Moka Chico,futuro
2026-02-26,4.03,Pastelería Mantequilla,Pastel Moka Chico,futuro
2026-02-27,4.3,Pastelería Mantequilla,Pastel Moka Chico,futuro
2026-02-28,6.39,Pastelería Mantequilla,Pastel Moka Chico,futuro
2026-03-01,7.56,Pastelería Mantequilla,Pastel Moka Chico,futuro
2026-03-02,4.15,Pastelería Mantequilla,Pastel Moka Chico,futuro
2026-03-03,4.17,Pastelería Mantequilla,Pastel Moka Chico,futuro
2026-03-04,4.05,Pastelería Mantequilla,Pastel Moka Chico,futuro
2026-03-05,4.03,Pastelería Mantequilla,Pastel Moka Chico,futuro
2026-03-06,4.3,Pastelería Mantequilla,Pastel Moka Chico,futuro
2026-03-07,6.39,Pastelería Mantequilla,Pastel Moka Chico,futuro
2026-03-08,7.56,Pastelería Mantequilla,Pastel Moka Chico,futuro
2026-03-09,4.15,Pastelería Mantequilla,Pastel Moka Chico,futuro
2026-03-10,4.17,Pastelería Mantequilla,Pastel Moka Chico,futuro
2026-03-11,4.05,Pastelería Mantequilla,Pastel Moka Chico,futuro
2026-03-12,4.03,Pastelería Mantequilla,Pastel Moka Chico,futuro
2026-03-13,4.3,Pastelería Mantequilla,Pastel Moka Chico,futuro
2026-03-14,6.39,Pastelería Mantequilla,Pastel Moka Chico,futuro
2024-09-28,2.04,Pastelería Mantequilla,Pastel Monserrat,futuro
2024-09-29,1.03,Pastelería Mantequilla,Pastel Monserrat,futuro
2024-09-30,0.57,Pastelería Mantequilla,Pastel Monserrat,futuro
2024-10-01,0.96,Pastelería Mantequilla,Pastel Monserrat,futuro
2024-10-02,0.95,Pastelería Mantequilla,Pastel Monserrat,futuro
2024-10-03,1.24,Pastelería Mantequilla,Pastel Monserrat,futuro
2024-10-04,1.29,Pastelería Mantequilla,Pastel Monserrat,futuro
2024-10-05,1.5,Pastelería Mantequilla,Pastel Monserrat,futuro
2024-10-06,1.23,Pastelería Mantequilla,Pastel Monserrat,futuro
2024-10-07,1.05,Pastelería Mantequilla,Pastel Monserrat,futuro
2024-10-08,0.74,Pastelería Mantequilla,Pastel Monserrat,futuro
2024-10-09,0.86,Pastelería Mantequilla,Pastel Monserrat,futuro
2024-10-10,0.97,Pastelería Mantequilla,Pastel Monserrat,futuro
2024-10-11,1.14,Pastelería Mantequilla,Pastel Monserrat,futuro
2024-10-12,1.69,Pastelería Mantequilla,Pastel Monserrat,futuro
2024-10-13,1.39,Pastelería Mantequilla,Pastel Monserrat,futuro
2024-10-14,0.95,Pastelería Mantequilla,Pastel Monserrat,futuro
2024-10-15,0.89,Pastelería Mantequilla,Pastel Monserrat,futuro
2024-10-16,1.03,Pastelería Mantequilla,Pastel Monserrat,futuro
2024-10-17,0.82,Pastelería Mantequilla,Pastel Monserrat,futuro
2024-10-18,0.93,Pastelería Mantequilla,Pastel Monserrat,futuro
2024-10-19,1.66,Pastelería Mantequilla,Pastel Monserrat,futuro
2024-10-20,1.47,Pastelería Mantequilla,Pastel Monserrat,futuro
2024-10-21,0.96,Pastelería Mantequilla,Pastel Monserrat,futuro
2024-10-22,0.84,Pastelería Mantequilla,Pastel Monserrat,futuro
2024-10-23,0.94,Pastelería Mantequilla,Pastel Monserrat,futuro
2024-10-24,0.92,Pastelería Mantequilla,Pastel Monserrat,futuro
2024-10-25,1.18,Pastelería Mantequilla,Pastel Monserrat,futuro
2024-10-26,1.81,Pastelería Mantequilla,Pastel Monserrat,futuro
2024-10-27,1.06,Pastelería Mantequilla,Pastel Monserrat,futuro
2024-10-28,0.91,Pastelería Mantequilla,Pastel Monserrat,futuro
2024-10-29,0.88,Pastelería Mantequilla,Pastel Monserrat,futuro
2024-10-30,0.91,Pastelería Mantequilla,Pastel Monserrat,futuro
2024-10-31,0.92,Pastelería Mantequilla,Pastel Monserrat,futuro
2024-11-01,1.11,Pastelería Mantequilla,Pastel Monserrat,futuro
2024-11-02,1.59,Pastelería Mantequilla,Pastel Monserrat,futuro
2024-11-03,1.16,Pastelería Mantequilla,Pastel Monserrat,futuro
2024-11-04,0.96,Pastelería Mantequilla,Pastel Monserrat,futuro
2024-11-05,0.84,Pastelería Mantequilla,Pastel Monserrat,futuro
2024-11-06,0.93,Pastelería Mantequilla,Pastel Monserrat,futuro
2024-11-07,0.93,Pastelería Mantequilla,Pastel Monserrat,futuro
2024-11-08,1.11,Pastelería Mantequilla,Pastel Monserrat,futuro
2024-11-09,1.59,Pastelería Mantequilla,Pastel Monserrat,futuro
2024-11-10,1.16,Pastelería Mantequilla,Pastel Monserrat,futuro
2024-11-11,0.96,Pastelería Mantequilla,Pastel Monserrat,futuro
2024-11-12,0.84,Pastelería Mantequilla,Pastel Monserrat,futuro
2024-11-13,0.93,Pastelería Mantequilla,Pastel Monserrat,futuro
2024-11-14,0.93,Pastelería Mantequilla,Pastel Monserrat,futuro
2024-11-15,1.11,Pastelería Mantequilla,Pastel Monserrat,futuro
2024-11-16,1.59,Pastelería Mantequilla,Pastel Monserrat,futuro
2024-11-17,1.16,Pastelería Mantequilla,Pastel Monserrat,futuro
2024-11-18,0.96,Pastelería Mantequilla,Pastel Monserrat,futuro
2024-11-19,0.84,Pastelería Mantequilla,Pastel Monserrat,futuro
2024-11-20,0.93,Pastelería Mantequilla,Pastel Monserrat,futuro
2024-11-21,0.93,Pastelería Mantequilla,Pastel Monserrat,futuro
2024-11-22,1.11,Pastelería Mantequilla,Pastel Monserrat,futuro
2024-11-23,1.59,Pastelería Mantequilla,Pastel Monserrat,futuro
2024-11-24,1.16,Pastelería Mantequilla,Pastel Monserrat,futuro
2024-11-25,0.96,Pastelería Mantequilla,Pastel Monserrat,futuro
2024-11-26,0.84,Pastelería Mantequilla,Pastel Monserrat,futuro
2024-11-27,0.93,Pastelería Mantequilla,Pastel Monserrat,futuro
2024-11-28,0.93,Pastelería Mantequilla,Pastel Monserrat,futuro
2024-11-29,1.11,Pastelería Mantequilla,Pastel Monserrat,futuro
2024-11-30,1.59,Pastelería Mantequilla,Pastel Monserrat,futuro
2024-12-01,1.39,Pastelería Mantequilla,Pastel Monserrat,futuro
2024-12-02,1.18,Pastelería Mantequilla,Pastel Monserrat,futuro
2024-12-03,0.96,Pastelería Mantequilla,Pastel Monserrat,futuro
2024-12-04,1.0,Pastelería Mantequilla,Pastel Monserrat,futuro
2024-12-05,1.06,Pastelería Mantequilla,Pastel Monserrat,futuro
2024-12-06,1.22,Pastelería Mantequilla,Pastel Monserrat,futuro
2024-12-07,1.31,Pastelería Mantequilla,Pastel Monserrat,futuro
2024-12-08,1.35,Pastelería Mantequilla,Pastel Monserrat,futuro
2024-12-09,1.14,Pastelería Mantequilla,Pastel Monserrat,futuro
2024-12-10,0.9,Pastelería Mantequilla,Pastel Monserrat,futuro
2024-12-11,1.08,Pastelería Mantequilla,Pastel Monserrat,futuro
2024-12-12,1.02,Pastelería Mantequilla,Pastel Monserrat,futuro
2024-12-13,0.99,Pastelería Mantequilla,Pastel Monserrat,futuro
2024-12-14,1.49,Pastelería Mantequilla,Pastel Monserrat,futuro
2024-12-15,1.91,Pastelería Mantequilla,Pastel Monserrat,futuro
2024-12-16,1.07,Pastelería Mantequilla,Pastel Monserrat,futuro
2024-12-17,0.95,Pastelería Mantequilla,Pastel Monserrat,futuro
2024-12-18,1.04,Pastelería Mantequilla,Pastel Monserrat,futuro
2024-12-19,1.01,Pastelería Mantequilla,Pastel Monserrat,futuro
2024-12-20,1.0,Pastelería Mantequilla,Pastel Monserrat,futuro
2024-12-21,1.74,Pastelería Mantequilla,Pastel Monserrat,futuro
2024-12-22,1.44,Pastelería Mantequilla,Pastel Monserrat,futuro
2024-12-23,1.03,Pastelería Mantequilla,Pastel Monserrat,futuro
2024-12-24,1.04,Pastelería Mantequilla,Pastel Monserrat,futuro
2024-12-25,0.92,Pastelería Mantequilla,Pastel Monserrat,futuro
2024-12-26,1.02,Pastelería Mantequilla,Pastel Monserrat,futuro
2025-12-15,1.95,Pastelería Mantequilla,Pastel aleman redondo grande,futuro
2025-12-16,1.56,Pastelería Mantequilla,Pastel aleman redondo grande,futuro
2025-12-17,1.52,Pastelería Mantequilla,Pastel aleman redondo grande,futuro
2025-12-18,2.39,Pastelería Mantequilla,Pastel aleman redondo grande,futuro
2025-12-19,8.2,Pastelería Mantequilla,Pastel aleman redondo grande,futuro
2025-12-20,1.39,Pastelería Mantequilla,Pastel aleman redondo grande,futuro
2025-12-21,8.0,Pastelería Mantequilla,Pastel aleman redondo grande,futuro
2025-12-22,1.15,Pastelería Mantequilla,Pastel aleman redondo grande,futuro
2025-12-23,1.74,Pastelería Mantequilla,Pastel aleman redondo grande,futuro
2025-12-24,6.31,Pastelería Mantequilla,Pastel aleman redondo grande,futuro
2025-12-25,1.12,Pastelería Mantequilla,Pastel aleman redondo grande,futuro
2025-12-26,2.01,Pastelería Mantequilla,Pastel aleman redondo grande,futuro
2025-12-27,3.21,Pastelería Mantequilla,Pastel aleman redondo grande,futuro
2025-12-28,0.56,Pastelería Mantequilla,Pastel aleman redondo grande,futuro
2025-12-29,0.65,Pastelería Mantequilla,Pastel aleman redondo grande,futuro
2025-12-30,3.06,Pastelería Mantequilla,Pastel aleman redondo grande,futuro
2025-12-31,0.56,Pastelería Mantequilla,Pastel aleman redondo grande,futuro
2026-01-01,2.1,Pastelería Mantequilla,Pastel aleman redondo grande,futuro
2026-01-02,1.51,Pastelería Mantequilla,Pastel aleman redondo grande,futuro
2026-01-03,1.22,Pastelería Mantequilla,Pastel aleman redondo grande,futuro
2026-01-04,1.9,Pastelería Mantequilla,Pastel aleman redondo grande,futuro
2026-01-05,0.9,Pastelería Mantequilla,Pastel aleman redondo grande,futuro
2026-01-06,0.8,Pastelería Mantequilla,Pastel aleman redondo grande,futuro
2026-01-07,2.18,Pastelería Mantequilla,Pastel aleman redondo grande,futuro
2026-01-08,1.92,Pastelería Mantequilla,Pastel aleman redondo grande,futuro
2026-01-09,2.25,Pastelería Mantequilla,Pastel aleman redondo grande,futuro
2026-01-10,3.97,Pastelería Mantequilla,Pastel aleman redondo grande,futuro
2026-01-11,0.41,Pastelería Mantequilla,Pastel aleman redondo grande,futuro
2026-01-12,1.06,Pastelería Mantequilla,Pastel aleman redondo grande,futuro
2026-01-13,3.2,Pastelería Mantequilla,Pastel aleman redondo grande,futuro
2026-01-14,0.88,Pastelería Mantequilla,Pastel aleman redondo grande,futuro
2026-01-15,1.49,Pastelería Mantequilla,Pastel aleman redondo grande,futuro
2026-01-16,2.53,Pastelería Mantequilla,Pastel aleman redondo grande,futuro
2026-01-17,2.55,Pastelería Mantequilla,Pastel aleman redondo grande,futuro
2026-01-18,1.97,Pastelería Mantequilla,Pastel aleman redondo grande,futuro
2026-01-19,1.5,Pastelería Mantequilla,Pastel aleman redondo grande,futuro
2026-01-20,1.09,Pastelería Mantequilla,Pastel aleman redondo grande,futuro
2026-01-21,2.08,Pastelería Mantequilla,Pastel aleman redondo grande,futuro
2026-01-22,7.54,Pastelería Mantequilla,Pastel aleman redondo grande,futuro
2026-01-23,0.0,Pastelería Mantequilla,Pastel aleman redondo grande,futuro
2026-01-24,3.18,Pastelería Mantequilla,Pastel aleman redondo grande,futuro
2026-01-25,0.9,Pastelería Mantequilla,Pastel aleman redondo grande,futuro
2026-01-26,1.02,Pastelería Mantequilla,Pastel aleman redondo grande,futuro
2026-01-27,1.39,Pastelería Mantequilla,Pastel aleman redondo grande,futuro
2026-01-28,1.91,Pastelería Mantequilla,Pastel aleman redondo grande,futuro
2026-01-29,1.69,Pastelería Mantequilla,Pastel aleman redondo grande,futuro
2026-01-30,2.65,Pastelería Mantequilla,Pastel aleman redondo grande,futuro
2026-01-31,2.46,Pastelería Mantequilla,Pastel aleman redondo grande,futuro
2026-02-01,1.26,Pastelería Mantequilla,Pastel aleman redondo grande,futuro
2026-02-02,9.29,Pastelería Mantequilla,Pastel aleman redondo grande,futuro
2026-02-03,0.39,Pastelería Mantequilla,Pastel aleman redondo grande,futuro
2026-02-04,1.32,Pastelería Mantequilla,Pastel aleman redondo grande,futuro
2026-02-05,0.74,Pastelería Mantequilla,Pastel aleman redondo grande,futuro
2026-02-06,2.25,Pastelería Mantequilla,Pastel aleman redondo grande,futuro
2026-02-07,2.75,Pastelería Mantequilla,Pastel aleman redondo grande,futuro
2026-02-08,1.43,Pastelería Mantequilla,Pastel aleman redondo grande,futuro
2026-02-09,1.18,Pastelería Mantequilla,Pastel aleman redondo grande,futuro
2026-02-10,1.58,Pastelería Mantequilla,Pastel aleman redondo grande,futuro
2026-02-11,1.14,Pastelería Mantequilla,Pastel aleman redondo grande,futuro
2026-02-12,0.69,Pastelería Mantequilla,Pastel aleman redondo grande,futuro
2026-02-13,2.34,Pastelería Mantequilla,Pastel aleman redondo grande,futuro
2026-02-14,2.88,Pastelería Mantequilla,Pastel aleman redondo grande,futuro
2026-02-15,2.04,Pastelería Mantequilla,Pastel aleman redondo grande,futuro
2026-02-16,0.64,Pastelería Mantequilla,Pastel aleman redondo grande,futuro
2026-02-17,1.04,Pastelería Mantequilla,Pastel aleman redondo grande,futuro
2026-02-18,1.34,Pastelería Mantequilla,Pastel aleman redondo grande,futuro
2026-02-19,1.34,Pastelería Mantequilla,Pastel aleman redondo grande,futuro
2026-02-20,2.17,Pastelería Mantequilla,Pastel aleman redondo grande,futuro
2026-02-21,3.0,Pastelería Mantequilla,Pastel aleman redondo grande,futuro
2026-02-22,1.97,Pastelería Mantequilla,Pastel aleman redondo grande,futuro
2026-02-23,1.16,Pastelería Mantequilla,Pastel aleman redondo grande,futuro
2026-02-24,1.5,Pastelería Mantequilla,Pastel aleman redondo grande,futuro
2026-02-25,1.69,Pastelería Mantequilla,Pastel aleman redondo grande,futuro
2026-02-26,3.57,Pastelería Mantequilla,Pastel aleman redondo grande,futuro
2026-02-27,0.38,Pastelería Mantequilla,Pastel aleman redondo grande,futuro
2026-02-28,2.56,Pastelería Mantequilla,Pastel aleman redondo grande,futuro
2026-03-01,1.78,Pastelería Mantequilla,Pastel aleman redondo grande,futuro
2026-03-02,1.13,Pastelería Mantequilla,Pastel aleman redondo grande,futuro
2026-03-03,1.32,Pastelería Mantequilla,Pastel aleman redondo grande,futuro
2026-03-04,1.54,Pastelería Mantequilla,Pastel aleman redondo grande,futuro
2026-03-05,1.27,Pastelería Mantequilla,Pastel aleman redondo grande,futuro
2026-03-06,2.12,Pastelería Mantequilla,Pastel aleman redondo grande,futuro
2026-03-07,6.13,Pastelería Mantequilla,Pastel aleman redondo grande,futuro
2026-03-08,0.07,Pastelería Mantequilla,Pastel aleman redondo grande,futuro
2026-03-09,0.97,Pastelería Mantequilla,Pastel aleman redondo grande,futuro
2026-03-10,1.02,Pastelería Mantequilla,Pastel aleman redondo grande,futuro
2026-03-11,1.52,Pastelería Mantequilla,Pastel aleman redondo grande,futuro
2026-03-12,1.49,Pastelería Mantequilla,Pastel aleman redondo grande,futuro
2026-03-13,1.96,Pastelería Mantequilla,Pastel aleman redondo grande,futuro
2026-03-14,2.51,Pastelería Mantequilla,Pastel aleman redondo grande,futuro
2025-12-15,0.92,Pastelería Mantequilla,Pastel cajeta redondo,futuro
2025-12-16,1.06,Pastelería Mantequilla,Pastel cajeta redondo,futuro
2025-12-17,1.0,Pastelería Mantequilla,Pastel cajeta redondo,futuro
2025-12-18,1.12,Pastelería Mantequilla,Pastel cajeta redondo,futuro
2025-12-19,1.23,Pastelería Mantequilla,Pastel cajeta redondo,futuro
2025-12-20,2.06,Pastelería Mantequilla,Pastel cajeta redondo,futuro
2025-12-21,2.1,Pastelería Mantequilla,Pastel cajeta redondo,futuro
2025-12-22,0.99,Pastelería Mantequilla,Pastel cajeta redondo,futuro
2025-12-23,1.32,Pastelería Mantequilla,Pastel cajeta redondo,futuro
2025-12-24,2.71,Pastelería Mantequilla,Pastel cajeta redondo,futuro
2025-12-25,2.46,Pastelería Mantequilla,Pastel cajeta redondo,futuro
2025-12-26,1.49,Pastelería Mantequilla,Pastel cajeta redondo,futuro
2025-12-27,1.92,Pastelería Mantequilla,Pastel cajeta redondo,futuro
2025-12-28,2.28,Pastelería Mantequilla,Pastel cajeta redondo,futuro
2025-12-29,1.18,Pastelería Mantequilla,Pastel cajeta redondo,futuro
2025-12-30,2.04,Pastelería Mantequilla,Pastel cajeta redondo,futuro
2025-12-31,1.89,Pastelería Mantequilla,Pastel cajeta redondo,futuro
2026-01-01,3.05,Pastelería Mantequilla,Pastel cajeta redondo,futuro
2026-01-02,1.69,Pastelería Mantequilla,Pastel cajeta redondo,futuro
2026-01-03,1.63,Pastelería Mantequilla,Pastel cajeta redondo,futuro
2026-01-04,1.96,Pastelería Mantequilla,Pastel cajeta redondo,futuro
2026-01-05,1.03,Pastelería Mantequilla,Pastel cajeta redondo,futuro
2026-01-06,1.16,Pastelería Mantequilla,Pastel cajeta redondo,futuro
2026-01-07,0.94,Pastelería Mantequilla,Pastel cajeta redondo,futuro
2026-01-08,1.06,Pastelería Mantequilla,Pastel cajeta redondo,futuro
2026-01-09,1.1,Pastelería Mantequilla,Pastel cajeta redondo,futuro
2026-01-10,2.02,Pastelería Mantequilla,Pastel cajeta redondo,futuro
2026-01-11,1.89,Pastelería Mantequilla,Pastel cajeta redondo,futuro
2026-01-12,0.91,Pastelería Mantequilla,Pastel cajeta redondo,futuro
2026-01-13,1.32,Pastelería Mantequilla,Pastel cajeta redondo,futuro
2026-01-14,0.91,Pastelería Mantequilla,Pastel cajeta redondo,futuro
2026-01-15,0.86,Pastelería Mantequilla,Pastel cajeta redondo,futuro
2026-01-16,1.06,Pastelería Mantequilla,Pastel cajeta redondo,futuro
2026-01-17,1.94,Pastelería Mantequilla,Pastel cajeta redondo,futuro
2026-01-18,2.14,Pastelería Mantequilla,Pastel cajeta redondo,futuro
2026-01-19,0.99,Pastelería Mantequilla,Pastel cajeta redondo,futuro
2026-01-20,0.87,Pastelería Mantequilla,Pastel cajeta redondo,futuro
2026-01-21,1.06,Pastelería Mantequilla,Pastel cajeta redondo,futuro
2026-01-22,0.85,Pastelería Mantequilla,Pastel cajeta redondo,futuro
2026-01-23,0.91,Pastelería Mantequilla,Pastel cajeta redondo,futuro
2026-01-24,1.73,Pastelería Mantequilla,Pastel cajeta redondo,futuro
2026-01-25,2.18,Pastelería Mantequilla,Pastel cajeta redondo,futuro
2026-01-26,1.04,Pastelería Mantequilla,Pastel cajeta redondo,futuro
2026-01-27,0.86,Pastelería Mantequilla,Pastel cajeta redondo,futuro
2026-01-28,0.93,Pastelería Mantequilla,Pastel cajeta redondo,futuro
2026-01-29,1.11,Pastelería Mantequilla,Pastel cajeta redondo,futuro
2026-01-30,0.85,Pastelería Mantequilla,Pastel cajeta redondo,futuro
2026-01-31,1.83,Pastelería Mantequilla,Pastel cajeta redondo,futuro
2026-02-01,1.9,Pastelería Mantequilla,Pastel cajeta redondo,futuro
2026-02-02,1.04,Pastelería Mantequilla,Pastel cajeta redondo,futuro
2026-02-03,1.17,Pastelería Mantequilla,Pastel cajeta redondo,futuro
2026-02-04,0.69,Pastelería Mantequilla,Pastel cajeta redondo,futuro
2026-02-05,0.88,Pastelería Mantequilla,Pastel cajeta redondo,futuro
2026-02-06,1.03,Pastelería Mantequilla,Pastel cajeta redondo,futuro
2026-02-07,2.21,Pastelería Mantequilla,Pastel cajeta redondo,futuro
2026-02-08,1.82,Pastelería Mantequilla,Pastel cajeta redondo,futuro
2026-02-09,0.96,Pastelería Mantequilla,Pastel cajeta redondo,futuro
2026-02-10,1.06,Pastelería Mantequilla,Pastel cajeta redondo,futuro
2026-02-11,1.04,Pastelería Mantequilla,Pastel cajeta redondo,futuro
2026-02-12,0.72,Pastelería Mantequilla,Pastel cajeta redondo,futuro
2026-02-13,0.91,Pastelería Mantequilla,Pastel cajeta redondo,futuro
2026-02-14,2.22,Pastelería Mantequilla,Pastel cajeta redondo,futuro
2026-02-15,2.0,Pastelería Mantequilla,Pastel cajeta redondo,futuro
2026-02-16,0.93,Pastelería Mantequilla,Pastel cajeta redondo,futuro
2026-02-17,0.83,Pastelería Mantequilla,Pastel cajeta redondo,futuro
2026-02-18,1.08,Pastelería Mantequilla,Pastel cajeta redondo,futuro
2026-02-19,1.05,Pastelería Mantequilla,Pastel cajeta redondo,futuro
2026-02-20,0.82,Pastelería Mantequilla,Pastel cajeta redondo,futuro
2026-02-21,1.97,Pastelería Mantequilla,Pastel cajeta redondo,futuro
2026-02-22,2.18,Pastelería Mantequilla,Pastel cajeta redondo,futuro
2026-02-23,1.01,Pastelería Mantequilla,Pastel cajeta redondo,futuro
2026-02-24,0.82,Pastelería Mantequilla,Pastel cajeta redondo,futuro
2026-02-25,0.81,Pastelería Mantequilla,Pastel cajeta redondo,futuro
2026-02-26,1.13,Pastelería Mantequilla,Pastel cajeta redondo,futuro
2026-02-27,1.04,Pastelería Mantequilla,Pastel cajeta redondo,futuro
2026-02-28,1.97,Pastelería Mantequilla,Pastel cajeta redondo,futuro
2026-03-01,1.9,Pastelería Mantequilla,Pastel cajeta redondo,futuro
2026-03-02,1.04,Pastelería Mantequilla,Pastel cajeta redondo,futuro
2026-03-03,1.11,Pastelería Mantequilla,Pastel cajeta redondo,futuro
2026-03-04,0.71,Pastelería Mantequilla,Pastel cajeta redondo,futuro
2026-03-05,0.83,Pastelería Mantequilla,Pastel cajeta redondo,futuro
2026-03-06,1.09,Pastelería Mantequilla,Pastel cajeta redondo,futuro
2026-03-07,2.21,Pastelería Mantequilla,Pastel cajeta redondo,futuro
2026-03-08,1.81,Pastelería Mantequilla,Pastel cajeta redondo,futuro
2026-03-09,0.96,Pastelería Mantequilla,Pastel cajeta redondo,futuro
2026-03-10,1.06,Pastelería Mantequilla,Pastel cajeta redondo,futuro
2026-03-11,0.98,Pastelería Mantequilla,Pastel cajeta redondo,futuro
2026-03-12,0.77,Pastelería Mantequilla,Pastel cajeta redondo,futuro
2026-03-13,0.91,Pastelería Mantequilla,Pastel cajeta redondo,futuro
2026-03-14,2.22,Pastelería Mantequilla,Pastel cajeta redondo,futuro
2024-06-17,0.52,Pastelería Mantequilla,Pastel de nuez redondo,futuro
2024-06-18,0.62,Pastelería Mantequilla,Pastel de nuez redondo,futuro
2024-06-19,0.74,Pastelería Mantequilla,Pastel de nuez redondo,futuro
2024-06-20,0.95,Pastelería Mantequilla,Pastel de nuez redondo,futuro
2024-06-21,0.58,Pastelería Mantequilla,Pastel de nuez redondo,futuro
2024-06-22,1.1,Pastelería Mantequilla,Pastel de nuez redondo,futuro
2024-06-23,0.61,Pastelería Mantequilla,Pastel de nuez redondo,futuro
2024-06-24,0.24,Pastelería Mantequilla,Pastel de nuez redondo,futuro
2024-06-25,0.53,Pastelería Mantequilla,Pastel de nuez redondo,futuro
2024-06-26,0.54,Pastelería Mantequilla,Pastel de nuez redondo,futuro
2024-06-27,1.02,Pastelería Mantequilla,Pastel de nuez redondo,futuro
2024-06-28,0.61,Pastelería Mantequilla,Pastel de nuez redondo,futuro
2024-06-29,1.07,Pastelería Mantequilla,Pastel de nuez redondo,futuro
2024-06-30,1.09,Pastelería Mantequilla,Pastel de nuez redondo,futuro
2024-07-01,0.42,Pastelería Mantequilla,Pastel de nuez redondo,futuro
2024-07-02,0.42,Pastelería Mantequilla,Pastel de nuez redondo,futuro
2024-07-03,0.52,Pastelería Mantequilla,Pastel de nuez redondo,futuro
2024-07-04,0.44,Pastelería Mantequilla,Pastel de nuez redondo,futuro
2024-07-05,1.06,Pastelería Mantequilla,Pastel de nuez redondo,futuro
2024-07-06,1.3,Pastelería Mantequilla,Pastel de nuez redondo,futuro
2024-07-07,1.0,Pastelería Mantequilla,Pastel de nuez redondo,futuro
2024-07-08,0.86,Pastelería Mantequilla,Pastel de nuez redondo,futuro
2024-07-09,0.39,Pastelería Mantequilla,Pastel de nuez redondo,futuro
2024-07-10,0.52,Pastelería Mantequilla,Pastel de nuez redondo,futuro
2024-07-11,0.67,Pastelería Mantequilla,Pastel de nuez redondo,futuro
2024-07-12,0.84,Pastelería Mantequilla,Pastel de nuez redondo,futuro
2024-07-13,1.15,Pastelería Mantequilla,Pastel de nuez redondo,futuro
2024-07-14,1.02,Pastelería Mantequilla,Pastel de nuez redondo,futuro
2024-07-15,0.35,Pastelería Mantequilla,Pastel de nuez redondo,futuro
2024-07-16,0.65,Pastelería Mantequilla,Pastel de nuez redondo,futuro
2024-07-17,0.52,Pastelería Mantequilla,Pastel de nuez redondo,futuro
2024-07-18,0.5,Pastelería Mantequilla,Pastel de nuez redondo,futuro
2024-07-19,0.95,Pastelería Mantequilla,Pastel de nuez redondo,futuro
2024-07-20,1.3,Pastelería Mantequilla,Pastel de nuez redondo,futuro
2024-07-21,1.06,Pastelería Mantequilla,Pastel de nuez redondo,futuro
2024-07-22,0.47,Pastelería Mantequilla,Pastel de nuez redondo,futuro
2024-07-23,0.42,Pastelería Mantequilla,Pastel de nuez redondo,futuro
2024-07-24,0.51,Pastelería Mantequilla,Pastel de nuez redondo,futuro
2024-07-25,0.68,Pastelería Mantequilla,Pastel de nuez redondo,futuro
2024-07-26,0.96,Pastelería Mantequilla,Pastel de nuez redondo,futuro
2024-07-27,1.16,Pastelería Mantequilla,Pastel de nuez redondo,futuro
2024-07-28,1.01,Pastelería Mantequilla,Pastel de nuez redondo,futuro
2024-07-29,0.47,Pastelería Mantequilla,Pastel de nuez redondo,futuro
2024-07-30,0.42,Pastelería Mantequilla,Pastel de nuez redondo,futuro
2024-07-31,0.51,Pastelería Mantequilla,Pastel de nuez redondo,futuro
2024-08-01,0.72,Pastelería Mantequilla,Pastel de nuez redondo,futuro
2024-08-02,1.03,Pastelería Mantequilla,Pastel de nuez redondo,futuro
2024-08-03,1.0,Pastelería Mantequilla,Pastel de nuez redondo,futuro
2024-08-04,1.24,Pastelería Mantequilla,Pastel de nuez redondo,futuro
2024-08-05,0.71,Pastelería Mantequilla,Pastel de nuez redondo,futuro
2024-08-06,0.26,Pastelería Mantequilla,Pastel de nuez redondo,futuro
2024-08-07,0.5,Pastelería Mantequilla,Pastel de nuez redondo,futuro
2024-08-08,0.71,Pastelería Mantequilla,Pastel de nuez redondo,futuro
2024-08-09,1.06,Pastelería Mantequilla,Pastel de nuez redondo,futuro
2024-08-10,0.99,Pastelería Mantequilla,Pastel de nuez redondo,futuro
2024-08-11,1.22,Pastelería Mantequilla,Pastel de nuez redondo,futuro
2024-08-12,0.68,Pastelería Mantequilla,Pastel de nuez redondo,futuro
2024-08-13,0.43,Pastelería Mantequilla,Pastel de nuez redondo,futuro
2024-08-14,0.43,Pastelería Mantequilla,Pastel de nuez redondo,futuro
2024-08-15,0.85,Pastelería Mantequilla,Pastel de nuez redondo,futuro
2024-08-16,1.04,Pastelería Mantequilla,Pastel de nuez redondo,futuro
2024-08-17,1.19,Pastelería Mantequilla,Pastel de nuez redondo,futuro
2024-08-18,1.01,Pastelería Mantequilla,Pastel de nuez redondo,futuro
2024-08-19,0.69,Pastelería Mantequilla,Pastel de nuez redondo,futuro
2024-08-20,0.5,Pastelería Mantequilla,Pastel de nuez redondo,futuro
2024-08-21,0.42,Pastelería Mantequilla,Pastel de nuez redondo,futuro
2024-08-22,0.84,Pastelería Mantequilla,Pastel de nuez redondo,futuro
2024-08-23,1.0,Pastelería Mantequilla,Pastel de nuez redondo,futuro
2024-08-24,1.19,Pastelería Mantequilla,Pastel de nuez redondo,futuro
2024-08-25,1.03,Pastelería Mantequilla,Pastel de nuez redondo,futuro
2024-08-26,0.73,Pastelería Mantequilla,Pastel de nuez redondo,futuro
2024-08-27,1.13,Pastelería Mantequilla,Pastel de nuez redondo,futuro
2024-08-28,1.1,Pastelería Mantequilla,Pastel de nuez redondo,futuro
2024-08-29,0.61,Pastelería Mantequilla,Pastel de nuez redondo,futuro
2024-08-30,1.16,Pastelería Mantequilla,Pastel de nuez redondo,futuro
2024-08-31,1.08,Pastelería Mantequilla,Pastel de nuez redondo,futuro
2024-09-01,1.17,Pastelería Mantequilla,Pastel de nuez redondo,futuro
2024-09-02,0.72,Pastelería Mantequilla,Pastel de nuez redondo,futuro
2024-09-03,0.77,Pastelería Mantequilla,Pastel de nuez redondo,futuro
2024-09-04,0.78,Pastelería Mantequilla,Pastel de nuez redondo,futuro
2024-09-05,0.87,Pastelería Mantequilla,Pastel de nuez redondo,futuro
2024-09-06,1.0,Pastelería Mantequilla,Pastel de nuez redondo,futuro
2024-09-07,1.43,Pastelería Mantequilla,Pastel de nuez redondo,futuro
2024-09-08,1.11,Pastelería Mantequilla,Pastel de nuez redondo,futuro
2024-09-09,0.68,Pastelería Mantequilla,Pastel de nuez redondo,futuro
2024-09-10,0.76,Pastelería Mantequilla,Pastel de nuez redondo,futuro
2024-09-11,0.77,Pastelería Mantequilla,Pastel de nuez redondo,futuro
2024-09-12,0.87,Pastelería Mantequilla,Pastel de nuez redondo,futuro
2024-09-13,1.04,Pastelería Mantequilla,Pastel de nuez redondo,futuro
2024-09-14,1.4,Pastelería Mantequilla,Pastel de nuez redondo,futuro
2025-12-15,3.06,Pastelería Mantequilla,Pastel mini matilda,futuro
2025-12-16,2.71,Pastelería Mantequilla,Pastel mini matilda,futuro
2025-12-17,3.55,Pastelería Mantequilla,Pastel mini matilda,futuro
2025-12-18,3.26,Pastelería Mantequilla,Pastel mini matilda,futuro
2025-12-19,2.46,Pastelería Mantequilla,Pastel mini matilda,futuro
2025-12-20,3.31,Pastelería Mantequilla,Pastel mini matilda,futuro
2025-12-21,2.71,Pastelería Mantequilla,Pastel mini matilda,futuro
2025-12-22,2.87,Pastelería Mantequilla,Pastel mini matilda,futuro
2025-12-23,2.71,Pastelería Mantequilla,Pastel mini matilda,futuro
2025-12-24,2.97,Pastelería Mantequilla,Pastel mini matilda,futuro
2025-12-25,2.34,Pastelería Mantequilla,Pastel mini matilda,futuro
2025-12-26,2.41,Pastelería Mantequilla,Pastel mini matilda,futuro
2025-12-27,2.12,Pastelería Mantequilla,Pastel mini matilda,futuro
2025-12-28,2.34,Pastelería Mantequilla,Pastel mini matilda,futuro
2025-12-29,2.18,Pastelería Mantequilla,Pastel mini matilda,futuro
2025-12-30,1.74,Pastelería Mantequilla,Pastel mini matilda,futuro
2025-12-31,3.77,Pastelería Mantequilla,Pastel mini matilda,futuro
2026-01-01,2.91,Pastelería Mantequilla,Pastel mini matilda,futuro
2026-01-02,2.88,Pastelería Mantequilla,Pastel mini matilda,futuro
2026-01-03,2.39,Pastelería Mantequilla,Pastel mini matilda,futuro
2026-01-04,2.27,Pastelería Mantequilla,Pastel mini matilda,futuro
2026-01-05,1.88,Pastelería Mantequilla,Pastel mini matilda,futuro
2026-01-06,1.99,Pastelería Mantequilla,Pastel mini matilda,futuro
2026-01-07,2.06,Pastelería Mantequilla,Pastel mini matilda,futuro
2026-01-08,2.08,Pastelería Mantequilla,Pastel mini matilda,futuro
2026-01-09,2.02,Pastelería Mantequilla,Pastel mini matilda,futuro
2026-01-10,2.19,Pastelería Mantequilla,Pastel mini matilda,futuro
2026-01-11,2.24,Pastelería Mantequilla,Pastel mini matilda,futuro
2026-01-12,1.82,Pastelería Mantequilla,Pastel mini matilda,futuro
2026-01-13,2.05,Pastelería Mantequilla,Pastel mini matilda,futuro
2026-01-14,1.97,Pastelería Mantequilla,Pastel mini matilda,futuro
2026-01-15,1.99,Pastelería Mantequilla,Pastel mini matilda,futuro
2026-01-16,1.99,Pastelería Mantequilla,Pastel mini matilda,futuro
2026-01-17,2.07,Pastelería Mantequilla,Pastel mini matilda,futuro
2026-01-18,2.27,Pastelería Mantequilla,Pastel mini matilda,futuro
2026-01-19,1.72,Pastelería Mantequilla,Pastel mini matilda,futuro
2026-01-20,1.92,Pastelería Mantequilla,Pastel mini matilda,futuro
2026-01-21,1.91,Pastelería Mantequilla,Pastel mini matilda,futuro
2026-01-22,1.85,Pastelería Mantequilla,Pastel mini matilda,futuro
2026-01-23,1.83,Pastelería Mantequilla,Pastel mini matilda,futuro
2026-01-24,2.06,Pastelería Mantequilla,Pastel mini matilda,futuro
2026-01-25,2.29,Pastelería Mantequilla,Pastel mini matilda,futuro
2026-01-26,1.63,Pastelería Mantequilla,Pastel mini matilda,futuro
2026-01-27,1.87,Pastelería Mantequilla,Pastel mini matilda,futuro
2026-01-28,1.79,Pastelería Mantequilla,Pastel mini matilda,futuro
2026-01-29,1.8,Pastelería Mantequilla,Pastel mini matilda,futuro
2026-01-30,1.76,Pastelería Mantequilla,Pastel mini matilda,futuro
2026-01-31,2.06,Pastelería Mantequilla,Pastel mini matilda,futuro
2026-02-01,2.42,Pastelería Mantequilla,Pastel mini matilda,futuro
2026-02-02,1.79,Pastelería Mantequilla,Pastel mini matilda,futuro
2026-02-03,1.93,Pastelería Mantequilla,Pastel mini matilda,futuro
2026-02-04,1.92,Pastelería Mantequilla,Pastel mini matilda,futuro
2026-02-05,1.93,Pastelería Mantequilla,Pastel mini matilda,futuro
2026-02-06,1.91,Pastelería Mantequilla,Pastel mini matilda,futuro
2026-02-07,2.21,Pastelería Mantequilla,Pastel mini matilda,futuro
2026-02-08,2.42,Pastelería Mantequilla,Pastel mini matilda,futuro
2026-02-09,1.79,Pastelería Mantequilla,Pastel mini matilda,futuro
2026-02-10,1.93,Pastelería Mantequilla,Pastel mini matilda,futuro
2026-02-11,1.9,Pastelería Mantequilla,Pastel mini matilda,futuro
2026-02-12,1.91,Pastelería Mantequilla,Pastel mini matilda,futuro
2026-02-13,1.89,Pastelería Mantequilla,Pastel mini matilda,futuro
2026-02-14,2.19,Pastelería Mantequilla,Pastel mini matilda,futuro
2026-02-15,2.42,Pastelería Mantequilla,Pastel mini matilda,futuro
2026-02-16,1.79,Pastelería Mantequilla,Pastel mini matilda,futuro
2026-02-17,1.93,Pastelería Mantequilla,Pastel mini matilda,futuro
2026-02-18,1.9,Pastelería Mantequilla,Pastel mini matilda,futuro
2026-02-19,1.91,Pastelería Mantequilla,Pastel mini matilda,futuro
2026-02-20,1.89,Pastelería Mantequilla,Pastel mini matilda,futuro
2026-02-21,2.19,Pastelería Mantequilla,Pastel mini matilda,futuro
2026-02-22,2.42,Pastelería Mantequilla,Pastel mini matilda,futuro
2026-02-23,1.79,Pastelería Mantequilla,Pastel mini matilda,futuro
2026-02-24,1.93,Pastelería Mantequilla,Pastel mini matilda,futuro
2026-02-25,1.9,Pastelería Mantequilla,Pastel mini matilda,futuro
2026-02-26,1.91,Pastelería Mantequilla,Pastel mini matilda,futuro
2026-02-27,1.89,Pastelería Mantequilla,Pastel mini matilda,futuro
2026-02-28,2.19,Pastelería Mantequilla,Pastel mini matilda,futuro
2026-03-01,2.63,Pastelería Mantequilla,Pastel mini matilda,futuro
2026-03-02,2.01,Pastelería Mantequilla,Pastel mini matilda,futuro
2026-03-03,2.22,Pastelería Mantequilla,Pastel mini matilda,futuro
2026-03-04,2.22,Pastelería Mantequilla,Pastel mini matilda,futuro
2026-03-05,2.15,Pastelería Mantequilla,Pastel mini matilda,futuro
2026-03-06,2.17,Pastelería Mantequilla,Pastel mini matilda,futuro
2026-03-07,1.71,Pastelería Mantequilla,Pastel mini matilda,futuro
2026-03-08,2.57,Pastelería Mantequilla,Pastel mini matilda,futuro
2026-03-09,2.22,Pastelería Mantequilla,Pastel mini matilda,futuro
2026-03-10,2.34,Pastelería Mantequilla,Pastel mini matilda,futuro
2026-03-11,2.38,Pastelería Mantequilla,Pastel mini matilda,futuro
2026-03-12,2.35,Pastelería Mantequilla,Pastel mini matilda,futuro
2026-03-13,2.28,Pastelería Mantequilla,Pastel mini matilda,futuro
2026-03-14,2.38,Pastelería Mantequilla,Pastel mini matilda,futuro
2025-12-15,2.83,Pastelería Mantequilla,Pastel moka individual,futuro
2025-12-16,2.6,Pastelería Mantequilla,Pastel moka individual,futuro
2025-12-17,2.35,Pastelería Mantequilla,Pastel moka individual,futuro
2025-12-18,2.58,Pastelería Mantequilla,Pastel moka individual,futuro
2025-12-19,4.44,Pastelería Mantequilla,Pastel moka individual,futuro
2025-12-20,1.94,Pastelería Mantequilla,Pastel moka individual,futuro
2025-12-21,2.0,Pastelería Mantequilla,Pastel moka individual,futuro
2025-12-22,2.62,Pastelería Mantequilla,Pastel moka individual,futuro
2025-12-23,2.3,Pastelería Mantequilla,Pastel moka individual,futuro
2025-12-24,2.29,Pastelería Mantequilla,Pastel moka individual,futuro
2025-12-25,2.53,Pastelería Mantequilla,Pastel moka individual,futuro
2025-12-26,2.94,Pastelería Mantequilla,Pastel moka individual,futuro
2025-12-27,2.27,Pastelería Mantequilla,Pastel moka individual,futuro
2025-12-28,2.33,Pastelería Mantequilla,Pastel moka individual,futuro
2025-12-29,2.05,Pastelería Mantequilla,Pastel moka individual,futuro
2025-12-30,2.7,Pastelería Mantequilla,Pastel moka individual,futuro
2025-12-31,2.71,Pastelería Mantequilla,Pastel moka individual,futuro
2026-01-01,2.96,Pastelería Mantequilla,Pastel moka individual,futuro
2026-01-02,3.11,Pastelería Mantequilla,Pastel moka individual,futuro
2026-01-03,2.47,Pastelería Mantequilla,Pastel moka individual,futuro
2026-01-04,2.31,Pastelería Mantequilla,Pastel moka individual,futuro
2026-01-05,1.91,Pastelería Mantequilla,Pastel moka individual,futuro
2026-01-06,2.37,Pastelería Mantequilla,Pastel moka individual,futuro
2026-01-07,2.58,Pastelería Mantequilla,Pastel moka individual,futuro
2026-01-08,2.85,Pastelería Mantequilla,Pastel moka individual,futuro
2026-01-09,2.85,Pastelería Mantequilla,Pastel moka individual,futuro
2026-01-10,2.47,Pastelería Mantequilla,Pastel moka individual,futuro
2026-01-11,2.42,Pastelería Mantequilla,Pastel moka individual,futuro
2026-01-12,1.94,Pastelería Mantequilla,Pastel moka individual,futuro
2026-01-13,2.38,Pastelería Mantequilla,Pastel moka individual,futuro
2026-01-14,2.5,Pastelería Mantequilla,Pastel moka individual,futuro
2026-01-15,2.82,Pastelería Mantequilla,Pastel moka individual,futuro
2026-01-16,2.98,Pastelería Mantequilla,Pastel moka individual,futuro
2026-01-17,2.71,Pastelería Mantequilla,Pastel moka individual,futuro
2026-01-18,2.45,Pastelería Mantequilla,Pastel moka individual,futuro
2026-01-19,2.09,Pastelería Mantequilla,Pastel moka individual,futuro
2026-01-20,2.34,Pastelería Mantequilla,Pastel moka individual,futuro
2026-01-21,2.43,Pastelería Mantequilla,Pastel moka individual,futuro
2026-01-22,3.15,Pastelería Mantequilla,Pastel moka individual,futuro
2026-01-23,2.97,Pastelería Mantequilla,Pastel moka individual,futuro
2026-01-24,2.81,Pastelería Mantequilla,Pastel moka individual,futuro
2026-01-25,2.46,Pastelería Mantequilla,Pastel moka individual,futuro
2026-01-26,2.08,Pastelería Mantequilla,Pastel moka individual,futuro
2026-01-27,2.46,Pastelería Mantequilla,Pastel moka individual,futuro
2026-01-28,2.43,Pastelería Mantequilla,Pastel moka individual,futuro
2026-01-29,2.83,Pastelería Mantequilla,Pastel moka individual,futuro
2026-01-30,2.97,Pastelería Mantequilla,Pastel moka individual,futuro
2026-01-31,2.43,Pastelería Mantequilla,Pastel moka individual,futuro
2026-02-01,2.34,Pastelería Mantequilla,Pastel moka individual,futuro
2026-02-02,1.86,Pastelería Mantequilla,Pastel moka individual,futuro
2026-02-03,2.37,Pastelería Mantequilla,Pastel moka individual,futuro
2026-02-04,2.25,Pastelería Mantequilla,Pastel moka individual,futuro
2026-02-05,2.94,Pastelería Mantequilla,Pastel moka individual,futuro
2026-02-06,2.95,Pastelería Mantequilla,Pastel moka individual,futuro
2026-02-07,2.44,Pastelería Mantequilla,Pastel moka individual,futuro
2026-02-08,2.42,Pastelería Mantequilla,Pastel moka individual,futuro
2026-02-09,1.88,Pastelería Mantequilla,Pastel moka individual,futuro
2026-02-10,2.36,Pastelería Mantequilla,Pastel moka individual,futuro
2026-02-11,2.43,Pastelería Mantequilla,Pastel moka individual,futuro
2026-02-12,3.13,Pastelería Mantequilla,Pastel moka individual,futuro
2026-02-13,2.95,Pastelería Mantequilla,Pastel moka individual,futuro
2026-02-14,2.68,Pastelería Mantequilla,Pastel moka individual,futuro
2026-02-15,2.54,Pastelería Mantequilla,Pastel moka individual,futuro
2026-02-16,2.06,Pastelería Mantequilla,Pastel moka individual,futuro
2026-02-17,2.45,Pastelería Mantequilla,Pastel moka individual,futuro
2026-02-18,2.42,Pastelería Mantequilla,Pastel moka individual,futuro
2026-02-19,2.99,Pastelería Mantequilla,Pastel moka individual,futuro
2026-02-20,2.94,Pastelería Mantequilla,Pastel moka individual,futuro
2026-02-21,2.68,Pastelería Mantequilla,Pastel moka individual,futuro
2026-02-22,2.34,Pastelería Mantequilla,Pastel moka individual,futuro
2026-02-23,2.04,Pastelería Mantequilla,Pastel moka individual,futuro
2026-02-24,2.33,Pastelería Mantequilla,Pastel moka individual,futuro
2026-02-25,2.24,Pastelería Mantequilla,Pastel moka individual,futuro
2026-02-26,2.93,Pastelería Mantequilla,Pastel moka individual,futuro
2026-02-27,2.94,Pastelería Mantequilla,Pastel moka individual,futuro
2026-02-28,2.44,Pastelería Mantequilla,Pastel moka individual,futuro
2026-03-01,2.11,Pastelería Mantequilla,Pastel moka individual,futuro
2026-03-02,1.66,Pastelería Mantequilla,Pastel moka individual,futuro
2026-03-03,2.15,Pastelería Mantequilla,Pastel moka individual,futuro
2026-03-04,2.23,Pastelería Mantequilla,Pastel moka individual,futuro
2026-03-05,2.59,Pastelería Mantequilla,Pastel moka individual,futuro
2026-03-06,2.6,Pastelería Mantequilla,Pastel moka individual,futuro
2026-03-07,2.37,Pastelería Mantequilla,Pastel moka individual,futuro
2026-03-08,2.46,Pastelería Mantequilla,Pastel moka individual,futuro
2026-03-09,1.68,Pastelería Mantequilla,Pastel moka individual,futuro
2026-03-10,2.15,Pastelería Mantequilla,Pastel moka individual,futuro
2026-03-11,2.23,Pastelería Mantequilla,Pastel moka individual,futuro
2026-03-12,2.78,Pastelería Mantequilla,Pastel moka individual,futuro
2026-03-13,2.6,Pastelería Mantequilla,Pastel moka individual,futuro
2026-03-14,2.49,Pastelería Mantequilla,Pastel moka individual,futuro
2025-07-03,0.93,Pastelería Mantequilla,Volteadito doble piña,futuro
2025-07-04,1.07,Pastelería Mantequilla,Volteadito doble piña,futuro
2025-07-05,1.29,Pastelería Mantequilla,Volteadito doble piña,futuro
2025-07-06,1.32,Pastelería Mantequilla,Volteadito doble piña,futuro
2025-07-07,0.92,Pastelería Mantequilla,Volteadito doble piña,futuro
2025-07-08,0.8,Pastelería Mantequilla,Volteadito doble piña,futuro
2025-07-09,0.97,Pastelería Mantequilla,Volteadito doble piña,futuro
2025-07-10,0.87,Pastelería Mantequilla,Volteadito doble piña,futuro
2025-07-11,1.02,Pastelería Mantequilla,Volteadito doble piña,futuro
2025-07-12,1.23,Pastelería Mantequilla,Volteadito doble piña,futuro
2025-07-13,1.3,Pastelería Mantequilla,Volteadito doble piña,futuro
2025-07-14,0.73,Pastelería Mantequilla,Volteadito doble piña,futuro
2025-07-15,1.0,Pastelería Mantequilla,Volteadito doble piña,futuro
2025-07-16,0.75,Pastelería Mantequilla,Volteadito doble piña,futuro
2025-07-17,0.95,Pastelería Mantequilla,Volteadito doble piña,futuro
2025-07-18,1.02,Pastelería Mantequilla,Volteadito doble piña,futuro
2025-07-19,1.31,Pastelería Mantequilla,Volteadito doble piña,futuro
2025-07-20,1.21,Pastelería Mantequilla,Volteadito doble piña,futuro
2025-07-21,0.82,Pastelería Mantequilla,Volteadito doble piña,futuro
2025-07-22,0.93,Pastelería Mantequilla,Volteadito doble piña,futuro
2025-07-23,0.88,Pastelería Mantequilla,Volteadito doble piña,futuro
2025-07-24,0.87,Pastelería Mantequilla,Volteadito doble piña,futuro
2025-07-25,1.01,Pastelería Mantequilla,Volteadito doble piña,futuro
2025-07-26,1.31,Pastelería Mantequilla,Volteadito doble piña,futuro
2025-07-27,1.21,Pastelería Mantequilla,Volteadito doble piña,futuro
2025-07-28,0.8,Pastelería Mantequilla,Volteadito doble piña,futuro
2025-07-29,0.94,Pastelería Mantequilla,Volteadito doble piña,futuro
2025-07-30,0.8,Pastelería Mantequilla,Volteadito doble piña,futuro
2025-07-31,0.95,Pastelería Mantequilla,Volteadito doble piña,futuro
2025-08-01,1.01,Pastelería Mantequilla,Volteadito doble piña,futuro
2025-08-02,1.31,Pastelería Mantequilla,Volteadito doble piña,futuro
2025-08-03,1.21,Pastelería Mantequilla,Volteadito doble piña,futuro
2025-08-04,0.7,Pastelería Mantequilla,Volteadito doble piña,futuro
2025-08-05,0.94,Pastelería Mantequilla,Volteadito doble piña,futuro
2025-08-06,0.88,Pastelería Mantequilla,Volteadito doble piña,futuro
2025-08-07,0.87,Pastelería Mantequilla,Volteadito doble piña,futuro
2025-08-08,1.01,Pastelería Mantequilla,Volteadito doble piña,futuro
2025-08-09,1.31,Pastelería Mantequilla,Volteadito doble piña,futuro
2025-08-10,1.21,Pastelería Mantequilla,Volteadito doble piña,futuro
2025-08-11,0.82,Pastelería Mantequilla,Volteadito doble piña,futuro
2025-08-12,0.82,Pastelería Mantequilla,Volteadito doble piña,futuro
2025-08-13,0.88,Pastelería Mantequilla,Volteadito doble piña,futuro
2025-08-14,0.95,Pastelería Mantequilla,Volteadito doble piña,futuro
2025-08-15,1.01,Pastelería Mantequilla,Volteadito doble piña,futuro
2025-08-16,1.31,Pastelería Mantequilla,Volteadito doble piña,futuro
2025-08-17,1.21,Pastelería Mantequilla,Volteadito doble piña,futuro
2025-08-18,0.7,Pastelería Mantequilla,Volteadito doble piña,futuro
2025-08-19,0.94,Pastelería Mantequilla,Volteadito doble piña,futuro
2025-08-20,0.8,Pastelería Mantequilla,Volteadito doble piña,futuro
2025-08-21,0.95,Pastelería Mantequilla,Volteadito doble piña,futuro
2025-08-22,1.01,Pastelería Mantequilla,Volteadito doble piña,futuro
2025-08-23,1.31,Pastelería Mantequilla,Volteadito doble piña,futuro
2025-08-24,1.21,Pastelería Mantequilla,Volteadito doble piña,futuro
2025-08-25,0.82,Pastelería Mantequilla,Volteadito doble piña,futuro
2025-08-26,0.86,Pastelería Mantequilla,Volteadito doble piña,futuro
2025-08-27,0.92,Pastelería Mantequilla,Volteadito doble piña,futuro
2025-08-28,0.91,Pastelería Mantequilla,Volteadito doble piña,futuro
2025-08-29,1.05,Pastelería Mantequilla,Volteadito doble piña,futuro
2025-08-30,1.31,Pastelería Mantequilla,Volteadito doble piña,futuro
2025-08-31,1.21,Pastelería Mantequilla,Volteadito doble piña,futuro
2025-09-01,1.08,Pastelería Mantequilla,Volteadito doble piña,futuro
2025-09-02,1.06,Pastelería Mantequilla,Volteadito doble piña,futuro
2025-09-03,1.04,Pastelería Mantequilla,Volteadito doble piña,futuro
2025-09-04,0.76,Pastelería Mantequilla,Volteadito doble piña,futuro
2025-09-05,1.05,Pastelería Mantequilla,Volteadito doble piña,futuro
2025-09-06,1.82,Pastelería Mantequilla,Volteadito doble piña,futuro
2025-09-07,1.67,Pastelería Mantequilla,Volteadito doble piña,futuro
2025-09-08,1.12,Pastelería Mantequilla,Volteadito doble piña,futuro
2025-09-09,1.08,Pastelería Mantequilla,Volteadito doble piña,futuro
2025-09-10,1.08,Pastelería Mantequilla,Volteadito doble piña,futuro
2025-09-11,0.69,Pastelería Mantequilla,Volteadito doble piña,futuro
2025-09-12,0.97,Pastelería Mantequilla,Volteadito doble piña,futuro
2025-09-13,1.78,Pastelería Mantequilla,Volteadito doble piña,futuro
2025-09-14,1.66,Pastelería Mantequilla,Volteadito doble piña,futuro
2025-09-15,1.05,Pastelería Mantequilla,Volteadito doble piña,futuro
2025-09-16,1.04,Pastelería Mantequilla,Volteadito doble piña,futuro
2025-09-17,1.08,Pastelería Mantequilla,Volteadito doble piña,futuro
2025-09-18,0.69,Pastelería Mantequilla,Volteadito doble piña,futuro
2025-09-19,0.87,Pastelería Mantequilla,Volteadito doble piña,futuro
2025-09-20,1.78,Pastelería Mantequilla,Volteadito doble piña,futuro
2025-09-21,1.66,Pastelería Mantequilla,Volteadito doble piña,futuro
2025-09-22,1.05,Pastelería Mantequilla,Volteadito doble piña,futuro
2025-09-23,1.04,Pastelería Mantequilla,Volteadito doble piña,futuro
2025-09-24,1.12,Pastelería Mantequilla,Volteadito doble piña,futuro
2025-09-25,0.71,Pastelería Mantequilla,Volteadito doble piña,futuro
2025-09-26,0.87,Pastelería Mantequilla,Volteadito doble piña,futuro
2025-09-27,1.78,Pastelería Mantequilla,Volteadito doble piña,futuro
2025-09-28,1.66,Pastelería Mantequilla,Volteadito doble piña,futuro
2025-09-29,1.05,Pastelería Mantequilla,Volteadito doble piña,futuro
2025-09-30,1.04,Pastelería Mantequilla,Volteadito doble piña,futuro
2025-12-14,0.0,Pedidos Especiales,Pedido Especial,futuro
2025-12-15,1.08,Pedidos Especiales,Pedido Especial,futuro
2025-12-16,0.81,Pedidos Especiales,Pedido Especial,futuro
2025-12-17,1.01,Pedidos Especiales,Pedido Especial,futuro
2025-12-18,0.61,Pedidos Especiales,Pedido Especial,futuro
2025-12-19,0.44,Pedidos Especiales,Pedido Especial,futuro
2025-12-20,0.96,Pedidos Especiales,Pedido Especial,futuro
2025-12-21,0.0,Pedidos Especiales,Pedido Especial,futuro
2025-12-22,1.04,Pedidos Especiales,Pedido Especial,futuro
2025-12-23,1.09,Pedidos Especiales,Pedido Especial,futuro
2025-12-24,0.67,Pedidos Especiales,Pedido Especial,futuro
2025-12-25,0.95,Pedidos Especiales,Pedido Especial,futuro
2025-12-26,0.34,Pedidos Especiales,Pedido Especial,futuro
2025-12-27,0.21,Pedidos Especiales,Pedido Especial,futuro
2025-12-28,0.0,Pedidos Especiales,Pedido Especial,futuro
2025-12-29,0.62,Pedidos Especiales,Pedido Especial,futuro
2025-12-30,0.52,Pedidos Especiales,Pedido Especial,futuro
2025-12-31,0.09,Pedidos Especiales,Pedido Especial,futuro
2026-01-01,0.55,Pedidos Especiales,Pedido Especial,futuro
2026-01-02,0.27,Pedidos Especiales,Pedido Especial,futuro
2026-01-03,0.59,Pedidos Especiales,Pedido Especial,futuro
2026-01-04,0.15,Pedidos Especiales,Pedido Especial,futuro
2026-01-05,0.96,Pedidos Especiales,Pedido Especial,futuro
2026-01-06,0.97,Pedidos Especiales,Pedido Especial,futuro
2026-01-07,1.01,Pedidos Especiales,Pedido Especial,futuro
2026-01-08,1.07,Pedidos Especiales,Pedido Especial,futuro
2026-01-09,0.69,Pedidos Especiales,Pedido Especial,futuro
2026-01-10,0.64,Pedidos Especiales,Pedido Especial,futuro
2026-01-11,0.15,Pedidos Especiales,Pedido Especial,futuro
2026-01-12,0.8,Pedidos Especiales,Pedido Especial,futuro
2026-01-13,1.39,Pedidos Especiales,Pedido Especial,futuro
2026-01-14,1.16,Pedidos Especiales,Pedido Especial,futuro
2026-01-15,0.94,Pedidos Especiales,Pedido Especial,futuro
2026-01-16,0.68,Pedidos Especiales,Pedido Especial,futuro
2026-01-17,0.75,Pedidos Especiales,Pedido Especial,futuro
2026-01-18,0.14,Pedidos Especiales,Pedido Especial,futuro
2026-01-19,1.16,Pedidos Especiales,Pedido Especial,futuro
2026-01-20,1.24,Pedidos Especiales,Pedido Especial,futuro
2026-01-21,1.09,Pedidos Especiales,Pedido Especial,futuro
2026-01-22,1.12,Pedidos Especiales,Pedido Especial,futuro
2026-01-23,0.8,Pedidos Especiales,Pedido Especial,futuro
2026-01-24,0.63,Pedidos Especiales,Pedido Especial,futuro
2026-01-25,0.24,Pedidos Especiales,Pedido Especial,futuro
2026-01-26,1.02,Pedidos Especiales,Pedido Especial,futuro
2026-01-27,1.44,Pedidos Especiales,Pedido Especial,futuro
2026-01-28,1.12,Pedidos Especiales,Pedido Especial,futuro
2026-01-29,1.02,Pedidos Especiales,Pedido Especial,futuro
2026-01-30,0.77,Pedidos Especiales,Pedido Especial,futuro
2026-01-31,0.76,Pedidos Especiales,Pedido Especial,futuro
2026-02-01,0.45,Pedidos Especiales,Pedido Especial,futuro
2026-02-02,1.39,Pedidos Especiales,Pedido Especial,futuro
2026-02-03,1.7,Pedidos Especiales,Pedido Especial,futuro
2026-02-04,1.45,Pedidos Especiales,Pedido Especial,futuro
2026-02-05,1.37,Pedidos Especiales,Pedido Especial,futuro
2026-02-06,1.0,Pedidos Especiales,Pedido Especial,futuro
2026-02-07,1.08,Pedidos Especiales,Pedido Especial,futuro
2026-02-08,0.51,Pedidos Especiales,Pedido Especial,futuro
2026-02-09,1.38,Pedidos Especiales,Pedido Especial,futuro
2026-02-10,1.67,Pedidos Especiales,Pedido Especial,futuro
2026-02-11,1.72,Pedidos Especiales,Pedido Especial,futuro
2026-02-12,1.57,Pedidos Especiales,Pedido Especial,futuro
2026-02-13,1.28,Pedidos Especiales,Pedido Especial,futuro
2026-02-14,1.74,Pedidos Especiales,Pedido Especial,futuro
2026-02-15,0.48,Pedidos Especiales,Pedido Especial,futuro
2026-02-16,1.62,Pedidos Especiales,Pedido Especial,futuro
2026-02-17,1.85,Pedidos Especiales,Pedido Especial,futuro
2026-02-18,1.71,Pedidos Especiales,Pedido Especial,futuro
2026-02-19,1.55,Pedidos Especiales,Pedido Especial,futuro
2026-02-20,1.31,Pedidos Especiales,Pedido Especial,futuro
2026-02-21,1.75,Pedidos Especiales,Pedido Especial,futuro
2026-02-22,0.48,Pedidos Especiales,Pedido Especial,futuro
2026-02-23,1.85,Pedidos Especiales,Pedido Especial,futuro
2026-02-24,1.85,Pedidos Especiales,Pedido Especial,futuro
2026-02-25,1.71,Pedidos Especiales,Pedido Especial,futuro
2026-02-26,1.55,Pedidos Especiales,Pedido Especial,futuro
2026-02-27,1.31,Pedidos Especiales,Pedido Especial,futuro
2026-02-28,1.75,Pedidos Especiales,Pedido Especial,futuro
2026-03-01,0.47,Pedidos Especiales,Pedido Especial,futuro
2026-03-02,2.41,Pedidos Especiales,Pedido Especial,futuro
2026-03-03,1.28,Pedidos Especiales,Pedido Especial,futuro
2026-03-04,1.19,Pedidos Especiales,Pedido Especial,futuro
2026-03-05,1.25,Pedidos Especiales,Pedido Especial,futuro
2026-03-06,0.93,Pedidos Especiales,Pedido Especial,futuro
2026-03-07,1.31,Pedidos Especiales,Pedido Especial,futuro
2026-03-08,0.11,Pedidos Especiales,Pedido Especial,futuro
2026-03-09,1.75,Pedidos Especiales,Pedido Especial,futuro
2026-03-10,1.92,Pedidos Especiales,Pedido Especial,futuro
2026-03-11,1.5,Pedidos Especiales,Pedido Especial,futuro
2026-03-12,1.59,Pedidos Especiales,Pedido Especial,futuro
2026-03-13,1.06,Pedidos Especiales,Pedido Especial,futuro
2024-09-29,0.91,Repostería Individual,Bombita de 3 Chocolates,futuro
2024-09-30,0.89,Repostería Individual,Bombita de 3 Chocolates,futuro
2024-10-01,1.66,Repostería Individual,Bombita de 3 Chocolates,futuro
2024-10-02,0.94,Repostería Individual,Bombita de 3 Chocolates,futuro
2024-10-03,1.56,Repostería Individual,Bombita de 3 Chocolates,futuro
2024-10-04,1.86,Repostería Individual,Bombita de 3 Chocolates,futuro
2024-10-05,2.35,Repostería Individual,Bombita de 3 Chocolates,futuro
2024-10-06,1.09,Repostería Individual,Bombita de 3 Chocolates,futuro
2024-10-07,2.18,Repostería Individual,Bombita de 3 Chocolates,futuro
2024-10-08,1.15,Repostería Individual,Bombita de 3 Chocolates,futuro
2024-10-09,2.15,Repostería Individual,Bombita de 3 Chocolates,futuro
2024-10-10,1.74,Repostería Individual,Bombita de 3 Chocolates,futuro
2024-10-11,2.4,Repostería Individual,Bombita de 3 Chocolates,futuro
2024-10-12,1.85,Repostería Individual,Bombita de 3 Chocolates,futuro
2024-10-13,1.42,Repostería Individual,Bombita de 3 Chocolates,futuro
2024-10-14,1.97,Repostería Individual,Bombita de 3 Chocolates,futuro
2024-10-15,1.17,Repostería Individual,Bombita de 3 Chocolates,futuro
2024-10-16,2.05,Repostería Individual,Bombita de 3 Chocolates,futuro
2024-10-17,1.8,Repostería Individual,Bombita de 3 Chocolates,futuro
2024-10-18,2.08,Repostería Individual,Bombita de 3 Chocolates,futuro
2024-10-19,1.83,Repostería Individual,Bombita de 3 Chocolates,futuro
2024-10-20,1.58,Repostería Individual,Bombita de 3 Chocolates,futuro
2024-10-21,1.7,Repostería Individual,Bombita de 3 Chocolates,futuro
2024-10-22,1.52,Repostería Individual,Bombita de 3 Chocolates,futuro
2024-10-23,2.02,Repostería Individual,Bombita de 3 Chocolates,futuro
2024-10-24,1.71,Repostería Individual,Bombita de 3 Chocolates,futuro
2024-10-25,2.1,Repostería Individual,Bombita de 3 Chocolates,futuro
2024-10-26,1.86,Repostería Individual,Bombita de 3 Chocolates,futuro
2024-10-27,1.54,Repostería Individual,Bombita de 3 Chocolates,futuro
2024-10-28,1.68,Repostería Individual,Bombita de 3 Chocolates,futuro
2024-10-29,1.52,Repostería Individual,Bombita de 3 Chocolates,futuro
2024-10-30,2.02,Repostería Individual,Bombita de 3 Chocolates,futuro
2024-10-31,1.71,Repostería Individual,Bombita de 3 Chocolates,futuro
2024-11-01,2.08,Repostería Individual,Bombita de 3 Chocolates,futuro
2024-11-02,1.9,Repostería Individual,Bombita de 3 Chocolates,futuro
2024-11-03,1.52,Repostería Individual,Bombita de 3 Chocolates,futuro
2024-11-04,1.7,Repostería Individual,Bombita de 3 Chocolates,futuro
2024-11-05,1.35,Repostería Individual,Bombita de 3 Chocolates,futuro
2024-11-06,2.04,Repostería Individual,Bombita de 3 Chocolates,futuro
2024-11-07,1.76,Repostería Individual,Bombita de 3 Chocolates,futuro
2024-11-08,2.08,Repostería Individual,Bombita de 3 Chocolates,futuro
2024-11-09,1.9,Repostería Individual,Bombita de 3 Chocolates,futuro
2024-11-10,1.52,Repostería Individual,Bombita de 3 Chocolates,futuro
2024-11-11,1.7,Repostería Individual,Bombita de 3 Chocolates,futuro
2024-11-12,1.35,Repostería Individual,Bombita de 3 Chocolates,futuro
2024-11-13,2.04,Repostería Individual,Bombita de 3 Chocolates,futuro
2024-11-14,1.76,Repostería Individual,Bombita de 3 Chocolates,futuro
2024-11-15,2.08,Repostería Individual,Bombita de 3 Chocolates,futuro
2024-11-16,1.9,Repostería Individual,Bombita de 3 Chocolates,futuro
2024-11-17,1.52,Repostería Individual,Bombita de 3 Chocolates,futuro
2024-11-18,1.7,Repostería Individual,Bombita de 3 Chocolates,futuro
2024-11-19,1.35,Repostería Individual,Bombita de 3 Chocolates,futuro
2024-11-20,2.04,Repostería Individual,Bombita de 3 Chocolates,futuro
2024-11-21,1.76,Repostería Individual,Bombita de 3 Chocolates,futuro
2024-11-22,2.08,Repostería Individual,Bombita de 3 Chocolates,futuro
2024-11-23,1.9,Repostería Individual,Bombita de 3 Chocolates,futuro
2024-11-24,1.52,Repostería Individual,Bombita de 3 Chocolates,futuro
2024-11-25,1.7,Repostería Individual,Bombita de 3 Chocolates,futuro
2024-11-26,1.35,Repostería Individual,Bombita de 3 Chocolates,futuro
2024-11-27,2.04,Repostería Individual,Bombita de 3 Chocolates,futuro
2024-11-28,1.76,Repostería Individual,Bombita de 3 Chocolates,futuro
2024-11-29,2.08,Repostería Individual,Bombita de 3 Chocolates,futuro
2024-11-30,1.9,Repostería Individual,Bombita de 3 Chocolates,futuro
2024-12-01,1.55,Repostería Individual,Bombita de 3 Chocolates,futuro
2024-12-02,1.7,Repostería Individual,Bombita de 3 Chocolates,futuro
2024-12-03,1.35,Repostería Individual,Bombita de 3 Chocolates,futuro
2024-12-04,2.08,Repostería Individual,Bombita de 3 Chocolates,futuro
2024-12-05,1.9,Repostería Individual,Bombita de 3 Chocolates,futuro
2024-12-06,2.12,Repostería Individual,Bombita de 3 Chocolates,futuro
2024-12-07,2.05,Repostería Individual,Bombita de 3 Chocolates,futuro
2024-12-08,1.68,Repostería Individual,Bombita de 3 Chocolates,futuro
2024-12-09,1.71,Repostería Individual,Bombita de 3 Chocolates,futuro
2024-12-10,1.36,Repostería Individual,Bombita de 3 Chocolates,futuro
2024-12-11,2.08,Repostería Individual,Bombita de 3 Chocolates,futuro
2024-12-12,1.9,Repostería Individual,Bombita de 3 Chocolates,futuro
2024-12-13,1.91,Repostería Individual,Bombita de 3 Chocolates,futuro
2024-12-14,2.18,Repostería Individual,Bombita de 3 Chocolates,futuro
2024-12-15,1.61,Repostería Individual,Bombita de 3 Chocolates,futuro
2024-12-16,1.7,Repostería Individual,Bombita de 3 Chocolates,futuro
2024-12-17,1.28,Repostería Individual,Bombita de 3 Chocolates,futuro
2024-12-18,2.01,Repostería Individual,Bombita de 3 Chocolates,futuro
2024-12-19,1.61,Repostería Individual,Bombita de 3 Chocolates,futuro
2024-12-20,1.93,Repostería Individual,Bombita de 3 Chocolates,futuro
2024-12-21,2.25,Repostería Individual,Bombita de 3 Chocolates,futuro
2024-12-22,1.61,Repostería Individual,Bombita de 3 Chocolates,futuro
2024-12-23,1.96,Repostería Individual,Bombita de 3 Chocolates,futuro
2024-12-24,2.09,Repostería Individual,Bombita de 3 Chocolates,futuro
2024-12-25,2.67,Repostería Individual,Bombita de 3 Chocolates,futuro
2024-12-26,2.06,Repostería Individual,Bombita de 3 Chocolates,futuro
2024-12-27,2.0,Repostería Individual,Bombita de 3 Chocolates,futuro
2024-04-19,0.16,Repostería Individual,Crujiente de yogurt individual,futuro
2024-04-20,0.24,Repostería Individual,Crujiente de yogurt individual,futuro
2024-04-21,0.33,Repostería Individual,Crujiente de yogurt individual,futuro
2024-04-22,0.28,Repostería Individual,Crujiente de yogurt individual,futuro
2024-04-23,0.37,Repostería Individual,Crujiente de yogurt individual,futuro
2024-04-24,0.2,Repostería Individual,Crujiente de yogurt individual,futuro
2024-04-25,0.23,Repostería Individual,Crujiente de yogurt individual,futuro
2024-04-26,0.35,Repostería Individual,Crujiente de yogurt individual,futuro
2024-04-27,0.24,Repostería Individual,Crujiente de yogurt individual,futuro
2024-04-28,0.27,Repostería Individual,Crujiente de yogurt individual,futuro
2024-04-29,0.29,Repostería Individual,Crujiente de yogurt individual,futuro
2024-04-30,0.27,Repostería Individual,Crujiente de yogurt individual,futuro
2024-05-01,0.24,Repostería Individual,Crujiente de yogurt individual,futuro
2024-05-02,0.6,Repostería Individual,Crujiente de yogurt individual,futuro
2024-05-03,0.24,Repostería Individual,Crujiente de yogurt individual,futuro
2024-05-04,0.24,Repostería Individual,Crujiente de yogurt individual,futuro
2024-05-05,0.23,Repostería Individual,Crujiente de yogurt individual,futuro
2024-05-06,0.36,Repostería Individual,Crujiente de yogurt individual,futuro
2024-05-07,0.31,Repostería Individual,Crujiente de yogurt individual,futuro
2024-05-08,0.12,Repostería Individual,Crujiente de yogurt individual,futuro
2024-05-09,3.29,Repostería Individual,Crujiente de yogurt individual,futuro
2024-05-10,0.0,Repostería Individual,Crujiente de yogurt individual,futuro
2024-05-11,0.0,Repostería Individual,Crujiente de yogurt individual,futuro
2024-05-12,0.3,Repostería Individual,Crujiente de yogurt individual,futuro
2024-05-13,0.39,Repostería Individual,Crujiente de yogurt individual,futuro
2024-05-14,0.35,Repostería Individual,Crujiente de yogurt individual,futuro
2024-05-15,0.05,Repostería Individual,Crujiente de yogurt individual,futuro
2024-05-16,0.31,Repostería Individual,Crujiente de yogurt individual,futuro
2024-05-17,0.11,Repostería Individual,Crujiente de yogurt individual,futuro
2024-05-18,0.46,Repostería Individual,Crujiente de yogurt individual,futuro
2024-05-19,0.21,Repostería Individual,Crujiente de yogurt individual,futuro
2024-05-20,0.38,Repostería Individual,Crujiente de yogurt individual,futuro
2024-05-21,0.3,Repostería Individual,Crujiente de yogurt individual,futuro
2024-05-22,0.22,Repostería Individual,Crujiente de yogurt individual,futuro
2024-05-23,0.61,Repostería Individual,Crujiente de yogurt individual,futuro
2024-05-24,0.24,Repostería Individual,Crujiente de yogurt individual,futuro
2024-05-25,0.24,Repostería Individual,Crujiente de yogurt individual,futuro
2024-05-26,0.23,Repostería Individual,Crujiente de yogurt individual,futuro
2024-05-27,0.36,Repostería Individual,Crujiente de yogurt individual,futuro
2024-05-28,0.31,Repostería Individual,Crujiente de yogurt individual,futuro
2024-05-29,0.25,Repostería Individual,Crujiente de yogurt individual,futuro
2024-05-30,0.36,Repostería Individual,Crujiente de yogurt individual,futuro
2024-05-31,0.23,Repostería Individual,Crujiente de yogurt individual,futuro
2024-06-01,0.21,Repostería Individual,Crujiente de yogurt individual,futuro
2024-06-02,0.22,Repostería Individual,Crujiente de yogurt individual,futuro
2024-06-03,0.37,Repostería Individual,Crujiente de yogurt individual,futuro
2024-06-04,0.29,Repostería Individual,Crujiente de yogurt individual,futuro
2024-06-05,0.22,Repostería Individual,Crujiente de yogurt individual,futuro
2024-06-06,0.33,Repostería Individual,Crujiente de yogurt individual,futuro
2024-06-07,0.21,Repostería Individual,Crujiente de yogurt individual,futuro
2024-06-08,0.21,Repostería Individual,Crujiente de yogurt individual,futuro
2024-06-09,0.22,Repostería Individual,Crujiente de yogurt individual,futuro
2024-06-10,0.37,Repostería Individual,Crujiente de yogurt individual,futuro
2024-06-11,0.29,Repostería Individual,Crujiente de yogurt individual,futuro
2024-06-12,0.22,Repostería Individual,Crujiente de yogurt individual,futuro
2024-06-13,0.33,Repostería Individual,Crujiente de yogurt individual,futuro
2024-06-14,0.07,Repostería Individual,Crujiente de yogurt individual,futuro
2024-06-15,0.09,Repostería Individual,Crujiente de yogurt individual,futuro
2024-06-16,0.08,Repostería Individual,Crujiente de yogurt individual,futuro
2024-06-17,0.23,Repostería Individual,Crujiente de yogurt individual,futuro
2024-06-18,0.29,Repostería Individual,Crujiente de yogurt individual,futuro
2024-06-19,0.22,Repostería Individual,Crujiente de yogurt individual,futuro
2024-06-20,0.33,Repostería Individual,Crujiente de yogurt individual,futuro
2024-06-21,0.21,Repostería Individual,Crujiente de yogurt individual,futuro
2024-06-22,0.21,Repostería Individual,Crujiente de yogurt individual,futuro
2024-06-23,0.22,Repostería Individual,Crujiente de yogurt individual,futuro
2024-06-24,0.37,Repostería Individual,Crujiente de yogurt individual,futuro
2024-06-25,0.29,Repostería Individual,Crujiente de yogurt individual,futuro
2024-06-26,0.22,Repostería Individual,Crujiente de yogurt individual,futuro
2024-06-27,0.33,Repostería Individual,Crujiente de yogurt individual,futuro
2024-06-28,0.21,Repostería Individual,Crujiente de yogurt individual,futuro
2024-06-29,0.21,Repostería Individual,Crujiente de yogurt individual,futuro
2024-06-30,0.22,Repostería Individual,Crujiente de yogurt individual,futuro
2024-07-01,0.37,Repostería Individual,Crujiente de yogurt individual,futuro
2024-07-02,0.3,Repostería Individual,Crujiente de yogurt individual,futuro
2024-07-03,0.25,Repostería Individual,Crujiente de yogurt individual,futuro
2024-07-04,0.38,Repostería Individual,Crujiente de yogurt individual,futuro
2024-07-05,0.26,Repostería Individual,Crujiente de yogurt individual,futuro
2024-07-06,0.34,Repostería Individual,Crujiente de yogurt individual,futuro
2024-07-07,0.25,Repostería Individual,Crujiente de yogurt individual,futuro
2024-07-08,0.37,Repostería Individual,Crujiente de yogurt individual,futuro
2024-07-09,0.3,Repostería Individual,Crujiente de yogurt individual,futuro
2024-07-10,0.25,Repostería Individual,Crujiente de yogurt individual,futuro
2024-07-11,0.38,Repostería Individual,Crujiente de yogurt individual,futuro
2024-07-12,0.26,Repostería Individual,Crujiente de yogurt individual,futuro
2024-07-13,0.34,Repostería Individual,Crujiente de yogurt individual,futuro
2024-07-14,0.25,Repostería Individual,Crujiente de yogurt individual,futuro
2024-07-15,0.37,Repostería Individual,Crujiente de yogurt individual,futuro
2024-07-16,0.3,Repostería Individual,Crujiente de yogurt individual,futuro
2024-07-17,0.25,Repostería Individual,Crujiente de yogurt individual,futuro
2025-12-15,2.93,Repostería Individual,Pastel Espejo de Moras Individual,futuro
2025-12-16,2.8,Repostería Individual,Pastel Espejo de Moras Individual,futuro
2025-12-17,4.21,Repostería Individual,Pastel Espejo de Moras Individual,futuro
2025-12-18,3.02,Repostería Individual,Pastel Espejo de Moras Individual,futuro
2025-12-19,2.71,Repostería Individual,Pastel Espejo de Moras Individual,futuro
2025-12-20,3.49,Repostería Individual,Pastel Espejo de Moras Individual,futuro
2025-12-21,3.37,Repostería Individual,Pastel Espejo de Moras Individual,futuro
2025-12-22,2.61,Repostería Individual,Pastel Espejo de Moras Individual,futuro
2025-12-23,3.57,Repostería Individual,Pastel Espejo de Moras Individual,futuro
2025-12-24,3.58,Repostería Individual,Pastel Espejo de Moras Individual,futuro
2025-12-25,2.39,Repostería Individual,Pastel Espejo de Moras Individual,futuro
2025-12-26,2.45,Repostería Individual,Pastel Espejo de Moras Individual,futuro
2025-12-27,3.31,Repostería Individual,Pastel Espejo de Moras Individual,futuro
2025-12-28,2.83,Repostería Individual,Pastel Espejo de Moras Individual,futuro
2025-12-29,2.97,Repostería Individual,Pastel Espejo de Moras Individual,futuro
2025-12-30,3.11,Repostería Individual,Pastel Espejo de Moras Individual,futuro
2025-12-31,3.58,Repostería Individual,Pastel Espejo de Moras Individual,futuro
2026-01-01,2.85,Repostería Individual,Pastel Espejo de Moras Individual,futuro
2026-01-02,3.14,Repostería Individual,Pastel Espejo de Moras Individual,futuro
2026-01-03,3.43,Repostería Individual,Pastel Espejo de Moras Individual,futuro
2026-01-04,2.94,Repostería Individual,Pastel Espejo de Moras Individual,futuro
2026-01-05,2.6,Repostería Individual,Pastel Espejo de Moras Individual,futuro
2026-01-06,3.62,Repostería Individual,Pastel Espejo de Moras Individual,futuro
2026-01-07,3.06,Repostería Individual,Pastel Espejo de Moras Individual,futuro
2026-01-08,2.94,Repostería Individual,Pastel Espejo de Moras Individual,futuro
2026-01-09,3.23,Repostería Individual,Pastel Espejo de Moras Individual,futuro
2026-01-10,3.44,Repostería Individual,Pastel Espejo de Moras Individual,futuro
2026-01-11,2.7,Repostería Individual,Pastel Espejo de Moras Individual,futuro
2026-01-12,2.6,Repostería Individual,Pastel Espejo de Moras Individual,futuro
2026-01-13,3.62,Repostería Individual,Pastel Espejo de Moras Individual,futuro
2026-01-14,3.04,Repostería Individual,Pastel Espejo de Moras Individual,futuro
2026-01-15,2.84,Repostería Individual,Pastel Espejo de Moras Individual,futuro
2026-01-16,3.24,Repostería Individual,Pastel Espejo de Moras Individual,futuro
2026-01-17,3.44,Repostería Individual,Pastel Espejo de Moras Individual,futuro
2026-01-18,2.7,Repostería Individual,Pastel Espejo de Moras Individual,futuro
2026-01-19,2.6,Repostería Individual,Pastel Espejo de Moras Individual,futuro
2026-01-20,3.62,Repostería Individual,Pastel Espejo de Moras Individual,futuro
2026-01-21,3.04,Repostería Individual,Pastel Espejo de Moras Individual,futuro
2026-01-22,2.84,Repostería Individual,Pastel Espejo de Moras Individual,futuro
2026-01-23,3.24,Repostería Individual,Pastel Espejo de Moras Individual,futuro
2026-01-24,3.44,Repostería Individual,Pastel Espejo de Moras Individual,futuro
2026-01-25,2.7,Repostería Individual,Pastel Espejo de Moras Individual,futuro
2026-01-26,2.6,Repostería Individual,Pastel Espejo de Moras Individual,futuro
2026-01-27,3.62,Repostería Individual,Pastel Espejo de Moras Individual,futuro
2026-01-28,3.04,Repostería Individual,Pastel Espejo de Moras Individual,futuro
2026-01-29,2.84,Repostería Individual,Pastel Espejo de Moras Individual,futuro
2026-01-30,3.24,Repostería Individual,Pastel Espejo de Moras Individual,futuro
2026-01-31,3.44,Repostería Individual,Pastel Espejo de Moras Individual,futuro
2026-02-01,2.96,Repostería Individual,Pastel Espejo de Moras Individual,futuro
2026-02-02,2.77,Repostería Individual,Pastel Espejo de Moras Individual,futuro
2026-02-03,3.66,Repostería Individual,Pastel Espejo de Moras Individual,futuro
2026-02-04,3.31,Repostería Individual,Pastel Espejo de Moras Individual,futuro
2026-02-05,3.11,Repostería Individual,Pastel Espejo de Moras Individual,futuro
2026-02-06,3.1,Repostería Individual,Pastel Espejo de Moras Individual,futuro
2026-02-07,3.45,Repostería Individual,Pastel Espejo de Moras Individual,futuro
2026-02-08,3.08,Repostería Individual,Pastel Espejo de Moras Individual,futuro
2026-02-09,2.74,Repostería Individual,Pastel Espejo de Moras Individual,futuro
2026-02-10,3.42,Repostería Individual,Pastel Espejo de Moras Individual,futuro
2026-02-11,3.58,Repostería Individual,Pastel Espejo de Moras Individual,futuro
2026-02-12,3.06,Repostería Individual,Pastel Espejo de Moras Individual,futuro
2026-02-13,3.06,Repostería Individual,Pastel Espejo de Moras Individual,futuro
2026-02-14,3.46,Repostería Individual,Pastel Espejo de Moras Individual,futuro
2026-02-15,3.02,Repostería Individual,Pastel Espejo de Moras Individual,futuro
2026-02-16,2.79,Repostería Individual,Pastel Espejo de Moras Individual,futuro
2026-02-17,3.42,Repostería Individual,Pastel Espejo de Moras Individual,futuro
2026-02-18,3.51,Repostería Individual,Pastel Espejo de Moras Individual,futuro
2026-02-19,3.3,Repostería Individual,Pastel Espejo de Moras Individual,futuro
2026-02-20,3.06,Repostería Individual,Pastel Espejo de Moras Individual,futuro
2026-02-21,3.46,Repostería Individual,Pastel Espejo de Moras Individual,futuro
2026-02-22,3.27,Repostería Individual,Pastel Espejo de Moras Individual,futuro
2026-02-23,2.79,Repostería Individual,Pastel Espejo de Moras Individual,futuro
2026-02-24,3.42,Repostería Individual,Pastel Espejo de Moras Individual,futuro
2026-02-25,3.51,Repostería Individual,Pastel Espejo de Moras Individual,futuro
2026-02-26,3.3,Repostería Individual,Pastel Espejo de Moras Individual,futuro
2026-02-27,3.06,Repostería Individual,Pastel Espejo de Moras Individual,futuro
2026-02-28,3.46,Repostería Individual,Pastel Espejo de Moras Individual,futuro
2026-03-01,3.17,Repostería Individual,Pastel Espejo de Moras Individual,futuro
2026-03-02,2.72,Repostería Individual,Pastel Espejo de Moras Individual,futuro
2026-03-03,3.29,Repostería Individual,Pastel Espejo de Moras Individual,futuro
2026-03-04,3.38,Repostería Individual,Pastel Espejo de Moras Individual,futuro
2026-03-05,3.31,Repostería Individual,Pastel Espejo de Moras Individual,futuro
2026-03-06,3.03,Repostería Individual,Pastel Espejo de Moras Individual,futuro
2026-03-07,3.1,Repostería Individual,Pastel Espejo de Moras Individual,futuro
2026-03-08,3.17,Repostería Individual,Pastel Espejo de Moras Individual,futuro
2026-03-09,2.72,Repostería Individual,Pastel Espejo de Moras Individual,futuro
2026-03-10,3.29,Repostería Individual,Pastel Espejo de Moras Individual,futuro
2026-03-11,3.38,Repostería Individual,Pastel Espejo de Moras Individual,futuro
2026-03-12,3.31,Repostería Individual,Pastel Espejo de Moras Individual,futuro
2026-03-13,3.03,Repostería Individual,Pastel Espejo de Moras Individual,futuro
2026-03-14,3.1,Repostería Individual,Pastel Espejo de Moras Individual,futuro
2023-12-25,1.9,Repostería Individual,Pay besos de cereza,futuro
2023-12-26,0.0,Repostería Individual,Pay besos de cereza,futuro
2023-12-27,0.0,Repostería Individual,Pay besos de cereza,futuro
2023-12-28,0.0,Repostería Individual,Pay besos de cereza,futuro
2023-12-29,0.0,Repostería Individual,Pay besos de cereza,futuro
2023-12-30,0.0,Repostería Individual,Pay besos de cereza,futuro
2023-12-31,0.0,Repostería Individual,Pay besos de cereza,futuro
2024-01-01,0.0,Repostería Individual,Pay besos de cereza,futuro
2024-01-02,0.0,Repostería Individual,Pay besos de cereza,futuro
2024-01-03,0.05,Repostería Individual,Pay besos de cereza,futuro
2024-01-04,0.0,Repostería Individual,Pay besos de cereza,futuro
2024-01-05,0.0,Repostería Individual,Pay besos de cereza,futuro
2024-01-06,0.0,Repostería Individual,Pay besos de cereza,futuro
2024-01-07,0.0,Repostería Individual,Pay besos de cereza,futuro
2024-01-08,0.0,Repostería Individual,Pay besos de cereza,futuro
2024-01-09,0.0,Repostería Individual,Pay besos de cereza,futuro
2024-01-10,0.05,Repostería Individual,Pay besos de cereza,futuro
2024-01-11,0.0,Repostería Individual,Pay besos de cereza,futuro
2024-01-12,0.0,Repostería Individual,Pay besos de cereza,futuro
2024-01-13,0.0,Repostería Individual,Pay besos de cereza,futuro
2024-01-14,0.0,Repostería Individual,Pay besos de cereza,futuro
2024-01-15,0.0,Repostería Individual,Pay besos de cereza,futuro
2024-01-16,0.0,Repostería Individual,Pay besos de cereza,futuro
2024-01-17,0.05,Repostería Individual,Pay besos de cereza,futuro
2024-01-18,0.0,Repostería Individual,Pay besos de cereza,futuro
2024-01-19,0.0,Repostería Individual,Pay besos de cereza,futuro
2024-01-20,0.0,Repostería Individual,Pay besos de cereza,futuro
2024-01-21,0.0,Repostería Individual,Pay besos de cereza,futuro
2024-01-22,0.0,Repostería Individual,Pay besos de cereza,futuro
2024-01-23,0.0,Repostería Individual,Pay besos de cereza,futuro
2024-01-24,0.05,Repostería Individual,Pay besos de cereza,futuro
2024-01-25,0.0,Repostería Individual,Pay besos de cereza,futuro
2024-01-26,0.0,Repostería Individual,Pay besos de cereza,futuro
2024-01-27,0.0,Repostería Individual,Pay besos de cereza,futuro
2024-01-28,0.0,Repostería Individual,Pay besos de cereza,futuro
2024-01-29,0.0,Repostería Individual,Pay besos de cereza,futuro
2024-01-30,0.0,Repostería Individual,Pay besos de cereza,futuro
2024-01-31,0.05,Repostería Individual,Pay besos de cereza,futuro
2024-02-01,0.0,Repostería Individual,Pay besos de cereza,futuro
2024-02-02,0.0,Repostería Individual,Pay besos de cereza,futuro
2024-02-03,0.0,Repostería Individual,Pay besos de cereza,futuro
2024-02-04,0.0,Repostería Individual,Pay besos de cereza,futuro
2024-02-05,0.0,Repostería Individual,Pay besos de cereza,futuro
2024-02-06,0.0,Repostería Individual,Pay besos de cereza,futuro
2024-02-07,0.01,Repostería Individual,Pay besos de cereza,futuro
2024-02-08,0.0,Repostería Individual,Pay besos de cereza,futuro
2024-02-09,0.0,Repostería Individual,Pay besos de cereza,futuro
2024-02-10,0.0,Repostería Individual,Pay besos de cereza,futuro
2024-02-11,0.0,Repostería Individual,Pay besos de cereza,futuro
2024-02-12,0.0,Repostería Individual,Pay besos de cereza,futuro
2024-02-13,0.0,Repostería Individual,Pay besos de cereza,futuro
2024-02-14,0.01,Repostería Individual,Pay besos de cereza,futuro
2024-02-15,0.0,Repostería Individual,Pay besos de cereza,futuro
2024-02-16,0.0,Repostería Individual,Pay besos de cereza,futuro
2024-02-17,0.0,Repostería Individual,Pay besos de cereza,futuro
2024-02-18,0.0,Repostería Individual,Pay besos de cereza,futuro
2024-02-19,0.0,Repostería Individual,Pay besos de cereza,futuro
2024-02-20,0.0,Repostería Individual,Pay besos de cereza,futuro
2024-02-21,0.01,Repostería Individual,Pay besos de cereza,futuro
2024-02-22,0.0,Repostería Individual,Pay besos de cereza,futuro
2024-02-23,0.0,Repostería Individual,Pay besos de cereza,futuro
2024-02-24,0.0,Repostería Individual,Pay besos de cereza,futuro
2024-02-25,0.0,Repostería Individual,Pay besos de cereza,futuro
2024-02-26,0.0,Repostería Individual,Pay besos de cereza,futuro
2024-02-27,0.0,Repostería Individual,Pay besos de cereza,futuro
2024-02-28,0.01,Repostería Individual,Pay besos de cereza,futuro
2024-02-29,0.0,Repostería Individual,Pay besos de cereza,futuro
2024-03-01,0.0,Repostería Individual,Pay besos de cereza,futuro
2024-03-02,0.0,Repostería Individual,Pay besos de cereza,futuro
2024-03-03,0.0,Repostería Individual,Pay besos de cereza,futuro
2024-03-04,0.0,Repostería Individual,Pay besos de cereza,futuro
2024-03-05,0.0,Repostería Individual,Pay besos de cereza,futuro
2024-03-06,0.01,Repostería Individual,Pay besos de cereza,futuro
2024-03-07,0.0,Repostería Individual,Pay besos de cereza,futuro
2024-03-08,0.0,Repostería Individual,Pay besos de cereza,futuro
2024-03-09,0.0,Repostería Individual,Pay besos de cereza,futuro
2024-03-10,0.0,Repostería Individual,Pay besos de cereza,futuro
2024-03-11,0.0,Repostería Individual,Pay besos de cereza,futuro
2024-03-12,0.0,Repostería Individual,Pay besos de cereza,futuro
2024-03-13,0.01,Repostería Individual,Pay besos de cereza,futuro
2024-03-14,0.0,Repostería Individual,Pay besos de cereza,futuro
2024-03-15,0.0,Repostería Individual,Pay besos de cereza,futuro
2024-03-16,0.0,Repostería Individual,Pay besos de cereza,futuro
2024-03-17,0.0,Repostería Individual,Pay besos de cereza,futuro
2024-03-18,0.0,Repostería Individual,Pay besos de cereza,futuro
2024-03-19,0.0,Repostería Individual,Pay besos de cereza,futuro
2024-03-20,0.01,Repostería Individual,Pay besos de cereza,futuro
2024-03-21,0.0,Repostería Individual,Pay besos de cereza,futuro
2024-03-22,0.0,Repostería Individual,Pay besos de cereza,futuro
2024-03-23,0.0,Repostería Individual,Pay besos de cereza,futuro
2024-01-27,0.98,Repostería Individual,Pay mini limón,futuro
2024-01-28,0.0,Repostería Individual,Pay mini limón,futuro
2024-01-29,0.0,Repostería Individual,Pay mini limón,futuro
2024-01-30,0.0,Repostería Individual,Pay mini limón,futuro
2024-01-31,0.25,Repostería Individual,Pay mini limón,futuro
2024-02-01,0.0,Repostería Individual,Pay mini limón,futuro
2024-02-02,0.0,Repostería Individual,Pay mini limón,futuro
2024-02-03,0.0,Repostería Individual,Pay mini limón,futuro
2024-02-04,0.0,Repostería Individual,Pay mini limón,futuro
2024-02-05,0.0,Repostería Individual,Pay mini limón,futuro
2024-02-06,0.0,Repostería Individual,Pay mini limón,futuro
2024-02-07,0.0,Repostería Individual,Pay mini limón,futuro
2024-02-08,0.0,Repostería Individual,Pay mini limón,futuro
2024-02-09,0.0,Repostería Individual,Pay mini limón,futuro
2024-02-10,0.0,Repostería Individual,Pay mini limón,futuro
2024-02-11,0.0,Repostería Individual,Pay mini limón,futuro
2024-02-12,0.0,Repostería Individual,Pay mini limón,futuro
2024-02-13,0.0,Repostería Individual,Pay mini limón,futuro
2024-02-14,0.0,Repostería Individual,Pay mini limón,futuro
2024-02-15,0.0,Repostería Individual,Pay mini limón,futuro
2024-02-16,0.0,Repostería Individual,Pay mini limón,futuro
2024-02-17,0.0,Repostería Individual,Pay mini limón,futuro
2024-02-18,0.0,Repostería Individual,Pay mini limón,futuro
2024-02-19,0.0,Repostería Individual,Pay mini limón,futuro
2024-02-20,0.0,Repostería Individual,Pay mini limón,futuro
2024-02-21,0.0,Repostería Individual,Pay mini limón,futuro
2024-02-22,0.0,Repostería Individual,Pay mini limón,futuro
2024-02-23,0.0,Repostería Individual,Pay mini limón,futuro
2024-02-24,0.0,Repostería Individual,Pay mini limón,futuro
2024-02-25,0.0,Repostería Individual,Pay mini limón,futuro
2024-02-26,0.0,Repostería Individual,Pay mini limón,futuro
2024-02-27,0.0,Repostería Individual,Pay mini limón,futuro
2024-02-28,0.0,Repostería Individual,Pay mini limón,futuro
2024-02-29,0.0,Repostería Individual,Pay mini limón,futuro
2024-03-01,0.0,Repostería Individual,Pay mini limón,futuro
2024-03-02,0.0,Repostería Individual,Pay mini limón,futuro
2024-03-03,0.0,Repostería Individual,Pay mini limón,futuro
2024-03-04,0.0,Repostería Individual,Pay mini limón,futuro
2024-03-05,0.0,Repostería Individual,Pay mini limón,futuro
2024-03-06,0.0,Repostería Individual,Pay mini limón,futuro
2024-03-07,0.0,Repostería Individual,Pay mini limón,futuro
2024-03-08,0.0,Repostería Individual,Pay mini limón,futuro
2024-03-09,0.0,Repostería Individual,Pay mini limón,futuro
2024-03-10,0.0,Repostería Individual,Pay mini limón,futuro
2024-03-11,0.0,Repostería Individual,Pay mini limón,futuro
2024-03-12,0.0,Repostería Individual,Pay mini limón,futuro
2024-03-13,0.0,Repostería Individual,Pay mini limón,futuro
2024-03-14,0.0,Repostería Individual,Pay mini limón,futuro
2024-03-15,0.0,Repostería Individual,Pay mini limón,futuro
2024-03-16,0.0,Repostería Individual,Pay mini limón,futuro
2024-03-17,0.0,Repostería Individual,Pay mini limón,futuro
2024-03-18,0.0,Repostería Individual,Pay mini limón,futuro
2024-03-19,0.0,Repostería Individual,Pay mini limón,futuro
2024-03-20,0.0,Repostería Individual,Pay mini limón,futuro
2024-03-21,0.0,Repostería Individual,Pay mini limón,futuro
2024-03-22,0.0,Repostería Individual,Pay mini limón,futuro
2024-03-23,0.0,Repostería Individual,Pay mini limón,futuro
2024-03-24,0.0,Repostería Individual,Pay mini limón,futuro
2024-03-25,0.0,Repostería Individual,Pay mini limón,futuro
2024-03-26,0.0,Repostería Individual,Pay mini limón,futuro
2024-03-27,0.0,Repostería Individual,Pay mini limón,futuro
2024-03-28,0.0,Repostería Individual,Pay mini limón,futuro
2024-03-29,0.0,Repostería Individual,Pay mini limón,futuro
2024-03-30,0.0,Repostería Individual,Pay mini limón,futuro
2024-03-31,0.0,Repostería Individual,Pay mini limón,futuro
2024-04-01,0.0,Repostería Individual,Pay mini limón,futuro
2024-04-02,0.0,Repostería Individual,Pay mini limón,futuro
2024-04-03,0.0,Repostería Individual,Pay mini limón,futuro
2024-04-04,0.0,Repostería Individual,Pay mini limón,futuro
2024-04-05,0.0,Repostería Individual,Pay mini limón,futuro
2024-04-06,0.0,Repostería Individual,Pay mini limón,futuro
2024-04-07,0.0,Repostería Individual,Pay mini limón,futuro
2024-04-08,0.0,Repostería Individual,Pay mini limón,futuro
2024-04-09,0.0,Repostería Individual,Pay mini limón,futuro
2024-04-10,0.0,Repostería Individual,Pay mini limón,futuro
2024-04-11,0.0,Repostería Individual,Pay mini limón,futuro
2024-04-12,0.0,Repostería Individual,Pay mini limón,futuro
2024-04-13,0.0,Repostería Individual,Pay mini limón,futuro
2024-04-14,0.0,Repostería Individual,Pay mini limón,futuro
2024-04-15,0.0,Repostería Individual,Pay mini limón,futuro
2024-04-16,0.0,Repostería Individual,Pay mini limón,futuro
2024-04-17,0.0,Repostería Individual,Pay mini limón,futuro
2024-04-18,0.0,Repostería Individual,Pay mini limón,futuro
2024-04-19,0.0,Repostería Individual,Pay mini limón,futuro
2024-04-20,0.0,Repostería Individual,Pay mini limón,futuro
2024-04-21,0.0,Repostería Individual,Pay mini limón,futuro
2024-04-22,0.0,Repostería Individual,Pay mini limón,futuro
2024-04-23,0.0,Repostería Individual,Pay mini limón,futuro
2024-04-24,0.0,Repostería Individual,Pay mini limón,futuro
2024-04-25,0.0,Repostería Individual,Pay mini limón,futuro
2025-06-29,0.9,Repostería Individual,Rebanada Pastel Imposible Natural,futuro
2025-06-30,0.46,Repostería Individual,Rebanada Pastel Imposible Natural,futuro
2025-07-01,0.7,Repostería Individual,Rebanada Pastel Imposible Natural,futuro
2025-07-02,0.67,Repostería Individual,Rebanada Pastel Imposible Natural,futuro
2025-07-03,0.8,Repostería Individual,Rebanada Pastel Imposible Natural,futuro
2025-07-04,0.62,Repostería Individual,Rebanada Pastel Imposible Natural,futuro
2025-07-05,0.68,Repostería Individual,Rebanada Pastel Imposible Natural,futuro
2025-07-06,0.76,Repostería Individual,Rebanada Pastel Imposible Natural,futuro
2025-07-07,0.28,Repostería Individual,Rebanada Pastel Imposible Natural,futuro
2025-07-08,0.7,Repostería Individual,Rebanada Pastel Imposible Natural,futuro
2025-07-09,0.57,Repostería Individual,Rebanada Pastel Imposible Natural,futuro
2025-07-10,0.5,Repostería Individual,Rebanada Pastel Imposible Natural,futuro
2025-07-11,0.7,Repostería Individual,Rebanada Pastel Imposible Natural,futuro
2025-07-12,0.8,Repostería Individual,Rebanada Pastel Imposible Natural,futuro
2025-07-13,0.79,Repostería Individual,Rebanada Pastel Imposible Natural,futuro
2025-07-14,0.41,Repostería Individual,Rebanada Pastel Imposible Natural,futuro
2025-07-15,0.61,Repostería Individual,Rebanada Pastel Imposible Natural,futuro
2025-07-16,0.54,Repostería Individual,Rebanada Pastel Imposible Natural,futuro
2025-07-17,0.59,Repostería Individual,Rebanada Pastel Imposible Natural,futuro
2025-07-18,0.67,Repostería Individual,Rebanada Pastel Imposible Natural,futuro
2025-07-19,0.73,Repostería Individual,Rebanada Pastel Imposible Natural,futuro
2025-07-20,0.79,Repostería Individual,Rebanada Pastel Imposible Natural,futuro
2025-07-21,0.41,Repostería Individual,Rebanada Pastel Imposible Natural,futuro
2025-07-22,0.61,Repostería Individual,Rebanada Pastel Imposible Natural,futuro
2025-07-23,0.54,Repostería Individual,Rebanada Pastel Imposible Natural,futuro
2025-07-24,0.59,Repostería Individual,Rebanada Pastel Imposible Natural,futuro
2025-07-25,0.67,Repostería Individual,Rebanada Pastel Imposible Natural,futuro
2025-07-26,0.73,Repostería Individual,Rebanada Pastel Imposible Natural,futuro
2025-07-27,0.79,Repostería Individual,Rebanada Pastel Imposible Natural,futuro
2025-07-28,0.41,Repostería Individual,Rebanada Pastel Imposible Natural,futuro
2025-07-29,0.61,Repostería Individual,Rebanada Pastel Imposible Natural,futuro
2025-07-30,0.54,Repostería Individual,Rebanada Pastel Imposible Natural,futuro
2025-07-31,0.59,Repostería Individual,Rebanada Pastel Imposible Natural,futuro
2025-08-01,0.5,Repostería Individual,Rebanada Pastel Imposible Natural,futuro
2025-08-02,0.41,Repostería Individual,Rebanada Pastel Imposible Natural,futuro
2025-08-03,0.47,Repostería Individual,Rebanada Pastel Imposible Natural,futuro
2025-08-04,0.3,Repostería Individual,Rebanada Pastel Imposible Natural,futuro
2025-08-05,0.44,Repostería Individual,Rebanada Pastel Imposible Natural,futuro
2025-08-06,0.38,Repostería Individual,Rebanada Pastel Imposible Natural,futuro
2025-08-07,0.43,Repostería Individual,Rebanada Pastel Imposible Natural,futuro
2025-08-08,0.5,Repostería Individual,Rebanada Pastel Imposible Natural,futuro
2025-08-09,0.41,Repostería Individual,Rebanada Pastel Imposible Natural,futuro
2025-08-10,0.47,Repostería Individual,Rebanada Pastel Imposible Natural,futuro
2025-08-11,0.3,Repostería Individual,Rebanada Pastel Imposible Natural,futuro
2025-08-12,0.44,Repostería Individual,Rebanada Pastel Imposible Natural,futuro
2025-08-13,0.38,Repostería Individual,Rebanada Pastel Imposible Natural,futuro
2025-08-14,0.43,Repostería Individual,Rebanada Pastel Imposible Natural,futuro
2025-08-15,0.5,Repostería Individual,Rebanada Pastel Imposible Natural,futuro
2025-08-16,0.41,Repostería Individual,Rebanada Pastel Imposible Natural,futuro
2025-08-17,0.47,Repostería Individual,Rebanada Pastel Imposible Natural,futuro
2025-08-18,0.3,Repostería Individual,Rebanada Pastel Imposible Natural,futuro
2025-08-19,0.44,Repostería Individual,Rebanada Pastel Imposible Natural,futuro
2025-08-20,0.38,Repostería Individual,Rebanada Pastel Imposible Natural,futuro
2025-08-21,0.43,Repostería Individual,Rebanada Pastel Imposible Natural,futuro
2025-08-22,0.5,Repostería Individual,Rebanada Pastel Imposible Natural,futuro
2025-08-23,0.41,Repostería Individual,Rebanada Pastel Imposible Natural,futuro
2025-08-24,0.47,Repostería Individual,Rebanada Pastel Imposible Natural,futuro
2025-08-25,0.3,Repostería Individual,Rebanada Pastel Imposible Natural,futuro
2025-08-26,0.44,Repostería Individual,Rebanada Pastel Imposible Natural,futuro
2025-08-27,0.04,Repostería Individual,Rebanada Pastel Imposible Natural,futuro
2025-08-28,0.09,Repostería Individual,Rebanada Pastel Imposible Natural,futuro
2025-08-29,0.15,Repostería Individual,Rebanada Pastel Imposible Natural,futuro
2025-08-30,0.35,Repostería Individual,Rebanada Pastel Imposible Natural,futuro
2025-08-31,0.35,Repostería Individual,Rebanada Pastel Imposible Natural,futuro
2025-09-01,0.21,Repostería Individual,Rebanada Pastel Imposible Natural,futuro
2025-09-02,0.35,Repostería Individual,Rebanada Pastel Imposible Natural,futuro
2025-09-03,0.22,Repostería Individual,Rebanada Pastel Imposible Natural,futuro
2025-09-04,0.33,Repostería Individual,Rebanada Pastel Imposible Natural,futuro
2025-09-05,0.41,Repostería Individual,Rebanada Pastel Imposible Natural,futuro
2025-09-06,0.37,Repostería Individual,Rebanada Pastel Imposible Natural,futuro
2025-09-07,0.43,Repostería Individual,Rebanada Pastel Imposible Natural,futuro
2025-09-08,0.27,Repostería Individual,Rebanada Pastel Imposible Natural,futuro
2025-09-09,0.42,Repostería Individual,Rebanada Pastel Imposible Natural,futuro
2025-09-10,0.27,Repostería Individual,Rebanada Pastel Imposible Natural,futuro
2025-09-11,0.39,Repostería Individual,Rebanada Pastel Imposible Natural,futuro
2025-09-12,0.46,Repostería Individual,Rebanada Pastel Imposible Natural,futuro
2025-09-13,0.37,Repostería Individual,Rebanada Pastel Imposible Natural,futuro
2025-09-14,0.43,Repostería Individual,Rebanada Pastel Imposible Natural,futuro
2025-09-15,0.27,Repostería Individual,Rebanada Pastel Imposible Natural,futuro
2025-09-16,0.42,Repostería Individual,Rebanada Pastel Imposible Natural,futuro
2025-09-17,0.27,Repostería Individual,Rebanada Pastel Imposible Natural,futuro
2025-09-18,0.39,Repostería Individual,Rebanada Pastel Imposible Natural,futuro
2025-09-19,0.46,Repostería Individual,Rebanada Pastel Imposible Natural,futuro
2025-09-20,0.37,Repostería Individual,Rebanada Pastel Imposible Natural,futuro
2025-09-21,0.43,Repostería Individual,Rebanada Pastel Imposible Natural,futuro
2025-09-22,0.27,Repostería Individual,Rebanada Pastel Imposible Natural,futuro
2025-09-23,0.42,Repostería Individual,Rebanada Pastel Imposible Natural,futuro
2025-09-24,0.27,Repostería Individual,Rebanada Pastel Imposible Natural,futuro
2025-09-25,0.39,Repostería Individual,Rebanada Pastel Imposible Natural,futuro
2025-09-26,0.46,Repostería Individual,Rebanada Pastel Imposible Natural,futuro
2025-12-15,3.33,Repostería Individual,Reina De Fresas Con Crema,futuro
2025-12-16,3.43,Repostería Individual,Reina De Fresas Con Crema,futuro
2025-12-17,3.65,Repostería Individual,Reina De Fresas Con Crema,futuro
2025-12-18,3.53,Repostería Individual,Reina De Fresas Con Crema,futuro
2025-12-19,3.47,Repostería Individual,Reina De Fresas Con Crema,futuro
2025-12-20,3.95,Repostería Individual,Reina De Fresas Con Crema,futuro
2025-12-21,3.4,Repostería Individual,Reina De Fresas Con Crema,futuro
2025-12-22,3.44,Repostería Individual,Reina De Fresas Con Crema,futuro
2025-12-23,3.44,Repostería Individual,Reina De Fresas Con Crema,futuro
2025-12-24,4.26,Repostería Individual,Reina De Fresas Con Crema,futuro
2025-12-25,3.56,Repostería Individual,Reina De Fresas Con Crema,futuro
2025-12-26,2.81,Repostería Individual,Reina De Fresas Con Crema,futuro
2025-12-27,3.2,Repostería Individual,Reina De Fresas Con Crema,futuro
2025-12-28,3.23,Repostería Individual,Reina De Fresas Con Crema,futuro
2025-12-29,3.32,Repostería Individual,Reina De Fresas Con Crema,futuro
2025-12-30,3.3,Repostería Individual,Reina De Fresas Con Crema,futuro
2025-12-31,2.97,Repostería Individual,Reina De Fresas Con Crema,futuro
2026-01-01,3.09,Repostería Individual,Reina De Fresas Con Crema,futuro
2026-01-02,2.8,Repostería Individual,Reina De Fresas Con Crema,futuro
2026-01-03,3.37,Repostería Individual,Reina De Fresas Con Crema,futuro
2026-01-04,3.61,Repostería Individual,Reina De Fresas Con Crema,futuro
2026-01-05,3.49,Repostería Individual,Reina De Fresas Con Crema,futuro
2026-01-06,3.59,Repostería Individual,Reina De Fresas Con Crema,futuro
2026-01-07,3.61,Repostería Individual,Reina De Fresas Con Crema,futuro
2026-01-08,3.62,Repostería Individual,Reina De Fresas Con Crema,futuro
2026-01-09,3.34,Repostería Individual,Reina De Fresas Con Crema,futuro
2026-01-10,3.32,Repostería Individual,Reina De Fresas Con Crema,futuro
2026-01-11,3.35,Repostería Individual,Reina De Fresas Con Crema,futuro
2026-01-12,3.46,Repostería Individual,Reina De Fresas Con Crema,futuro
2026-01-13,3.58,Repostería Individual,Reina De Fresas Con Crema,futuro
2026-01-14,3.61,Repostería Individual,Reina De Fresas Con Crema,futuro
2026-01-15,3.64,Repostería Individual,Reina De Fresas Con Crema,futuro
2026-01-16,3.26,Repostería Individual,Reina De Fresas Con Crema,futuro
2026-01-17,3.33,Repostería Individual,Reina De Fresas Con Crema,futuro
2026-01-18,3.27,Repostería Individual,Reina De Fresas Con Crema,futuro
2026-01-19,3.46,Repostería Individual,Reina De Fresas Con Crema,futuro
2026-01-20,3.58,Repostería Individual,Reina De Fresas Con Crema,futuro
2026-01-21,3.64,Repostería Individual,Reina De Fresas Con Crema,futuro
2026-01-22,3.64,Repostería Individual,Reina De Fresas Con Crema,futuro
2026-01-23,3.33,Repostería Individual,Reina De Fresas Con Crema,futuro
2026-01-24,3.33,Repostería Individual,Reina De Fresas Con Crema,futuro
2026-01-25,3.27,Repostería Individual,Reina De Fresas Con Crema,futuro
2026-01-26,3.46,Repostería Individual,Reina De Fresas Con Crema,futuro
2026-01-27,3.58,Repostería Individual,Reina De Fresas Con Crema,futuro
2026-01-28,3.64,Repostería Individual,Reina De Fresas Con Crema,futuro
2026-01-29,3.64,Repostería Individual,Reina De Fresas Con Crema,futuro
2026-01-30,3.33,Repostería Individual,Reina De Fresas Con Crema,futuro
2026-01-31,3.33,Repostería Individual,Reina De Fresas Con Crema,futuro
2026-02-01,3.27,Repostería Individual,Reina De Fresas Con Crema,futuro
2026-02-02,3.46,Repostería Individual,Reina De Fresas Con Crema,futuro
2026-02-03,3.58,Repostería Individual,Reina De Fresas Con Crema,futuro
2026-02-04,3.64,Repostería Individual,Reina De Fresas Con Crema,futuro
2026-02-05,3.64,Repostería Individual,Reina De Fresas Con Crema,futuro
2026-02-06,3.33,Repostería Individual,Reina De Fresas Con Crema,futuro
2026-02-07,3.33,Repostería Individual,Reina De Fresas Con Crema,futuro
2026-02-08,3.27,Repostería Individual,Reina De Fresas Con Crema,futuro
2026-02-09,3.46,Repostería Individual,Reina De Fresas Con Crema,futuro
2026-02-10,3.58,Repostería Individual,Reina De Fresas Con Crema,futuro
2026-02-11,3.64,Repostería Individual,Reina De Fresas Con Crema,futuro
2026-02-12,3.64,Repostería Individual,Reina De Fresas Con Crema,futuro
2026-02-13,3.33,Repostería Individual,Reina De Fresas Con Crema,futuro
2026-02-14,3.33,Repostería Individual,Reina De Fresas Con Crema,futuro
2026-02-15,3.27,Repostería Individual,Reina De Fresas Con Crema,futuro
2026-02-16,3.46,Repostería Individual,Reina De Fresas Con Crema,futuro
2026-02-17,3.58,Repostería Individual,Reina De Fresas Con Crema,futuro
2026-02-18,3.64,Repostería Individual,Reina De Fresas Con Crema,futuro
2026-02-19,3.64,Repostería Individual,Reina De Fresas Con Crema,futuro
2026-02-20,3.33,Repostería Individual,Reina De Fresas Con Crema,futuro
2026-02-21,3.33,Repostería Individual,Reina De Fresas Con Crema,futuro
2026-02-22,3.27,Repostería Individual,Reina De Fresas Con Crema,futuro
2026-02-23,3.46,Repostería Individual,Reina De Fresas Con Crema,futuro
2026-02-24,3.58,Repostería Individual,Reina De Fresas Con Crema,futuro
2026-02-25,3.64,Repostería Individual,Reina De Fresas Con Crema,futuro
2026-02-26,3.64,Repostería Individual,Reina De Fresas Con Crema,futuro
2026-02-27,3.33,Repostería Individual,Reina De Fresas Con Crema,futuro
2026-02-28,3.33,Repostería Individual,Reina De Fresas Con Crema,futuro
2026-03-01,3.23,Repostería Individual,Reina De Fresas Con Crema,futuro
2026-03-02,3.42,Repostería Individual,Reina De Fresas Con Crema,futuro
2026-03-03,3.54,Repostería Individual,Reina De Fresas Con Crema,futuro
2026-03-04,3.6,Repostería Individual,Reina De Fresas Con Crema,futuro
2026-03-05,3.6,Repostería Individual,Reina De Fresas Con Crema,futuro
2026-03-06,3.29,Repostería Individual,Reina De Fresas Con Crema,futuro
2026-03-07,3.29,Repostería Individual,Reina De Fresas Con Crema,futuro
2026-03-08,3.23,Repostería Individual,Reina De Fresas Con Crema,futuro
2026-03-09,3.42,Repostería Individual,Reina De Fresas Con Crema,futuro
2026-03-10,3.54,Repostería Individual,Reina De Fresas Con Crema,futuro
2026-03-11,3.6,Repostería Individual,Reina De Fresas Con Crema,futuro
2026-03-12,3.6,Repostería Individual,Reina De Fresas Con Crema,futuro
2026-03-13,3.29,Repostería Individual,Reina De Fresas Con Crema,futuro
2026-03-14,3.29,Repostería Individual,Reina De Fresas Con Crema,futuro
2025-06-29,3.34,Repostería Individual,Rey de chocolate,futuro
2025-06-30,2.86,Repostería Individual,Rey de chocolate,futuro
2025-07-01,3.36,Repostería Individual,Rey de chocolate,futuro
2025-07-02,2.88,Repostería Individual,Rey de chocolate,futuro
2025-07-03,2.98,Repostería Individual,Rey de chocolate,futuro
2025-07-04,3.61,Repostería Individual,Rey de chocolate,futuro
2025-07-05,2.77,Repostería Individual,Rey de chocolate,futuro
2025-07-06,2.37,Repostería Individual,Rey de chocolate,futuro
2025-07-07,2.88,Repostería Individual,Rey de chocolate,futuro
2025-07-08,3.17,Repostería Individual,Rey de chocolate,futuro
2025-07-09,3.24,Repostería Individual,Rey de chocolate,futuro
2025-07-10,3.16,Repostería Individual,Rey de chocolate,futuro
2025-07-11,3.13,Repostería Individual,Rey de chocolate,futuro
2025-07-12,3.22,Repostería Individual,Rey de chocolate,futuro
2025-07-13,3.01,Repostería Individual,Rey de chocolate,futuro
2025-07-14,3.01,Repostería Individual,Rey de chocolate,futuro
2025-07-15,3.36,Repostería Individual,Rey de chocolate,futuro
2025-07-16,3.39,Repostería Individual,Rey de chocolate,futuro
2025-07-17,3.45,Repostería Individual,Rey de chocolate,futuro
2025-07-18,3.13,Repostería Individual,Rey de chocolate,futuro
2025-07-19,3.11,Repostería Individual,Rey de chocolate,futuro
2025-07-20,3.11,Repostería Individual,Rey de chocolate,futuro
2025-07-21,3.12,Repostería Individual,Rey de chocolate,futuro
2025-07-22,3.4,Repostería Individual,Rey de chocolate,futuro
2025-07-23,3.44,Repostería Individual,Rey de chocolate,futuro
2025-07-24,3.45,Repostería Individual,Rey de chocolate,futuro
2025-07-25,3.28,Repostería Individual,Rey de chocolate,futuro
2025-07-26,3.32,Repostería Individual,Rey de chocolate,futuro
2025-07-27,3.24,Repostería Individual,Rey de chocolate,futuro
2025-07-28,3.09,Repostería Individual,Rey de chocolate,futuro
2025-07-29,3.4,Repostería Individual,Rey de chocolate,futuro
2025-07-30,3.44,Repostería Individual,Rey de chocolate,futuro
2025-07-31,3.45,Repostería Individual,Rey de chocolate,futuro
2025-08-01,3.3,Repostería Individual,Rey de chocolate,futuro
2025-08-02,3.33,Repostería Individual,Rey de chocolate,futuro
2025-08-03,3.26,Repostería Individual,Rey de chocolate,futuro
2025-08-04,3.1,Repostería Individual,Rey de chocolate,futuro
2025-08-05,3.42,Repostería Individual,Rey de chocolate,futuro
2025-08-06,3.46,Repostería Individual,Rey de chocolate,futuro
2025-08-07,3.46,Repostería Individual,Rey de chocolate,futuro
2025-08-08,3.3,Repostería Individual,Rey de chocolate,futuro
2025-08-09,3.33,Repostería Individual,Rey de chocolate,futuro
2025-08-10,3.26,Repostería Individual,Rey de chocolate,futuro
2025-08-11,3.1,Repostería Individual,Rey de chocolate,futuro
2025-08-12,3.42,Repostería Individual,Rey de chocolate,futuro
2025-08-13,3.46,Repostería Individual,Rey de chocolate,futuro
2025-08-14,3.46,Repostería Individual,Rey de chocolate,futuro
2025-08-15,3.3,Repostería Individual,Rey de chocolate,futuro
2025-08-16,3.33,Repostería Individual,Rey de chocolate,futuro
2025-08-17,3.26,Repostería Individual,Rey de chocolate,futuro
2025-08-18,3.1,Repostería Individual,Rey de chocolate,futuro
2025-08-19,3.42,Repostería Individual,Rey de chocolate,futuro
2025-08-20,3.46,Repostería Individual,Rey de chocolate,futuro
2025-08-21,3.46,Repostería Individual,Rey de chocolate,futuro
2025-08-22,3.3,Repostería Individual,Rey de chocolate,futuro
2025-08-23,3.33,Repostería Individual,Rey de chocolate,futuro
2025-08-24,3.26,Repostería Individual,Rey de chocolate,futuro
2025-08-25,3.1,Repostería Individual,Rey de chocolate,futuro
2025-08-26,3.48,Repostería Individual,Rey de chocolate,futuro
2025-08-27,3.93,Repostería Individual,Rey de chocolate,futuro
2025-08-28,3.94,Repostería Individual,Rey de chocolate,futuro
2025-08-29,3.29,Repostería Individual,Rey de chocolate,futuro
2025-08-30,3.33,Repostería Individual,Rey de chocolate,futuro
2025-08-31,3.26,Repostería Individual,Rey de chocolate,futuro
2025-09-01,3.1,Repostería Individual,Rey de chocolate,futuro
2025-09-02,3.42,Repostería Individual,Rey de chocolate,futuro
2025-09-03,3.46,Repostería Individual,Rey de chocolate,futuro
2025-09-04,3.46,Repostería Individual,Rey de chocolate,futuro
2025-09-05,3.3,Repostería Individual,Rey de chocolate,futuro
2025-09-06,3.33,Repostería Individual,Rey de chocolate,futuro
2025-09-07,3.26,Repostería Individual,Rey de chocolate,futuro
2025-09-08,3.1,Repostería Individual,Rey de chocolate,futuro
2025-09-09,3.42,Repostería Individual,Rey de chocolate,futuro
2025-09-10,3.46,Repostería Individual,Rey de chocolate,futuro
2025-09-11,3.46,Repostería Individual,Rey de chocolate,futuro
2025-09-12,3.3,Repostería Individual,Rey de chocolate,futuro
2025-09-13,3.33,Repostería Individual,Rey de chocolate,futuro
2025-09-14,3.26,Repostería Individual,Rey de chocolate,futuro
2025-09-15,3.1,Repostería Individual,Rey de chocolate,futuro
2025-09-16,3.42,Repostería Individual,Rey de chocolate,futuro
2025-09-17,3.46,Repostería Individual,Rey de chocolate,futuro
2025-09-18,3.46,Repostería Individual,Rey de chocolate,futuro
2025-09-19,3.3,Repostería Individual,Rey de chocolate,futuro
2025-09-20,3.33,Repostería Individual,Rey de chocolate,futuro
2025-09-21,3.26,Repostería Individual,Rey de chocolate,futuro
2025-09-22,3.1,Repostería Individual,Rey de chocolate,futuro
2025-09-23,3.42,Repostería Individual,Rey de chocolate,futuro
2025-09-24,3.46,Repostería Individual,Rey de chocolate,futuro
2025-09-25,3.46,Repostería Individual,Rey de chocolate,futuro
2025-09-26,3.3,Repostería Individual,Rey de chocolate,futuro
2025-12-15,3.74,Repostería Individual,Tartaleta,futuro
2025-12-16,3.71,Repostería Individual,Tartaleta,futuro
2025-12-17,3.74,Repostería Individual,Tartaleta,futuro
2025-12-18,4.27,Repostería Individual,Tartaleta,futuro
2025-12-19,4.26,Repostería Individual,Tartaleta,futuro
2025-12-20,3.89,Repostería Individual,Tartaleta,futuro
2025-12-21,4.26,Repostería Individual,Tartaleta,futuro
2025-12-22,3.53,Repostería Individual,Tartaleta,futuro
2025-12-23,4.12,Repostería Individual,Tartaleta,futuro
2025-12-24,5.77,Repostería Individual,Tartaleta,futuro
2025-12-25,6.03,Repostería Individual,Tartaleta,futuro
2025-12-26,5.38,Repostería Individual,Tartaleta,futuro
2025-12-27,4.09,Repostería Individual,Tartaleta,futuro
2025-12-28,3.87,Repostería Individual,Tartaleta,futuro
2025-12-29,3.94,Repostería Individual,Tartaleta,futuro
2025-12-30,3.92,Repostería Individual,Tartaleta,futuro
2025-12-31,5.9,Repostería Individual,Tartaleta,futuro
2026-01-01,6.22,Repostería Individual,Tartaleta,futuro
2026-01-02,4.52,Repostería Individual,Tartaleta,futuro
2026-01-03,4.2,Repostería Individual,Tartaleta,futuro
2026-01-04,3.92,Repostería Individual,Tartaleta,futuro
2026-01-05,4.01,Repostería Individual,Tartaleta,futuro
2026-01-06,4.33,Repostería Individual,Tartaleta,futuro
2026-01-07,4.44,Repostería Individual,Tartaleta,futuro
2026-01-08,4.49,Repostería Individual,Tartaleta,futuro
2026-01-09,4.37,Repostería Individual,Tartaleta,futuro
2026-01-10,4.14,Repostería Individual,Tartaleta,futuro
2026-01-11,4.12,Repostería Individual,Tartaleta,futuro
2026-01-12,4.15,Repostería Individual,Tartaleta,futuro
2026-01-13,4.46,Repostería Individual,Tartaleta,futuro
2026-01-14,4.35,Repostería Individual,Tartaleta,futuro
2026-01-15,4.28,Repostería Individual,Tartaleta,futuro
2026-01-16,4.28,Repostería Individual,Tartaleta,futuro
2026-01-17,4.33,Repostería Individual,Tartaleta,futuro
2026-01-18,4.22,Repostería Individual,Tartaleta,futuro
2026-01-19,4.07,Repostería Individual,Tartaleta,futuro
2026-01-20,4.1,Repostería Individual,Tartaleta,futuro
2026-01-21,4.16,Repostería Individual,Tartaleta,futuro
2026-01-22,4.2,Repostería Individual,Tartaleta,futuro
2026-01-23,4.28,Repostería Individual,Tartaleta,futuro
2026-01-24,4.4,Repostería Individual,Tartaleta,futuro
2026-01-25,4.22,Repostería Individual,Tartaleta,futuro
2026-01-26,4.07,Repostería Individual,Tartaleta,futuro
2026-01-27,4.1,Repostería Individual,Tartaleta,futuro
2026-01-28,4.16,Repostería Individual,Tartaleta,futuro
2026-01-29,4.2,Repostería Individual,Tartaleta,futuro
2026-01-30,4.28,Repostería Individual,Tartaleta,futuro
2026-01-31,4.4,Repostería Individual,Tartaleta,futuro
2026-02-01,4.28,Repostería Individual,Tartaleta,futuro
2026-02-02,4.13,Repostería Individual,Tartaleta,futuro
2026-02-03,4.16,Repostería Individual,Tartaleta,futuro
2026-02-04,4.22,Repostería Individual,Tartaleta,futuro
2026-02-05,4.26,Repostería Individual,Tartaleta,futuro
2026-02-06,4.34,Repostería Individual,Tartaleta,futuro
2026-02-07,4.46,Repostería Individual,Tartaleta,futuro
2026-02-08,4.28,Repostería Individual,Tartaleta,futuro
2026-02-09,4.13,Repostería Individual,Tartaleta,futuro
2026-02-10,4.16,Repostería Individual,Tartaleta,futuro
2026-02-11,4.22,Repostería Individual,Tartaleta,futuro
2026-02-12,4.26,Repostería Individual,Tartaleta,futuro
2026-02-13,4.34,Repostería Individual,Tartaleta,futuro
2026-02-14,4.46,Repostería Individual,Tartaleta,futuro
2026-02-15,4.28,Repostería Individual,Tartaleta,futuro
2026-02-16,4.13,Repostería Individual,Tartaleta,futuro
2026-02-17,4.16,Repostería Individual,Tartaleta,futuro
2026-02-18,4.22,Repostería Individual,Tartaleta,futuro
2026-02-19,4.26,Repostería Individual,Tartaleta,futuro
2026-02-20,4.34,Repostería Individual,Tartaleta,futuro
2026-02-21,4.46,Repostería Individual,Tartaleta,futuro
2026-02-22,4.28,Repostería Individual,Tartaleta,futuro
2026-02-23,4.13,Repostería Individual,Tartaleta,futuro
2026-02-24,4.16,Repostería Individual,Tartaleta,futuro
2026-02-25,4.22,Repostería Individual,Tartaleta,futuro
2026-02-26,4.26,Repostería Individual,Tartaleta,futuro
2026-02-27,4.34,Repostería Individual,Tartaleta,futuro
2026-02-28,4.46,Repostería Individual,Tartaleta,futuro
2026-03-01,4.19,Repostería Individual,Tartaleta,futuro
2026-03-02,4.05,Repostería Individual,Tartaleta,futuro
2026-03-03,4.08,Repostería Individual,Tartaleta,futuro
2026-03-04,4.13,Repostería Individual,Tartaleta,futuro
2026-03-05,4.17,Repostería Individual,Tartaleta,futuro
2026-03-06,4.26,Repostería Individual,Tartaleta,futuro
2026-03-07,4.37,Repostería Individual,Tartaleta,futuro
2026-03-08,4.19,Repostería Individual,Tartaleta,futuro
2026-03-09,4.05,Repostería Individual,Tartaleta,futuro
2026-03-10,4.08,Repostería Individual,Tartaleta,futuro
2026-03-11,4.13,Repostería Individual,Tartaleta,futuro
2026-03-12,4.17,Repostería Individual,Tartaleta,futuro
2026-03-13,4.26,Repostería Individual,Tartaleta,futuro
2026-03-14,4.37,Repostería Individual,Tartaleta,futuro
2024-04-19,0.18,Repostería Individual,Tartaleta arroz con leche,futuro
2024-04-20,0.51,Repostería Individual,Tartaleta arroz con leche,futuro
2024-04-21,0.37,Repostería Individual,Tartaleta arroz con leche,futuro
2024-04-22,0.26,Repostería Individual,Tartaleta arroz con leche,futuro
2024-04-23,0.26,Repostería Individual,Tartaleta arroz con leche,futuro
2024-04-24,0.27,Repostería Individual,Tartaleta arroz con leche,futuro
2024-04-25,0.06,Repostería Individual,Tartaleta arroz con leche,futuro
2024-04-26,0.08,Repostería Individual,Tartaleta arroz con leche,futuro
2024-04-27,0.29,Repostería Individual,Tartaleta arroz con leche,futuro
2024-04-28,0.25,Repostería Individual,Tartaleta arroz con leche,futuro
2024-04-29,0.36,Repostería Individual,Tartaleta arroz con leche,futuro
2024-04-30,0.25,Repostería Individual,Tartaleta arroz con leche,futuro
2024-05-01,0.06,Repostería Individual,Tartaleta arroz con leche,futuro
2024-05-02,0.0,Repostería Individual,Tartaleta arroz con leche,futuro
2024-05-03,0.0,Repostería Individual,Tartaleta arroz con leche,futuro
2024-05-04,0.04,Repostería Individual,Tartaleta arroz con leche,futuro
2024-05-05,0.01,Repostería Individual,Tartaleta arroz con leche,futuro
2024-05-06,0.01,Repostería Individual,Tartaleta arroz con leche,futuro
2024-05-07,0.02,Repostería Individual,Tartaleta arroz con leche,futuro
2024-05-08,0.02,Repostería Individual,Tartaleta arroz con leche,futuro
2024-05-09,0.02,Repostería Individual,Tartaleta arroz con leche,futuro
2024-05-10,0.01,Repostería Individual,Tartaleta arroz con leche,futuro
2024-05-11,0.01,Repostería Individual,Tartaleta arroz con leche,futuro
2024-05-12,0.01,Repostería Individual,Tartaleta arroz con leche,futuro
2024-05-13,0.01,Repostería Individual,Tartaleta arroz con leche,futuro
2024-05-14,0.02,Repostería Individual,Tartaleta arroz con leche,futuro
2024-05-15,0.02,Repostería Individual,Tartaleta arroz con leche,futuro
2024-05-16,0.02,Repostería Individual,Tartaleta arroz con leche,futuro
2024-05-17,0.01,Repostería Individual,Tartaleta arroz con leche,futuro
2024-05-18,0.01,Repostería Individual,Tartaleta arroz con leche,futuro
2024-05-19,0.01,Repostería Individual,Tartaleta arroz con leche,futuro
2024-05-20,0.01,Repostería Individual,Tartaleta arroz con leche,futuro
2024-05-21,0.02,Repostería Individual,Tartaleta arroz con leche,futuro
2024-05-22,0.02,Repostería Individual,Tartaleta arroz con leche,futuro
2024-05-23,0.02,Repostería Individual,Tartaleta arroz con leche,futuro
2024-05-24,0.01,Repostería Individual,Tartaleta arroz con leche,futuro
2024-05-25,0.01,Repostería Individual,Tartaleta arroz con leche,futuro
2024-05-26,0.01,Repostería Individual,Tartaleta arroz con leche,futuro
2024-05-27,0.01,Repostería Individual,Tartaleta arroz con leche,futuro
2024-05-28,0.02,Repostería Individual,Tartaleta arroz con leche,futuro
2024-05-29,0.02,Repostería Individual,Tartaleta arroz con leche,futuro
2024-05-30,0.02,Repostería Individual,Tartaleta arroz con leche,futuro
2024-05-31,0.01,Repostería Individual,Tartaleta arroz con leche,futuro
2024-06-01,0.01,Repostería Individual,Tartaleta arroz con leche,futuro
2024-06-02,0.01,Repostería Individual,Tartaleta arroz con leche,futuro
2024-06-03,0.01,Repostería Individual,Tartaleta arroz con leche,futuro
2024-06-04,0.01,Repostería Individual,Tartaleta arroz con leche,futuro
2024-06-05,0.01,Repostería Individual,Tartaleta arroz con leche,futuro
2024-06-06,0.01,Repostería Individual,Tartaleta arroz con leche,futuro
2024-06-07,0.01,Repostería Individual,Tartaleta arroz con leche,futuro
2024-06-08,0.01,Repostería Individual,Tartaleta arroz con leche,futuro
2024-06-09,0.01,Repostería Individual,Tartaleta arroz con leche,futuro
2024-06-10,0.01,Repostería Individual,Tartaleta arroz con leche,futuro
2024-06-11,0.01,Repostería Individual,Tartaleta arroz con leche,futuro
2024-06-12,0.01,Repostería Individual,Tartaleta arroz con leche,futuro
2024-06-13,0.01,Repostería Individual,Tartaleta arroz con leche,futuro
2024-06-14,0.01,Repostería Individual,Tartaleta arroz con leche,futuro
2024-06-15,0.01,Repostería Individual,Tartaleta arroz con leche,futuro
2024-06-16,0.01,Repostería Individual,Tartaleta arroz con leche,futuro
2024-06-17,0.01,Repostería Individual,Tartaleta arroz con leche,futuro
2024-06-18,0.01,Repostería Individual,Tartaleta arroz con leche,futuro
2024-06-19,0.01,Repostería Individual,Tartaleta arroz con leche,futuro
2024-06-20,0.01,Repostería Individual,Tartaleta arroz con leche,futuro
2024-06-21,0.01,Repostería Individual,Tartaleta arroz con leche,futuro
2024-06-22,0.01,Repostería Individual,Tartaleta arroz con leche,futuro
2024-06-23,0.01,Repostería Individual,Tartaleta arroz con leche,futuro
2024-06-24,0.01,Repostería Individual,Tartaleta arroz con leche,futuro
2024-06-25,0.01,Repostería Individual,Tartaleta arroz con leche,futuro
2024-06-26,0.01,Repostería Individual,Tartaleta arroz con leche,futuro
2024-06-27,0.01,Repostería Individual,Tartaleta arroz con leche,futuro
2024-06-28,0.01,Repostería Individual,Tartaleta arroz con leche,futuro
2024-06-29,0.01,Repostería Individual,Tartaleta arroz con leche,futuro
2024-06-30,0.01,Repostería Individual,Tartaleta arroz con leche,futuro
2024-07-01,0.01,Repostería Individual,Tartaleta arroz con leche,futuro
2024-07-02,0.01,Repostería Individual,Tartaleta arroz con leche,futuro
2024-07-03,0.01,Repostería Individual,Tartaleta arroz con leche,futuro
2024-07-04,0.01,Repostería Individual,Tartaleta arroz con leche,futuro
2024-07-05,0.01,Repostería Individual,Tartaleta arroz con leche,futuro
2024-07-06,0.01,Repostería Individual,Tartaleta arroz con leche,futuro
2024-07-07,0.01,Repostería Individual,Tartaleta arroz con leche,futuro
2024-07-08,0.01,Repostería Individual,Tartaleta arroz con leche,futuro
2024-07-09,0.01,Repostería Individual,Tartaleta arroz con leche,futuro
2024-07-10,0.01,Repostería Individual,Tartaleta arroz con leche,futuro
2024-07-11,0.01,Repostería Individual,Tartaleta arroz con leche,futuro
2024-07-12,0.01,Repostería Individual,Tartaleta arroz con leche,futuro
2024-07-13,0.01,Repostería Individual,Tartaleta arroz con leche,futuro
2024-07-14,0.01,Repostería Individual,Tartaleta arroz con leche,futuro
2024-07-15,0.01,Repostería Individual,Tartaleta arroz con leche,futuro
2024-07-16,0.01,Repostería Individual,Tartaleta arroz con leche,futuro
2024-07-17,0.01,Repostería Individual,Tartaleta arroz con leche,futuro
2025-12-15,6.49,Repostería Individual,Tartaleta mini,futuro
2025-12-16,5.83,Repostería Individual,Tartaleta mini,futuro
2025-12-17,4.82,Repostería Individual,Tartaleta mini,futuro
2025-12-18,4.99,Repostería Individual,Tartaleta mini,futuro
2025-12-19,6.69,Repostería Individual,Tartaleta mini,futuro
2025-12-20,6.3,Repostería Individual,Tartaleta mini,futuro
2025-12-21,5.51,Repostería Individual,Tartaleta mini,futuro
2025-12-22,5.25,Repostería Individual,Tartaleta mini,futuro
2025-12-23,5.22,Repostería Individual,Tartaleta mini,futuro
2025-12-24,9.95,Repostería Individual,Tartaleta mini,futuro
2025-12-25,5.9,Repostería Individual,Tartaleta mini,futuro
2025-12-26,5.38,Repostería Individual,Tartaleta mini,futuro
2025-12-27,5.52,Repostería Individual,Tartaleta mini,futuro
2025-12-28,5.64,Repostería Individual,Tartaleta mini,futuro
2025-12-29,5.22,Repostería Individual,Tartaleta mini,futuro
2025-12-30,4.87,Repostería Individual,Tartaleta mini,futuro
2025-12-31,6.26,Repostería Individual,Tartaleta mini,futuro
2026-01-01,5.45,Repostería Individual,Tartaleta mini,futuro
2026-01-02,5.64,Repostería Individual,Tartaleta mini,futuro
2026-01-03,5.79,Repostería Individual,Tartaleta mini,futuro
2026-01-04,5.65,Repostería Individual,Tartaleta mini,futuro
2026-01-05,5.13,Repostería Individual,Tartaleta mini,futuro
2026-01-06,5.34,Repostería Individual,Tartaleta mini,futuro
2026-01-07,5.42,Repostería Individual,Tartaleta mini,futuro
2026-01-08,5.47,Repostería Individual,Tartaleta mini,futuro
2026-01-09,5.8,Repostería Individual,Tartaleta mini,futuro
2026-01-10,5.67,Repostería Individual,Tartaleta mini,futuro
2026-01-11,5.57,Repostería Individual,Tartaleta mini,futuro
2026-01-12,5.1,Repostería Individual,Tartaleta mini,futuro
2026-01-13,5.43,Repostería Individual,Tartaleta mini,futuro
2026-01-14,5.38,Repostería Individual,Tartaleta mini,futuro
2026-01-15,5.43,Repostería Individual,Tartaleta mini,futuro
2026-01-16,5.44,Repostería Individual,Tartaleta mini,futuro
2026-01-17,5.67,Repostería Individual,Tartaleta mini,futuro
2026-01-18,5.44,Repostería Individual,Tartaleta mini,futuro
2026-01-19,5.1,Repostería Individual,Tartaleta mini,futuro
2026-01-20,5.43,Repostería Individual,Tartaleta mini,futuro
2026-01-21,5.38,Repostería Individual,Tartaleta mini,futuro
2026-01-22,5.43,Repostería Individual,Tartaleta mini,futuro
2026-01-23,5.44,Repostería Individual,Tartaleta mini,futuro
2026-01-24,5.67,Repostería Individual,Tartaleta mini,futuro
2026-01-25,5.44,Repostería Individual,Tartaleta mini,futuro
2026-01-26,5.1,Repostería Individual,Tartaleta mini,futuro
2026-01-27,5.43,Repostería Individual,Tartaleta mini,futuro
2026-01-28,5.38,Repostería Individual,Tartaleta mini,futuro
2026-01-29,5.43,Repostería Individual,Tartaleta mini,futuro
2026-01-30,5.44,Repostería Individual,Tartaleta mini,futuro
2026-01-31,5.67,Repostería Individual,Tartaleta mini,futuro
2026-02-01,5.44,Repostería Individual,Tartaleta mini,futuro
2026-02-02,5.1,Repostería Individual,Tartaleta mini,futuro
2026-02-03,5.43,Repostería Individual,Tartaleta mini,futuro
2026-02-04,5.38,Repostería Individual,Tartaleta mini,futuro
2026-02-05,5.43,Repostería Individual,Tartaleta mini,futuro
2026-02-06,5.44,Repostería Individual,Tartaleta mini,futuro
2026-02-07,5.67,Repostería Individual,Tartaleta mini,futuro
2026-02-08,5.44,Repostería Individual,Tartaleta mini,futuro
2026-02-09,5.1,Repostería Individual,Tartaleta mini,futuro
2026-02-10,5.43,Repostería Individual,Tartaleta mini,futuro
2026-02-11,5.38,Repostería Individual,Tartaleta mini,futuro
2026-02-12,5.43,Repostería Individual,Tartaleta mini,futuro
2026-02-13,5.44,Repostería Individual,Tartaleta mini,futuro
2026-02-14,5.67,Repostería Individual,Tartaleta mini,futuro
2026-02-15,5.44,Repostería Individual,Tartaleta mini,futuro
2026-02-16,5.1,Repostería Individual,Tartaleta mini,futuro
2026-02-17,5.43,Repostería Individual,Tartaleta mini,futuro
2026-02-18,5.38,Repostería Individual,Tartaleta mini,futuro
2026-02-19,5.43,Repostería Individual,Tartaleta mini,futuro
2026-02-20,5.44,Repostería Individual,Tartaleta mini,futuro
2026-02-21,5.67,Repostería Individual,Tartaleta mini,futuro
2026-02-22,5.44,Repostería Individual,Tartaleta mini,futuro
2026-02-23,5.1,Repostería Individual,Tartaleta mini,futuro
2026-02-24,5.43,Repostería Individual,Tartaleta mini,futuro
2026-02-25,5.38,Repostería Individual,Tartaleta mini,futuro
2026-02-26,5.43,Repostería Individual,Tartaleta mini,futuro
2026-02-27,5.44,Repostería Individual,Tartaleta mini,futuro
2026-02-28,5.67,Repostería Individual,Tartaleta mini,futuro
2026-03-01,5.44,Repostería Individual,Tartaleta mini,futuro
2026-03-02,5.1,Repostería Individual,Tartaleta mini,futuro
2026-03-03,5.43,Repostería Individual,Tartaleta mini,futuro
2026-03-04,5.38,Repostería Individual,Tartaleta mini,futuro
2026-03-05,5.43,Repostería Individual,Tartaleta mini,futuro
2026-03-06,5.44,Repostería Individual,Tartaleta mini,futuro
2026-03-07,5.67,Repostería Individual,Tartaleta mini,futuro
2026-03-08,5.44,Repostería Individual,Tartaleta mini,futuro
2026-03-09,5.1,Repostería Individual,Tartaleta mini,futuro
2026-03-10,5.43,Repostería Individual,Tartaleta mini,futuro
2026-03-11,5.38,Repostería Individual,Tartaleta mini,futuro
2026-03-12,5.43,Repostería Individual,Tartaleta mini,futuro
2026-03-13,5.44,Repostería Individual,Tartaleta mini,futuro
2026-03-14,5.67,Repostería Individual,Tartaleta mini,futuro
2024-11-24,0.36,Repostería Individual,Tartita de queso con zarzamora o fresa,futuro
2024-11-25,0.37,Repostería Individual,Tartita de queso con zarzamora o fresa,futuro
2024-11-26,0.96,Repostería Individual,Tartita de queso con zarzamora o fresa,futuro
2024-11-27,0.64,Repostería Individual,Tartita de queso con zarzamora o fresa,futuro
2024-11-28,0.48,Repostería Individual,Tartita de queso con zarzamora o fresa,futuro
2024-11-29,0.57,Repostería Individual,Tartita de queso con zarzamora o fresa,futuro
2024-11-30,1.21,Repostería Individual,Tartita de queso con zarzamora o fresa,futuro
2024-12-01,0.49,Repostería Individual,Tartita de queso con zarzamora o fresa,futuro
2024-12-02,0.45,Repostería Individual,Tartita de queso con zarzamora o fresa,futuro
2024-12-03,0.53,Repostería Individual,Tartita de queso con zarzamora o fresa,futuro
2024-12-04,0.5,Repostería Individual,Tartita de queso con zarzamora o fresa,futuro
2024-12-05,0.68,Repostería Individual,Tartita de queso con zarzamora o fresa,futuro
2024-12-06,0.66,Repostería Individual,Tartita de queso con zarzamora o fresa,futuro
2024-12-07,1.23,Repostería Individual,Tartita de queso con zarzamora o fresa,futuro
2024-12-08,0.5,Repostería Individual,Tartita de queso con zarzamora o fresa,futuro
2024-12-09,0.51,Repostería Individual,Tartita de queso con zarzamora o fresa,futuro
2024-12-10,0.49,Repostería Individual,Tartita de queso con zarzamora o fresa,futuro
2024-12-11,0.51,Repostería Individual,Tartita de queso con zarzamora o fresa,futuro
2024-12-12,0.68,Repostería Individual,Tartita de queso con zarzamora o fresa,futuro
2024-12-13,0.64,Repostería Individual,Tartita de queso con zarzamora o fresa,futuro
2024-12-14,1.23,Repostería Individual,Tartita de queso con zarzamora o fresa,futuro
2024-12-15,0.5,Repostería Individual,Tartita de queso con zarzamora o fresa,futuro
2024-12-16,0.51,Repostería Individual,Tartita de queso con zarzamora o fresa,futuro
2024-12-17,0.49,Repostería Individual,Tartita de queso con zarzamora o fresa,futuro
2024-12-18,0.51,Repostería Individual,Tartita de queso con zarzamora o fresa,futuro
2024-12-19,0.68,Repostería Individual,Tartita de queso con zarzamora o fresa,futuro
2024-12-20,0.64,Repostería Individual,Tartita de queso con zarzamora o fresa,futuro
2024-12-21,1.23,Repostería Individual,Tartita de queso con zarzamora o fresa,futuro
2024-12-22,0.5,Repostería Individual,Tartita de queso con zarzamora o fresa,futuro
2024-12-23,0.51,Repostería Individual,Tartita de queso con zarzamora o fresa,futuro
2024-12-24,0.49,Repostería Individual,Tartita de queso con zarzamora o fresa,futuro
2024-12-25,0.51,Repostería Individual,Tartita de queso con zarzamora o fresa,futuro
2024-12-26,0.68,Repostería Individual,Tartita de queso con zarzamora o fresa,futuro
2024-12-27,0.64,Repostería Individual,Tartita de queso con zarzamora o fresa,futuro
2024-12-28,1.23,Repostería Individual,Tartita de queso con zarzamora o fresa,futuro
2024-12-29,0.5,Repostería Individual,Tartita de queso con zarzamora o fresa,futuro
2024-12-30,0.51,Repostería Individual,Tartita de queso con zarzamora o fresa,futuro
2024-12-31,0.58,Repostería Individual,Tartita de queso con zarzamora o fresa,futuro
2025-01-01,0.69,Repostería Individual,Tartita de queso con zarzamora o fresa,futuro
2025-01-02,0.73,Repostería Individual,Tartita de queso con zarzamora o fresa,futuro
2025-01-03,0.69,Repostería Individual,Tartita de queso con zarzamora o fresa,futuro
2025-01-04,1.25,Repostería Individual,Tartita de queso con zarzamora o fresa,futuro
2025-01-05,0.52,Repostería Individual,Tartita de queso con zarzamora o fresa,futuro
2025-01-06,0.51,Repostería Individual,Tartita de queso con zarzamora o fresa,futuro
2025-01-07,0.57,Repostería Individual,Tartita de queso con zarzamora o fresa,futuro
2025-01-08,0.58,Repostería Individual,Tartita de queso con zarzamora o fresa,futuro
2025-01-09,0.73,Repostería Individual,Tartita de queso con zarzamora o fresa,futuro
2025-01-10,0.69,Repostería Individual,Tartita de queso con zarzamora o fresa,futuro
2025-01-11,1.25,Repostería Individual,Tartita de queso con zarzamora o fresa,futuro
2025-01-12,0.52,Repostería Individual,Tartita de queso con zarzamora o fresa,futuro
2025-01-13,0.51,Repostería Individual,Tartita de queso con zarzamora o fresa,futuro
2025-01-14,0.57,Repostería Individual,Tartita de queso con zarzamora o fresa,futuro
2025-01-15,0.58,Repostería Individual,Tartita de queso con zarzamora o fresa,futuro
2025-01-16,0.73,Repostería Individual,Tartita de queso con zarzamora o fresa,futuro
2025-01-17,0.69,Repostería Individual,Tartita de queso con zarzamora o fresa,futuro
2025-01-18,1.25,Repostería Individual,Tartita de queso con zarzamora o fresa,futuro
2025-01-19,0.52,Repostería Individual,Tartita de queso con zarzamora o fresa,futuro
2025-01-20,0.51,Repostería Individual,Tartita de queso con zarzamora o fresa,futuro
2025-01-21,0.57,Repostería Individual,Tartita de queso con zarzamora o fresa,futuro
2025-01-22,0.58,Repostería Individual,Tartita de queso con zarzamora o fresa,futuro
2025-01-23,0.73,Repostería Individual,Tartita de queso con zarzamora o fresa,futuro
2025-01-24,0.69,Repostería Individual,Tartita de queso con zarzamora o fresa,futuro
2025-01-25,1.25,Repostería Individual,Tartita de queso con zarzamora o fresa,futuro
2025-01-26,0.52,Repostería Individual,Tartita de queso con zarzamora o fresa,futuro
2025-01-27,0.51,Repostería Individual,Tartita de queso con zarzamora o fresa,futuro
2025-01-28,0.57,Repostería Individual,Tartita de queso con zarzamora o fresa,futuro
2025-01-29,0.58,Repostería Individual,Tartita de queso con zarzamora o fresa,futuro
2025-01-30,0.73,Repostería Individual,Tartita de queso con zarzamora o fresa,futuro
2025-01-31,0.69,Repostería Individual,Tartita de queso con zarzamora o fresa,futuro
2025-02-01,1.29,Repostería Individual,Tartita de queso con zarzamora o fresa,futuro
2025-02-02,0.72,Repostería Individual,Tartita de queso con zarzamora o fresa,futuro
2025-02-03,0.86,Repostería Individual,Tartita de queso con zarzamora o fresa,futuro
2025-02-04,0.91,Repostería Individual,Tartita de queso con zarzamora o fresa,futuro
2025-02-05,0.89,Repostería Individual,Tartita de queso con zarzamora o fresa,futuro
2025-02-06,1.08,Repostería Individual,Tartita de queso con zarzamora o fresa,futuro
2025-02-07,0.77,Repostería Individual,Tartita de queso con zarzamora o fresa,futuro
2025-02-08,1.28,Repostería Individual,Tartita de queso con zarzamora o fresa,futuro
2025-02-09,0.76,Repostería Individual,Tartita de queso con zarzamora o fresa,futuro
2025-02-10,0.75,Repostería Individual,Tartita de queso con zarzamora o fresa,futuro
2025-02-11,0.93,Repostería Individual,Tartita de queso con zarzamora o fresa,futuro
2025-02-12,0.88,Repostería Individual,Tartita de queso con zarzamora o fresa,futuro
2025-02-13,1.05,Repostería Individual,Tartita de queso con zarzamora o fresa,futuro
2025-02-14,0.8,Repostería Individual,Tartita de queso con zarzamora o fresa,futuro
2025-02-15,1.28,Repostería Individual,Tartita de queso con zarzamora o fresa,futuro
2025-02-16,0.75,Repostería Individual,Tartita de queso con zarzamora o fresa,futuro
2025-02-17,0.73,Repostería Individual,Tartita de queso con zarzamora o fresa,futuro
2025-02-18,0.99,Repostería Individual,Tartita de queso con zarzamora o fresa,futuro
2025-02-19,0.94,Repostería Individual,Tartita de queso con zarzamora o fresa,futuro
2025-02-20,1.05,Repostería Individual,Tartita de queso con zarzamora o fresa,futuro
2025-02-21,0.8,Repostería Individual,Tartita de queso con zarzamora o fresa,futuro
2025-11-12,1.56,Repostería Individual,Vasito de 3 leches,futuro
2025-11-13,1.83,Repostería Individual,Vasito de 3 leches,futuro
2025-11-14,1.48,Repostería Individual,Vasito de 3 leches,futuro
2025-11-15,2.25,Repostería Individual,Vasito de 3 leches,futuro
2025-11-16,2.57,Repostería Individual,Vasito de 3 leches,futuro
2025-11-17,1.83,Repostería Individual,Vasito de 3 leches,futuro
2025-11-18,1.66,Repostería Individual,Vasito de 3 leches,futuro
2025-11-19,1.97,Repostería Individual,Vasito de 3 leches,futuro
2025-11-20,2.29,Repostería Individual,Vasito de 3 leches,futuro
2025-11-21,2.47,Repostería Individual,Vasito de 3 leches,futuro
2025-11-22,1.67,Repostería Individual,Vasito de 3 leches,futuro
2025-11-23,2.58,Repostería Individual,Vasito de 3 leches,futuro
2025-11-24,2.16,Repostería Individual,Vasito de 3 leches,futuro
2025-11-25,2.44,Repostería Individual,Vasito de 3 leches,futuro
2025-11-26,1.77,Repostería Individual,Vasito de 3 leches,futuro
2025-11-27,1.36,Repostería Individual,Vasito de 3 leches,futuro
2025-11-28,2.52,Repostería Individual,Vasito de 3 leches,futuro
2025-11-29,2.89,Repostería Individual,Vasito de 3 leches,futuro
2025-11-30,1.86,Repostería Individual,Vasito de 3 leches,futuro
2025-12-01,1.71,Repostería Individual,Vasito de 3 leches,futuro
2025-12-02,2.31,Repostería Individual,Vasito de 3 leches,futuro
2025-12-03,1.95,Repostería Individual,Vasito de 3 leches,futuro
2025-12-04,1.49,Repostería Individual,Vasito de 3 leches,futuro
2025-12-05,1.78,Repostería Individual,Vasito de 3 leches,futuro
2025-12-06,2.37,Repostería Individual,Vasito de 3 leches,futuro
2025-12-07,2.87,Repostería Individual,Vasito de 3 leches,futuro
2025-12-08,1.63,Repostería Individual,Vasito de 3 leches,futuro
2025-12-09,2.19,Repostería Individual,Vasito de 3 leches,futuro
2025-12-10,1.86,Repostería Individual,Vasito de 3 leches,futuro
2025-12-11,1.76,Repostería Individual,Vasito de 3 leches,futuro
2025-12-12,1.84,Repostería Individual,Vasito de 3 leches,futuro
2025-12-13,1.84,Repostería Individual,Vasito de 3 leches,futuro
2025-12-14,2.78,Repostería Individual,Vasito de 3 leches,futuro
2025-12-15,1.64,Repostería Individual,Vasito de 3 leches,futuro
2025-12-16,2.24,Repostería Individual,Vasito de 3 leches,futuro
2025-12-17,1.85,Repostería Individual,Vasito de 3 leches,futuro
2025-12-18,1.71,Repostería Individual,Vasito de 3 leches,futuro
2025-12-19,2.09,Repostería Individual,Vasito de 3 leches,futuro
2025-12-20,1.93,Repostería Individual,Vasito de 3 leches,futuro
2025-12-21,2.47,Repostería Individual,Vasito de 3 leches,futuro
2025-12-22,1.64,Repostería Individual,Vasito de 3 leches,futuro
2025-12-23,2.34,Repostería Individual,Vasito de 3 leches,futuro
2025-12-24,2.11,Repostería Individual,Vasito de 3 leches,futuro
2025-12-25,1.2,Repostería Individual,Vasito de 3 leches,futuro
2025-12-26,2.05,Repostería Individual,Vasito de 3 leches,futuro
2025-12-27,2.13,Repostería Individual,Vasito de 3 leches,futuro
2025-12-28,2.74,Repostería Individual,Vasito de 3 leches,futuro
2025-12-29,1.67,Repostería Individual,Vasito de 3 leches,futuro
2025-12-30,2.29,Repostería Individual,Vasito de 3 leches,futuro
2025-12-31,2.37,Repostería Individual,Vasito de 3 leches,futuro
2026-01-01,1.98,Repostería Individual,Vasito de 3 leches,futuro
2026-01-02,1.44,Repostería Individual,Vasito de 3 leches,futuro
2026-01-03,2.35,Repostería Individual,Vasito de 3 leches,futuro
2026-01-04,3.08,Repostería Individual,Vasito de 3 leches,futuro
2026-01-05,0.95,Repostería Individual,Vasito de 3 leches,futuro
2026-01-06,1.79,Repostería Individual,Vasito de 3 leches,futuro
2026-01-07,1.95,Repostería Individual,Vasito de 3 leches,futuro
2026-01-08,1.87,Repostería Individual,Vasito de 3 leches,futuro
2026-01-09,2.12,Repostería Individual,Vasito de 3 leches,futuro
2026-01-10,2.46,Repostería Individual,Vasito de 3 leches,futuro
2026-01-11,2.35,Repostería Individual,Vasito de 3 leches,futuro
2026-01-12,1.57,Repostería Individual,Vasito de 3 leches,futuro
2026-01-13,1.89,Repostería Individual,Vasito de 3 leches,futuro
2026-01-14,2.05,Repostería Individual,Vasito de 3 leches,futuro
2026-01-15,1.57,Repostería Individual,Vasito de 3 leches,futuro
2026-01-16,2.32,Repostería Individual,Vasito de 3 leches,futuro
2026-01-17,2.58,Repostería Individual,Vasito de 3 leches,futuro
2026-01-18,2.88,Repostería Individual,Vasito de 3 leches,futuro
2026-01-19,1.94,Repostería Individual,Vasito de 3 leches,futuro
2026-01-20,1.63,Repostería Individual,Vasito de 3 leches,futuro
2026-01-21,2.14,Repostería Individual,Vasito de 3 leches,futuro
2026-01-22,1.35,Repostería Individual,Vasito de 3 leches,futuro
2026-01-23,1.94,Repostería Individual,Vasito de 3 leches,futuro
2026-01-24,2.3,Repostería Individual,Vasito de 3 leches,futuro
2026-01-25,3.01,Repostería Individual,Vasito de 3 leches,futuro
2026-01-26,1.55,Repostería Individual,Vasito de 3 leches,futuro
2026-01-27,1.81,Repostería Individual,Vasito de 3 leches,futuro
2026-01-28,2.24,Repostería Individual,Vasito de 3 leches,futuro
2026-01-29,2.09,Repostería Individual,Vasito de 3 leches,futuro
2026-01-30,2.25,Repostería Individual,Vasito de 3 leches,futuro
2026-01-31,2.04,Repostería Individual,Vasito de 3 leches,futuro
2026-02-01,2.78,Repostería Individual,Vasito de 3 leches,futuro
2026-02-02,2.16,Repostería Individual,Vasito de 3 leches,futuro
2026-02-03,1.4,Repostería Individual,Vasito de 3 leches,futuro
2026-02-04,1.76,Repostería Individual,Vasito de 3 leches,futuro
2026-02-05,1.71,Repostería Individual,Vasito de 3 leches,futuro
2026-02-06,2.47,Repostería Individual,Vasito de 3 leches,futuro
2026-02-07,2.45,Repostería Individual,Vasito de 3 leches,futuro
2026-02-08,2.56,Repostería Individual,Vasito de 3 leches,futuro
2026-02-09,1.99,Repostería Individual,Vasito de 3 leches,futuro
2025-06-30,0.72,Repostería Individual,Vasito de 3 leches chocolate,futuro
2025-07-01,1.94,Repostería Individual,Vasito de 3 leches chocolate,futuro
2025-07-02,1.43,Repostería Individual,Vasito de 3 leches chocolate,futuro
2025-07-03,1.09,Repostería Individual,Vasito de 3 leches chocolate,futuro
2025-07-04,1.52,Repostería Individual,Vasito de 3 leches chocolate,futuro
2025-07-05,2.05,Repostería Individual,Vasito de 3 leches chocolate,futuro
2025-07-06,1.54,Repostería Individual,Vasito de 3 leches chocolate,futuro
2025-07-07,0.68,Repostería Individual,Vasito de 3 leches chocolate,futuro
2025-07-08,1.21,Repostería Individual,Vasito de 3 leches chocolate,futuro
2025-07-09,1.25,Repostería Individual,Vasito de 3 leches chocolate,futuro
2025-07-10,0.92,Repostería Individual,Vasito de 3 leches chocolate,futuro
2025-07-11,0.9,Repostería Individual,Vasito de 3 leches chocolate,futuro
2025-07-12,1.93,Repostería Individual,Vasito de 3 leches chocolate,futuro
2025-07-13,1.2,Repostería Individual,Vasito de 3 leches chocolate,futuro
2025-07-14,0.83,Repostería Individual,Vasito de 3 leches chocolate,futuro
2025-07-15,1.09,Repostería Individual,Vasito de 3 leches chocolate,futuro
2025-07-16,1.17,Repostería Individual,Vasito de 3 leches chocolate,futuro
2025-07-17,0.92,Repostería Individual,Vasito de 3 leches chocolate,futuro
2025-07-18,0.95,Repostería Individual,Vasito de 3 leches chocolate,futuro
2025-07-19,1.27,Repostería Individual,Vasito de 3 leches chocolate,futuro
2025-07-20,1.25,Repostería Individual,Vasito de 3 leches chocolate,futuro
2025-07-21,0.76,Repostería Individual,Vasito de 3 leches chocolate,futuro
2025-07-22,1.13,Repostería Individual,Vasito de 3 leches chocolate,futuro
2025-07-23,0.89,Repostería Individual,Vasito de 3 leches chocolate,futuro
2025-07-24,0.87,Repostería Individual,Vasito de 3 leches chocolate,futuro
2025-07-25,0.83,Repostería Individual,Vasito de 3 leches chocolate,futuro
2025-07-26,1.03,Repostería Individual,Vasito de 3 leches chocolate,futuro
2025-07-27,1.36,Repostería Individual,Vasito de 3 leches chocolate,futuro
2025-07-28,0.89,Repostería Individual,Vasito de 3 leches chocolate,futuro
2025-07-29,1.47,Repostería Individual,Vasito de 3 leches chocolate,futuro
2025-07-30,1.05,Repostería Individual,Vasito de 3 leches chocolate,futuro
2025-07-31,0.75,Repostería Individual,Vasito de 3 leches chocolate,futuro
2025-08-01,1.29,Repostería Individual,Vasito de 3 leches chocolate,futuro
2025-08-02,2.02,Repostería Individual,Vasito de 3 leches chocolate,futuro
2025-08-03,1.64,Repostería Individual,Vasito de 3 leches chocolate,futuro
2025-08-04,0.9,Repostería Individual,Vasito de 3 leches chocolate,futuro
2025-08-05,1.33,Repostería Individual,Vasito de 3 leches chocolate,futuro
2025-08-06,1.33,Repostería Individual,Vasito de 3 leches chocolate,futuro
2025-08-07,1.15,Repostería Individual,Vasito de 3 leches chocolate,futuro
2025-08-08,1.42,Repostería Individual,Vasito de 3 leches chocolate,futuro
2025-08-09,2.19,Repostería Individual,Vasito de 3 leches chocolate,futuro
2025-08-10,1.58,Repostería Individual,Vasito de 3 leches chocolate,futuro
2025-08-11,0.97,Repostería Individual,Vasito de 3 leches chocolate,futuro
2025-08-12,1.44,Repostería Individual,Vasito de 3 leches chocolate,futuro
2025-08-13,1.4,Repostería Individual,Vasito de 3 leches chocolate,futuro
2025-08-14,1.09,Repostería Individual,Vasito de 3 leches chocolate,futuro
2025-08-15,1.53,Repostería Individual,Vasito de 3 leches chocolate,futuro
2025-08-16,2.36,Repostería Individual,Vasito de 3 leches chocolate,futuro
2025-08-17,1.7,Repostería Individual,Vasito de 3 leches chocolate,futuro
2025-08-18,0.87,Repostería Individual,Vasito de 3 leches chocolate,futuro
2025-08-19,1.33,Repostería Individual,Vasito de 3 leches chocolate,futuro
2025-08-20,1.51,Repostería Individual,Vasito de 3 leches chocolate,futuro
2025-08-21,1.09,Repostería Individual,Vasito de 3 leches chocolate,futuro
2025-08-22,1.53,Repostería Individual,Vasito de 3 leches chocolate,futuro
2025-08-23,2.36,Repostería Individual,Vasito de 3 leches chocolate,futuro
2025-08-24,1.7,Repostería Individual,Vasito de 3 leches chocolate,futuro
2025-08-25,0.87,Repostería Individual,Vasito de 3 leches chocolate,futuro
2025-08-26,1.33,Repostería Individual,Vasito de 3 leches chocolate,futuro
2025-08-27,1.5,Repostería Individual,Vasito de 3 leches chocolate,futuro
2025-08-28,1.09,Repostería Individual,Vasito de 3 leches chocolate,futuro
2025-08-29,1.55,Repostería Individual,Vasito de 3 leches chocolate,futuro
2025-08-30,2.36,Repostería Individual,Vasito de 3 leches chocolate,futuro
2025-08-31,1.7,Repostería Individual,Vasito de 3 leches chocolate,futuro
2025-09-01,0.92,Repostería Individual,Vasito de 3 leches chocolate,futuro
2025-09-02,1.32,Repostería Individual,Vasito de 3 leches chocolate,futuro
2025-09-03,1.47,Repostería Individual,Vasito de 3 leches chocolate,futuro
2025-09-04,1.08,Repostería Individual,Vasito de 3 leches chocolate,futuro
2025-09-05,1.54,Repostería Individual,Vasito de 3 leches chocolate,futuro
2025-09-06,2.34,Repostería Individual,Vasito de 3 leches chocolate,futuro
2025-09-07,1.72,Repostería Individual,Vasito de 3 leches chocolate,futuro
2025-09-08,0.92,Repostería Individual,Vasito de 3 leches chocolate,futuro
2025-09-09,1.32,Repostería Individual,Vasito de 3 leches chocolate,futuro
2025-09-10,1.47,Repostería Individual,Vasito de 3 leches chocolate,futuro
2025-09-11,1.08,Repostería Individual,Vasito de 3 leches chocolate,futuro
2025-09-12,1.54,Repostería Individual,Vasito de 3 leches chocolate,futuro
2025-09-13,2.34,Repostería Individual,Vasito de 3 leches chocolate,futuro
2025-09-14,1.72,Repostería Individual,Vasito de 3 leches chocolate,futuro
2025-09-15,0.92,Repostería Individual,Vasito de 3 leches chocolate,futuro
2025-09-16,1.32,Repostería Individual,Vasito de 3 leches chocolate,futuro
2025-09-17,1.47,Repostería Individual,Vasito de 3 leches chocolate,futuro
2025-09-18,1.08,Repostería Individual,Vasito de 3 leches chocolate,futuro
2025-09-19,1.54,Repostería Individual,Vasito de 3 leches chocolate,futuro
2025-09-20,2.34,Repostería Individual,Vasito de 3 leches chocolate,futuro
2025-09-21,1.72,Repostería Individual,Vasito de 3 leches chocolate,futuro
2025-09-22,0.92,Repostería Individual,Vasito de 3 leches chocolate,futuro
2025-09-23,1.32,Repostería Individual,Vasito de 3 leches chocolate,futuro
2025-09-24,1.47,Repostería Individual,Vasito de 3 leches chocolate,futuro
2025-09-25,1.08,Repostería Individual,Vasito de 3 leches chocolate,futuro
2025-09-26,1.54,Repostería Individual,Vasito de 3 leches chocolate,futuro
2025-09-27,2.34,Repostería Individual,Vasito de 3 leches chocolate,futuro
2025-06-30,0.75,Repostería Individual,Vasito de mil hojas,futuro
2025-07-01,0.88,Repostería Individual,Vasito de mil hojas,futuro
2025-07-02,1.11,Repostería Individual,Vasito de mil hojas,futuro
2025-07-03,0.9,Repostería Individual,Vasito de mil hojas,futuro
2025-07-04,0.76,Repostería Individual,Vasito de mil hojas,futuro
2025-07-05,1.49,Repostería Individual,Vasito de mil hojas,futuro
2025-07-06,0.92,Repostería Individual,Vasito de mil hojas,futuro
2025-07-07,0.82,Repostería Individual,Vasito de mil hojas,futuro
2025-07-08,0.97,Repostería Individual,Vasito de mil hojas,futuro
2025-07-09,0.83,Repostería Individual,Vasito de mil hojas,futuro
2025-07-10,0.93,Repostería Individual,Vasito de mil hojas,futuro
2025-07-11,0.95,Repostería Individual,Vasito de mil hojas,futuro
2025-07-12,0.94,Repostería Individual,Vasito de mil hojas,futuro
2025-07-13,1.22,Repostería Individual,Vasito de mil hojas,futuro
2025-07-14,0.62,Repostería Individual,Vasito de mil hojas,futuro
2025-07-15,0.99,Repostería Individual,Vasito de mil hojas,futuro
2025-07-16,0.99,Repostería Individual,Vasito de mil hojas,futuro
2025-07-17,0.93,Repostería Individual,Vasito de mil hojas,futuro
2025-07-18,0.91,Repostería Individual,Vasito de mil hojas,futuro
2025-07-19,1.32,Repostería Individual,Vasito de mil hojas,futuro
2025-07-20,0.99,Repostería Individual,Vasito de mil hojas,futuro
2025-07-21,0.83,Repostería Individual,Vasito de mil hojas,futuro
2025-07-22,0.95,Repostería Individual,Vasito de mil hojas,futuro
2025-07-23,1.05,Repostería Individual,Vasito de mil hojas,futuro
2025-07-24,0.92,Repostería Individual,Vasito de mil hojas,futuro
2025-07-25,0.93,Repostería Individual,Vasito de mil hojas,futuro
2025-07-26,1.24,Repostería Individual,Vasito de mil hojas,futuro
2025-07-27,1.23,Repostería Individual,Vasito de mil hojas,futuro
2025-07-28,0.64,Repostería Individual,Vasito de mil hojas,futuro
2025-07-29,1.0,Repostería Individual,Vasito de mil hojas,futuro
2025-07-30,0.85,Repostería Individual,Vasito de mil hojas,futuro
2025-07-31,0.95,Repostería Individual,Vasito de mil hojas,futuro
2025-08-01,0.9,Repostería Individual,Vasito de mil hojas,futuro
2025-08-02,1.02,Repostería Individual,Vasito de mil hojas,futuro
2025-08-03,0.97,Repostería Individual,Vasito de mil hojas,futuro
2025-08-04,0.82,Repostería Individual,Vasito de mil hojas,futuro
2025-08-05,0.82,Repostería Individual,Vasito de mil hojas,futuro
2025-08-06,1.09,Repostería Individual,Vasito de mil hojas,futuro
2025-08-07,0.84,Repostería Individual,Vasito de mil hojas,futuro
2025-08-08,0.89,Repostería Individual,Vasito de mil hojas,futuro
2025-08-09,1.13,Repostería Individual,Vasito de mil hojas,futuro
2025-08-10,1.13,Repostería Individual,Vasito de mil hojas,futuro
2025-08-11,0.67,Repostería Individual,Vasito de mil hojas,futuro
2025-08-12,0.99,Repostería Individual,Vasito de mil hojas,futuro
2025-08-13,0.9,Repostería Individual,Vasito de mil hojas,futuro
2025-08-14,1.0,Repostería Individual,Vasito de mil hojas,futuro
2025-08-15,0.9,Repostería Individual,Vasito de mil hojas,futuro
2025-08-16,0.87,Repostería Individual,Vasito de mil hojas,futuro
2025-08-17,1.31,Repostería Individual,Vasito de mil hojas,futuro
2025-08-18,0.67,Repostería Individual,Vasito de mil hojas,futuro
2025-08-19,1.0,Repostería Individual,Vasito de mil hojas,futuro
2025-08-20,1.04,Repostería Individual,Vasito de mil hojas,futuro
2025-08-21,0.68,Repostería Individual,Vasito de mil hojas,futuro
2025-08-22,0.95,Repostería Individual,Vasito de mil hojas,futuro
2025-08-23,1.35,Repostería Individual,Vasito de mil hojas,futuro
2025-08-24,0.91,Repostería Individual,Vasito de mil hojas,futuro
2025-08-25,0.79,Repostería Individual,Vasito de mil hojas,futuro
2025-08-26,0.92,Repostería Individual,Vasito de mil hojas,futuro
2025-08-27,0.75,Repostería Individual,Vasito de mil hojas,futuro
2025-08-28,1.16,Repostería Individual,Vasito de mil hojas,futuro
2025-08-29,0.89,Repostería Individual,Vasito de mil hojas,futuro
2025-08-30,0.7,Repostería Individual,Vasito de mil hojas,futuro
2025-08-31,1.34,Repostería Individual,Vasito de mil hojas,futuro
2025-09-01,0.58,Repostería Individual,Vasito de mil hojas,futuro
2025-09-02,0.97,Repostería Individual,Vasito de mil hojas,futuro
2025-09-03,1.02,Repostería Individual,Vasito de mil hojas,futuro
2025-09-04,0.67,Repostería Individual,Vasito de mil hojas,futuro
2025-09-05,0.97,Repostería Individual,Vasito de mil hojas,futuro
2025-09-06,1.37,Repostería Individual,Vasito de mil hojas,futuro
2025-09-07,0.91,Repostería Individual,Vasito de mil hojas,futuro
2025-09-08,0.79,Repostería Individual,Vasito de mil hojas,futuro
2025-09-09,0.94,Repostería Individual,Vasito de mil hojas,futuro
2025-09-10,0.75,Repostería Individual,Vasito de mil hojas,futuro
2025-09-11,1.04,Repostería Individual,Vasito de mil hojas,futuro
2025-09-12,0.87,Repostería Individual,Vasito de mil hojas,futuro
2025-09-13,0.7,Repostería Individual,Vasito de mil hojas,futuro
2025-09-14,1.35,Repostería Individual,Vasito de mil hojas,futuro
2025-09-15,0.58,Repostería Individual,Vasito de mil hojas,futuro
2025-09-16,0.97,Repostería Individual,Vasito de mil hojas,futuro
2025-09-17,1.02,Repostería Individual,Vasito de mil hojas,futuro
2025-09-18,0.67,Repostería Individual,Vasito de mil hojas,futuro
2025-09-19,0.97,Repostería Individual,Vasito de mil hojas,futuro
2025-09-20,1.37,Repostería Individual,Vasito de mil hojas,futuro
2025-09-21,0.91,Repostería Individual,Vasito de mil hojas,futuro
2025-09-22,0.79,Repostería Individual,Vasito de mil hojas,futuro
2025-09-23,0.94,Repostería Individual,Vasito de mil hojas,futuro
2025-09-24,0.75,Repostería Individual,Vasito de mil hojas,futuro
2025-09-25,1.04,Repostería Individual,Vasito de mil hojas,futuro
2025-09-26,0.87,Repostería Individual,Vasito de mil hojas,futuro
2025-09-27,0.7,Repostería Individual,Vasito de mil hojas,futuro
