fecha,prediccion,CATEGORIA,PRODUCTO,tipo
2025-11-01 18:07:45,0.0,Accesorios,Caja para pastel cuadrada (C-paquete/50pza)(S-pza/50),futuro
2025-11-02 18:07:45,0.0,Accesorios,Caja para pastel cuadrada (C-paquete/50pza)(S-pza/50),futuro
2025-11-03 18:07:45,0.0,Accesorios,Caja para pastel cuadrada (C-paquete/50pza)(S-pza/50),futuro
2025-11-04 18:07:45,0.0,Accesorios,Caja para pastel cuadrada (C-paquete/50pza)(S-pza/50),futuro
2025-11-05 18:07:45,0.0,Accesorios,Caja para pastel cuadrada (C-paquete/50pza)(S-pza/50),futuro
2025-11-06 18:07:45,0.0,Accesorios,Caja para pastel cuadrada (C-paquete/50pza)(S-pza/50),futuro
2025-11-07 18:07:45,0.0,Accesorios,Caja para pastel cuadrada (C-paquete/50pza)(S-pza/50),futuro
2025-11-08 18:07:45,0.0,Accesorios,Caja para pastel cuadrada (C-paquete/50pza)(S-pza/50),futuro
2025-11-09 18:07:45,0.0,Accesorios,Caja para pastel cuadrada (C-paquete/50pza)(S-pza/50),futuro
2025-11-10 18:07:45,0.0,Accesorios,Caja para pastel cuadrada (C-paquete/50pza)(S-pza/50),futuro
2025-11-11 18:07:45,0.0,Accesorios,Caja para pastel cuadrada (C-paquete/50pza)(S-pza/50),futuro
2025-11-12 18:07:45,0.0,Accesorios,Caja para pastel cuadrada (C-paquete/50pza)(S-pza/50),futuro
2025-11-13 18:07:45,0.0,Accesorios,Caja para pastel cuadrada (C-paquete/50pza)(S-pza/50),futuro
2025-11-14 18:07:45,0.0,Accesorios,Caja para pastel cuadrada (C-paquete/50pza)(S-pza/50),futuro
2025-11-15 18:07:45,0.0,Accesorios,Caja para pastel cuadrada (C-paquete/50pza)(S-pza/50),futuro
2025-11-16 18:07:45,0.0,Accesorios,Caja para pastel cuadrada (C-paquete/50pza)(S-pza/50),futuro
2025-11-17 18:07:45,0.0,Accesorios,Caja para pastel cuadrada (C-paquete/50pza)(S-pza/50),futuro
2025-11-18 18:07:45,0.0,Accesorios,Caja para pastel cuadrada (C-paquete/50pza)(S-pza/50),futuro
2025-11-19 18:07:45,0.0,Accesorios,Caja para pastel cuadrada (C-paquete/50pza)(S-pza/50),futuro
2025-11-20 18:07:45,0.0,Accesorios,Caja para pastel cuadrada (C-paquete/50pza)(S-pza/50),futuro
2025-11-21 18:07:45,0.0,Accesorios,Caja para pastel cuadrada (C-paquete/50pza)(S-pza/50),futuro
2025-11-22 18:07:45,0.0,Accesorios,Caja para pastel cuadrada (C-paquete/50pza)(S-pza/50),futuro
2025-11-23 18:07:45,0.0,Accesorios,Caja para pastel cuadrada (C-paquete/50pza)(S-pza/50),futuro
2025-11-24 18:07:45,0.0,Accesorios,Caja para pastel cuadrada (C-paquete/50pza)(S-pza/50),futuro
2025-11-25 18:07:45,0.0,Accesorios,Caja para pastel cuadrada (C-paquete/50pza)(S-pza/50),futuro
2025-11-26 18:07:45,0.0,Accesorios,Caja para pastel cuadrada (C-paquete/50pza)(S-pza/50),futuro
2025-11-27 18:07:45,0.0,Accesorios,Caja para pastel cuadrada (C-paquete/50pza)(S-pza/50),futuro
2025-11-28 18:07:45,0.0,Accesorios,Caja para pastel cuadrada (C-paquete/50pza)(S-pza/50),futuro
2025-11-29 18:07:45,0.0,Accesorios,Caja para pastel cuadrada (C-paquete/50pza)(S-pza/50),futuro
2025-11-30 18:07:45,0.0,Accesorios,Caja para pastel cuadrada (C-paquete/50pza)(S-pza/50),futuro
2025-12-01 18:07:45,0.0,Accesorios,Caja para pastel cuadrada (C-paquete/50pza)(S-pza/50),futuro
2025-12-02 18:07:45,0.0,Accesorios,Caja para pastel cuadrada (C-paquete/50pza)(S-pza/50),futuro
2025-12-03 18:07:45,0.0,Accesorios,Caja para pastel cuadrada (C-paquete/50pza)(S-pza/50),futuro
2025-12-04 18:07:45,0.0,Accesorios,Caja para pastel cuadrada (C-paquete/50pza)(S-pza/50),futuro
2025-12-05 18:07:45,0.0,Accesorios,Caja para pastel cuadrada (C-paquete/50pza)(S-pza/50),futuro
2025-12-06 18:07:45,0.0,Accesorios,Caja para pastel cuadrada (C-paquete/50pza)(S-pza/50),futuro
2025-12-07 18:07:45,0.0,Accesorios,Caja para pastel cuadrada (C-paquete/50pza)(S-pza/50),futuro
2025-12-08 18:07:45,0.0,Accesorios,Caja para pastel cuadrada (C-paquete/50pza)(S-pza/50),futuro
2025-12-09 18:07:45,0.0,Accesorios,Caja para pastel cuadrada (C-paquete/50pza)(S-pza/50),futuro
2025-12-10 18:07:45,0.0,Accesorios,Caja para pastel cuadrada (C-paquete/50pza)(S-pza/50),futuro
2025-12-11 18:07:45,0.0,Accesorios,Caja para pastel cuadrada (C-paquete/50pza)(S-pza/50),futuro
2025-12-12 18:07:45,0.0,Accesorios,Caja para pastel cuadrada (C-paquete/50pza)(S-pza/50),futuro
2025-12-13 18:07:45,0.0,Accesorios,Caja para pastel cuadrada (C-paquete/50pza)(S-pza/50),futuro
2025-12-14 18:07:45,0.0,Accesorios,Caja para pastel cuadrada (C-paquete/50pza)(S-pza/50),futuro
2025-12-15 18:07:45,0.0,Accesorios,Caja para pastel cuadrada (C-paquete/50pza)(S-pza/50),futuro
2025-12-16 18:07:45,0.0,Accesorios,Caja para pastel cuadrada (C-paquete/50pza)(S-pza/50),futuro
2025-12-17 18:07:45,0.0,Accesorios,Caja para pastel cuadrada (C-paquete/50pza)(S-pza/50),futuro
2025-12-18 18:07:45,0.0,Accesorios,Caja para pastel cuadrada (C-paquete/50pza)(S-pza/50),futuro
2025-12-19 18:07:45,0.0,Accesorios,Caja para pastel cuadrada (C-paquete/50pza)(S-pza/50),futuro
2025-12-20 18:07:45,0.0,Accesorios,Caja para pastel cuadrada (C-paquete/50pza)(S-pza/50),futuro
2025-12-21 18:07:45,0.0,Accesorios,Caja para pastel cuadrada (C-paquete/50pza)(S-pza/50),futuro
2025-12-22 18:07:45,0.0,Accesorios,Caja para pastel cuadrada (C-paquete/50pza)(S-pza/50),futuro
2025-12-23 18:07:45,0.0,Accesorios,Caja para pastel cuadrada (C-paquete/50pza)(S-pza/50),futuro
2025-12-24 18:07:45,0.0,Accesorios,Caja para pastel cuadrada (C-paquete/50pza)(S-pza/50),futuro
2025-12-25 18:07:45,0.0,Accesorios,Caja para pastel cuadrada (C-paquete/50pza)(S-pza/50),futuro
2025-12-26 18:07:45,0.0,Accesorios,Caja para pastel cuadrada (C-paquete/50pza)(S-pza/50),futuro
2025-12-27 18:07:45,0.0,Accesorios,Caja para pastel cuadrada (C-paquete/50pza)(S-pza/50),futuro
2025-12-28 18:07:45,0.0,Accesorios,Caja para pastel cuadrada (C-paquete/50pza)(S-pza/50),futuro
2025-12-29 18:07:45,0.0,Accesorios,Caja para pastel cuadrada (C-paquete/50pza)(S-pza/50),futuro
2025-12-30 18:07:45,0.0,Accesorios,Caja para pastel cuadrada (C-paquete/50pza)(S-pza/50),futuro
2025-12-31 18:07:45,0.0,Accesorios,Caja para pastel cuadrada (C-paquete/50pza)(S-pza/50),futuro
2026-01-01 18:07:45,0.0,Accesorios,Caja para pastel cuadrada (C-paquete/50pza)(S-pza/50),futuro
2026-01-02 18:07:45,0.0,Accesorios,Caja para pastel cuadrada (C-paquete/50pza)(S-pza/50),futuro
2026-01-03 18:07:45,0.0,Accesorios,Caja para pastel cuadrada (C-paquete/50pza)(S-pza/50),futuro
2026-01-04 18:07:45,0.0,Accesorios,Caja para pastel cuadrada (C-paquete/50pza)(S-pza/50),futuro
2026-01-05 18:07:45,0.0,Accesorios,Caja para pastel cuadrada (C-paquete/50pza)(S-pza/50),futuro
2026-01-06 18:07:45,0.0,Accesorios,Caja para pastel cuadrada (C-paquete/50pza)(S-pza/50),futuro
2026-01-07 18:07:45,0.0,Accesorios,Caja para pastel cuadrada (C-paquete/50pza)(S-pza/50),futuro
2026-01-08 18:07:45,0.0,Accesorios,Caja para pastel cuadrada (C-paquete/50pza)(S-pza/50),futuro
2026-01-09 18:07:45,0.0,Accesorios,Caja para pastel cuadrada (C-paquete/50pza)(S-pza/50),futuro
2026-01-10 18:07:45,0.0,Accesorios,Caja para pastel cuadrada (C-paquete/50pza)(S-pza/50),futuro
2026-01-11 18:07:45,0.0,Accesorios,Caja para pastel cuadrada (C-paquete/50pza)(S-pza/50),futuro
2026-01-12 18:07:45,0.0,Accesorios,Caja para pastel cuadrada (C-paquete/50pza)(S-pza/50),futuro
2026-01-13 18:07:45,0.0,Accesorios,Caja para pastel cuadrada (C-paquete/50pza)(S-pza/50),futuro
2026-01-14 18:07:45,0.0,Accesorios,Caja para pastel cuadrada (C-paquete/50pza)(S-pza/50),futuro
2026-01-15 18:07:45,0.0,Accesorios,Caja para pastel cuadrada (C-paquete/50pza)(S-pza/50),futuro
2026-01-16 18:07:45,0.0,Accesorios,Caja para pastel cuadrada (C-paquete/50pza)(S-pza/50),futuro
2026-01-17 18:07:45,0.0,Accesorios,Caja para pastel cuadrada (C-paquete/50pza)(S-pza/50),futuro
2026-01-18 18:07:45,0.0,Accesorios,Caja para pastel cuadrada (C-paquete/50pza)(S-pza/50),futuro
2026-01-19 18:07:45,0.0,Accesorios,Caja para pastel cuadrada (C-paquete/50pza)(S-pza/50),futuro
2026-01-20 18:07:45,0.0,Accesorios,Caja para pastel cuadrada (C-paquete/50pza)(S-pza/50),futuro
2026-01-21 18:07:45,0.0,Accesorios,Caja para pastel cuadrada (C-paquete/50pza)(S-pza/50),futuro
2026-01-22 18:07:45,0.0,Accesorios,Caja para pastel cuadrada (C-paquete/50pza)(S-pza/50),futuro
2026-01-23 18:07:45,0.0,Accesorios,Caja para pastel cuadrada (C-paquete/50pza)(S-pza/50),futuro
2026-01-24 18:07:45,0.0,Accesorios,Caja para pastel cuadrada (C-paquete/50pza)(S-pza/50),futuro
2026-01-25 18:07:45,0.0,Accesorios,Caja para pastel cuadrada (C-paquete/50pza)(S-pza/50),futuro
2026-01-26 18:07:45,0.0,Accesorios,Caja para pastel cuadrada (C-paquete/50pza)(S-pza/50),futuro
2026-01-27 18:07:45,0.0,Accesorios,Caja para pastel cuadrada (C-paquete/50pza)(S-pza/50),futuro
2026-01-28 18:07:45,0.0,Accesorios,Caja para pastel cuadrada (C-paquete/50pza)(S-pza/50),futuro
2026-01-29 18:07:45,0.0,Accesorios,Caja para pastel cuadrada (C-paquete/50pza)(S-pza/50),futuro
2025-11-03 12:19:18,0.0,Accesorios,Caja para pastel rectangular (C-cja/50pza)(S-pza/50),futuro
2025-11-04 12:19:18,0.0,Accesorios,Caja para pastel rectangular (C-cja/50pza)(S-pza/50),futuro
2025-11-05 12:19:18,0.0,Accesorios,Caja para pastel rectangular (C-cja/50pza)(S-pza/50),futuro
2025-11-06 12:19:18,0.0,Accesorios,Caja para pastel rectangular (C-cja/50pza)(S-pza/50),futuro
2025-11-07 12:19:18,0.0,Accesorios,Caja para pastel rectangular (C-cja/50pza)(S-pza/50),futuro
2025-11-08 12:19:18,0.0,Accesorios,Caja para pastel rectangular (C-cja/50pza)(S-pza/50),futuro
2025-11-09 12:19:18,0.0,Accesorios,Caja para pastel rectangular (C-cja/50pza)(S-pza/50),futuro
2025-11-10 12:19:18,0.0,Accesorios,Caja para pastel rectangular (C-cja/50pza)(S-pza/50),futuro
2025-11-11 12:19:18,0.0,Accesorios,Caja para pastel rectangular (C-cja/50pza)(S-pza/50),futuro
2025-11-12 12:19:18,0.0,Accesorios,Caja para pastel rectangular (C-cja/50pza)(S-pza/50),futuro
2025-11-13 12:19:18,0.0,Accesorios,Caja para pastel rectangular (C-cja/50pza)(S-pza/50),futuro
2025-11-14 12:19:18,0.0,Accesorios,Caja para pastel rectangular (C-cja/50pza)(S-pza/50),futuro
2025-11-15 12:19:18,0.0,Accesorios,Caja para pastel rectangular (C-cja/50pza)(S-pza/50),futuro
2025-11-16 12:19:18,0.0,Accesorios,Caja para pastel rectangular (C-cja/50pza)(S-pza/50),futuro
2025-11-17 12:19:18,0.0,Accesorios,Caja para pastel rectangular (C-cja/50pza)(S-pza/50),futuro
2025-11-18 12:19:18,0.0,Accesorios,Caja para pastel rectangular (C-cja/50pza)(S-pza/50),futuro
2025-11-19 12:19:18,0.0,Accesorios,Caja para pastel rectangular (C-cja/50pza)(S-pza/50),futuro
2025-11-20 12:19:18,0.0,Accesorios,Caja para pastel rectangular (C-cja/50pza)(S-pza/50),futuro
2025-11-21 12:19:18,0.0,Accesorios,Caja para pastel rectangular (C-cja/50pza)(S-pza/50),futuro
2025-11-22 12:19:18,0.0,Accesorios,Caja para pastel rectangular (C-cja/50pza)(S-pza/50),futuro
2025-11-23 12:19:18,0.0,Accesorios,Caja para pastel rectangular (C-cja/50pza)(S-pza/50),futuro
2025-11-24 12:19:18,0.0,Accesorios,Caja para pastel rectangular (C-cja/50pza)(S-pza/50),futuro
2025-11-25 12:19:18,0.0,Accesorios,Caja para pastel rectangular (C-cja/50pza)(S-pza/50),futuro
2025-11-26 12:19:18,0.0,Accesorios,Caja para pastel rectangular (C-cja/50pza)(S-pza/50),futuro
2025-11-27 12:19:18,0.0,Accesorios,Caja para pastel rectangular (C-cja/50pza)(S-pza/50),futuro
2025-11-28 12:19:18,0.0,Accesorios,Caja para pastel rectangular (C-cja/50pza)(S-pza/50),futuro
2025-11-29 12:19:18,0.0,Accesorios,Caja para pastel rectangular (C-cja/50pza)(S-pza/50),futuro
2025-11-30 12:19:18,0.0,Accesorios,Caja para pastel rectangular (C-cja/50pza)(S-pza/50),futuro
2025-12-01 12:19:18,0.0,Accesorios,Caja para pastel rectangular (C-cja/50pza)(S-pza/50),futuro
2025-12-02 12:19:18,0.0,Accesorios,Caja para pastel rectangular (C-cja/50pza)(S-pza/50),futuro
2025-12-03 12:19:18,0.0,Accesorios,Caja para pastel rectangular (C-cja/50pza)(S-pza/50),futuro
2025-12-04 12:19:18,0.0,Accesorios,Caja para pastel rectangular (C-cja/50pza)(S-pza/50),futuro
2025-12-05 12:19:18,0.0,Accesorios,Caja para pastel rectangular (C-cja/50pza)(S-pza/50),futuro
2025-12-06 12:19:18,0.0,Accesorios,Caja para pastel rectangular (C-cja/50pza)(S-pza/50),futuro
2025-12-07 12:19:18,0.0,Accesorios,Caja para pastel rectangular (C-cja/50pza)(S-pza/50),futuro
2025-12-08 12:19:18,0.0,Accesorios,Caja para pastel rectangular (C-cja/50pza)(S-pza/50),futuro
2025-12-09 12:19:18,0.0,Accesorios,Caja para pastel rectangular (C-cja/50pza)(S-pza/50),futuro
2025-12-10 12:19:18,0.0,Accesorios,Caja para pastel rectangular (C-cja/50pza)(S-pza/50),futuro
2025-12-11 12:19:18,0.0,Accesorios,Caja para pastel rectangular (C-cja/50pza)(S-pza/50),futuro
2025-12-12 12:19:18,0.0,Accesorios,Caja para pastel rectangular (C-cja/50pza)(S-pza/50),futuro
2025-12-13 12:19:18,0.0,Accesorios,Caja para pastel rectangular (C-cja/50pza)(S-pza/50),futuro
2025-12-14 12:19:18,0.0,Accesorios,Caja para pastel rectangular (C-cja/50pza)(S-pza/50),futuro
2025-12-15 12:19:18,0.0,Accesorios,Caja para pastel rectangular (C-cja/50pza)(S-pza/50),futuro
2025-12-16 12:19:18,0.0,Accesorios,Caja para pastel rectangular (C-cja/50pza)(S-pza/50),futuro
2025-12-17 12:19:18,0.0,Accesorios,Caja para pastel rectangular (C-cja/50pza)(S-pza/50),futuro
2025-12-18 12:19:18,0.0,Accesorios,Caja para pastel rectangular (C-cja/50pza)(S-pza/50),futuro
2025-12-19 12:19:18,0.0,Accesorios,Caja para pastel rectangular (C-cja/50pza)(S-pza/50),futuro
2025-12-20 12:19:18,0.0,Accesorios,Caja para pastel rectangular (C-cja/50pza)(S-pza/50),futuro
2025-12-21 12:19:18,0.0,Accesorios,Caja para pastel rectangular (C-cja/50pza)(S-pza/50),futuro
2025-12-22 12:19:18,0.0,Accesorios,Caja para pastel rectangular (C-cja/50pza)(S-pza/50),futuro
2025-12-23 12:19:18,0.0,Accesorios,Caja para pastel rectangular (C-cja/50pza)(S-pza/50),futuro
2025-12-24 12:19:18,0.0,Accesorios,Caja para pastel rectangular (C-cja/50pza)(S-pza/50),futuro
2025-12-25 12:19:18,0.0,Accesorios,Caja para pastel rectangular (C-cja/50pza)(S-pza/50),futuro
2025-12-26 12:19:18,0.0,Accesorios,Caja para pastel rectangular (C-cja/50pza)(S-pza/50),futuro
2025-12-27 12:19:18,0.0,Accesorios,Caja para pastel rectangular (C-cja/50pza)(S-pza/50),futuro
2025-12-28 12:19:18,0.0,Accesorios,Caja para pastel rectangular (C-cja/50pza)(S-pza/50),futuro
2025-12-29 12:19:18,0.0,Accesorios,Caja para pastel rectangular (C-cja/50pza)(S-pza/50),futuro
2025-12-30 12:19:18,0.0,Accesorios,Caja para pastel rectangular (C-cja/50pza)(S-pza/50),futuro
2025-12-31 12:19:18,0.0,Accesorios,Caja para pastel rectangular (C-cja/50pza)(S-pza/50),futuro
2026-01-01 12:19:18,0.0,Accesorios,Caja para pastel rectangular (C-cja/50pza)(S-pza/50),futuro
2026-01-02 12:19:18,0.0,Accesorios,Caja para pastel rectangular (C-cja/50pza)(S-pza/50),futuro
2026-01-03 12:19:18,0.0,Accesorios,Caja para pastel rectangular (C-cja/50pza)(S-pza/50),futuro
2026-01-04 12:19:18,0.0,Accesorios,Caja para pastel rectangular (C-cja/50pza)(S-pza/50),futuro
2026-01-05 12:19:18,0.0,Accesorios,Caja para pastel rectangular (C-cja/50pza)(S-pza/50),futuro
2026-01-06 12:19:18,0.0,Accesorios,Caja para pastel rectangular (C-cja/50pza)(S-pza/50),futuro
2026-01-07 12:19:18,0.0,Accesorios,Caja para pastel rectangular (C-cja/50pza)(S-pza/50),futuro
2026-01-08 12:19:18,0.0,Accesorios,Caja para pastel rectangular (C-cja/50pza)(S-pza/50),futuro
2026-01-09 12:19:18,0.0,Accesorios,Caja para pastel rectangular (C-cja/50pza)(S-pza/50),futuro
2026-01-10 12:19:18,0.0,Accesorios,Caja para pastel rectangular (C-cja/50pza)(S-pza/50),futuro
2026-01-11 12:19:18,0.0,Accesorios,Caja para pastel rectangular (C-cja/50pza)(S-pza/50),futuro
2026-01-12 12:19:18,0.0,Accesorios,Caja para pastel rectangular (C-cja/50pza)(S-pza/50),futuro
2026-01-13 12:19:18,0.0,Accesorios,Caja para pastel rectangular (C-cja/50pza)(S-pza/50),futuro
2026-01-14 12:19:18,0.0,Accesorios,Caja para pastel rectangular (C-cja/50pza)(S-pza/50),futuro
2026-01-15 12:19:18,0.0,Accesorios,Caja para pastel rectangular (C-cja/50pza)(S-pza/50),futuro
2026-01-16 12:19:18,0.0,Accesorios,Caja para pastel rectangular (C-cja/50pza)(S-pza/50),futuro
2026-01-17 12:19:18,0.0,Accesorios,Caja para pastel rectangular (C-cja/50pza)(S-pza/50),futuro
2026-01-18 12:19:18,0.0,Accesorios,Caja para pastel rectangular (C-cja/50pza)(S-pza/50),futuro
2026-01-19 12:19:18,0.0,Accesorios,Caja para pastel rectangular (C-cja/50pza)(S-pza/50),futuro
2026-01-20 12:19:18,0.0,Accesorios,Caja para pastel rectangular (C-cja/50pza)(S-pza/50),futuro
2026-01-21 12:19:18,0.0,Accesorios,Caja para pastel rectangular (C-cja/50pza)(S-pza/50),futuro
2026-01-22 12:19:18,0.0,Accesorios,Caja para pastel rectangular (C-cja/50pza)(S-pza/50),futuro
2026-01-23 12:19:18,0.0,Accesorios,Caja para pastel rectangular (C-cja/50pza)(S-pza/50),futuro
2026-01-24 12:19:18,0.0,Accesorios,Caja para pastel rectangular (C-cja/50pza)(S-pza/50),futuro
2026-01-25 12:19:18,0.0,Accesorios,Caja para pastel rectangular (C-cja/50pza)(S-pza/50),futuro
2026-01-26 12:19:18,0.0,Accesorios,Caja para pastel rectangular (C-cja/50pza)(S-pza/50),futuro
2026-01-27 12:19:18,0.0,Accesorios,Caja para pastel rectangular (C-cja/50pza)(S-pza/50),futuro
2026-01-28 12:19:18,0.0,Accesorios,Caja para pastel rectangular (C-cja/50pza)(S-pza/50),futuro
2026-01-29 12:19:18,0.0,Accesorios,Caja para pastel rectangular (C-cja/50pza)(S-pza/50),futuro
2026-01-30 12:19:18,0.0,Accesorios,Caja para pastel rectangular (C-cja/50pza)(S-pza/50),futuro
2026-01-31 12:19:18,0.0,Accesorios,Caja para pastel rectangular (C-cja/50pza)(S-pza/50),futuro
2025-11-07 16:38:16,0.0,Accesorios,Cake topper 13 cm (C-pza/1pza)(S-pza/1),futuro
2025-11-08 16:38:16,0.0,Accesorios,Cake topper 13 cm (C-pza/1pza)(S-pza/1),futuro
2025-11-09 16:38:16,0.0,Accesorios,Cake topper 13 cm (C-pza/1pza)(S-pza/1),futuro
2025-11-10 16:38:16,0.0,Accesorios,Cake topper 13 cm (C-pza/1pza)(S-pza/1),futuro
2025-11-11 16:38:16,0.0,Accesorios,Cake topper 13 cm (C-pza/1pza)(S-pza/1),futuro
2025-11-12 16:38:16,0.0,Accesorios,Cake topper 13 cm (C-pza/1pza)(S-pza/1),futuro
2025-11-13 16:38:16,0.0,Accesorios,Cake topper 13 cm (C-pza/1pza)(S-pza/1),futuro
2025-11-14 16:38:16,0.0,Accesorios,Cake topper 13 cm (C-pza/1pza)(S-pza/1),futuro
2025-11-15 16:38:16,0.0,Accesorios,Cake topper 13 cm (C-pza/1pza)(S-pza/1),futuro
2025-11-16 16:38:16,0.0,Accesorios,Cake topper 13 cm (C-pza/1pza)(S-pza/1),futuro
2025-11-17 16:38:16,0.0,Accesorios,Cake topper 13 cm (C-pza/1pza)(S-pza/1),futuro
2025-11-18 16:38:16,0.0,Accesorios,Cake topper 13 cm (C-pza/1pza)(S-pza/1),futuro
2025-11-19 16:38:16,0.0,Accesorios,Cake topper 13 cm (C-pza/1pza)(S-pza/1),futuro
2025-11-20 16:38:16,0.0,Accesorios,Cake topper 13 cm (C-pza/1pza)(S-pza/1),futuro
2025-11-21 16:38:16,0.0,Accesorios,Cake topper 13 cm (C-pza/1pza)(S-pza/1),futuro
2025-11-22 16:38:16,0.0,Accesorios,Cake topper 13 cm (C-pza/1pza)(S-pza/1),futuro
2025-11-23 16:38:16,0.0,Accesorios,Cake topper 13 cm (C-pza/1pza)(S-pza/1),futuro
2025-11-24 16:38:16,0.0,Accesorios,Cake topper 13 cm (C-pza/1pza)(S-pza/1),futuro
2025-11-25 16:38:16,0.0,Accesorios,Cake topper 13 cm (C-pza/1pza)(S-pza/1),futuro
2025-11-26 16:38:16,0.0,Accesorios,Cake topper 13 cm (C-pza/1pza)(S-pza/1),futuro
2025-11-27 16:38:16,0.0,Accesorios,Cake topper 13 cm (C-pza/1pza)(S-pza/1),futuro
2025-11-28 16:38:16,0.0,Accesorios,Cake topper 13 cm (C-pza/1pza)(S-pza/1),futuro
2025-11-29 16:38:16,0.0,Accesorios,Cake topper 13 cm (C-pza/1pza)(S-pza/1),futuro
2025-11-30 16:38:16,0.0,Accesorios,Cake topper 13 cm (C-pza/1pza)(S-pza/1),futuro
2025-12-01 16:38:16,0.0,Accesorios,Cake topper 13 cm (C-pza/1pza)(S-pza/1),futuro
2025-12-02 16:38:16,0.0,Accesorios,Cake topper 13 cm (C-pza/1pza)(S-pza/1),futuro
2025-12-03 16:38:16,0.0,Accesorios,Cake topper 13 cm (C-pza/1pza)(S-pza/1),futuro
2025-12-04 16:38:16,0.0,Accesorios,Cake topper 13 cm (C-pza/1pza)(S-pza/1),futuro
2025-12-05 16:38:16,0.0,Accesorios,Cake topper 13 cm (C-pza/1pza)(S-pza/1),futuro
2025-12-06 16:38:16,0.0,Accesorios,Cake topper 13 cm (C-pza/1pza)(S-pza/1),futuro
2025-12-07 16:38:16,0.0,Accesorios,Cake topper 13 cm (C-pza/1pza)(S-pza/1),futuro
2025-12-08 16:38:16,0.0,Accesorios,Cake topper 13 cm (C-pza/1pza)(S-pza/1),futuro
2025-12-09 16:38:16,0.0,Accesorios,Cake topper 13 cm (C-pza/1pza)(S-pza/1),futuro
2025-12-10 16:38:16,0.0,Accesorios,Cake topper 13 cm (C-pza/1pza)(S-pza/1),futuro
2025-12-11 16:38:16,0.0,Accesorios,Cake topper 13 cm (C-pza/1pza)(S-pza/1),futuro
2025-12-12 16:38:16,0.0,Accesorios,Cake topper 13 cm (C-pza/1pza)(S-pza/1),futuro
2025-12-13 16:38:16,0.0,Accesorios,Cake topper 13 cm (C-pza/1pza)(S-pza/1),futuro
2025-12-14 16:38:16,0.0,Accesorios,Cake topper 13 cm (C-pza/1pza)(S-pza/1),futuro
2025-12-15 16:38:16,0.0,Accesorios,Cake topper 13 cm (C-pza/1pza)(S-pza/1),futuro
2025-12-16 16:38:16,0.0,Accesorios,Cake topper 13 cm (C-pza/1pza)(S-pza/1),futuro
2025-12-17 16:38:16,0.0,Accesorios,Cake topper 13 cm (C-pza/1pza)(S-pza/1),futuro
2025-12-18 16:38:16,0.0,Accesorios,Cake topper 13 cm (C-pza/1pza)(S-pza/1),futuro
2025-12-19 16:38:16,0.0,Accesorios,Cake topper 13 cm (C-pza/1pza)(S-pza/1),futuro
2025-12-20 16:38:16,0.0,Accesorios,Cake topper 13 cm (C-pza/1pza)(S-pza/1),futuro
2025-12-21 16:38:16,0.0,Accesorios,Cake topper 13 cm (C-pza/1pza)(S-pza/1),futuro
2025-12-22 16:38:16,0.0,Accesorios,Cake topper 13 cm (C-pza/1pza)(S-pza/1),futuro
2025-12-23 16:38:16,0.0,Accesorios,Cake topper 13 cm (C-pza/1pza)(S-pza/1),futuro
2025-12-24 16:38:16,0.0,Accesorios,Cake topper 13 cm (C-pza/1pza)(S-pza/1),futuro
2025-12-25 16:38:16,0.0,Accesorios,Cake topper 13 cm (C-pza/1pza)(S-pza/1),futuro
2025-12-26 16:38:16,0.0,Accesorios,Cake topper 13 cm (C-pza/1pza)(S-pza/1),futuro
2025-12-27 16:38:16,0.0,Accesorios,Cake topper 13 cm (C-pza/1pza)(S-pza/1),futuro
2025-12-28 16:38:16,0.0,Accesorios,Cake topper 13 cm (C-pza/1pza)(S-pza/1),futuro
2025-12-29 16:38:16,0.0,Accesorios,Cake topper 13 cm (C-pza/1pza)(S-pza/1),futuro
2025-12-30 16:38:16,0.0,Accesorios,Cake topper 13 cm (C-pza/1pza)(S-pza/1),futuro
2025-12-31 16:38:16,0.0,Accesorios,Cake topper 13 cm (C-pza/1pza)(S-pza/1),futuro
2026-01-01 16:38:16,0.0,Accesorios,Cake topper 13 cm (C-pza/1pza)(S-pza/1),futuro
2026-01-02 16:38:16,0.0,Accesorios,Cake topper 13 cm (C-pza/1pza)(S-pza/1),futuro
2026-01-03 16:38:16,0.0,Accesorios,Cake topper 13 cm (C-pza/1pza)(S-pza/1),futuro
2026-01-04 16:38:16,0.0,Accesorios,Cake topper 13 cm (C-pza/1pza)(S-pza/1),futuro
2026-01-05 16:38:16,0.0,Accesorios,Cake topper 13 cm (C-pza/1pza)(S-pza/1),futuro
2026-01-06 16:38:16,0.0,Accesorios,Cake topper 13 cm (C-pza/1pza)(S-pza/1),futuro
2026-01-07 16:38:16,0.0,Accesorios,Cake topper 13 cm (C-pza/1pza)(S-pza/1),futuro
2026-01-08 16:38:16,0.0,Accesorios,Cake topper 13 cm (C-pza/1pza)(S-pza/1),futuro
2026-01-09 16:38:16,0.0,Accesorios,Cake topper 13 cm (C-pza/1pza)(S-pza/1),futuro
2026-01-10 16:38:16,0.0,Accesorios,Cake topper 13 cm (C-pza/1pza)(S-pza/1),futuro
2026-01-11 16:38:16,0.0,Accesorios,Cake topper 13 cm (C-pza/1pza)(S-pza/1),futuro
2026-01-12 16:38:16,0.0,Accesorios,Cake topper 13 cm (C-pza/1pza)(S-pza/1),futuro
2026-01-13 16:38:16,0.0,Accesorios,Cake topper 13 cm (C-pza/1pza)(S-pza/1),futuro
2026-01-14 16:38:16,0.0,Accesorios,Cake topper 13 cm (C-pza/1pza)(S-pza/1),futuro
2026-01-15 16:38:16,0.0,Accesorios,Cake topper 13 cm (C-pza/1pza)(S-pza/1),futuro
2026-01-16 16:38:16,0.0,Accesorios,Cake topper 13 cm (C-pza/1pza)(S-pza/1),futuro
2026-01-17 16:38:16,0.0,Accesorios,Cake topper 13 cm (C-pza/1pza)(S-pza/1),futuro
2026-01-18 16:38:16,0.0,Accesorios,Cake topper 13 cm (C-pza/1pza)(S-pza/1),futuro
2026-01-19 16:38:16,0.0,Accesorios,Cake topper 13 cm (C-pza/1pza)(S-pza/1),futuro
2026-01-20 16:38:16,0.0,Accesorios,Cake topper 13 cm (C-pza/1pza)(S-pza/1),futuro
2026-01-21 16:38:16,0.0,Accesorios,Cake topper 13 cm (C-pza/1pza)(S-pza/1),futuro
2026-01-22 16:38:16,0.0,Accesorios,Cake topper 13 cm (C-pza/1pza)(S-pza/1),futuro
2026-01-23 16:38:16,0.0,Accesorios,Cake topper 13 cm (C-pza/1pza)(S-pza/1),futuro
2026-01-24 16:38:16,0.0,Accesorios,Cake topper 13 cm (C-pza/1pza)(S-pza/1),futuro
2026-01-25 16:38:16,0.0,Accesorios,Cake topper 13 cm (C-pza/1pza)(S-pza/1),futuro
2026-01-26 16:38:16,0.0,Accesorios,Cake topper 13 cm (C-pza/1pza)(S-pza/1),futuro
2026-01-27 16:38:16,0.0,Accesorios,Cake topper 13 cm (C-pza/1pza)(S-pza/1),futuro
2026-01-28 16:38:16,0.0,Accesorios,Cake topper 13 cm (C-pza/1pza)(S-pza/1),futuro
2026-01-29 16:38:16,0.0,Accesorios,Cake topper 13 cm (C-pza/1pza)(S-pza/1),futuro
2026-01-30 16:38:16,0.0,Accesorios,Cake topper 13 cm (C-pza/1pza)(S-pza/1),futuro
2026-01-31 16:38:16,0.0,Accesorios,Cake topper 13 cm (C-pza/1pza)(S-pza/1),futuro
2026-02-01 16:38:16,0.0,Accesorios,Cake topper 13 cm (C-pza/1pza)(S-pza/1),futuro
2026-02-02 16:38:16,0.0,Accesorios,Cake topper 13 cm (C-pza/1pza)(S-pza/1),futuro
2026-02-03 16:38:16,0.0,Accesorios,Cake topper 13 cm (C-pza/1pza)(S-pza/1),futuro
2026-02-04 16:38:16,0.0,Accesorios,Cake topper 13 cm (C-pza/1pza)(S-pza/1),futuro
2025-11-06 09:31:21,0.0,Accesorios,Cuchara para venta (C-cja/40pza)(S-pza/40)7485,futuro
2025-11-07 09:31:21,0.0,Accesorios,Cuchara para venta (C-cja/40pza)(S-pza/40)7485,futuro
2025-11-08 09:31:21,0.0,Accesorios,Cuchara para venta (C-cja/40pza)(S-pza/40)7485,futuro
2025-11-09 09:31:21,0.0,Accesorios,Cuchara para venta (C-cja/40pza)(S-pza/40)7485,futuro
2025-11-10 09:31:21,0.0,Accesorios,Cuchara para venta (C-cja/40pza)(S-pza/40)7485,futuro
2025-11-11 09:31:21,0.0,Accesorios,Cuchara para venta (C-cja/40pza)(S-pza/40)7485,futuro
2025-11-12 09:31:21,0.0,Accesorios,Cuchara para venta (C-cja/40pza)(S-pza/40)7485,futuro
2025-11-13 09:31:21,0.0,Accesorios,Cuchara para venta (C-cja/40pza)(S-pza/40)7485,futuro
2025-11-14 09:31:21,0.0,Accesorios,Cuchara para venta (C-cja/40pza)(S-pza/40)7485,futuro
2025-11-15 09:31:21,0.0,Accesorios,Cuchara para venta (C-cja/40pza)(S-pza/40)7485,futuro
2025-11-16 09:31:21,0.0,Accesorios,Cuchara para venta (C-cja/40pza)(S-pza/40)7485,futuro
2025-11-17 09:31:21,0.0,Accesorios,Cuchara para venta (C-cja/40pza)(S-pza/40)7485,futuro
2025-11-18 09:31:21,0.0,Accesorios,Cuchara para venta (C-cja/40pza)(S-pza/40)7485,futuro
2025-11-19 09:31:21,0.0,Accesorios,Cuchara para venta (C-cja/40pza)(S-pza/40)7485,futuro
2025-11-20 09:31:21,0.0,Accesorios,Cuchara para venta (C-cja/40pza)(S-pza/40)7485,futuro
2025-11-21 09:31:21,0.0,Accesorios,Cuchara para venta (C-cja/40pza)(S-pza/40)7485,futuro
2025-11-22 09:31:21,0.0,Accesorios,Cuchara para venta (C-cja/40pza)(S-pza/40)7485,futuro
2025-11-23 09:31:21,0.0,Accesorios,Cuchara para venta (C-cja/40pza)(S-pza/40)7485,futuro
2025-11-24 09:31:21,0.0,Accesorios,Cuchara para venta (C-cja/40pza)(S-pza/40)7485,futuro
2025-11-25 09:31:21,0.0,Accesorios,Cuchara para venta (C-cja/40pza)(S-pza/40)7485,futuro
2025-11-26 09:31:21,0.0,Accesorios,Cuchara para venta (C-cja/40pza)(S-pza/40)7485,futuro
2025-11-27 09:31:21,0.0,Accesorios,Cuchara para venta (C-cja/40pza)(S-pza/40)7485,futuro
2025-11-28 09:31:21,0.0,Accesorios,Cuchara para venta (C-cja/40pza)(S-pza/40)7485,futuro
2025-11-29 09:31:21,0.0,Accesorios,Cuchara para venta (C-cja/40pza)(S-pza/40)7485,futuro
2025-11-30 09:31:21,0.0,Accesorios,Cuchara para venta (C-cja/40pza)(S-pza/40)7485,futuro
2025-12-01 09:31:21,0.0,Accesorios,Cuchara para venta (C-cja/40pza)(S-pza/40)7485,futuro
2025-12-02 09:31:21,0.0,Accesorios,Cuchara para venta (C-cja/40pza)(S-pza/40)7485,futuro
2025-12-03 09:31:21,0.0,Accesorios,Cuchara para venta (C-cja/40pza)(S-pza/40)7485,futuro
2025-12-04 09:31:21,0.0,Accesorios,Cuchara para venta (C-cja/40pza)(S-pza/40)7485,futuro
2025-12-05 09:31:21,0.0,Accesorios,Cuchara para venta (C-cja/40pza)(S-pza/40)7485,futuro
2025-12-06 09:31:21,0.0,Accesorios,Cuchara para venta (C-cja/40pza)(S-pza/40)7485,futuro
2025-12-07 09:31:21,0.0,Accesorios,Cuchara para venta (C-cja/40pza)(S-pza/40)7485,futuro
2025-12-08 09:31:21,0.0,Accesorios,Cuchara para venta (C-cja/40pza)(S-pza/40)7485,futuro
2025-12-09 09:31:21,0.0,Accesorios,Cuchara para venta (C-cja/40pza)(S-pza/40)7485,futuro
2025-12-10 09:31:21,0.0,Accesorios,Cuchara para venta (C-cja/40pza)(S-pza/40)7485,futuro
2025-12-11 09:31:21,0.0,Accesorios,Cuchara para venta (C-cja/40pza)(S-pza/40)7485,futuro
2025-12-12 09:31:21,0.0,Accesorios,Cuchara para venta (C-cja/40pza)(S-pza/40)7485,futuro
2025-12-13 09:31:21,0.0,Accesorios,Cuchara para venta (C-cja/40pza)(S-pza/40)7485,futuro
2025-12-14 09:31:21,0.0,Accesorios,Cuchara para venta (C-cja/40pza)(S-pza/40)7485,futuro
2025-12-15 09:31:21,0.0,Accesorios,Cuchara para venta (C-cja/40pza)(S-pza/40)7485,futuro
2025-12-16 09:31:21,0.0,Accesorios,Cuchara para venta (C-cja/40pza)(S-pza/40)7485,futuro
2025-12-17 09:31:21,0.0,Accesorios,Cuchara para venta (C-cja/40pza)(S-pza/40)7485,futuro
2025-12-18 09:31:21,0.0,Accesorios,Cuchara para venta (C-cja/40pza)(S-pza/40)7485,futuro
2025-12-19 09:31:21,0.0,Accesorios,Cuchara para venta (C-cja/40pza)(S-pza/40)7485,futuro
2025-12-20 09:31:21,0.0,Accesorios,Cuchara para venta (C-cja/40pza)(S-pza/40)7485,futuro
2025-12-21 09:31:21,0.0,Accesorios,Cuchara para venta (C-cja/40pza)(S-pza/40)7485,futuro
2025-12-22 09:31:21,0.0,Accesorios,Cuchara para venta (C-cja/40pza)(S-pza/40)7485,futuro
2025-12-23 09:31:21,0.0,Accesorios,Cuchara para venta (C-cja/40pza)(S-pza/40)7485,futuro
2025-12-24 09:31:21,0.0,Accesorios,Cuchara para venta (C-cja/40pza)(S-pza/40)7485,futuro
2025-12-25 09:31:21,0.0,Accesorios,Cuchara para venta (C-cja/40pza)(S-pza/40)7485,futuro
2025-12-26 09:31:21,0.0,Accesorios,Cuchara para venta (C-cja/40pza)(S-pza/40)7485,futuro
2025-12-27 09:31:21,0.0,Accesorios,Cuchara para venta (C-cja/40pza)(S-pza/40)7485,futuro
2025-12-28 09:31:21,0.0,Accesorios,Cuchara para venta (C-cja/40pza)(S-pza/40)7485,futuro
2025-12-29 09:31:21,0.0,Accesorios,Cuchara para venta (C-cja/40pza)(S-pza/40)7485,futuro
2025-12-30 09:31:21,0.0,Accesorios,Cuchara para venta (C-cja/40pza)(S-pza/40)7485,futuro
2025-12-31 09:31:21,0.0,Accesorios,Cuchara para venta (C-cja/40pza)(S-pza/40)7485,futuro
2026-01-01 09:31:21,0.0,Accesorios,Cuchara para venta (C-cja/40pza)(S-pza/40)7485,futuro
2026-01-02 09:31:21,0.0,Accesorios,Cuchara para venta (C-cja/40pza)(S-pza/40)7485,futuro
2026-01-03 09:31:21,0.0,Accesorios,Cuchara para venta (C-cja/40pza)(S-pza/40)7485,futuro
2026-01-04 09:31:21,0.0,Accesorios,Cuchara para venta (C-cja/40pza)(S-pza/40)7485,futuro
2026-01-05 09:31:21,0.0,Accesorios,Cuchara para venta (C-cja/40pza)(S-pza/40)7485,futuro
2026-01-06 09:31:21,0.0,Accesorios,Cuchara para venta (C-cja/40pza)(S-pza/40)7485,futuro
2026-01-07 09:31:21,0.0,Accesorios,Cuchara para venta (C-cja/40pza)(S-pza/40)7485,futuro
2026-01-08 09:31:21,0.0,Accesorios,Cuchara para venta (C-cja/40pza)(S-pza/40)7485,futuro
2026-01-09 09:31:21,0.0,Accesorios,Cuchara para venta (C-cja/40pza)(S-pza/40)7485,futuro
2026-01-10 09:31:21,0.0,Accesorios,Cuchara para venta (C-cja/40pza)(S-pza/40)7485,futuro
2026-01-11 09:31:21,0.0,Accesorios,Cuchara para venta (C-cja/40pza)(S-pza/40)7485,futuro
2026-01-12 09:31:21,0.0,Accesorios,Cuchara para venta (C-cja/40pza)(S-pza/40)7485,futuro
2026-01-13 09:31:21,0.0,Accesorios,Cuchara para venta (C-cja/40pza)(S-pza/40)7485,futuro
2026-01-14 09:31:21,0.0,Accesorios,Cuchara para venta (C-cja/40pza)(S-pza/40)7485,futuro
2026-01-15 09:31:21,0.0,Accesorios,Cuchara para venta (C-cja/40pza)(S-pza/40)7485,futuro
2026-01-16 09:31:21,0.0,Accesorios,Cuchara para venta (C-cja/40pza)(S-pza/40)7485,futuro
2026-01-17 09:31:21,0.0,Accesorios,Cuchara para venta (C-cja/40pza)(S-pza/40)7485,futuro
2026-01-18 09:31:21,0.0,Accesorios,Cuchara para venta (C-cja/40pza)(S-pza/40)7485,futuro
2026-01-19 09:31:21,0.0,Accesorios,Cuchara para venta (C-cja/40pza)(S-pza/40)7485,futuro
2026-01-20 09:31:21,0.0,Accesorios,Cuchara para venta (C-cja/40pza)(S-pza/40)7485,futuro
2026-01-21 09:31:21,0.0,Accesorios,Cuchara para venta (C-cja/40pza)(S-pza/40)7485,futuro
2026-01-22 09:31:21,0.0,Accesorios,Cuchara para venta (C-cja/40pza)(S-pza/40)7485,futuro
2026-01-23 09:31:21,0.0,Accesorios,Cuchara para venta (C-cja/40pza)(S-pza/40)7485,futuro
2026-01-24 09:31:21,0.0,Accesorios,Cuchara para venta (C-cja/40pza)(S-pza/40)7485,futuro
2026-01-25 09:31:21,0.0,Accesorios,Cuchara para venta (C-cja/40pza)(S-pza/40)7485,futuro
2026-01-26 09:31:21,0.0,Accesorios,Cuchara para venta (C-cja/40pza)(S-pza/40)7485,futuro
2026-01-27 09:31:21,0.0,Accesorios,Cuchara para venta (C-cja/40pza)(S-pza/40)7485,futuro
2026-01-28 09:31:21,0.0,Accesorios,Cuchara para venta (C-cja/40pza)(S-pza/40)7485,futuro
2026-01-29 09:31:21,0.0,Accesorios,Cuchara para venta (C-cja/40pza)(S-pza/40)7485,futuro
2026-01-30 09:31:21,0.0,Accesorios,Cuchara para venta (C-cja/40pza)(S-pza/40)7485,futuro
2026-01-31 09:31:21,0.0,Accesorios,Cuchara para venta (C-cja/40pza)(S-pza/40)7485,futuro
2026-02-01 09:31:21,0.0,Accesorios,Cuchara para venta (C-cja/40pza)(S-pza/40)7485,futuro
2026-02-02 09:31:21,0.0,Accesorios,Cuchara para venta (C-cja/40pza)(S-pza/40)7485,futuro
2026-02-03 09:31:21,0.0,Accesorios,Cuchara para venta (C-cja/40pza)(S-pza/40)7485,futuro
2023-12-05 09:53:49,0.0,Accesorios,Kit pastel rosa (velas y pala)(C-pza/1)(S-pza/1),futuro
2023-12-06 09:53:49,0.0,Accesorios,Kit pastel rosa (velas y pala)(C-pza/1)(S-pza/1),futuro
2023-12-07 09:53:49,0.0,Accesorios,Kit pastel rosa (velas y pala)(C-pza/1)(S-pza/1),futuro
2023-12-08 09:53:49,0.0,Accesorios,Kit pastel rosa (velas y pala)(C-pza/1)(S-pza/1),futuro
2023-12-09 09:53:49,0.0,Accesorios,Kit pastel rosa (velas y pala)(C-pza/1)(S-pza/1),futuro
2023-12-10 09:53:49,0.0,Accesorios,Kit pastel rosa (velas y pala)(C-pza/1)(S-pza/1),futuro
2023-12-11 09:53:49,0.0,Accesorios,Kit pastel rosa (velas y pala)(C-pza/1)(S-pza/1),futuro
2023-12-12 09:53:49,0.0,Accesorios,Kit pastel rosa (velas y pala)(C-pza/1)(S-pza/1),futuro
2023-12-13 09:53:49,0.0,Accesorios,Kit pastel rosa (velas y pala)(C-pza/1)(S-pza/1),futuro
2023-12-14 09:53:49,0.0,Accesorios,Kit pastel rosa (velas y pala)(C-pza/1)(S-pza/1),futuro
2023-12-15 09:53:49,0.0,Accesorios,Kit pastel rosa (velas y pala)(C-pza/1)(S-pza/1),futuro
2023-12-16 09:53:49,0.0,Accesorios,Kit pastel rosa (velas y pala)(C-pza/1)(S-pza/1),futuro
2023-12-17 09:53:49,0.0,Accesorios,Kit pastel rosa (velas y pala)(C-pza/1)(S-pza/1),futuro
2023-12-18 09:53:49,0.0,Accesorios,Kit pastel rosa (velas y pala)(C-pza/1)(S-pza/1),futuro
2023-12-19 09:53:49,0.0,Accesorios,Kit pastel rosa (velas y pala)(C-pza/1)(S-pza/1),futuro
2023-12-20 09:53:49,0.0,Accesorios,Kit pastel rosa (velas y pala)(C-pza/1)(S-pza/1),futuro
2023-12-21 09:53:49,0.0,Accesorios,Kit pastel rosa (velas y pala)(C-pza/1)(S-pza/1),futuro
2023-12-22 09:53:49,0.0,Accesorios,Kit pastel rosa (velas y pala)(C-pza/1)(S-pza/1),futuro
2023-12-23 09:53:49,0.0,Accesorios,Kit pastel rosa (velas y pala)(C-pza/1)(S-pza/1),futuro
2023-12-24 09:53:49,0.0,Accesorios,Kit pastel rosa (velas y pala)(C-pza/1)(S-pza/1),futuro
2023-12-25 09:53:49,0.0,Accesorios,Kit pastel rosa (velas y pala)(C-pza/1)(S-pza/1),futuro
2023-12-26 09:53:49,0.0,Accesorios,Kit pastel rosa (velas y pala)(C-pza/1)(S-pza/1),futuro
2023-12-27 09:53:49,0.0,Accesorios,Kit pastel rosa (velas y pala)(C-pza/1)(S-pza/1),futuro
2023-12-28 09:53:49,0.0,Accesorios,Kit pastel rosa (velas y pala)(C-pza/1)(S-pza/1),futuro
2023-12-29 09:53:49,0.0,Accesorios,Kit pastel rosa (velas y pala)(C-pza/1)(S-pza/1),futuro
2023-12-30 09:53:49,0.0,Accesorios,Kit pastel rosa (velas y pala)(C-pza/1)(S-pza/1),futuro
2023-12-31 09:53:49,0.0,Accesorios,Kit pastel rosa (velas y pala)(C-pza/1)(S-pza/1),futuro
2024-01-01 09:53:49,0.0,Accesorios,Kit pastel rosa (velas y pala)(C-pza/1)(S-pza/1),futuro
2024-01-02 09:53:49,0.0,Accesorios,Kit pastel rosa (velas y pala)(C-pza/1)(S-pza/1),futuro
2024-01-03 09:53:49,0.0,Accesorios,Kit pastel rosa (velas y pala)(C-pza/1)(S-pza/1),futuro
2024-01-04 09:53:49,0.0,Accesorios,Kit pastel rosa (velas y pala)(C-pza/1)(S-pza/1),futuro
2024-01-05 09:53:49,0.0,Accesorios,Kit pastel rosa (velas y pala)(C-pza/1)(S-pza/1),futuro
2024-01-06 09:53:49,0.0,Accesorios,Kit pastel rosa (velas y pala)(C-pza/1)(S-pza/1),futuro
2024-01-07 09:53:49,0.0,Accesorios,Kit pastel rosa (velas y pala)(C-pza/1)(S-pza/1),futuro
2024-01-08 09:53:49,0.0,Accesorios,Kit pastel rosa (velas y pala)(C-pza/1)(S-pza/1),futuro
2024-01-09 09:53:49,0.0,Accesorios,Kit pastel rosa (velas y pala)(C-pza/1)(S-pza/1),futuro
2024-01-10 09:53:49,0.0,Accesorios,Kit pastel rosa (velas y pala)(C-pza/1)(S-pza/1),futuro
2024-01-11 09:53:49,0.0,Accesorios,Kit pastel rosa (velas y pala)(C-pza/1)(S-pza/1),futuro
2024-01-12 09:53:49,0.0,Accesorios,Kit pastel rosa (velas y pala)(C-pza/1)(S-pza/1),futuro
2024-01-13 09:53:49,0.0,Accesorios,Kit pastel rosa (velas y pala)(C-pza/1)(S-pza/1),futuro
2024-01-14 09:53:49,0.0,Accesorios,Kit pastel rosa (velas y pala)(C-pza/1)(S-pza/1),futuro
2024-01-15 09:53:49,0.0,Accesorios,Kit pastel rosa (velas y pala)(C-pza/1)(S-pza/1),futuro
2024-01-16 09:53:49,0.0,Accesorios,Kit pastel rosa (velas y pala)(C-pza/1)(S-pza/1),futuro
2024-01-17 09:53:49,0.0,Accesorios,Kit pastel rosa (velas y pala)(C-pza/1)(S-pza/1),futuro
2024-01-18 09:53:49,0.0,Accesorios,Kit pastel rosa (velas y pala)(C-pza/1)(S-pza/1),futuro
2024-01-19 09:53:49,0.0,Accesorios,Kit pastel rosa (velas y pala)(C-pza/1)(S-pza/1),futuro
2024-01-20 09:53:49,0.0,Accesorios,Kit pastel rosa (velas y pala)(C-pza/1)(S-pza/1),futuro
2024-01-21 09:53:49,0.0,Accesorios,Kit pastel rosa (velas y pala)(C-pza/1)(S-pza/1),futuro
2024-01-22 09:53:49,0.0,Accesorios,Kit pastel rosa (velas y pala)(C-pza/1)(S-pza/1),futuro
2024-01-23 09:53:49,0.0,Accesorios,Kit pastel rosa (velas y pala)(C-pza/1)(S-pza/1),futuro
2024-01-24 09:53:49,0.0,Accesorios,Kit pastel rosa (velas y pala)(C-pza/1)(S-pza/1),futuro
2024-01-25 09:53:49,0.0,Accesorios,Kit pastel rosa (velas y pala)(C-pza/1)(S-pza/1),futuro
2024-01-26 09:53:49,0.0,Accesorios,Kit pastel rosa (velas y pala)(C-pza/1)(S-pza/1),futuro
2024-01-27 09:53:49,0.0,Accesorios,Kit pastel rosa (velas y pala)(C-pza/1)(S-pza/1),futuro
2024-01-28 09:53:49,0.0,Accesorios,Kit pastel rosa (velas y pala)(C-pza/1)(S-pza/1),futuro
2024-01-29 09:53:49,0.0,Accesorios,Kit pastel rosa (velas y pala)(C-pza/1)(S-pza/1),futuro
2024-01-30 09:53:49,0.0,Accesorios,Kit pastel rosa (velas y pala)(C-pza/1)(S-pza/1),futuro
2024-01-31 09:53:49,0.0,Accesorios,Kit pastel rosa (velas y pala)(C-pza/1)(S-pza/1),futuro
2024-02-01 09:53:49,0.0,Accesorios,Kit pastel rosa (velas y pala)(C-pza/1)(S-pza/1),futuro
2024-02-02 09:53:49,0.0,Accesorios,Kit pastel rosa (velas y pala)(C-pza/1)(S-pza/1),futuro
2024-02-03 09:53:49,0.0,Accesorios,Kit pastel rosa (velas y pala)(C-pza/1)(S-pza/1),futuro
2024-02-04 09:53:49,0.0,Accesorios,Kit pastel rosa (velas y pala)(C-pza/1)(S-pza/1),futuro
2024-02-05 09:53:49,0.0,Accesorios,Kit pastel rosa (velas y pala)(C-pza/1)(S-pza/1),futuro
2024-02-06 09:53:49,0.0,Accesorios,Kit pastel rosa (velas y pala)(C-pza/1)(S-pza/1),futuro
2024-02-07 09:53:49,0.0,Accesorios,Kit pastel rosa (velas y pala)(C-pza/1)(S-pza/1),futuro
2024-02-08 09:53:49,0.0,Accesorios,Kit pastel rosa (velas y pala)(C-pza/1)(S-pza/1),futuro
2024-02-09 09:53:49,0.0,Accesorios,Kit pastel rosa (velas y pala)(C-pza/1)(S-pza/1),futuro
2024-02-10 09:53:49,0.0,Accesorios,Kit pastel rosa (velas y pala)(C-pza/1)(S-pza/1),futuro
2024-02-11 09:53:49,0.0,Accesorios,Kit pastel rosa (velas y pala)(C-pza/1)(S-pza/1),futuro
2024-02-12 09:53:49,0.0,Accesorios,Kit pastel rosa (velas y pala)(C-pza/1)(S-pza/1),futuro
2024-02-13 09:53:49,0.0,Accesorios,Kit pastel rosa (velas y pala)(C-pza/1)(S-pza/1),futuro
2024-02-14 09:53:49,0.0,Accesorios,Kit pastel rosa (velas y pala)(C-pza/1)(S-pza/1),futuro
2024-02-15 09:53:49,0.0,Accesorios,Kit pastel rosa (velas y pala)(C-pza/1)(S-pza/1),futuro
2024-02-16 09:53:49,0.0,Accesorios,Kit pastel rosa (velas y pala)(C-pza/1)(S-pza/1),futuro
2024-02-17 09:53:49,0.0,Accesorios,Kit pastel rosa (velas y pala)(C-pza/1)(S-pza/1),futuro
2024-02-18 09:53:49,0.0,Accesorios,Kit pastel rosa (velas y pala)(C-pza/1)(S-pza/1),futuro
2024-02-19 09:53:49,0.0,Accesorios,Kit pastel rosa (velas y pala)(C-pza/1)(S-pza/1),futuro
2024-02-20 09:53:49,0.0,Accesorios,Kit pastel rosa (velas y pala)(C-pza/1)(S-pza/1),futuro
2024-02-21 09:53:49,0.0,Accesorios,Kit pastel rosa (velas y pala)(C-pza/1)(S-pza/1),futuro
2024-02-22 09:53:49,0.0,Accesorios,Kit pastel rosa (velas y pala)(C-pza/1)(S-pza/1),futuro
2024-02-23 09:53:49,0.0,Accesorios,Kit pastel rosa (velas y pala)(C-pza/1)(S-pza/1),futuro
2024-02-24 09:53:49,0.0,Accesorios,Kit pastel rosa (velas y pala)(C-pza/1)(S-pza/1),futuro
2024-02-25 09:53:49,0.0,Accesorios,Kit pastel rosa (velas y pala)(C-pza/1)(S-pza/1),futuro
2024-02-26 09:53:49,0.0,Accesorios,Kit pastel rosa (velas y pala)(C-pza/1)(S-pza/1),futuro
2024-02-27 09:53:49,0.0,Accesorios,Kit pastel rosa (velas y pala)(C-pza/1)(S-pza/1),futuro
2024-02-28 09:53:49,0.0,Accesorios,Kit pastel rosa (velas y pala)(C-pza/1)(S-pza/1),futuro
2024-02-29 09:53:49,0.0,Accesorios,Kit pastel rosa (velas y pala)(C-pza/1)(S-pza/1),futuro
2024-03-01 09:53:49,0.0,Accesorios,Kit pastel rosa (velas y pala)(C-pza/1)(S-pza/1),futuro
2024-03-02 09:53:49,0.0,Accesorios,Kit pastel rosa (velas y pala)(C-pza/1)(S-pza/1),futuro
2024-03-03 09:53:49,0.0,Accesorios,Kit pastel rosa (velas y pala)(C-pza/1)(S-pza/1),futuro
2025-11-05 14:30:21,0.0,Accesorios,Plato venta (C-cja/40 paquete)(S-paquete/40)4521,futuro
2025-11-06 14:30:21,0.0,Accesorios,Plato venta (C-cja/40 paquete)(S-paquete/40)4521,futuro
2025-11-07 14:30:21,0.0,Accesorios,Plato venta (C-cja/40 paquete)(S-paquete/40)4521,futuro
2025-11-08 14:30:21,0.0,Accesorios,Plato venta (C-cja/40 paquete)(S-paquete/40)4521,futuro
2025-11-09 14:30:21,0.0,Accesorios,Plato venta (C-cja/40 paquete)(S-paquete/40)4521,futuro
2025-11-10 14:30:21,0.0,Accesorios,Plato venta (C-cja/40 paquete)(S-paquete/40)4521,futuro
2025-11-11 14:30:21,0.0,Accesorios,Plato venta (C-cja/40 paquete)(S-paquete/40)4521,futuro
2025-11-12 14:30:21,0.0,Accesorios,Plato venta (C-cja/40 paquete)(S-paquete/40)4521,futuro
2025-11-13 14:30:21,0.0,Accesorios,Plato venta (C-cja/40 paquete)(S-paquete/40)4521,futuro
2025-11-14 14:30:21,0.0,Accesorios,Plato venta (C-cja/40 paquete)(S-paquete/40)4521,futuro
2025-11-15 14:30:21,0.0,Accesorios,Plato venta (C-cja/40 paquete)(S-paquete/40)4521,futuro
2025-11-16 14:30:21,0.0,Accesorios,Plato venta (C-cja/40 paquete)(S-paquete/40)4521,futuro
2025-11-17 14:30:21,0.0,Accesorios,Plato venta (C-cja/40 paquete)(S-paquete/40)4521,futuro
2025-11-18 14:30:21,0.0,Accesorios,Plato venta (C-cja/40 paquete)(S-paquete/40)4521,futuro
2025-11-19 14:30:21,0.0,Accesorios,Plato venta (C-cja/40 paquete)(S-paquete/40)4521,futuro
2025-11-20 14:30:21,0.0,Accesorios,Plato venta (C-cja/40 paquete)(S-paquete/40)4521,futuro
2025-11-21 14:30:21,0.0,Accesorios,Plato venta (C-cja/40 paquete)(S-paquete/40)4521,futuro
2025-11-22 14:30:21,0.0,Accesorios,Plato venta (C-cja/40 paquete)(S-paquete/40)4521,futuro
2025-11-23 14:30:21,0.0,Accesorios,Plato venta (C-cja/40 paquete)(S-paquete/40)4521,futuro
2025-11-24 14:30:21,0.0,Accesorios,Plato venta (C-cja/40 paquete)(S-paquete/40)4521,futuro
2025-11-25 14:30:21,0.0,Accesorios,Plato venta (C-cja/40 paquete)(S-paquete/40)4521,futuro
2025-11-26 14:30:21,0.0,Accesorios,Plato venta (C-cja/40 paquete)(S-paquete/40)4521,futuro
2025-11-27 14:30:21,0.0,Accesorios,Plato venta (C-cja/40 paquete)(S-paquete/40)4521,futuro
2025-11-28 14:30:21,0.0,Accesorios,Plato venta (C-cja/40 paquete)(S-paquete/40)4521,futuro
2025-11-29 14:30:21,0.0,Accesorios,Plato venta (C-cja/40 paquete)(S-paquete/40)4521,futuro
2025-11-30 14:30:21,0.0,Accesorios,Plato venta (C-cja/40 paquete)(S-paquete/40)4521,futuro
2025-12-01 14:30:21,0.0,Accesorios,Plato venta (C-cja/40 paquete)(S-paquete/40)4521,futuro
2025-12-02 14:30:21,0.0,Accesorios,Plato venta (C-cja/40 paquete)(S-paquete/40)4521,futuro
2025-12-03 14:30:21,0.0,Accesorios,Plato venta (C-cja/40 paquete)(S-paquete/40)4521,futuro
2025-12-04 14:30:21,0.0,Accesorios,Plato venta (C-cja/40 paquete)(S-paquete/40)4521,futuro
2025-12-05 14:30:21,0.0,Accesorios,Plato venta (C-cja/40 paquete)(S-paquete/40)4521,futuro
2025-12-06 14:30:21,0.0,Accesorios,Plato venta (C-cja/40 paquete)(S-paquete/40)4521,futuro
2025-12-07 14:30:21,0.0,Accesorios,Plato venta (C-cja/40 paquete)(S-paquete/40)4521,futuro
2025-12-08 14:30:21,0.0,Accesorios,Plato venta (C-cja/40 paquete)(S-paquete/40)4521,futuro
2025-12-09 14:30:21,0.0,Accesorios,Plato venta (C-cja/40 paquete)(S-paquete/40)4521,futuro
2025-12-10 14:30:21,0.0,Accesorios,Plato venta (C-cja/40 paquete)(S-paquete/40)4521,futuro
2025-12-11 14:30:21,0.0,Accesorios,Plato venta (C-cja/40 paquete)(S-paquete/40)4521,futuro
2025-12-12 14:30:21,0.0,Accesorios,Plato venta (C-cja/40 paquete)(S-paquete/40)4521,futuro
2025-12-13 14:30:21,0.0,Accesorios,Plato venta (C-cja/40 paquete)(S-paquete/40)4521,futuro
2025-12-14 14:30:21,0.0,Accesorios,Plato venta (C-cja/40 paquete)(S-paquete/40)4521,futuro
2025-12-15 14:30:21,0.0,Accesorios,Plato venta (C-cja/40 paquete)(S-paquete/40)4521,futuro
2025-12-16 14:30:21,0.0,Accesorios,Plato venta (C-cja/40 paquete)(S-paquete/40)4521,futuro
2025-12-17 14:30:21,0.0,Accesorios,Plato venta (C-cja/40 paquete)(S-paquete/40)4521,futuro
2025-12-18 14:30:21,0.0,Accesorios,Plato venta (C-cja/40 paquete)(S-paquete/40)4521,futuro
2025-12-19 14:30:21,0.0,Accesorios,Plato venta (C-cja/40 paquete)(S-paquete/40)4521,futuro
2025-12-20 14:30:21,0.0,Accesorios,Plato venta (C-cja/40 paquete)(S-paquete/40)4521,futuro
2025-12-21 14:30:21,0.0,Accesorios,Plato venta (C-cja/40 paquete)(S-paquete/40)4521,futuro
2025-12-22 14:30:21,0.0,Accesorios,Plato venta (C-cja/40 paquete)(S-paquete/40)4521,futuro
2025-12-23 14:30:21,0.0,Accesorios,Plato venta (C-cja/40 paquete)(S-paquete/40)4521,futuro
2025-12-24 14:30:21,0.0,Accesorios,Plato venta (C-cja/40 paquete)(S-paquete/40)4521,futuro
2025-12-25 14:30:21,0.0,Accesorios,Plato venta (C-cja/40 paquete)(S-paquete/40)4521,futuro
2025-12-26 14:30:21,0.0,Accesorios,Plato venta (C-cja/40 paquete)(S-paquete/40)4521,futuro
2025-12-27 14:30:21,0.0,Accesorios,Plato venta (C-cja/40 paquete)(S-paquete/40)4521,futuro
2025-12-28 14:30:21,0.0,Accesorios,Plato venta (C-cja/40 paquete)(S-paquete/40)4521,futuro
2025-12-29 14:30:21,0.0,Accesorios,Plato venta (C-cja/40 paquete)(S-paquete/40)4521,futuro
2025-12-30 14:30:21,0.0,Accesorios,Plato venta (C-cja/40 paquete)(S-paquete/40)4521,futuro
2025-12-31 14:30:21,0.0,Accesorios,Plato venta (C-cja/40 paquete)(S-paquete/40)4521,futuro
2026-01-01 14:30:21,0.0,Accesorios,Plato venta (C-cja/40 paquete)(S-paquete/40)4521,futuro
2026-01-02 14:30:21,0.0,Accesorios,Plato venta (C-cja/40 paquete)(S-paquete/40)4521,futuro
2026-01-03 14:30:21,0.0,Accesorios,Plato venta (C-cja/40 paquete)(S-paquete/40)4521,futuro
2026-01-04 14:30:21,0.0,Accesorios,Plato venta (C-cja/40 paquete)(S-paquete/40)4521,futuro
2026-01-05 14:30:21,0.0,Accesorios,Plato venta (C-cja/40 paquete)(S-paquete/40)4521,futuro
2026-01-06 14:30:21,0.0,Accesorios,Plato venta (C-cja/40 paquete)(S-paquete/40)4521,futuro
2026-01-07 14:30:21,0.0,Accesorios,Plato venta (C-cja/40 paquete)(S-paquete/40)4521,futuro
2026-01-08 14:30:21,0.0,Accesorios,Plato venta (C-cja/40 paquete)(S-paquete/40)4521,futuro
2026-01-09 14:30:21,0.0,Accesorios,Plato venta (C-cja/40 paquete)(S-paquete/40)4521,futuro
2026-01-10 14:30:21,0.0,Accesorios,Plato venta (C-cja/40 paquete)(S-paquete/40)4521,futuro
2026-01-11 14:30:21,0.0,Accesorios,Plato venta (C-cja/40 paquete)(S-paquete/40)4521,futuro
2026-01-12 14:30:21,0.0,Accesorios,Plato venta (C-cja/40 paquete)(S-paquete/40)4521,futuro
2026-01-13 14:30:21,0.0,Accesorios,Plato venta (C-cja/40 paquete)(S-paquete/40)4521,futuro
2026-01-14 14:30:21,0.0,Accesorios,Plato venta (C-cja/40 paquete)(S-paquete/40)4521,futuro
2026-01-15 14:30:21,0.0,Accesorios,Plato venta (C-cja/40 paquete)(S-paquete/40)4521,futuro
2026-01-16 14:30:21,0.0,Accesorios,Plato venta (C-cja/40 paquete)(S-paquete/40)4521,futuro
2026-01-17 14:30:21,0.0,Accesorios,Plato venta (C-cja/40 paquete)(S-paquete/40)4521,futuro
2026-01-18 14:30:21,0.0,Accesorios,Plato venta (C-cja/40 paquete)(S-paquete/40)4521,futuro
2026-01-19 14:30:21,0.0,Accesorios,Plato venta (C-cja/40 paquete)(S-paquete/40)4521,futuro
2026-01-20 14:30:21,0.0,Accesorios,Plato venta (C-cja/40 paquete)(S-paquete/40)4521,futuro
2026-01-21 14:30:21,0.0,Accesorios,Plato venta (C-cja/40 paquete)(S-paquete/40)4521,futuro
2026-01-22 14:30:21,0.0,Accesorios,Plato venta (C-cja/40 paquete)(S-paquete/40)4521,futuro
2026-01-23 14:30:21,0.0,Accesorios,Plato venta (C-cja/40 paquete)(S-paquete/40)4521,futuro
2026-01-24 14:30:21,0.0,Accesorios,Plato venta (C-cja/40 paquete)(S-paquete/40)4521,futuro
2026-01-25 14:30:21,0.0,Accesorios,Plato venta (C-cja/40 paquete)(S-paquete/40)4521,futuro
2026-01-26 14:30:21,0.0,Accesorios,Plato venta (C-cja/40 paquete)(S-paquete/40)4521,futuro
2026-01-27 14:30:21,0.0,Accesorios,Plato venta (C-cja/40 paquete)(S-paquete/40)4521,futuro
2026-01-28 14:30:21,0.0,Accesorios,Plato venta (C-cja/40 paquete)(S-paquete/40)4521,futuro
2026-01-29 14:30:21,0.0,Accesorios,Plato venta (C-cja/40 paquete)(S-paquete/40)4521,futuro
2026-01-30 14:30:21,0.0,Accesorios,Plato venta (C-cja/40 paquete)(S-paquete/40)4521,futuro
2026-01-31 14:30:21,0.0,Accesorios,Plato venta (C-cja/40 paquete)(S-paquete/40)4521,futuro
2026-02-01 14:30:21,0.0,Accesorios,Plato venta (C-cja/40 paquete)(S-paquete/40)4521,futuro
2026-02-02 14:30:21,0.0,Accesorios,Plato venta (C-cja/40 paquete)(S-paquete/40)4521,futuro
2025-11-02 14:59:43,0.0,Accesorios,Vela #0 sweet ligth 24pza(C-pza/1pza)(S-pza/24),futuro
2025-11-03 14:59:43,0.0,Accesorios,Vela #0 sweet ligth 24pza(C-pza/1pza)(S-pza/24),futuro
2025-11-04 14:59:43,0.0,Accesorios,Vela #0 sweet ligth 24pza(C-pza/1pza)(S-pza/24),futuro
2025-11-05 14:59:43,0.0,Accesorios,Vela #0 sweet ligth 24pza(C-pza/1pza)(S-pza/24),futuro
2025-11-06 14:59:43,0.0,Accesorios,Vela #0 sweet ligth 24pza(C-pza/1pza)(S-pza/24),futuro
2025-11-07 14:59:43,0.0,Accesorios,Vela #0 sweet ligth 24pza(C-pza/1pza)(S-pza/24),futuro
2025-11-08 14:59:43,0.0,Accesorios,Vela #0 sweet ligth 24pza(C-pza/1pza)(S-pza/24),futuro
2025-11-09 14:59:43,0.0,Accesorios,Vela #0 sweet ligth 24pza(C-pza/1pza)(S-pza/24),futuro
2025-11-10 14:59:43,0.0,Accesorios,Vela #0 sweet ligth 24pza(C-pza/1pza)(S-pza/24),futuro
2025-11-11 14:59:43,0.0,Accesorios,Vela #0 sweet ligth 24pza(C-pza/1pza)(S-pza/24),futuro
2025-11-12 14:59:43,0.0,Accesorios,Vela #0 sweet ligth 24pza(C-pza/1pza)(S-pza/24),futuro
2025-11-13 14:59:43,0.0,Accesorios,Vela #0 sweet ligth 24pza(C-pza/1pza)(S-pza/24),futuro
2025-11-14 14:59:43,0.0,Accesorios,Vela #0 sweet ligth 24pza(C-pza/1pza)(S-pza/24),futuro
2025-11-15 14:59:43,0.0,Accesorios,Vela #0 sweet ligth 24pza(C-pza/1pza)(S-pza/24),futuro
2025-11-16 14:59:43,0.0,Accesorios,Vela #0 sweet ligth 24pza(C-pza/1pza)(S-pza/24),futuro
2025-11-17 14:59:43,0.0,Accesorios,Vela #0 sweet ligth 24pza(C-pza/1pza)(S-pza/24),futuro
2025-11-18 14:59:43,0.0,Accesorios,Vela #0 sweet ligth 24pza(C-pza/1pza)(S-pza/24),futuro
2025-11-19 14:59:43,0.0,Accesorios,Vela #0 sweet ligth 24pza(C-pza/1pza)(S-pza/24),futuro
2025-11-20 14:59:43,0.0,Accesorios,Vela #0 sweet ligth 24pza(C-pza/1pza)(S-pza/24),futuro
2025-11-21 14:59:43,0.0,Accesorios,Vela #0 sweet ligth 24pza(C-pza/1pza)(S-pza/24),futuro
2025-11-22 14:59:43,0.0,Accesorios,Vela #0 sweet ligth 24pza(C-pza/1pza)(S-pza/24),futuro
2025-11-23 14:59:43,0.0,Accesorios,Vela #0 sweet ligth 24pza(C-pza/1pza)(S-pza/24),futuro
2025-11-24 14:59:43,0.0,Accesorios,Vela #0 sweet ligth 24pza(C-pza/1pza)(S-pza/24),futuro
2025-11-25 14:59:43,0.0,Accesorios,Vela #0 sweet ligth 24pza(C-pza/1pza)(S-pza/24),futuro
2025-11-26 14:59:43,0.0,Accesorios,Vela #0 sweet ligth 24pza(C-pza/1pza)(S-pza/24),futuro
2025-11-27 14:59:43,0.0,Accesorios,Vela #0 sweet ligth 24pza(C-pza/1pza)(S-pza/24),futuro
2025-11-28 14:59:43,0.0,Accesorios,Vela #0 sweet ligth 24pza(C-pza/1pza)(S-pza/24),futuro
2025-11-29 14:59:43,0.0,Accesorios,Vela #0 sweet ligth 24pza(C-pza/1pza)(S-pza/24),futuro
2025-11-30 14:59:43,0.0,Accesorios,Vela #0 sweet ligth 24pza(C-pza/1pza)(S-pza/24),futuro
2025-12-01 14:59:43,0.0,Accesorios,Vela #0 sweet ligth 24pza(C-pza/1pza)(S-pza/24),futuro
2025-12-02 14:59:43,0.0,Accesorios,Vela #0 sweet ligth 24pza(C-pza/1pza)(S-pza/24),futuro
2025-12-03 14:59:43,0.0,Accesorios,Vela #0 sweet ligth 24pza(C-pza/1pza)(S-pza/24),futuro
2025-12-04 14:59:43,0.0,Accesorios,Vela #0 sweet ligth 24pza(C-pza/1pza)(S-pza/24),futuro
2025-12-05 14:59:43,0.0,Accesorios,Vela #0 sweet ligth 24pza(C-pza/1pza)(S-pza/24),futuro
2025-12-06 14:59:43,0.0,Accesorios,Vela #0 sweet ligth 24pza(C-pza/1pza)(S-pza/24),futuro
2025-12-07 14:59:43,0.0,Accesorios,Vela #0 sweet ligth 24pza(C-pza/1pza)(S-pza/24),futuro
2025-12-08 14:59:43,0.0,Accesorios,Vela #0 sweet ligth 24pza(C-pza/1pza)(S-pza/24),futuro
2025-12-09 14:59:43,0.0,Accesorios,Vela #0 sweet ligth 24pza(C-pza/1pza)(S-pza/24),futuro
2025-12-10 14:59:43,0.0,Accesorios,Vela #0 sweet ligth 24pza(C-pza/1pza)(S-pza/24),futuro
2025-12-11 14:59:43,0.0,Accesorios,Vela #0 sweet ligth 24pza(C-pza/1pza)(S-pza/24),futuro
2025-12-12 14:59:43,0.0,Accesorios,Vela #0 sweet ligth 24pza(C-pza/1pza)(S-pza/24),futuro
2025-12-13 14:59:43,0.0,Accesorios,Vela #0 sweet ligth 24pza(C-pza/1pza)(S-pza/24),futuro
2025-12-14 14:59:43,0.0,Accesorios,Vela #0 sweet ligth 24pza(C-pza/1pza)(S-pza/24),futuro
2025-12-15 14:59:43,0.0,Accesorios,Vela #0 sweet ligth 24pza(C-pza/1pza)(S-pza/24),futuro
2025-12-16 14:59:43,0.0,Accesorios,Vela #0 sweet ligth 24pza(C-pza/1pza)(S-pza/24),futuro
2025-12-17 14:59:43,0.0,Accesorios,Vela #0 sweet ligth 24pza(C-pza/1pza)(S-pza/24),futuro
2025-12-18 14:59:43,0.0,Accesorios,Vela #0 sweet ligth 24pza(C-pza/1pza)(S-pza/24),futuro
2025-12-19 14:59:43,0.0,Accesorios,Vela #0 sweet ligth 24pza(C-pza/1pza)(S-pza/24),futuro
2025-12-20 14:59:43,0.0,Accesorios,Vela #0 sweet ligth 24pza(C-pza/1pza)(S-pza/24),futuro
2025-12-21 14:59:43,0.0,Accesorios,Vela #0 sweet ligth 24pza(C-pza/1pza)(S-pza/24),futuro
2025-12-22 14:59:43,0.0,Accesorios,Vela #0 sweet ligth 24pza(C-pza/1pza)(S-pza/24),futuro
2025-12-23 14:59:43,0.0,Accesorios,Vela #0 sweet ligth 24pza(C-pza/1pza)(S-pza/24),futuro
2025-12-24 14:59:43,0.0,Accesorios,Vela #0 sweet ligth 24pza(C-pza/1pza)(S-pza/24),futuro
2025-12-25 14:59:43,0.0,Accesorios,Vela #0 sweet ligth 24pza(C-pza/1pza)(S-pza/24),futuro
2025-12-26 14:59:43,0.0,Accesorios,Vela #0 sweet ligth 24pza(C-pza/1pza)(S-pza/24),futuro
2025-12-27 14:59:43,0.0,Accesorios,Vela #0 sweet ligth 24pza(C-pza/1pza)(S-pza/24),futuro
2025-12-28 14:59:43,0.0,Accesorios,Vela #0 sweet ligth 24pza(C-pza/1pza)(S-pza/24),futuro
2025-12-29 14:59:43,0.0,Accesorios,Vela #0 sweet ligth 24pza(C-pza/1pza)(S-pza/24),futuro
2025-12-30 14:59:43,0.0,Accesorios,Vela #0 sweet ligth 24pza(C-pza/1pza)(S-pza/24),futuro
2025-12-31 14:59:43,0.0,Accesorios,Vela #0 sweet ligth 24pza(C-pza/1pza)(S-pza/24),futuro
2026-01-01 14:59:43,0.0,Accesorios,Vela #0 sweet ligth 24pza(C-pza/1pza)(S-pza/24),futuro
2026-01-02 14:59:43,0.0,Accesorios,Vela #0 sweet ligth 24pza(C-pza/1pza)(S-pza/24),futuro
2026-01-03 14:59:43,0.0,Accesorios,Vela #0 sweet ligth 24pza(C-pza/1pza)(S-pza/24),futuro
2026-01-04 14:59:43,0.0,Accesorios,Vela #0 sweet ligth 24pza(C-pza/1pza)(S-pza/24),futuro
2026-01-05 14:59:43,0.0,Accesorios,Vela #0 sweet ligth 24pza(C-pza/1pza)(S-pza/24),futuro
2026-01-06 14:59:43,0.0,Accesorios,Vela #0 sweet ligth 24pza(C-pza/1pza)(S-pza/24),futuro
2026-01-07 14:59:43,0.0,Accesorios,Vela #0 sweet ligth 24pza(C-pza/1pza)(S-pza/24),futuro
2026-01-08 14:59:43,0.0,Accesorios,Vela #0 sweet ligth 24pza(C-pza/1pza)(S-pza/24),futuro
2026-01-09 14:59:43,0.0,Accesorios,Vela #0 sweet ligth 24pza(C-pza/1pza)(S-pza/24),futuro
2026-01-10 14:59:43,0.0,Accesorios,Vela #0 sweet ligth 24pza(C-pza/1pza)(S-pza/24),futuro
2026-01-11 14:59:43,0.0,Accesorios,Vela #0 sweet ligth 24pza(C-pza/1pza)(S-pza/24),futuro
2026-01-12 14:59:43,0.0,Accesorios,Vela #0 sweet ligth 24pza(C-pza/1pza)(S-pza/24),futuro
2026-01-13 14:59:43,0.0,Accesorios,Vela #0 sweet ligth 24pza(C-pza/1pza)(S-pza/24),futuro
2026-01-14 14:59:43,0.0,Accesorios,Vela #0 sweet ligth 24pza(C-pza/1pza)(S-pza/24),futuro
2026-01-15 14:59:43,0.0,Accesorios,Vela #0 sweet ligth 24pza(C-pza/1pza)(S-pza/24),futuro
2026-01-16 14:59:43,0.0,Accesorios,Vela #0 sweet ligth 24pza(C-pza/1pza)(S-pza/24),futuro
2026-01-17 14:59:43,0.0,Accesorios,Vela #0 sweet ligth 24pza(C-pza/1pza)(S-pza/24),futuro
2026-01-18 14:59:43,0.0,Accesorios,Vela #0 sweet ligth 24pza(C-pza/1pza)(S-pza/24),futuro
2026-01-19 14:59:43,0.0,Accesorios,Vela #0 sweet ligth 24pza(C-pza/1pza)(S-pza/24),futuro
2026-01-20 14:59:43,0.0,Accesorios,Vela #0 sweet ligth 24pza(C-pza/1pza)(S-pza/24),futuro
2026-01-21 14:59:43,0.0,Accesorios,Vela #0 sweet ligth 24pza(C-pza/1pza)(S-pza/24),futuro
2026-01-22 14:59:43,0.0,Accesorios,Vela #0 sweet ligth 24pza(C-pza/1pza)(S-pza/24),futuro
2026-01-23 14:59:43,0.0,Accesorios,Vela #0 sweet ligth 24pza(C-pza/1pza)(S-pza/24),futuro
2026-01-24 14:59:43,0.0,Accesorios,Vela #0 sweet ligth 24pza(C-pza/1pza)(S-pza/24),futuro
2026-01-25 14:59:43,0.0,Accesorios,Vela #0 sweet ligth 24pza(C-pza/1pza)(S-pza/24),futuro
2026-01-26 14:59:43,0.0,Accesorios,Vela #0 sweet ligth 24pza(C-pza/1pza)(S-pza/24),futuro
2026-01-27 14:59:43,0.0,Accesorios,Vela #0 sweet ligth 24pza(C-pza/1pza)(S-pza/24),futuro
2026-01-28 14:59:43,0.0,Accesorios,Vela #0 sweet ligth 24pza(C-pza/1pza)(S-pza/24),futuro
2026-01-29 14:59:43,0.0,Accesorios,Vela #0 sweet ligth 24pza(C-pza/1pza)(S-pza/24),futuro
2026-01-30 14:59:43,0.0,Accesorios,Vela #0 sweet ligth 24pza(C-pza/1pza)(S-pza/24),futuro
2025-10-31 17:02:47,0.0,Accesorios,Vela #9 sweet ligth 24pza(C-pza/1pza)(S-pza/24),futuro
2025-11-01 17:02:47,0.0,Accesorios,Vela #9 sweet ligth 24pza(C-pza/1pza)(S-pza/24),futuro
2025-11-02 17:02:47,0.0,Accesorios,Vela #9 sweet ligth 24pza(C-pza/1pza)(S-pza/24),futuro
2025-11-03 17:02:47,0.0,Accesorios,Vela #9 sweet ligth 24pza(C-pza/1pza)(S-pza/24),futuro
2025-11-04 17:02:47,0.0,Accesorios,Vela #9 sweet ligth 24pza(C-pza/1pza)(S-pza/24),futuro
2025-11-05 17:02:47,0.0,Accesorios,Vela #9 sweet ligth 24pza(C-pza/1pza)(S-pza/24),futuro
2025-11-06 17:02:47,0.0,Accesorios,Vela #9 sweet ligth 24pza(C-pza/1pza)(S-pza/24),futuro
2025-11-07 17:02:47,0.0,Accesorios,Vela #9 sweet ligth 24pza(C-pza/1pza)(S-pza/24),futuro
2025-11-08 17:02:47,0.0,Accesorios,Vela #9 sweet ligth 24pza(C-pza/1pza)(S-pza/24),futuro
2025-11-09 17:02:47,0.0,Accesorios,Vela #9 sweet ligth 24pza(C-pza/1pza)(S-pza/24),futuro
2025-11-10 17:02:47,0.0,Accesorios,Vela #9 sweet ligth 24pza(C-pza/1pza)(S-pza/24),futuro
2025-11-11 17:02:47,0.0,Accesorios,Vela #9 sweet ligth 24pza(C-pza/1pza)(S-pza/24),futuro
2025-11-12 17:02:47,0.0,Accesorios,Vela #9 sweet ligth 24pza(C-pza/1pza)(S-pza/24),futuro
2025-11-13 17:02:47,0.0,Accesorios,Vela #9 sweet ligth 24pza(C-pza/1pza)(S-pza/24),futuro
2025-11-14 17:02:47,0.0,Accesorios,Vela #9 sweet ligth 24pza(C-pza/1pza)(S-pza/24),futuro
2025-11-15 17:02:47,0.0,Accesorios,Vela #9 sweet ligth 24pza(C-pza/1pza)(S-pza/24),futuro
2025-11-16 17:02:47,0.0,Accesorios,Vela #9 sweet ligth 24pza(C-pza/1pza)(S-pza/24),futuro
2025-11-17 17:02:47,0.0,Accesorios,Vela #9 sweet ligth 24pza(C-pza/1pza)(S-pza/24),futuro
2025-11-18 17:02:47,0.0,Accesorios,Vela #9 sweet ligth 24pza(C-pza/1pza)(S-pza/24),futuro
2025-11-19 17:02:47,0.0,Accesorios,Vela #9 sweet ligth 24pza(C-pza/1pza)(S-pza/24),futuro
2025-11-20 17:02:47,0.0,Accesorios,Vela #9 sweet ligth 24pza(C-pza/1pza)(S-pza/24),futuro
2025-11-21 17:02:47,0.0,Accesorios,Vela #9 sweet ligth 24pza(C-pza/1pza)(S-pza/24),futuro
2025-11-22 17:02:47,0.0,Accesorios,Vela #9 sweet ligth 24pza(C-pza/1pza)(S-pza/24),futuro
2025-11-23 17:02:47,0.0,Accesorios,Vela #9 sweet ligth 24pza(C-pza/1pza)(S-pza/24),futuro
2025-11-24 17:02:47,0.0,Accesorios,Vela #9 sweet ligth 24pza(C-pza/1pza)(S-pza/24),futuro
2025-11-25 17:02:47,0.0,Accesorios,Vela #9 sweet ligth 24pza(C-pza/1pza)(S-pza/24),futuro
2025-11-26 17:02:47,0.0,Accesorios,Vela #9 sweet ligth 24pza(C-pza/1pza)(S-pza/24),futuro
2025-11-27 17:02:47,0.0,Accesorios,Vela #9 sweet ligth 24pza(C-pza/1pza)(S-pza/24),futuro
2025-11-28 17:02:47,0.0,Accesorios,Vela #9 sweet ligth 24pza(C-pza/1pza)(S-pza/24),futuro
2025-11-29 17:02:47,0.0,Accesorios,Vela #9 sweet ligth 24pza(C-pza/1pza)(S-pza/24),futuro
2025-11-30 17:02:47,0.0,Accesorios,Vela #9 sweet ligth 24pza(C-pza/1pza)(S-pza/24),futuro
2025-12-01 17:02:47,0.0,Accesorios,Vela #9 sweet ligth 24pza(C-pza/1pza)(S-pza/24),futuro
2025-12-02 17:02:47,0.0,Accesorios,Vela #9 sweet ligth 24pza(C-pza/1pza)(S-pza/24),futuro
2025-12-03 17:02:47,0.0,Accesorios,Vela #9 sweet ligth 24pza(C-pza/1pza)(S-pza/24),futuro
2025-12-04 17:02:47,0.0,Accesorios,Vela #9 sweet ligth 24pza(C-pza/1pza)(S-pza/24),futuro
2025-12-05 17:02:47,0.0,Accesorios,Vela #9 sweet ligth 24pza(C-pza/1pza)(S-pza/24),futuro
2025-12-06 17:02:47,0.0,Accesorios,Vela #9 sweet ligth 24pza(C-pza/1pza)(S-pza/24),futuro
2025-12-07 17:02:47,0.0,Accesorios,Vela #9 sweet ligth 24pza(C-pza/1pza)(S-pza/24),futuro
2025-12-08 17:02:47,0.0,Accesorios,Vela #9 sweet ligth 24pza(C-pza/1pza)(S-pza/24),futuro
2025-12-09 17:02:47,0.0,Accesorios,Vela #9 sweet ligth 24pza(C-pza/1pza)(S-pza/24),futuro
2025-12-10 17:02:47,0.0,Accesorios,Vela #9 sweet ligth 24pza(C-pza/1pza)(S-pza/24),futuro
2025-12-11 17:02:47,0.0,Accesorios,Vela #9 sweet ligth 24pza(C-pza/1pza)(S-pza/24),futuro
2025-12-12 17:02:47,0.0,Accesorios,Vela #9 sweet ligth 24pza(C-pza/1pza)(S-pza/24),futuro
2025-12-13 17:02:47,0.0,Accesorios,Vela #9 sweet ligth 24pza(C-pza/1pza)(S-pza/24),futuro
2025-12-14 17:02:47,0.0,Accesorios,Vela #9 sweet ligth 24pza(C-pza/1pza)(S-pza/24),futuro
2025-12-15 17:02:47,0.0,Accesorios,Vela #9 sweet ligth 24pza(C-pza/1pza)(S-pza/24),futuro
2025-12-16 17:02:47,0.0,Accesorios,Vela #9 sweet ligth 24pza(C-pza/1pza)(S-pza/24),futuro
2025-12-17 17:02:47,0.0,Accesorios,Vela #9 sweet ligth 24pza(C-pza/1pza)(S-pza/24),futuro
2025-12-18 17:02:47,0.0,Accesorios,Vela #9 sweet ligth 24pza(C-pza/1pza)(S-pza/24),futuro
2025-12-19 17:02:47,0.0,Accesorios,Vela #9 sweet ligth 24pza(C-pza/1pza)(S-pza/24),futuro
2025-12-20 17:02:47,0.0,Accesorios,Vela #9 sweet ligth 24pza(C-pza/1pza)(S-pza/24),futuro
2025-12-21 17:02:47,0.0,Accesorios,Vela #9 sweet ligth 24pza(C-pza/1pza)(S-pza/24),futuro
2025-12-22 17:02:47,0.0,Accesorios,Vela #9 sweet ligth 24pza(C-pza/1pza)(S-pza/24),futuro
2025-12-23 17:02:47,0.0,Accesorios,Vela #9 sweet ligth 24pza(C-pza/1pza)(S-pza/24),futuro
2025-12-24 17:02:47,0.0,Accesorios,Vela #9 sweet ligth 24pza(C-pza/1pza)(S-pza/24),futuro
2025-12-25 17:02:47,0.0,Accesorios,Vela #9 sweet ligth 24pza(C-pza/1pza)(S-pza/24),futuro
2025-12-26 17:02:47,0.0,Accesorios,Vela #9 sweet ligth 24pza(C-pza/1pza)(S-pza/24),futuro
2025-12-27 17:02:47,0.0,Accesorios,Vela #9 sweet ligth 24pza(C-pza/1pza)(S-pza/24),futuro
2025-12-28 17:02:47,0.0,Accesorios,Vela #9 sweet ligth 24pza(C-pza/1pza)(S-pza/24),futuro
2025-12-29 17:02:47,0.0,Accesorios,Vela #9 sweet ligth 24pza(C-pza/1pza)(S-pza/24),futuro
2025-12-30 17:02:47,0.0,Accesorios,Vela #9 sweet ligth 24pza(C-pza/1pza)(S-pza/24),futuro
2025-12-31 17:02:47,0.0,Accesorios,Vela #9 sweet ligth 24pza(C-pza/1pza)(S-pza/24),futuro
2026-01-01 17:02:47,0.0,Accesorios,Vela #9 sweet ligth 24pza(C-pza/1pza)(S-pza/24),futuro
2026-01-02 17:02:47,0.0,Accesorios,Vela #9 sweet ligth 24pza(C-pza/1pza)(S-pza/24),futuro
2026-01-03 17:02:47,0.0,Accesorios,Vela #9 sweet ligth 24pza(C-pza/1pza)(S-pza/24),futuro
2026-01-04 17:02:47,0.0,Accesorios,Vela #9 sweet ligth 24pza(C-pza/1pza)(S-pza/24),futuro
2026-01-05 17:02:47,0.0,Accesorios,Vela #9 sweet ligth 24pza(C-pza/1pza)(S-pza/24),futuro
2026-01-06 17:02:47,0.0,Accesorios,Vela #9 sweet ligth 24pza(C-pza/1pza)(S-pza/24),futuro
2026-01-07 17:02:47,0.0,Accesorios,Vela #9 sweet ligth 24pza(C-pza/1pza)(S-pza/24),futuro
2026-01-08 17:02:47,0.0,Accesorios,Vela #9 sweet ligth 24pza(C-pza/1pza)(S-pza/24),futuro
2026-01-09 17:02:47,0.0,Accesorios,Vela #9 sweet ligth 24pza(C-pza/1pza)(S-pza/24),futuro
2026-01-10 17:02:47,0.0,Accesorios,Vela #9 sweet ligth 24pza(C-pza/1pza)(S-pza/24),futuro
2026-01-11 17:02:47,0.0,Accesorios,Vela #9 sweet ligth 24pza(C-pza/1pza)(S-pza/24),futuro
2026-01-12 17:02:47,0.0,Accesorios,Vela #9 sweet ligth 24pza(C-pza/1pza)(S-pza/24),futuro
2026-01-13 17:02:47,0.0,Accesorios,Vela #9 sweet ligth 24pza(C-pza/1pza)(S-pza/24),futuro
2026-01-14 17:02:47,0.0,Accesorios,Vela #9 sweet ligth 24pza(C-pza/1pza)(S-pza/24),futuro
2026-01-15 17:02:47,0.0,Accesorios,Vela #9 sweet ligth 24pza(C-pza/1pza)(S-pza/24),futuro
2026-01-16 17:02:47,0.0,Accesorios,Vela #9 sweet ligth 24pza(C-pza/1pza)(S-pza/24),futuro
2026-01-17 17:02:47,0.0,Accesorios,Vela #9 sweet ligth 24pza(C-pza/1pza)(S-pza/24),futuro
2026-01-18 17:02:47,0.0,Accesorios,Vela #9 sweet ligth 24pza(C-pza/1pza)(S-pza/24),futuro
2026-01-19 17:02:47,0.0,Accesorios,Vela #9 sweet ligth 24pza(C-pza/1pza)(S-pza/24),futuro
2026-01-20 17:02:47,0.0,Accesorios,Vela #9 sweet ligth 24pza(C-pza/1pza)(S-pza/24),futuro
2026-01-21 17:02:47,0.0,Accesorios,Vela #9 sweet ligth 24pza(C-pza/1pza)(S-pza/24),futuro
2026-01-22 17:02:47,0.0,Accesorios,Vela #9 sweet ligth 24pza(C-pza/1pza)(S-pza/24),futuro
2026-01-23 17:02:47,0.0,Accesorios,Vela #9 sweet ligth 24pza(C-pza/1pza)(S-pza/24),futuro
2026-01-24 17:02:47,0.0,Accesorios,Vela #9 sweet ligth 24pza(C-pza/1pza)(S-pza/24),futuro
2026-01-25 17:02:47,0.0,Accesorios,Vela #9 sweet ligth 24pza(C-pza/1pza)(S-pza/24),futuro
2026-01-26 17:02:47,0.0,Accesorios,Vela #9 sweet ligth 24pza(C-pza/1pza)(S-pza/24),futuro
2026-01-27 17:02:47,0.0,Accesorios,Vela #9 sweet ligth 24pza(C-pza/1pza)(S-pza/24),futuro
2026-01-28 17:02:47,0.0,Accesorios,Vela #9 sweet ligth 24pza(C-pza/1pza)(S-pza/24),futuro
2025-11-06 13:30:24,0.0,Accesorios,Vela DE #6 sweet ligth 24pza(C-pza/1pza)(S-pza/24),futuro
2025-11-07 13:30:24,0.0,Accesorios,Vela DE #6 sweet ligth 24pza(C-pza/1pza)(S-pza/24),futuro
2025-11-08 13:30:24,0.0,Accesorios,Vela DE #6 sweet ligth 24pza(C-pza/1pza)(S-pza/24),futuro
2025-11-09 13:30:24,0.0,Accesorios,Vela DE #6 sweet ligth 24pza(C-pza/1pza)(S-pza/24),futuro
2025-11-10 13:30:24,0.0,Accesorios,Vela DE #6 sweet ligth 24pza(C-pza/1pza)(S-pza/24),futuro
2025-11-11 13:30:24,0.0,Accesorios,Vela DE #6 sweet ligth 24pza(C-pza/1pza)(S-pza/24),futuro
2025-11-12 13:30:24,0.0,Accesorios,Vela DE #6 sweet ligth 24pza(C-pza/1pza)(S-pza/24),futuro
2025-11-13 13:30:24,0.0,Accesorios,Vela DE #6 sweet ligth 24pza(C-pza/1pza)(S-pza/24),futuro
2025-11-14 13:30:24,0.0,Accesorios,Vela DE #6 sweet ligth 24pza(C-pza/1pza)(S-pza/24),futuro
2025-11-15 13:30:24,0.0,Accesorios,Vela DE #6 sweet ligth 24pza(C-pza/1pza)(S-pza/24),futuro
2025-11-16 13:30:24,0.0,Accesorios,Vela DE #6 sweet ligth 24pza(C-pza/1pza)(S-pza/24),futuro
2025-11-17 13:30:24,0.0,Accesorios,Vela DE #6 sweet ligth 24pza(C-pza/1pza)(S-pza/24),futuro
2025-11-18 13:30:24,0.0,Accesorios,Vela DE #6 sweet ligth 24pza(C-pza/1pza)(S-pza/24),futuro
2025-11-19 13:30:24,0.0,Accesorios,Vela DE #6 sweet ligth 24pza(C-pza/1pza)(S-pza/24),futuro
2025-11-20 13:30:24,0.0,Accesorios,Vela DE #6 sweet ligth 24pza(C-pza/1pza)(S-pza/24),futuro
2025-11-21 13:30:24,0.0,Accesorios,Vela DE #6 sweet ligth 24pza(C-pza/1pza)(S-pza/24),futuro
2025-11-22 13:30:24,0.0,Accesorios,Vela DE #6 sweet ligth 24pza(C-pza/1pza)(S-pza/24),futuro
2025-11-23 13:30:24,0.0,Accesorios,Vela DE #6 sweet ligth 24pza(C-pza/1pza)(S-pza/24),futuro
2025-11-24 13:30:24,0.0,Accesorios,Vela DE #6 sweet ligth 24pza(C-pza/1pza)(S-pza/24),futuro
2025-11-25 13:30:24,0.0,Accesorios,Vela DE #6 sweet ligth 24pza(C-pza/1pza)(S-pza/24),futuro
2025-11-26 13:30:24,0.0,Accesorios,Vela DE #6 sweet ligth 24pza(C-pza/1pza)(S-pza/24),futuro
2025-11-27 13:30:24,0.0,Accesorios,Vela DE #6 sweet ligth 24pza(C-pza/1pza)(S-pza/24),futuro
2025-11-28 13:30:24,0.0,Accesorios,Vela DE #6 sweet ligth 24pza(C-pza/1pza)(S-pza/24),futuro
2025-11-29 13:30:24,0.0,Accesorios,Vela DE #6 sweet ligth 24pza(C-pza/1pza)(S-pza/24),futuro
2025-11-30 13:30:24,0.0,Accesorios,Vela DE #6 sweet ligth 24pza(C-pza/1pza)(S-pza/24),futuro
2025-12-01 13:30:24,0.0,Accesorios,Vela DE #6 sweet ligth 24pza(C-pza/1pza)(S-pza/24),futuro
2025-12-02 13:30:24,0.0,Accesorios,Vela DE #6 sweet ligth 24pza(C-pza/1pza)(S-pza/24),futuro
2025-12-03 13:30:24,0.0,Accesorios,Vela DE #6 sweet ligth 24pza(C-pza/1pza)(S-pza/24),futuro
2025-12-04 13:30:24,0.0,Accesorios,Vela DE #6 sweet ligth 24pza(C-pza/1pza)(S-pza/24),futuro
2025-12-05 13:30:24,0.0,Accesorios,Vela DE #6 sweet ligth 24pza(C-pza/1pza)(S-pza/24),futuro
2025-12-06 13:30:24,0.0,Accesorios,Vela DE #6 sweet ligth 24pza(C-pza/1pza)(S-pza/24),futuro
2025-12-07 13:30:24,0.0,Accesorios,Vela DE #6 sweet ligth 24pza(C-pza/1pza)(S-pza/24),futuro
2025-12-08 13:30:24,0.0,Accesorios,Vela DE #6 sweet ligth 24pza(C-pza/1pza)(S-pza/24),futuro
2025-12-09 13:30:24,0.0,Accesorios,Vela DE #6 sweet ligth 24pza(C-pza/1pza)(S-pza/24),futuro
2025-12-10 13:30:24,0.0,Accesorios,Vela DE #6 sweet ligth 24pza(C-pza/1pza)(S-pza/24),futuro
2025-12-11 13:30:24,0.0,Accesorios,Vela DE #6 sweet ligth 24pza(C-pza/1pza)(S-pza/24),futuro
2025-12-12 13:30:24,0.0,Accesorios,Vela DE #6 sweet ligth 24pza(C-pza/1pza)(S-pza/24),futuro
2025-12-13 13:30:24,0.0,Accesorios,Vela DE #6 sweet ligth 24pza(C-pza/1pza)(S-pza/24),futuro
2025-12-14 13:30:24,0.0,Accesorios,Vela DE #6 sweet ligth 24pza(C-pza/1pza)(S-pza/24),futuro
2025-12-15 13:30:24,0.0,Accesorios,Vela DE #6 sweet ligth 24pza(C-pza/1pza)(S-pza/24),futuro
2025-12-16 13:30:24,0.0,Accesorios,Vela DE #6 sweet ligth 24pza(C-pza/1pza)(S-pza/24),futuro
2025-12-17 13:30:24,0.0,Accesorios,Vela DE #6 sweet ligth 24pza(C-pza/1pza)(S-pza/24),futuro
2025-12-18 13:30:24,0.0,Accesorios,Vela DE #6 sweet ligth 24pza(C-pza/1pza)(S-pza/24),futuro
2025-12-19 13:30:24,0.0,Accesorios,Vela DE #6 sweet ligth 24pza(C-pza/1pza)(S-pza/24),futuro
2025-12-20 13:30:24,0.0,Accesorios,Vela DE #6 sweet ligth 24pza(C-pza/1pza)(S-pza/24),futuro
2025-12-21 13:30:24,0.0,Accesorios,Vela DE #6 sweet ligth 24pza(C-pza/1pza)(S-pza/24),futuro
2025-12-22 13:30:24,0.0,Accesorios,Vela DE #6 sweet ligth 24pza(C-pza/1pza)(S-pza/24),futuro
2025-12-23 13:30:24,0.0,Accesorios,Vela DE #6 sweet ligth 24pza(C-pza/1pza)(S-pza/24),futuro
2025-12-24 13:30:24,0.0,Accesorios,Vela DE #6 sweet ligth 24pza(C-pza/1pza)(S-pza/24),futuro
2025-12-25 13:30:24,0.0,Accesorios,Vela DE #6 sweet ligth 24pza(C-pza/1pza)(S-pza/24),futuro
2025-12-26 13:30:24,0.0,Accesorios,Vela DE #6 sweet ligth 24pza(C-pza/1pza)(S-pza/24),futuro
2025-12-27 13:30:24,0.0,Accesorios,Vela DE #6 sweet ligth 24pza(C-pza/1pza)(S-pza/24),futuro
2025-12-28 13:30:24,0.0,Accesorios,Vela DE #6 sweet ligth 24pza(C-pza/1pza)(S-pza/24),futuro
2025-12-29 13:30:24,0.0,Accesorios,Vela DE #6 sweet ligth 24pza(C-pza/1pza)(S-pza/24),futuro
2025-12-30 13:30:24,0.0,Accesorios,Vela DE #6 sweet ligth 24pza(C-pza/1pza)(S-pza/24),futuro
2025-12-31 13:30:24,0.0,Accesorios,Vela DE #6 sweet ligth 24pza(C-pza/1pza)(S-pza/24),futuro
2026-01-01 13:30:24,0.0,Accesorios,Vela DE #6 sweet ligth 24pza(C-pza/1pza)(S-pza/24),futuro
2026-01-02 13:30:24,0.0,Accesorios,Vela DE #6 sweet ligth 24pza(C-pza/1pza)(S-pza/24),futuro
2026-01-03 13:30:24,0.0,Accesorios,Vela DE #6 sweet ligth 24pza(C-pza/1pza)(S-pza/24),futuro
2026-01-04 13:30:24,0.0,Accesorios,Vela DE #6 sweet ligth 24pza(C-pza/1pza)(S-pza/24),futuro
2026-01-05 13:30:24,0.0,Accesorios,Vela DE #6 sweet ligth 24pza(C-pza/1pza)(S-pza/24),futuro
2026-01-06 13:30:24,0.0,Accesorios,Vela DE #6 sweet ligth 24pza(C-pza/1pza)(S-pza/24),futuro
2026-01-07 13:30:24,0.0,Accesorios,Vela DE #6 sweet ligth 24pza(C-pza/1pza)(S-pza/24),futuro
2026-01-08 13:30:24,0.0,Accesorios,Vela DE #6 sweet ligth 24pza(C-pza/1pza)(S-pza/24),futuro
2026-01-09 13:30:24,0.0,Accesorios,Vela DE #6 sweet ligth 24pza(C-pza/1pza)(S-pza/24),futuro
2026-01-10 13:30:24,0.0,Accesorios,Vela DE #6 sweet ligth 24pza(C-pza/1pza)(S-pza/24),futuro
2026-01-11 13:30:24,0.0,Accesorios,Vela DE #6 sweet ligth 24pza(C-pza/1pza)(S-pza/24),futuro
2026-01-12 13:30:24,0.0,Accesorios,Vela DE #6 sweet ligth 24pza(C-pza/1pza)(S-pza/24),futuro
2026-01-13 13:30:24,0.0,Accesorios,Vela DE #6 sweet ligth 24pza(C-pza/1pza)(S-pza/24),futuro
2026-01-14 13:30:24,0.0,Accesorios,Vela DE #6 sweet ligth 24pza(C-pza/1pza)(S-pza/24),futuro
2026-01-15 13:30:24,0.0,Accesorios,Vela DE #6 sweet ligth 24pza(C-pza/1pza)(S-pza/24),futuro
2026-01-16 13:30:24,0.0,Accesorios,Vela DE #6 sweet ligth 24pza(C-pza/1pza)(S-pza/24),futuro
2026-01-17 13:30:24,0.0,Accesorios,Vela DE #6 sweet ligth 24pza(C-pza/1pza)(S-pza/24),futuro
2026-01-18 13:30:24,0.0,Accesorios,Vela DE #6 sweet ligth 24pza(C-pza/1pza)(S-pza/24),futuro
2026-01-19 13:30:24,0.0,Accesorios,Vela DE #6 sweet ligth 24pza(C-pza/1pza)(S-pza/24),futuro
2026-01-20 13:30:24,0.0,Accesorios,Vela DE #6 sweet ligth 24pza(C-pza/1pza)(S-pza/24),futuro
2026-01-21 13:30:24,0.0,Accesorios,Vela DE #6 sweet ligth 24pza(C-pza/1pza)(S-pza/24),futuro
2026-01-22 13:30:24,0.0,Accesorios,Vela DE #6 sweet ligth 24pza(C-pza/1pza)(S-pza/24),futuro
2026-01-23 13:30:24,0.0,Accesorios,Vela DE #6 sweet ligth 24pza(C-pza/1pza)(S-pza/24),futuro
2026-01-24 13:30:24,0.0,Accesorios,Vela DE #6 sweet ligth 24pza(C-pza/1pza)(S-pza/24),futuro
2026-01-25 13:30:24,0.0,Accesorios,Vela DE #6 sweet ligth 24pza(C-pza/1pza)(S-pza/24),futuro
2026-01-26 13:30:24,0.0,Accesorios,Vela DE #6 sweet ligth 24pza(C-pza/1pza)(S-pza/24),futuro
2026-01-27 13:30:24,0.0,Accesorios,Vela DE #6 sweet ligth 24pza(C-pza/1pza)(S-pza/24),futuro
2026-01-28 13:30:24,0.0,Accesorios,Vela DE #6 sweet ligth 24pza(C-pza/1pza)(S-pza/24),futuro
2026-01-29 13:30:24,0.0,Accesorios,Vela DE #6 sweet ligth 24pza(C-pza/1pza)(S-pza/24),futuro
2026-01-30 13:30:24,0.0,Accesorios,Vela DE #6 sweet ligth 24pza(C-pza/1pza)(S-pza/24),futuro
2026-01-31 13:30:24,0.0,Accesorios,Vela DE #6 sweet ligth 24pza(C-pza/1pza)(S-pza/24),futuro
2026-02-01 13:30:24,0.0,Accesorios,Vela DE #6 sweet ligth 24pza(C-pza/1pza)(S-pza/24),futuro
2026-02-02 13:30:24,0.0,Accesorios,Vela DE #6 sweet ligth 24pza(C-pza/1pza)(S-pza/24),futuro
2026-02-03 13:30:24,0.0,Accesorios,Vela DE #6 sweet ligth 24pza(C-pza/1pza)(S-pza/24),futuro
2025-10-24 20:14:26,0.0,Accesorios,Vela Sparklers revelación rosa,futuro
2025-10-25 20:14:26,0.0,Accesorios,Vela Sparklers revelación rosa,futuro
2025-10-26 20:14:26,0.0,Accesorios,Vela Sparklers revelación rosa,futuro
2025-10-27 20:14:26,0.0,Accesorios,Vela Sparklers revelación rosa,futuro
2025-10-28 20:14:26,0.0,Accesorios,Vela Sparklers revelación rosa,futuro
2025-10-29 20:14:26,0.0,Accesorios,Vela Sparklers revelación rosa,futuro
2025-10-30 20:14:26,0.0,Accesorios,Vela Sparklers revelación rosa,futuro
2025-10-31 20:14:26,0.0,Accesorios,Vela Sparklers revelación rosa,futuro
2025-11-01 20:14:26,0.0,Accesorios,Vela Sparklers revelación rosa,futuro
2025-11-02 20:14:26,0.0,Accesorios,Vela Sparklers revelación rosa,futuro
2025-11-03 20:14:26,0.0,Accesorios,Vela Sparklers revelación rosa,futuro
2025-11-04 20:14:26,0.0,Accesorios,Vela Sparklers revelación rosa,futuro
2025-11-05 20:14:26,0.0,Accesorios,Vela Sparklers revelación rosa,futuro
2025-11-06 20:14:26,0.0,Accesorios,Vela Sparklers revelación rosa,futuro
2025-11-07 20:14:26,0.0,Accesorios,Vela Sparklers revelación rosa,futuro
2025-11-08 20:14:26,0.0,Accesorios,Vela Sparklers revelación rosa,futuro
2025-11-09 20:14:26,0.0,Accesorios,Vela Sparklers revelación rosa,futuro
2025-11-10 20:14:26,0.0,Accesorios,Vela Sparklers revelación rosa,futuro
2025-11-11 20:14:26,0.0,Accesorios,Vela Sparklers revelación rosa,futuro
2025-11-12 20:14:26,0.0,Accesorios,Vela Sparklers revelación rosa,futuro
2025-11-13 20:14:26,0.0,Accesorios,Vela Sparklers revelación rosa,futuro
2025-11-14 20:14:26,0.0,Accesorios,Vela Sparklers revelación rosa,futuro
2025-11-15 20:14:26,0.0,Accesorios,Vela Sparklers revelación rosa,futuro
2025-11-16 20:14:26,0.0,Accesorios,Vela Sparklers revelación rosa,futuro
2025-11-17 20:14:26,0.0,Accesorios,Vela Sparklers revelación rosa,futuro
2025-11-18 20:14:26,0.0,Accesorios,Vela Sparklers revelación rosa,futuro
2025-11-19 20:14:26,0.0,Accesorios,Vela Sparklers revelación rosa,futuro
2025-11-20 20:14:26,0.0,Accesorios,Vela Sparklers revelación rosa,futuro
2025-11-21 20:14:26,0.0,Accesorios,Vela Sparklers revelación rosa,futuro
2025-11-22 20:14:26,0.0,Accesorios,Vela Sparklers revelación rosa,futuro
2025-11-23 20:14:26,0.0,Accesorios,Vela Sparklers revelación rosa,futuro
2025-11-24 20:14:26,0.0,Accesorios,Vela Sparklers revelación rosa,futuro
2025-11-25 20:14:26,0.0,Accesorios,Vela Sparklers revelación rosa,futuro
2025-11-26 20:14:26,0.0,Accesorios,Vela Sparklers revelación rosa,futuro
2025-11-27 20:14:26,0.0,Accesorios,Vela Sparklers revelación rosa,futuro
2025-11-28 20:14:26,0.0,Accesorios,Vela Sparklers revelación rosa,futuro
2025-11-29 20:14:26,0.0,Accesorios,Vela Sparklers revelación rosa,futuro
2025-11-30 20:14:26,0.0,Accesorios,Vela Sparklers revelación rosa,futuro
2025-12-01 20:14:26,0.0,Accesorios,Vela Sparklers revelación rosa,futuro
2025-12-02 20:14:26,0.0,Accesorios,Vela Sparklers revelación rosa,futuro
2025-12-03 20:14:26,0.0,Accesorios,Vela Sparklers revelación rosa,futuro
2025-12-04 20:14:26,0.0,Accesorios,Vela Sparklers revelación rosa,futuro
2025-12-05 20:14:26,0.0,Accesorios,Vela Sparklers revelación rosa,futuro
2025-12-06 20:14:26,0.0,Accesorios,Vela Sparklers revelación rosa,futuro
2025-12-07 20:14:26,0.0,Accesorios,Vela Sparklers revelación rosa,futuro
2025-12-08 20:14:26,0.0,Accesorios,Vela Sparklers revelación rosa,futuro
2025-12-09 20:14:26,0.0,Accesorios,Vela Sparklers revelación rosa,futuro
2025-12-10 20:14:26,0.0,Accesorios,Vela Sparklers revelación rosa,futuro
2025-12-11 20:14:26,0.0,Accesorios,Vela Sparklers revelación rosa,futuro
2025-12-12 20:14:26,0.0,Accesorios,Vela Sparklers revelación rosa,futuro
2025-12-13 20:14:26,0.0,Accesorios,Vela Sparklers revelación rosa,futuro
2025-12-14 20:14:26,0.0,Accesorios,Vela Sparklers revelación rosa,futuro
2025-12-15 20:14:26,0.0,Accesorios,Vela Sparklers revelación rosa,futuro
2025-12-16 20:14:26,0.0,Accesorios,Vela Sparklers revelación rosa,futuro
2025-12-17 20:14:26,0.0,Accesorios,Vela Sparklers revelación rosa,futuro
2025-12-18 20:14:26,0.0,Accesorios,Vela Sparklers revelación rosa,futuro
2025-12-19 20:14:26,0.0,Accesorios,Vela Sparklers revelación rosa,futuro
2025-12-20 20:14:26,0.0,Accesorios,Vela Sparklers revelación rosa,futuro
2025-12-21 20:14:26,0.0,Accesorios,Vela Sparklers revelación rosa,futuro
2025-12-22 20:14:26,0.0,Accesorios,Vela Sparklers revelación rosa,futuro
2025-12-23 20:14:26,0.0,Accesorios,Vela Sparklers revelación rosa,futuro
2025-12-24 20:14:26,0.0,Accesorios,Vela Sparklers revelación rosa,futuro
2025-12-25 20:14:26,0.0,Accesorios,Vela Sparklers revelación rosa,futuro
2025-12-26 20:14:26,0.0,Accesorios,Vela Sparklers revelación rosa,futuro
2025-12-27 20:14:26,0.0,Accesorios,Vela Sparklers revelación rosa,futuro
2025-12-28 20:14:26,0.0,Accesorios,Vela Sparklers revelación rosa,futuro
2025-12-29 20:14:26,0.0,Accesorios,Vela Sparklers revelación rosa,futuro
2025-12-30 20:14:26,0.0,Accesorios,Vela Sparklers revelación rosa,futuro
2025-12-31 20:14:26,0.0,Accesorios,Vela Sparklers revelación rosa,futuro
2026-01-01 20:14:26,0.0,Accesorios,Vela Sparklers revelación rosa,futuro
2026-01-02 20:14:26,0.0,Accesorios,Vela Sparklers revelación rosa,futuro
2026-01-03 20:14:26,0.0,Accesorios,Vela Sparklers revelación rosa,futuro
2026-01-04 20:14:26,0.0,Accesorios,Vela Sparklers revelación rosa,futuro
2026-01-05 20:14:26,0.0,Accesorios,Vela Sparklers revelación rosa,futuro
2026-01-06 20:14:26,0.0,Accesorios,Vela Sparklers revelación rosa,futuro
2026-01-07 20:14:26,0.0,Accesorios,Vela Sparklers revelación rosa,futuro
2026-01-08 20:14:26,0.0,Accesorios,Vela Sparklers revelación rosa,futuro
2026-01-09 20:14:26,0.0,Accesorios,Vela Sparklers revelación rosa,futuro
2026-01-10 20:14:26,0.0,Accesorios,Vela Sparklers revelación rosa,futuro
2026-01-11 20:14:26,0.0,Accesorios,Vela Sparklers revelación rosa,futuro
2026-01-12 20:14:26,0.0,Accesorios,Vela Sparklers revelación rosa,futuro
2026-01-13 20:14:26,0.0,Accesorios,Vela Sparklers revelación rosa,futuro
2026-01-14 20:14:26,0.0,Accesorios,Vela Sparklers revelación rosa,futuro
2026-01-15 20:14:26,0.0,Accesorios,Vela Sparklers revelación rosa,futuro
2026-01-16 20:14:26,0.0,Accesorios,Vela Sparklers revelación rosa,futuro
2026-01-17 20:14:26,0.0,Accesorios,Vela Sparklers revelación rosa,futuro
2026-01-18 20:14:26,0.0,Accesorios,Vela Sparklers revelación rosa,futuro
2026-01-19 20:14:26,0.0,Accesorios,Vela Sparklers revelación rosa,futuro
2026-01-20 20:14:26,0.0,Accesorios,Vela Sparklers revelación rosa,futuro
2026-01-21 20:14:26,0.0,Accesorios,Vela Sparklers revelación rosa,futuro
2025-11-07 15:41:02,0.0,Accesorios,Vela chispa/letrero Petit,futuro
2025-11-08 15:41:02,0.0,Accesorios,Vela chispa/letrero Petit,futuro
2025-11-09 15:41:02,0.0,Accesorios,Vela chispa/letrero Petit,futuro
2025-11-10 15:41:02,0.0,Accesorios,Vela chispa/letrero Petit,futuro
2025-11-11 15:41:02,0.0,Accesorios,Vela chispa/letrero Petit,futuro
2025-11-12 15:41:02,0.0,Accesorios,Vela chispa/letrero Petit,futuro
2025-11-13 15:41:02,0.0,Accesorios,Vela chispa/letrero Petit,futuro
2025-11-14 15:41:02,0.0,Accesorios,Vela chispa/letrero Petit,futuro
2025-11-15 15:41:02,0.0,Accesorios,Vela chispa/letrero Petit,futuro
2025-11-16 15:41:02,0.0,Accesorios,Vela chispa/letrero Petit,futuro
2025-11-17 15:41:02,0.0,Accesorios,Vela chispa/letrero Petit,futuro
2025-11-18 15:41:02,0.0,Accesorios,Vela chispa/letrero Petit,futuro
2025-11-19 15:41:02,0.0,Accesorios,Vela chispa/letrero Petit,futuro
2025-11-20 15:41:02,0.0,Accesorios,Vela chispa/letrero Petit,futuro
2025-11-21 15:41:02,0.0,Accesorios,Vela chispa/letrero Petit,futuro
2025-11-22 15:41:02,0.0,Accesorios,Vela chispa/letrero Petit,futuro
2025-11-23 15:41:02,0.0,Accesorios,Vela chispa/letrero Petit,futuro
2025-11-24 15:41:02,0.0,Accesorios,Vela chispa/letrero Petit,futuro
2025-11-25 15:41:02,0.0,Accesorios,Vela chispa/letrero Petit,futuro
2025-11-26 15:41:02,0.0,Accesorios,Vela chispa/letrero Petit,futuro
2025-11-27 15:41:02,0.0,Accesorios,Vela chispa/letrero Petit,futuro
2025-11-28 15:41:02,0.0,Accesorios,Vela chispa/letrero Petit,futuro
2025-11-29 15:41:02,0.0,Accesorios,Vela chispa/letrero Petit,futuro
2025-11-30 15:41:02,0.0,Accesorios,Vela chispa/letrero Petit,futuro
2025-12-01 15:41:02,0.0,Accesorios,Vela chispa/letrero Petit,futuro
2025-12-02 15:41:02,0.0,Accesorios,Vela chispa/letrero Petit,futuro
2025-12-03 15:41:02,0.0,Accesorios,Vela chispa/letrero Petit,futuro
2025-12-04 15:41:02,0.0,Accesorios,Vela chispa/letrero Petit,futuro
2025-12-05 15:41:02,0.0,Accesorios,Vela chispa/letrero Petit,futuro
2025-12-06 15:41:02,0.0,Accesorios,Vela chispa/letrero Petit,futuro
2025-12-07 15:41:02,0.0,Accesorios,Vela chispa/letrero Petit,futuro
2025-12-08 15:41:02,0.0,Accesorios,Vela chispa/letrero Petit,futuro
2025-12-09 15:41:02,0.0,Accesorios,Vela chispa/letrero Petit,futuro
2025-12-10 15:41:02,0.0,Accesorios,Vela chispa/letrero Petit,futuro
2025-12-11 15:41:02,0.0,Accesorios,Vela chispa/letrero Petit,futuro
2025-12-12 15:41:02,0.0,Accesorios,Vela chispa/letrero Petit,futuro
2025-12-13 15:41:02,0.0,Accesorios,Vela chispa/letrero Petit,futuro
2025-12-14 15:41:02,0.0,Accesorios,Vela chispa/letrero Petit,futuro
2025-12-15 15:41:02,0.0,Accesorios,Vela chispa/letrero Petit,futuro
2025-12-16 15:41:02,0.0,Accesorios,Vela chispa/letrero Petit,futuro
2025-12-17 15:41:02,0.0,Accesorios,Vela chispa/letrero Petit,futuro
2025-12-18 15:41:02,0.0,Accesorios,Vela chispa/letrero Petit,futuro
2025-12-19 15:41:02,0.0,Accesorios,Vela chispa/letrero Petit,futuro
2025-12-20 15:41:02,0.0,Accesorios,Vela chispa/letrero Petit,futuro
2025-12-21 15:41:02,0.0,Accesorios,Vela chispa/letrero Petit,futuro
2025-12-22 15:41:02,0.0,Accesorios,Vela chispa/letrero Petit,futuro
2025-12-23 15:41:02,0.0,Accesorios,Vela chispa/letrero Petit,futuro
2025-12-24 15:41:02,0.0,Accesorios,Vela chispa/letrero Petit,futuro
2025-12-25 15:41:02,0.0,Accesorios,Vela chispa/letrero Petit,futuro
2025-12-26 15:41:02,0.0,Accesorios,Vela chispa/letrero Petit,futuro
2025-12-27 15:41:02,0.0,Accesorios,Vela chispa/letrero Petit,futuro
2025-12-28 15:41:02,0.0,Accesorios,Vela chispa/letrero Petit,futuro
2025-12-29 15:41:02,0.0,Accesorios,Vela chispa/letrero Petit,futuro
2025-12-30 15:41:02,0.0,Accesorios,Vela chispa/letrero Petit,futuro
2025-12-31 15:41:02,0.0,Accesorios,Vela chispa/letrero Petit,futuro
2026-01-01 15:41:02,0.0,Accesorios,Vela chispa/letrero Petit,futuro
2026-01-02 15:41:02,0.0,Accesorios,Vela chispa/letrero Petit,futuro
2026-01-03 15:41:02,0.0,Accesorios,Vela chispa/letrero Petit,futuro
2026-01-04 15:41:02,0.0,Accesorios,Vela chispa/letrero Petit,futuro
2026-01-05 15:41:02,0.0,Accesorios,Vela chispa/letrero Petit,futuro
2026-01-06 15:41:02,0.0,Accesorios,Vela chispa/letrero Petit,futuro
2026-01-07 15:41:02,0.0,Accesorios,Vela chispa/letrero Petit,futuro
2026-01-08 15:41:02,0.0,Accesorios,Vela chispa/letrero Petit,futuro
2026-01-09 15:41:02,0.0,Accesorios,Vela chispa/letrero Petit,futuro
2026-01-10 15:41:02,0.0,Accesorios,Vela chispa/letrero Petit,futuro
2026-01-11 15:41:02,0.0,Accesorios,Vela chispa/letrero Petit,futuro
2026-01-12 15:41:02,0.0,Accesorios,Vela chispa/letrero Petit,futuro
2026-01-13 15:41:02,0.0,Accesorios,Vela chispa/letrero Petit,futuro
2026-01-14 15:41:02,0.0,Accesorios,Vela chispa/letrero Petit,futuro
2026-01-15 15:41:02,0.0,Accesorios,Vela chispa/letrero Petit,futuro
2026-01-16 15:41:02,0.0,Accesorios,Vela chispa/letrero Petit,futuro
2026-01-17 15:41:02,0.0,Accesorios,Vela chispa/letrero Petit,futuro
2026-01-18 15:41:02,0.0,Accesorios,Vela chispa/letrero Petit,futuro
2026-01-19 15:41:02,0.0,Accesorios,Vela chispa/letrero Petit,futuro
2026-01-20 15:41:02,0.0,Accesorios,Vela chispa/letrero Petit,futuro
2026-01-21 15:41:02,0.0,Accesorios,Vela chispa/letrero Petit,futuro
2026-01-22 15:41:02,0.0,Accesorios,Vela chispa/letrero Petit,futuro
2026-01-23 15:41:02,0.0,Accesorios,Vela chispa/letrero Petit,futuro
2026-01-24 15:41:02,0.0,Accesorios,Vela chispa/letrero Petit,futuro
2026-01-25 15:41:02,0.0,Accesorios,Vela chispa/letrero Petit,futuro
2026-01-26 15:41:02,0.0,Accesorios,Vela chispa/letrero Petit,futuro
2026-01-27 15:41:02,0.0,Accesorios,Vela chispa/letrero Petit,futuro
2026-01-28 15:41:02,0.0,Accesorios,Vela chispa/letrero Petit,futuro
2026-01-29 15:41:02,0.0,Accesorios,Vela chispa/letrero Petit,futuro
2026-01-30 15:41:02,0.0,Accesorios,Vela chispa/letrero Petit,futuro
2026-01-31 15:41:02,0.0,Accesorios,Vela chispa/letrero Petit,futuro
2026-02-01 15:41:02,0.0,Accesorios,Vela chispa/letrero Petit,futuro
2026-02-02 15:41:02,0.0,Accesorios,Vela chispa/letrero Petit,futuro
2026-02-03 15:41:02,0.0,Accesorios,Vela chispa/letrero Petit,futuro
2026-02-04 15:41:02,0.0,Accesorios,Vela chispa/letrero Petit,futuro
2023-05-20 17:01:13,0.0,Accesorios,Vela conejo feliz niña,futuro
2023-05-21 17:01:13,0.0,Accesorios,Vela conejo feliz niña,futuro
2023-05-22 17:01:13,0.0,Accesorios,Vela conejo feliz niña,futuro
2023-05-23 17:01:13,0.0,Accesorios,Vela conejo feliz niña,futuro
2023-05-24 17:01:13,0.0,Accesorios,Vela conejo feliz niña,futuro
2023-05-25 17:01:13,0.0,Accesorios,Vela conejo feliz niña,futuro
2023-05-26 17:01:13,0.0,Accesorios,Vela conejo feliz niña,futuro
2023-05-27 17:01:13,0.0,Accesorios,Vela conejo feliz niña,futuro
2023-05-28 17:01:13,0.0,Accesorios,Vela conejo feliz niña,futuro
2023-05-29 17:01:13,0.0,Accesorios,Vela conejo feliz niña,futuro
2023-05-30 17:01:13,0.0,Accesorios,Vela conejo feliz niña,futuro
2023-05-31 17:01:13,0.0,Accesorios,Vela conejo feliz niña,futuro
2023-06-01 17:01:13,0.0,Accesorios,Vela conejo feliz niña,futuro
2023-06-02 17:01:13,0.0,Accesorios,Vela conejo feliz niña,futuro
2023-06-03 17:01:13,0.0,Accesorios,Vela conejo feliz niña,futuro
2023-06-04 17:01:13,0.0,Accesorios,Vela conejo feliz niña,futuro
2023-06-05 17:01:13,0.0,Accesorios,Vela conejo feliz niña,futuro
2023-06-06 17:01:13,0.0,Accesorios,Vela conejo feliz niña,futuro
2023-06-07 17:01:13,0.0,Accesorios,Vela conejo feliz niña,futuro
2023-06-08 17:01:13,0.0,Accesorios,Vela conejo feliz niña,futuro
2023-06-09 17:01:13,0.0,Accesorios,Vela conejo feliz niña,futuro
2023-06-10 17:01:13,0.0,Accesorios,Vela conejo feliz niña,futuro
2023-06-11 17:01:13,0.0,Accesorios,Vela conejo feliz niña,futuro
2023-06-12 17:01:13,0.0,Accesorios,Vela conejo feliz niña,futuro
2023-06-13 17:01:13,0.0,Accesorios,Vela conejo feliz niña,futuro
2023-06-14 17:01:13,0.0,Accesorios,Vela conejo feliz niña,futuro
2023-06-15 17:01:13,0.0,Accesorios,Vela conejo feliz niña,futuro
2023-06-16 17:01:13,0.0,Accesorios,Vela conejo feliz niña,futuro
2023-06-17 17:01:13,0.0,Accesorios,Vela conejo feliz niña,futuro
2023-06-18 17:01:13,0.0,Accesorios,Vela conejo feliz niña,futuro
2023-06-19 17:01:13,0.0,Accesorios,Vela conejo feliz niña,futuro
2023-06-20 17:01:13,0.0,Accesorios,Vela conejo feliz niña,futuro
2023-06-21 17:01:13,0.0,Accesorios,Vela conejo feliz niña,futuro
2023-06-22 17:01:13,0.0,Accesorios,Vela conejo feliz niña,futuro
2023-06-23 17:01:13,0.0,Accesorios,Vela conejo feliz niña,futuro
2023-06-24 17:01:13,0.0,Accesorios,Vela conejo feliz niña,futuro
2023-06-25 17:01:13,0.0,Accesorios,Vela conejo feliz niña,futuro
2023-06-26 17:01:13,0.0,Accesorios,Vela conejo feliz niña,futuro
2023-06-27 17:01:13,0.0,Accesorios,Vela conejo feliz niña,futuro
2023-06-28 17:01:13,0.0,Accesorios,Vela conejo feliz niña,futuro
2023-06-29 17:01:13,0.0,Accesorios,Vela conejo feliz niña,futuro
2023-06-30 17:01:13,0.0,Accesorios,Vela conejo feliz niña,futuro
2023-07-01 17:01:13,0.0,Accesorios,Vela conejo feliz niña,futuro
2023-07-02 17:01:13,0.0,Accesorios,Vela conejo feliz niña,futuro
2023-07-03 17:01:13,0.0,Accesorios,Vela conejo feliz niña,futuro
2023-07-04 17:01:13,0.0,Accesorios,Vela conejo feliz niña,futuro
2023-07-05 17:01:13,0.0,Accesorios,Vela conejo feliz niña,futuro
2023-07-06 17:01:13,0.0,Accesorios,Vela conejo feliz niña,futuro
2023-07-07 17:01:13,0.0,Accesorios,Vela conejo feliz niña,futuro
2023-07-08 17:01:13,0.0,Accesorios,Vela conejo feliz niña,futuro
2023-07-09 17:01:13,0.0,Accesorios,Vela conejo feliz niña,futuro
2023-07-10 17:01:13,0.0,Accesorios,Vela conejo feliz niña,futuro
2023-07-11 17:01:13,0.0,Accesorios,Vela conejo feliz niña,futuro
2023-07-12 17:01:13,0.0,Accesorios,Vela conejo feliz niña,futuro
2023-07-13 17:01:13,0.0,Accesorios,Vela conejo feliz niña,futuro
2023-07-14 17:01:13,0.0,Accesorios,Vela conejo feliz niña,futuro
2023-07-15 17:01:13,0.0,Accesorios,Vela conejo feliz niña,futuro
2023-07-16 17:01:13,0.0,Accesorios,Vela conejo feliz niña,futuro
2023-07-17 17:01:13,0.0,Accesorios,Vela conejo feliz niña,futuro
2023-07-18 17:01:13,0.0,Accesorios,Vela conejo feliz niña,futuro
2023-07-19 17:01:13,0.0,Accesorios,Vela conejo feliz niña,futuro
2023-07-20 17:01:13,0.0,Accesorios,Vela conejo feliz niña,futuro
2023-07-21 17:01:13,0.0,Accesorios,Vela conejo feliz niña,futuro
2023-07-22 17:01:13,0.0,Accesorios,Vela conejo feliz niña,futuro
2023-07-23 17:01:13,0.0,Accesorios,Vela conejo feliz niña,futuro
2023-07-24 17:01:13,0.0,Accesorios,Vela conejo feliz niña,futuro
2023-07-25 17:01:13,0.0,Accesorios,Vela conejo feliz niña,futuro
2023-07-26 17:01:13,0.0,Accesorios,Vela conejo feliz niña,futuro
2023-07-27 17:01:13,0.0,Accesorios,Vela conejo feliz niña,futuro
2023-07-28 17:01:13,0.0,Accesorios,Vela conejo feliz niña,futuro
2023-07-29 17:01:13,0.0,Accesorios,Vela conejo feliz niña,futuro
2023-07-30 17:01:13,0.0,Accesorios,Vela conejo feliz niña,futuro
2023-07-31 17:01:13,0.0,Accesorios,Vela conejo feliz niña,futuro
2023-08-01 17:01:13,0.0,Accesorios,Vela conejo feliz niña,futuro
2023-08-02 17:01:13,0.0,Accesorios,Vela conejo feliz niña,futuro
2023-08-03 17:01:13,0.0,Accesorios,Vela conejo feliz niña,futuro
2023-08-04 17:01:13,0.0,Accesorios,Vela conejo feliz niña,futuro
2023-08-05 17:01:13,0.0,Accesorios,Vela conejo feliz niña,futuro
2023-08-06 17:01:13,0.0,Accesorios,Vela conejo feliz niña,futuro
2023-08-07 17:01:13,0.0,Accesorios,Vela conejo feliz niña,futuro
2023-08-08 17:01:13,0.0,Accesorios,Vela conejo feliz niña,futuro
2023-08-09 17:01:13,0.0,Accesorios,Vela conejo feliz niña,futuro
2023-08-10 17:01:13,0.0,Accesorios,Vela conejo feliz niña,futuro
2023-08-11 17:01:13,0.0,Accesorios,Vela conejo feliz niña,futuro
2023-08-12 17:01:13,0.0,Accesorios,Vela conejo feliz niña,futuro
2023-08-13 17:01:13,0.0,Accesorios,Vela conejo feliz niña,futuro
2023-08-14 17:01:13,0.0,Accesorios,Vela conejo feliz niña,futuro
2023-08-15 17:01:13,0.0,Accesorios,Vela conejo feliz niña,futuro
2023-08-16 17:01:13,0.0,Accesorios,Vela conejo feliz niña,futuro
2023-08-17 17:01:13,0.0,Accesorios,Vela conejo feliz niña,futuro
2025-10-14 17:21:27,0.0,Accesorios,Vela de #1 sweet ligth 24pza(C-pza/1pza)(S-pza/24),futuro
2025-10-15 17:21:27,0.0,Accesorios,Vela de #1 sweet ligth 24pza(C-pza/1pza)(S-pza/24),futuro
2025-10-16 17:21:27,0.0,Accesorios,Vela de #1 sweet ligth 24pza(C-pza/1pza)(S-pza/24),futuro
2025-10-17 17:21:27,0.0,Accesorios,Vela de #1 sweet ligth 24pza(C-pza/1pza)(S-pza/24),futuro
2025-10-18 17:21:27,0.0,Accesorios,Vela de #1 sweet ligth 24pza(C-pza/1pza)(S-pza/24),futuro
2025-10-19 17:21:27,0.0,Accesorios,Vela de #1 sweet ligth 24pza(C-pza/1pza)(S-pza/24),futuro
2025-10-20 17:21:27,0.0,Accesorios,Vela de #1 sweet ligth 24pza(C-pza/1pza)(S-pza/24),futuro
2025-10-21 17:21:27,0.0,Accesorios,Vela de #1 sweet ligth 24pza(C-pza/1pza)(S-pza/24),futuro
2025-10-22 17:21:27,0.0,Accesorios,Vela de #1 sweet ligth 24pza(C-pza/1pza)(S-pza/24),futuro
2025-10-23 17:21:27,0.0,Accesorios,Vela de #1 sweet ligth 24pza(C-pza/1pza)(S-pza/24),futuro
2025-10-24 17:21:27,0.0,Accesorios,Vela de #1 sweet ligth 24pza(C-pza/1pza)(S-pza/24),futuro
2025-10-25 17:21:27,0.0,Accesorios,Vela de #1 sweet ligth 24pza(C-pza/1pza)(S-pza/24),futuro
2025-10-26 17:21:27,0.0,Accesorios,Vela de #1 sweet ligth 24pza(C-pza/1pza)(S-pza/24),futuro
2025-10-27 17:21:27,0.0,Accesorios,Vela de #1 sweet ligth 24pza(C-pza/1pza)(S-pza/24),futuro
2025-10-28 17:21:27,0.0,Accesorios,Vela de #1 sweet ligth 24pza(C-pza/1pza)(S-pza/24),futuro
2025-10-29 17:21:27,0.0,Accesorios,Vela de #1 sweet ligth 24pza(C-pza/1pza)(S-pza/24),futuro
2025-10-30 17:21:27,0.0,Accesorios,Vela de #1 sweet ligth 24pza(C-pza/1pza)(S-pza/24),futuro
2025-10-31 17:21:27,0.0,Accesorios,Vela de #1 sweet ligth 24pza(C-pza/1pza)(S-pza/24),futuro
2025-11-01 17:21:27,0.0,Accesorios,Vela de #1 sweet ligth 24pza(C-pza/1pza)(S-pza/24),futuro
2025-11-02 17:21:27,0.0,Accesorios,Vela de #1 sweet ligth 24pza(C-pza/1pza)(S-pza/24),futuro
2025-11-03 17:21:27,0.0,Accesorios,Vela de #1 sweet ligth 24pza(C-pza/1pza)(S-pza/24),futuro
2025-11-04 17:21:27,0.0,Accesorios,Vela de #1 sweet ligth 24pza(C-pza/1pza)(S-pza/24),futuro
2025-11-05 17:21:27,0.0,Accesorios,Vela de #1 sweet ligth 24pza(C-pza/1pza)(S-pza/24),futuro
2025-11-06 17:21:27,0.0,Accesorios,Vela de #1 sweet ligth 24pza(C-pza/1pza)(S-pza/24),futuro
2025-11-07 17:21:27,0.0,Accesorios,Vela de #1 sweet ligth 24pza(C-pza/1pza)(S-pza/24),futuro
2025-11-08 17:21:27,0.0,Accesorios,Vela de #1 sweet ligth 24pza(C-pza/1pza)(S-pza/24),futuro
2025-11-09 17:21:27,0.0,Accesorios,Vela de #1 sweet ligth 24pza(C-pza/1pza)(S-pza/24),futuro
2025-11-10 17:21:27,0.0,Accesorios,Vela de #1 sweet ligth 24pza(C-pza/1pza)(S-pza/24),futuro
2025-11-11 17:21:27,0.0,Accesorios,Vela de #1 sweet ligth 24pza(C-pza/1pza)(S-pza/24),futuro
2025-11-12 17:21:27,0.0,Accesorios,Vela de #1 sweet ligth 24pza(C-pza/1pza)(S-pza/24),futuro
2025-11-13 17:21:27,0.0,Accesorios,Vela de #1 sweet ligth 24pza(C-pza/1pza)(S-pza/24),futuro
2025-11-14 17:21:27,0.0,Accesorios,Vela de #1 sweet ligth 24pza(C-pza/1pza)(S-pza/24),futuro
2025-11-15 17:21:27,0.0,Accesorios,Vela de #1 sweet ligth 24pza(C-pza/1pza)(S-pza/24),futuro
2025-11-16 17:21:27,0.0,Accesorios,Vela de #1 sweet ligth 24pza(C-pza/1pza)(S-pza/24),futuro
2025-11-17 17:21:27,0.0,Accesorios,Vela de #1 sweet ligth 24pza(C-pza/1pza)(S-pza/24),futuro
2025-11-18 17:21:27,0.0,Accesorios,Vela de #1 sweet ligth 24pza(C-pza/1pza)(S-pza/24),futuro
2025-11-19 17:21:27,0.0,Accesorios,Vela de #1 sweet ligth 24pza(C-pza/1pza)(S-pza/24),futuro
2025-11-20 17:21:27,0.0,Accesorios,Vela de #1 sweet ligth 24pza(C-pza/1pza)(S-pza/24),futuro
2025-11-21 17:21:27,0.0,Accesorios,Vela de #1 sweet ligth 24pza(C-pza/1pza)(S-pza/24),futuro
2025-11-22 17:21:27,0.0,Accesorios,Vela de #1 sweet ligth 24pza(C-pza/1pza)(S-pza/24),futuro
2025-11-23 17:21:27,0.0,Accesorios,Vela de #1 sweet ligth 24pza(C-pza/1pza)(S-pza/24),futuro
2025-11-24 17:21:27,0.0,Accesorios,Vela de #1 sweet ligth 24pza(C-pza/1pza)(S-pza/24),futuro
2025-11-25 17:21:27,0.0,Accesorios,Vela de #1 sweet ligth 24pza(C-pza/1pza)(S-pza/24),futuro
2025-11-26 17:21:27,0.0,Accesorios,Vela de #1 sweet ligth 24pza(C-pza/1pza)(S-pza/24),futuro
2025-11-27 17:21:27,0.0,Accesorios,Vela de #1 sweet ligth 24pza(C-pza/1pza)(S-pza/24),futuro
2025-11-28 17:21:27,0.0,Accesorios,Vela de #1 sweet ligth 24pza(C-pza/1pza)(S-pza/24),futuro
2025-11-29 17:21:27,0.0,Accesorios,Vela de #1 sweet ligth 24pza(C-pza/1pza)(S-pza/24),futuro
2025-11-30 17:21:27,0.0,Accesorios,Vela de #1 sweet ligth 24pza(C-pza/1pza)(S-pza/24),futuro
2025-12-01 17:21:27,0.0,Accesorios,Vela de #1 sweet ligth 24pza(C-pza/1pza)(S-pza/24),futuro
2025-12-02 17:21:27,0.0,Accesorios,Vela de #1 sweet ligth 24pza(C-pza/1pza)(S-pza/24),futuro
2025-12-03 17:21:27,0.0,Accesorios,Vela de #1 sweet ligth 24pza(C-pza/1pza)(S-pza/24),futuro
2025-12-04 17:21:27,0.0,Accesorios,Vela de #1 sweet ligth 24pza(C-pza/1pza)(S-pza/24),futuro
2025-12-05 17:21:27,0.0,Accesorios,Vela de #1 sweet ligth 24pza(C-pza/1pza)(S-pza/24),futuro
2025-12-06 17:21:27,0.0,Accesorios,Vela de #1 sweet ligth 24pza(C-pza/1pza)(S-pza/24),futuro
2025-12-07 17:21:27,0.0,Accesorios,Vela de #1 sweet ligth 24pza(C-pza/1pza)(S-pza/24),futuro
2025-12-08 17:21:27,0.0,Accesorios,Vela de #1 sweet ligth 24pza(C-pza/1pza)(S-pza/24),futuro
2025-12-09 17:21:27,0.0,Accesorios,Vela de #1 sweet ligth 24pza(C-pza/1pza)(S-pza/24),futuro
2025-12-10 17:21:27,0.0,Accesorios,Vela de #1 sweet ligth 24pza(C-pza/1pza)(S-pza/24),futuro
2025-12-11 17:21:27,0.0,Accesorios,Vela de #1 sweet ligth 24pza(C-pza/1pza)(S-pza/24),futuro
2025-12-12 17:21:27,0.0,Accesorios,Vela de #1 sweet ligth 24pza(C-pza/1pza)(S-pza/24),futuro
2025-12-13 17:21:27,0.0,Accesorios,Vela de #1 sweet ligth 24pza(C-pza/1pza)(S-pza/24),futuro
2025-12-14 17:21:27,0.0,Accesorios,Vela de #1 sweet ligth 24pza(C-pza/1pza)(S-pza/24),futuro
2025-12-15 17:21:27,0.0,Accesorios,Vela de #1 sweet ligth 24pza(C-pza/1pza)(S-pza/24),futuro
2025-12-16 17:21:27,0.0,Accesorios,Vela de #1 sweet ligth 24pza(C-pza/1pza)(S-pza/24),futuro
2025-12-17 17:21:27,0.0,Accesorios,Vela de #1 sweet ligth 24pza(C-pza/1pza)(S-pza/24),futuro
2025-12-18 17:21:27,0.0,Accesorios,Vela de #1 sweet ligth 24pza(C-pza/1pza)(S-pza/24),futuro
2025-12-19 17:21:27,0.0,Accesorios,Vela de #1 sweet ligth 24pza(C-pza/1pza)(S-pza/24),futuro
2025-12-20 17:21:27,0.0,Accesorios,Vela de #1 sweet ligth 24pza(C-pza/1pza)(S-pza/24),futuro
2025-12-21 17:21:27,0.0,Accesorios,Vela de #1 sweet ligth 24pza(C-pza/1pza)(S-pza/24),futuro
2025-12-22 17:21:27,0.0,Accesorios,Vela de #1 sweet ligth 24pza(C-pza/1pza)(S-pza/24),futuro
2025-12-23 17:21:27,0.0,Accesorios,Vela de #1 sweet ligth 24pza(C-pza/1pza)(S-pza/24),futuro
2025-12-24 17:21:27,0.0,Accesorios,Vela de #1 sweet ligth 24pza(C-pza/1pza)(S-pza/24),futuro
2025-12-25 17:21:27,0.0,Accesorios,Vela de #1 sweet ligth 24pza(C-pza/1pza)(S-pza/24),futuro
2025-12-26 17:21:27,0.0,Accesorios,Vela de #1 sweet ligth 24pza(C-pza/1pza)(S-pza/24),futuro
2025-12-27 17:21:27,0.0,Accesorios,Vela de #1 sweet ligth 24pza(C-pza/1pza)(S-pza/24),futuro
2025-12-28 17:21:27,0.0,Accesorios,Vela de #1 sweet ligth 24pza(C-pza/1pza)(S-pza/24),futuro
2025-12-29 17:21:27,0.0,Accesorios,Vela de #1 sweet ligth 24pza(C-pza/1pza)(S-pza/24),futuro
2025-12-30 17:21:27,0.0,Accesorios,Vela de #1 sweet ligth 24pza(C-pza/1pza)(S-pza/24),futuro
2025-12-31 17:21:27,0.0,Accesorios,Vela de #1 sweet ligth 24pza(C-pza/1pza)(S-pza/24),futuro
2026-01-01 17:21:27,0.0,Accesorios,Vela de #1 sweet ligth 24pza(C-pza/1pza)(S-pza/24),futuro
2026-01-02 17:21:27,0.0,Accesorios,Vela de #1 sweet ligth 24pza(C-pza/1pza)(S-pza/24),futuro
2026-01-03 17:21:27,0.0,Accesorios,Vela de #1 sweet ligth 24pza(C-pza/1pza)(S-pza/24),futuro
2026-01-04 17:21:27,0.0,Accesorios,Vela de #1 sweet ligth 24pza(C-pza/1pza)(S-pza/24),futuro
2026-01-05 17:21:27,0.0,Accesorios,Vela de #1 sweet ligth 24pza(C-pza/1pza)(S-pza/24),futuro
2026-01-06 17:21:27,0.0,Accesorios,Vela de #1 sweet ligth 24pza(C-pza/1pza)(S-pza/24),futuro
2026-01-07 17:21:27,0.0,Accesorios,Vela de #1 sweet ligth 24pza(C-pza/1pza)(S-pza/24),futuro
2026-01-08 17:21:27,0.0,Accesorios,Vela de #1 sweet ligth 24pza(C-pza/1pza)(S-pza/24),futuro
2026-01-09 17:21:27,0.0,Accesorios,Vela de #1 sweet ligth 24pza(C-pza/1pza)(S-pza/24),futuro
2026-01-10 17:21:27,0.0,Accesorios,Vela de #1 sweet ligth 24pza(C-pza/1pza)(S-pza/24),futuro
2026-01-11 17:21:27,0.0,Accesorios,Vela de #1 sweet ligth 24pza(C-pza/1pza)(S-pza/24),futuro
2025-11-03 13:12:26,0.0,Accesorios,Vela de #2 sweet ligth 24pza(C-pza/1pza)(S-pza/24),futuro
2025-11-04 13:12:26,0.0,Accesorios,Vela de #2 sweet ligth 24pza(C-pza/1pza)(S-pza/24),futuro
2025-11-05 13:12:26,0.0,Accesorios,Vela de #2 sweet ligth 24pza(C-pza/1pza)(S-pza/24),futuro
2025-11-06 13:12:26,0.0,Accesorios,Vela de #2 sweet ligth 24pza(C-pza/1pza)(S-pza/24),futuro
2025-11-07 13:12:26,0.0,Accesorios,Vela de #2 sweet ligth 24pza(C-pza/1pza)(S-pza/24),futuro
2025-11-08 13:12:26,0.0,Accesorios,Vela de #2 sweet ligth 24pza(C-pza/1pza)(S-pza/24),futuro
2025-11-09 13:12:26,0.0,Accesorios,Vela de #2 sweet ligth 24pza(C-pza/1pza)(S-pza/24),futuro
2025-11-10 13:12:26,0.0,Accesorios,Vela de #2 sweet ligth 24pza(C-pza/1pza)(S-pza/24),futuro
2025-11-11 13:12:26,0.0,Accesorios,Vela de #2 sweet ligth 24pza(C-pza/1pza)(S-pza/24),futuro
2025-11-12 13:12:26,0.0,Accesorios,Vela de #2 sweet ligth 24pza(C-pza/1pza)(S-pza/24),futuro
2025-11-13 13:12:26,0.0,Accesorios,Vela de #2 sweet ligth 24pza(C-pza/1pza)(S-pza/24),futuro
2025-11-14 13:12:26,0.0,Accesorios,Vela de #2 sweet ligth 24pza(C-pza/1pza)(S-pza/24),futuro
2025-11-15 13:12:26,0.0,Accesorios,Vela de #2 sweet ligth 24pza(C-pza/1pza)(S-pza/24),futuro
2025-11-16 13:12:26,0.0,Accesorios,Vela de #2 sweet ligth 24pza(C-pza/1pza)(S-pza/24),futuro
2025-11-17 13:12:26,0.0,Accesorios,Vela de #2 sweet ligth 24pza(C-pza/1pza)(S-pza/24),futuro
2025-11-18 13:12:26,0.0,Accesorios,Vela de #2 sweet ligth 24pza(C-pza/1pza)(S-pza/24),futuro
2025-11-19 13:12:26,0.0,Accesorios,Vela de #2 sweet ligth 24pza(C-pza/1pza)(S-pza/24),futuro
2025-11-20 13:12:26,0.0,Accesorios,Vela de #2 sweet ligth 24pza(C-pza/1pza)(S-pza/24),futuro
2025-11-21 13:12:26,0.0,Accesorios,Vela de #2 sweet ligth 24pza(C-pza/1pza)(S-pza/24),futuro
2025-11-22 13:12:26,0.0,Accesorios,Vela de #2 sweet ligth 24pza(C-pza/1pza)(S-pza/24),futuro
2025-11-23 13:12:26,0.0,Accesorios,Vela de #2 sweet ligth 24pza(C-pza/1pza)(S-pza/24),futuro
2025-11-24 13:12:26,0.0,Accesorios,Vela de #2 sweet ligth 24pza(C-pza/1pza)(S-pza/24),futuro
2025-11-25 13:12:26,0.0,Accesorios,Vela de #2 sweet ligth 24pza(C-pza/1pza)(S-pza/24),futuro
2025-11-26 13:12:26,0.0,Accesorios,Vela de #2 sweet ligth 24pza(C-pza/1pza)(S-pza/24),futuro
2025-11-27 13:12:26,0.0,Accesorios,Vela de #2 sweet ligth 24pza(C-pza/1pza)(S-pza/24),futuro
2025-11-28 13:12:26,0.0,Accesorios,Vela de #2 sweet ligth 24pza(C-pza/1pza)(S-pza/24),futuro
2025-11-29 13:12:26,0.0,Accesorios,Vela de #2 sweet ligth 24pza(C-pza/1pza)(S-pza/24),futuro
2025-11-30 13:12:26,0.0,Accesorios,Vela de #2 sweet ligth 24pza(C-pza/1pza)(S-pza/24),futuro
2025-12-01 13:12:26,0.0,Accesorios,Vela de #2 sweet ligth 24pza(C-pza/1pza)(S-pza/24),futuro
2025-12-02 13:12:26,0.0,Accesorios,Vela de #2 sweet ligth 24pza(C-pza/1pza)(S-pza/24),futuro
2025-12-03 13:12:26,0.0,Accesorios,Vela de #2 sweet ligth 24pza(C-pza/1pza)(S-pza/24),futuro
2025-12-04 13:12:26,0.0,Accesorios,Vela de #2 sweet ligth 24pza(C-pza/1pza)(S-pza/24),futuro
2025-12-05 13:12:26,0.0,Accesorios,Vela de #2 sweet ligth 24pza(C-pza/1pza)(S-pza/24),futuro
2025-12-06 13:12:26,0.0,Accesorios,Vela de #2 sweet ligth 24pza(C-pza/1pza)(S-pza/24),futuro
2025-12-07 13:12:26,0.0,Accesorios,Vela de #2 sweet ligth 24pza(C-pza/1pza)(S-pza/24),futuro
2025-12-08 13:12:26,0.0,Accesorios,Vela de #2 sweet ligth 24pza(C-pza/1pza)(S-pza/24),futuro
2025-12-09 13:12:26,0.0,Accesorios,Vela de #2 sweet ligth 24pza(C-pza/1pza)(S-pza/24),futuro
2025-12-10 13:12:26,0.0,Accesorios,Vela de #2 sweet ligth 24pza(C-pza/1pza)(S-pza/24),futuro
2025-12-11 13:12:26,0.0,Accesorios,Vela de #2 sweet ligth 24pza(C-pza/1pza)(S-pza/24),futuro
2025-12-12 13:12:26,0.0,Accesorios,Vela de #2 sweet ligth 24pza(C-pza/1pza)(S-pza/24),futuro
2025-12-13 13:12:26,0.0,Accesorios,Vela de #2 sweet ligth 24pza(C-pza/1pza)(S-pza/24),futuro
2025-12-14 13:12:26,0.0,Accesorios,Vela de #2 sweet ligth 24pza(C-pza/1pza)(S-pza/24),futuro
2025-12-15 13:12:26,0.0,Accesorios,Vela de #2 sweet ligth 24pza(C-pza/1pza)(S-pza/24),futuro
2025-12-16 13:12:26,0.0,Accesorios,Vela de #2 sweet ligth 24pza(C-pza/1pza)(S-pza/24),futuro
2025-12-17 13:12:26,0.0,Accesorios,Vela de #2 sweet ligth 24pza(C-pza/1pza)(S-pza/24),futuro
2025-12-18 13:12:26,0.0,Accesorios,Vela de #2 sweet ligth 24pza(C-pza/1pza)(S-pza/24),futuro
2025-12-19 13:12:26,0.0,Accesorios,Vela de #2 sweet ligth 24pza(C-pza/1pza)(S-pza/24),futuro
2025-12-20 13:12:26,0.0,Accesorios,Vela de #2 sweet ligth 24pza(C-pza/1pza)(S-pza/24),futuro
2025-12-21 13:12:26,0.0,Accesorios,Vela de #2 sweet ligth 24pza(C-pza/1pza)(S-pza/24),futuro
2025-12-22 13:12:26,0.0,Accesorios,Vela de #2 sweet ligth 24pza(C-pza/1pza)(S-pza/24),futuro
2025-12-23 13:12:26,0.0,Accesorios,Vela de #2 sweet ligth 24pza(C-pza/1pza)(S-pza/24),futuro
2025-12-24 13:12:26,0.0,Accesorios,Vela de #2 sweet ligth 24pza(C-pza/1pza)(S-pza/24),futuro
2025-12-25 13:12:26,0.0,Accesorios,Vela de #2 sweet ligth 24pza(C-pza/1pza)(S-pza/24),futuro
2025-12-26 13:12:26,0.0,Accesorios,Vela de #2 sweet ligth 24pza(C-pza/1pza)(S-pza/24),futuro
2025-12-27 13:12:26,0.0,Accesorios,Vela de #2 sweet ligth 24pza(C-pza/1pza)(S-pza/24),futuro
2025-12-28 13:12:26,0.0,Accesorios,Vela de #2 sweet ligth 24pza(C-pza/1pza)(S-pza/24),futuro
2025-12-29 13:12:26,0.0,Accesorios,Vela de #2 sweet ligth 24pza(C-pza/1pza)(S-pza/24),futuro
2025-12-30 13:12:26,0.0,Accesorios,Vela de #2 sweet ligth 24pza(C-pza/1pza)(S-pza/24),futuro
2025-12-31 13:12:26,0.0,Accesorios,Vela de #2 sweet ligth 24pza(C-pza/1pza)(S-pza/24),futuro
2026-01-01 13:12:26,0.0,Accesorios,Vela de #2 sweet ligth 24pza(C-pza/1pza)(S-pza/24),futuro
2026-01-02 13:12:26,0.0,Accesorios,Vela de #2 sweet ligth 24pza(C-pza/1pza)(S-pza/24),futuro
2026-01-03 13:12:26,0.0,Accesorios,Vela de #2 sweet ligth 24pza(C-pza/1pza)(S-pza/24),futuro
2026-01-04 13:12:26,0.0,Accesorios,Vela de #2 sweet ligth 24pza(C-pza/1pza)(S-pza/24),futuro
2026-01-05 13:12:26,0.0,Accesorios,Vela de #2 sweet ligth 24pza(C-pza/1pza)(S-pza/24),futuro
2026-01-06 13:12:26,0.0,Accesorios,Vela de #2 sweet ligth 24pza(C-pza/1pza)(S-pza/24),futuro
2026-01-07 13:12:26,0.0,Accesorios,Vela de #2 sweet ligth 24pza(C-pza/1pza)(S-pza/24),futuro
2026-01-08 13:12:26,0.0,Accesorios,Vela de #2 sweet ligth 24pza(C-pza/1pza)(S-pza/24),futuro
2026-01-09 13:12:26,0.0,Accesorios,Vela de #2 sweet ligth 24pza(C-pza/1pza)(S-pza/24),futuro
2026-01-10 13:12:26,0.0,Accesorios,Vela de #2 sweet ligth 24pza(C-pza/1pza)(S-pza/24),futuro
2026-01-11 13:12:26,0.0,Accesorios,Vela de #2 sweet ligth 24pza(C-pza/1pza)(S-pza/24),futuro
2026-01-12 13:12:26,0.0,Accesorios,Vela de #2 sweet ligth 24pza(C-pza/1pza)(S-pza/24),futuro
2026-01-13 13:12:26,0.0,Accesorios,Vela de #2 sweet ligth 24pza(C-pza/1pza)(S-pza/24),futuro
2026-01-14 13:12:26,0.0,Accesorios,Vela de #2 sweet ligth 24pza(C-pza/1pza)(S-pza/24),futuro
2026-01-15 13:12:26,0.0,Accesorios,Vela de #2 sweet ligth 24pza(C-pza/1pza)(S-pza/24),futuro
2026-01-16 13:12:26,0.0,Accesorios,Vela de #2 sweet ligth 24pza(C-pza/1pza)(S-pza/24),futuro
2026-01-17 13:12:26,0.0,Accesorios,Vela de #2 sweet ligth 24pza(C-pza/1pza)(S-pza/24),futuro
2026-01-18 13:12:26,0.0,Accesorios,Vela de #2 sweet ligth 24pza(C-pza/1pza)(S-pza/24),futuro
2026-01-19 13:12:26,0.0,Accesorios,Vela de #2 sweet ligth 24pza(C-pza/1pza)(S-pza/24),futuro
2026-01-20 13:12:26,0.0,Accesorios,Vela de #2 sweet ligth 24pza(C-pza/1pza)(S-pza/24),futuro
2026-01-21 13:12:26,0.0,Accesorios,Vela de #2 sweet ligth 24pza(C-pza/1pza)(S-pza/24),futuro
2026-01-22 13:12:26,0.0,Accesorios,Vela de #2 sweet ligth 24pza(C-pza/1pza)(S-pza/24),futuro
2026-01-23 13:12:26,0.0,Accesorios,Vela de #2 sweet ligth 24pza(C-pza/1pza)(S-pza/24),futuro
2026-01-24 13:12:26,0.0,Accesorios,Vela de #2 sweet ligth 24pza(C-pza/1pza)(S-pza/24),futuro
2026-01-25 13:12:26,0.0,Accesorios,Vela de #2 sweet ligth 24pza(C-pza/1pza)(S-pza/24),futuro
2026-01-26 13:12:26,0.0,Accesorios,Vela de #2 sweet ligth 24pza(C-pza/1pza)(S-pza/24),futuro
2026-01-27 13:12:26,0.0,Accesorios,Vela de #2 sweet ligth 24pza(C-pza/1pza)(S-pza/24),futuro
2026-01-28 13:12:26,0.0,Accesorios,Vela de #2 sweet ligth 24pza(C-pza/1pza)(S-pza/24),futuro
2026-01-29 13:12:26,0.0,Accesorios,Vela de #2 sweet ligth 24pza(C-pza/1pza)(S-pza/24),futuro
2026-01-30 13:12:26,0.0,Accesorios,Vela de #2 sweet ligth 24pza(C-pza/1pza)(S-pza/24),futuro
2026-01-31 13:12:26,0.0,Accesorios,Vela de #2 sweet ligth 24pza(C-pza/1pza)(S-pza/24),futuro
2025-11-06 17:29:10,0.0,Accesorios,Vela de #3 sweet ligth 24pza(C-pza/1pza)(S-pza/24),futuro
2025-11-07 17:29:10,0.0,Accesorios,Vela de #3 sweet ligth 24pza(C-pza/1pza)(S-pza/24),futuro
2025-11-08 17:29:10,0.0,Accesorios,Vela de #3 sweet ligth 24pza(C-pza/1pza)(S-pza/24),futuro
2025-11-09 17:29:10,0.0,Accesorios,Vela de #3 sweet ligth 24pza(C-pza/1pza)(S-pza/24),futuro
2025-11-10 17:29:10,0.0,Accesorios,Vela de #3 sweet ligth 24pza(C-pza/1pza)(S-pza/24),futuro
2025-11-11 17:29:10,0.0,Accesorios,Vela de #3 sweet ligth 24pza(C-pza/1pza)(S-pza/24),futuro
2025-11-12 17:29:10,0.0,Accesorios,Vela de #3 sweet ligth 24pza(C-pza/1pza)(S-pza/24),futuro
2025-11-13 17:29:10,0.0,Accesorios,Vela de #3 sweet ligth 24pza(C-pza/1pza)(S-pza/24),futuro
2025-11-14 17:29:10,0.0,Accesorios,Vela de #3 sweet ligth 24pza(C-pza/1pza)(S-pza/24),futuro
2025-11-15 17:29:10,0.0,Accesorios,Vela de #3 sweet ligth 24pza(C-pza/1pza)(S-pza/24),futuro
2025-11-16 17:29:10,0.0,Accesorios,Vela de #3 sweet ligth 24pza(C-pza/1pza)(S-pza/24),futuro
2025-11-17 17:29:10,0.0,Accesorios,Vela de #3 sweet ligth 24pza(C-pza/1pza)(S-pza/24),futuro
2025-11-18 17:29:10,0.0,Accesorios,Vela de #3 sweet ligth 24pza(C-pza/1pza)(S-pza/24),futuro
2025-11-19 17:29:10,0.0,Accesorios,Vela de #3 sweet ligth 24pza(C-pza/1pza)(S-pza/24),futuro
2025-11-20 17:29:10,0.0,Accesorios,Vela de #3 sweet ligth 24pza(C-pza/1pza)(S-pza/24),futuro
2025-11-21 17:29:10,0.0,Accesorios,Vela de #3 sweet ligth 24pza(C-pza/1pza)(S-pza/24),futuro
2025-11-22 17:29:10,0.0,Accesorios,Vela de #3 sweet ligth 24pza(C-pza/1pza)(S-pza/24),futuro
2025-11-23 17:29:10,0.0,Accesorios,Vela de #3 sweet ligth 24pza(C-pza/1pza)(S-pza/24),futuro
2025-11-24 17:29:10,0.0,Accesorios,Vela de #3 sweet ligth 24pza(C-pza/1pza)(S-pza/24),futuro
2025-11-25 17:29:10,0.0,Accesorios,Vela de #3 sweet ligth 24pza(C-pza/1pza)(S-pza/24),futuro
2025-11-26 17:29:10,0.0,Accesorios,Vela de #3 sweet ligth 24pza(C-pza/1pza)(S-pza/24),futuro
2025-11-27 17:29:10,0.0,Accesorios,Vela de #3 sweet ligth 24pza(C-pza/1pza)(S-pza/24),futuro
2025-11-28 17:29:10,0.0,Accesorios,Vela de #3 sweet ligth 24pza(C-pza/1pza)(S-pza/24),futuro
2025-11-29 17:29:10,0.0,Accesorios,Vela de #3 sweet ligth 24pza(C-pza/1pza)(S-pza/24),futuro
2025-11-30 17:29:10,0.0,Accesorios,Vela de #3 sweet ligth 24pza(C-pza/1pza)(S-pza/24),futuro
2025-12-01 17:29:10,0.0,Accesorios,Vela de #3 sweet ligth 24pza(C-pza/1pza)(S-pza/24),futuro
2025-12-02 17:29:10,0.0,Accesorios,Vela de #3 sweet ligth 24pza(C-pza/1pza)(S-pza/24),futuro
2025-12-03 17:29:10,0.0,Accesorios,Vela de #3 sweet ligth 24pza(C-pza/1pza)(S-pza/24),futuro
2025-12-04 17:29:10,0.0,Accesorios,Vela de #3 sweet ligth 24pza(C-pza/1pza)(S-pza/24),futuro
2025-12-05 17:29:10,0.0,Accesorios,Vela de #3 sweet ligth 24pza(C-pza/1pza)(S-pza/24),futuro
2025-12-06 17:29:10,0.0,Accesorios,Vela de #3 sweet ligth 24pza(C-pza/1pza)(S-pza/24),futuro
2025-12-07 17:29:10,0.0,Accesorios,Vela de #3 sweet ligth 24pza(C-pza/1pza)(S-pza/24),futuro
2025-12-08 17:29:10,0.0,Accesorios,Vela de #3 sweet ligth 24pza(C-pza/1pza)(S-pza/24),futuro
2025-12-09 17:29:10,0.0,Accesorios,Vela de #3 sweet ligth 24pza(C-pza/1pza)(S-pza/24),futuro
2025-12-10 17:29:10,0.0,Accesorios,Vela de #3 sweet ligth 24pza(C-pza/1pza)(S-pza/24),futuro
2025-12-11 17:29:10,0.0,Accesorios,Vela de #3 sweet ligth 24pza(C-pza/1pza)(S-pza/24),futuro
2025-12-12 17:29:10,0.0,Accesorios,Vela de #3 sweet ligth 24pza(C-pza/1pza)(S-pza/24),futuro
2025-12-13 17:29:10,0.0,Accesorios,Vela de #3 sweet ligth 24pza(C-pza/1pza)(S-pza/24),futuro
2025-12-14 17:29:10,0.0,Accesorios,Vela de #3 sweet ligth 24pza(C-pza/1pza)(S-pza/24),futuro
2025-12-15 17:29:10,0.0,Accesorios,Vela de #3 sweet ligth 24pza(C-pza/1pza)(S-pza/24),futuro
2025-12-16 17:29:10,0.0,Accesorios,Vela de #3 sweet ligth 24pza(C-pza/1pza)(S-pza/24),futuro
2025-12-17 17:29:10,0.0,Accesorios,Vela de #3 sweet ligth 24pza(C-pza/1pza)(S-pza/24),futuro
2025-12-18 17:29:10,0.0,Accesorios,Vela de #3 sweet ligth 24pza(C-pza/1pza)(S-pza/24),futuro
2025-12-19 17:29:10,0.0,Accesorios,Vela de #3 sweet ligth 24pza(C-pza/1pza)(S-pza/24),futuro
2025-12-20 17:29:10,0.0,Accesorios,Vela de #3 sweet ligth 24pza(C-pza/1pza)(S-pza/24),futuro
2025-12-21 17:29:10,0.0,Accesorios,Vela de #3 sweet ligth 24pza(C-pza/1pza)(S-pza/24),futuro
2025-12-22 17:29:10,0.0,Accesorios,Vela de #3 sweet ligth 24pza(C-pza/1pza)(S-pza/24),futuro
2025-12-23 17:29:10,0.0,Accesorios,Vela de #3 sweet ligth 24pza(C-pza/1pza)(S-pza/24),futuro
2025-12-24 17:29:10,0.0,Accesorios,Vela de #3 sweet ligth 24pza(C-pza/1pza)(S-pza/24),futuro
2025-12-25 17:29:10,0.0,Accesorios,Vela de #3 sweet ligth 24pza(C-pza/1pza)(S-pza/24),futuro
2025-12-26 17:29:10,0.0,Accesorios,Vela de #3 sweet ligth 24pza(C-pza/1pza)(S-pza/24),futuro
2025-12-27 17:29:10,0.0,Accesorios,Vela de #3 sweet ligth 24pza(C-pza/1pza)(S-pza/24),futuro
2025-12-28 17:29:10,0.0,Accesorios,Vela de #3 sweet ligth 24pza(C-pza/1pza)(S-pza/24),futuro
2025-12-29 17:29:10,0.0,Accesorios,Vela de #3 sweet ligth 24pza(C-pza/1pza)(S-pza/24),futuro
2025-12-30 17:29:10,0.0,Accesorios,Vela de #3 sweet ligth 24pza(C-pza/1pza)(S-pza/24),futuro
2025-12-31 17:29:10,0.0,Accesorios,Vela de #3 sweet ligth 24pza(C-pza/1pza)(S-pza/24),futuro
2026-01-01 17:29:10,0.0,Accesorios,Vela de #3 sweet ligth 24pza(C-pza/1pza)(S-pza/24),futuro
2026-01-02 17:29:10,0.0,Accesorios,Vela de #3 sweet ligth 24pza(C-pza/1pza)(S-pza/24),futuro
2026-01-03 17:29:10,0.0,Accesorios,Vela de #3 sweet ligth 24pza(C-pza/1pza)(S-pza/24),futuro
2026-01-04 17:29:10,0.0,Accesorios,Vela de #3 sweet ligth 24pza(C-pza/1pza)(S-pza/24),futuro
2026-01-05 17:29:10,0.0,Accesorios,Vela de #3 sweet ligth 24pza(C-pza/1pza)(S-pza/24),futuro
2026-01-06 17:29:10,0.0,Accesorios,Vela de #3 sweet ligth 24pza(C-pza/1pza)(S-pza/24),futuro
2026-01-07 17:29:10,0.0,Accesorios,Vela de #3 sweet ligth 24pza(C-pza/1pza)(S-pza/24),futuro
2026-01-08 17:29:10,0.0,Accesorios,Vela de #3 sweet ligth 24pza(C-pza/1pza)(S-pza/24),futuro
2026-01-09 17:29:10,0.0,Accesorios,Vela de #3 sweet ligth 24pza(C-pza/1pza)(S-pza/24),futuro
2026-01-10 17:29:10,0.0,Accesorios,Vela de #3 sweet ligth 24pza(C-pza/1pza)(S-pza/24),futuro
2026-01-11 17:29:10,0.0,Accesorios,Vela de #3 sweet ligth 24pza(C-pza/1pza)(S-pza/24),futuro
2026-01-12 17:29:10,0.0,Accesorios,Vela de #3 sweet ligth 24pza(C-pza/1pza)(S-pza/24),futuro
2026-01-13 17:29:10,0.0,Accesorios,Vela de #3 sweet ligth 24pza(C-pza/1pza)(S-pza/24),futuro
2026-01-14 17:29:10,0.0,Accesorios,Vela de #3 sweet ligth 24pza(C-pza/1pza)(S-pza/24),futuro
2026-01-15 17:29:10,0.0,Accesorios,Vela de #3 sweet ligth 24pza(C-pza/1pza)(S-pza/24),futuro
2026-01-16 17:29:10,0.0,Accesorios,Vela de #3 sweet ligth 24pza(C-pza/1pza)(S-pza/24),futuro
2026-01-17 17:29:10,0.0,Accesorios,Vela de #3 sweet ligth 24pza(C-pza/1pza)(S-pza/24),futuro
2026-01-18 17:29:10,0.0,Accesorios,Vela de #3 sweet ligth 24pza(C-pza/1pza)(S-pza/24),futuro
2026-01-19 17:29:10,0.0,Accesorios,Vela de #3 sweet ligth 24pza(C-pza/1pza)(S-pza/24),futuro
2026-01-20 17:29:10,0.0,Accesorios,Vela de #3 sweet ligth 24pza(C-pza/1pza)(S-pza/24),futuro
2026-01-21 17:29:10,0.0,Accesorios,Vela de #3 sweet ligth 24pza(C-pza/1pza)(S-pza/24),futuro
2026-01-22 17:29:10,0.0,Accesorios,Vela de #3 sweet ligth 24pza(C-pza/1pza)(S-pza/24),futuro
2026-01-23 17:29:10,0.0,Accesorios,Vela de #3 sweet ligth 24pza(C-pza/1pza)(S-pza/24),futuro
2026-01-24 17:29:10,0.0,Accesorios,Vela de #3 sweet ligth 24pza(C-pza/1pza)(S-pza/24),futuro
2026-01-25 17:29:10,0.0,Accesorios,Vela de #3 sweet ligth 24pza(C-pza/1pza)(S-pza/24),futuro
2026-01-26 17:29:10,0.0,Accesorios,Vela de #3 sweet ligth 24pza(C-pza/1pza)(S-pza/24),futuro
2026-01-27 17:29:10,0.0,Accesorios,Vela de #3 sweet ligth 24pza(C-pza/1pza)(S-pza/24),futuro
2026-01-28 17:29:10,0.0,Accesorios,Vela de #3 sweet ligth 24pza(C-pza/1pza)(S-pza/24),futuro
2026-01-29 17:29:10,0.0,Accesorios,Vela de #3 sweet ligth 24pza(C-pza/1pza)(S-pza/24),futuro
2026-01-30 17:29:10,0.0,Accesorios,Vela de #3 sweet ligth 24pza(C-pza/1pza)(S-pza/24),futuro
2026-01-31 17:29:10,0.0,Accesorios,Vela de #3 sweet ligth 24pza(C-pza/1pza)(S-pza/24),futuro
2026-02-01 17:29:10,0.0,Accesorios,Vela de #3 sweet ligth 24pza(C-pza/1pza)(S-pza/24),futuro
2026-02-02 17:29:10,0.0,Accesorios,Vela de #3 sweet ligth 24pza(C-pza/1pza)(S-pza/24),futuro
2026-02-03 17:29:10,0.0,Accesorios,Vela de #3 sweet ligth 24pza(C-pza/1pza)(S-pza/24),futuro
2025-11-07 15:18:05,0.0,Accesorios,Vela de #4 sweet ligth 24pza(C-pza/1pza)(S-pza/24),futuro
2025-11-08 15:18:05,0.0,Accesorios,Vela de #4 sweet ligth 24pza(C-pza/1pza)(S-pza/24),futuro
2025-11-09 15:18:05,0.0,Accesorios,Vela de #4 sweet ligth 24pza(C-pza/1pza)(S-pza/24),futuro
2025-11-10 15:18:05,0.0,Accesorios,Vela de #4 sweet ligth 24pza(C-pza/1pza)(S-pza/24),futuro
2025-11-11 15:18:05,0.0,Accesorios,Vela de #4 sweet ligth 24pza(C-pza/1pza)(S-pza/24),futuro
2025-11-12 15:18:05,0.0,Accesorios,Vela de #4 sweet ligth 24pza(C-pza/1pza)(S-pza/24),futuro
2025-11-13 15:18:05,0.0,Accesorios,Vela de #4 sweet ligth 24pza(C-pza/1pza)(S-pza/24),futuro
2025-11-14 15:18:05,0.0,Accesorios,Vela de #4 sweet ligth 24pza(C-pza/1pza)(S-pza/24),futuro
2025-11-15 15:18:05,0.0,Accesorios,Vela de #4 sweet ligth 24pza(C-pza/1pza)(S-pza/24),futuro
2025-11-16 15:18:05,0.0,Accesorios,Vela de #4 sweet ligth 24pza(C-pza/1pza)(S-pza/24),futuro
2025-11-17 15:18:05,0.0,Accesorios,Vela de #4 sweet ligth 24pza(C-pza/1pza)(S-pza/24),futuro
2025-11-18 15:18:05,0.0,Accesorios,Vela de #4 sweet ligth 24pza(C-pza/1pza)(S-pza/24),futuro
2025-11-19 15:18:05,0.0,Accesorios,Vela de #4 sweet ligth 24pza(C-pza/1pza)(S-pza/24),futuro
2025-11-20 15:18:05,0.0,Accesorios,Vela de #4 sweet ligth 24pza(C-pza/1pza)(S-pza/24),futuro
2025-11-21 15:18:05,0.0,Accesorios,Vela de #4 sweet ligth 24pza(C-pza/1pza)(S-pza/24),futuro
2025-11-22 15:18:05,0.0,Accesorios,Vela de #4 sweet ligth 24pza(C-pza/1pza)(S-pza/24),futuro
2025-11-23 15:18:05,0.0,Accesorios,Vela de #4 sweet ligth 24pza(C-pza/1pza)(S-pza/24),futuro
2025-11-24 15:18:05,0.0,Accesorios,Vela de #4 sweet ligth 24pza(C-pza/1pza)(S-pza/24),futuro
2025-11-25 15:18:05,0.0,Accesorios,Vela de #4 sweet ligth 24pza(C-pza/1pza)(S-pza/24),futuro
2025-11-26 15:18:05,0.0,Accesorios,Vela de #4 sweet ligth 24pza(C-pza/1pza)(S-pza/24),futuro
2025-11-27 15:18:05,0.0,Accesorios,Vela de #4 sweet ligth 24pza(C-pza/1pza)(S-pza/24),futuro
2025-11-28 15:18:05,0.0,Accesorios,Vela de #4 sweet ligth 24pza(C-pza/1pza)(S-pza/24),futuro
2025-11-29 15:18:05,0.0,Accesorios,Vela de #4 sweet ligth 24pza(C-pza/1pza)(S-pza/24),futuro
2025-11-30 15:18:05,0.0,Accesorios,Vela de #4 sweet ligth 24pza(C-pza/1pza)(S-pza/24),futuro
2025-12-01 15:18:05,0.0,Accesorios,Vela de #4 sweet ligth 24pza(C-pza/1pza)(S-pza/24),futuro
2025-12-02 15:18:05,0.0,Accesorios,Vela de #4 sweet ligth 24pza(C-pza/1pza)(S-pza/24),futuro
2025-12-03 15:18:05,0.0,Accesorios,Vela de #4 sweet ligth 24pza(C-pza/1pza)(S-pza/24),futuro
2025-12-04 15:18:05,0.0,Accesorios,Vela de #4 sweet ligth 24pza(C-pza/1pza)(S-pza/24),futuro
2025-12-05 15:18:05,0.0,Accesorios,Vela de #4 sweet ligth 24pza(C-pza/1pza)(S-pza/24),futuro
2025-12-06 15:18:05,0.0,Accesorios,Vela de #4 sweet ligth 24pza(C-pza/1pza)(S-pza/24),futuro
2025-12-07 15:18:05,0.0,Accesorios,Vela de #4 sweet ligth 24pza(C-pza/1pza)(S-pza/24),futuro
2025-12-08 15:18:05,0.0,Accesorios,Vela de #4 sweet ligth 24pza(C-pza/1pza)(S-pza/24),futuro
2025-12-09 15:18:05,0.0,Accesorios,Vela de #4 sweet ligth 24pza(C-pza/1pza)(S-pza/24),futuro
2025-12-10 15:18:05,0.0,Accesorios,Vela de #4 sweet ligth 24pza(C-pza/1pza)(S-pza/24),futuro
2025-12-11 15:18:05,0.0,Accesorios,Vela de #4 sweet ligth 24pza(C-pza/1pza)(S-pza/24),futuro
2025-12-12 15:18:05,0.0,Accesorios,Vela de #4 sweet ligth 24pza(C-pza/1pza)(S-pza/24),futuro
2025-12-13 15:18:05,0.0,Accesorios,Vela de #4 sweet ligth 24pza(C-pza/1pza)(S-pza/24),futuro
2025-12-14 15:18:05,0.0,Accesorios,Vela de #4 sweet ligth 24pza(C-pza/1pza)(S-pza/24),futuro
2025-12-15 15:18:05,0.0,Accesorios,Vela de #4 sweet ligth 24pza(C-pza/1pza)(S-pza/24),futuro
2025-12-16 15:18:05,0.0,Accesorios,Vela de #4 sweet ligth 24pza(C-pza/1pza)(S-pza/24),futuro
2025-12-17 15:18:05,0.0,Accesorios,Vela de #4 sweet ligth 24pza(C-pza/1pza)(S-pza/24),futuro
2025-12-18 15:18:05,0.0,Accesorios,Vela de #4 sweet ligth 24pza(C-pza/1pza)(S-pza/24),futuro
2025-12-19 15:18:05,0.0,Accesorios,Vela de #4 sweet ligth 24pza(C-pza/1pza)(S-pza/24),futuro
2025-12-20 15:18:05,0.0,Accesorios,Vela de #4 sweet ligth 24pza(C-pza/1pza)(S-pza/24),futuro
2025-12-21 15:18:05,0.0,Accesorios,Vela de #4 sweet ligth 24pza(C-pza/1pza)(S-pza/24),futuro
2025-12-22 15:18:05,0.0,Accesorios,Vela de #4 sweet ligth 24pza(C-pza/1pza)(S-pza/24),futuro
2025-12-23 15:18:05,0.0,Accesorios,Vela de #4 sweet ligth 24pza(C-pza/1pza)(S-pza/24),futuro
2025-12-24 15:18:05,0.0,Accesorios,Vela de #4 sweet ligth 24pza(C-pza/1pza)(S-pza/24),futuro
2025-12-25 15:18:05,0.0,Accesorios,Vela de #4 sweet ligth 24pza(C-pza/1pza)(S-pza/24),futuro
2025-12-26 15:18:05,0.0,Accesorios,Vela de #4 sweet ligth 24pza(C-pza/1pza)(S-pza/24),futuro
2025-12-27 15:18:05,0.0,Accesorios,Vela de #4 sweet ligth 24pza(C-pza/1pza)(S-pza/24),futuro
2025-12-28 15:18:05,0.0,Accesorios,Vela de #4 sweet ligth 24pza(C-pza/1pza)(S-pza/24),futuro
2025-12-29 15:18:05,0.0,Accesorios,Vela de #4 sweet ligth 24pza(C-pza/1pza)(S-pza/24),futuro
2025-12-30 15:18:05,0.0,Accesorios,Vela de #4 sweet ligth 24pza(C-pza/1pza)(S-pza/24),futuro
2025-12-31 15:18:05,0.0,Accesorios,Vela de #4 sweet ligth 24pza(C-pza/1pza)(S-pza/24),futuro
2026-01-01 15:18:05,0.0,Accesorios,Vela de #4 sweet ligth 24pza(C-pza/1pza)(S-pza/24),futuro
2026-01-02 15:18:05,0.0,Accesorios,Vela de #4 sweet ligth 24pza(C-pza/1pza)(S-pza/24),futuro
2026-01-03 15:18:05,0.0,Accesorios,Vela de #4 sweet ligth 24pza(C-pza/1pza)(S-pza/24),futuro
2026-01-04 15:18:05,0.0,Accesorios,Vela de #4 sweet ligth 24pza(C-pza/1pza)(S-pza/24),futuro
2026-01-05 15:18:05,0.0,Accesorios,Vela de #4 sweet ligth 24pza(C-pza/1pza)(S-pza/24),futuro
2026-01-06 15:18:05,0.0,Accesorios,Vela de #4 sweet ligth 24pza(C-pza/1pza)(S-pza/24),futuro
2026-01-07 15:18:05,0.0,Accesorios,Vela de #4 sweet ligth 24pza(C-pza/1pza)(S-pza/24),futuro
2026-01-08 15:18:05,0.0,Accesorios,Vela de #4 sweet ligth 24pza(C-pza/1pza)(S-pza/24),futuro
2026-01-09 15:18:05,0.0,Accesorios,Vela de #4 sweet ligth 24pza(C-pza/1pza)(S-pza/24),futuro
2026-01-10 15:18:05,0.0,Accesorios,Vela de #4 sweet ligth 24pza(C-pza/1pza)(S-pza/24),futuro
2026-01-11 15:18:05,0.0,Accesorios,Vela de #4 sweet ligth 24pza(C-pza/1pza)(S-pza/24),futuro
2026-01-12 15:18:05,0.0,Accesorios,Vela de #4 sweet ligth 24pza(C-pza/1pza)(S-pza/24),futuro
2026-01-13 15:18:05,0.0,Accesorios,Vela de #4 sweet ligth 24pza(C-pza/1pza)(S-pza/24),futuro
2026-01-14 15:18:05,0.0,Accesorios,Vela de #4 sweet ligth 24pza(C-pza/1pza)(S-pza/24),futuro
2026-01-15 15:18:05,0.0,Accesorios,Vela de #4 sweet ligth 24pza(C-pza/1pza)(S-pza/24),futuro
2026-01-16 15:18:05,0.0,Accesorios,Vela de #4 sweet ligth 24pza(C-pza/1pza)(S-pza/24),futuro
2026-01-17 15:18:05,0.0,Accesorios,Vela de #4 sweet ligth 24pza(C-pza/1pza)(S-pza/24),futuro
2026-01-18 15:18:05,0.0,Accesorios,Vela de #4 sweet ligth 24pza(C-pza/1pza)(S-pza/24),futuro
2026-01-19 15:18:05,0.0,Accesorios,Vela de #4 sweet ligth 24pza(C-pza/1pza)(S-pza/24),futuro
2026-01-20 15:18:05,0.0,Accesorios,Vela de #4 sweet ligth 24pza(C-pza/1pza)(S-pza/24),futuro
2026-01-21 15:18:05,0.0,Accesorios,Vela de #4 sweet ligth 24pza(C-pza/1pza)(S-pza/24),futuro
2026-01-22 15:18:05,0.0,Accesorios,Vela de #4 sweet ligth 24pza(C-pza/1pza)(S-pza/24),futuro
2026-01-23 15:18:05,0.0,Accesorios,Vela de #4 sweet ligth 24pza(C-pza/1pza)(S-pza/24),futuro
2026-01-24 15:18:05,0.0,Accesorios,Vela de #4 sweet ligth 24pza(C-pza/1pza)(S-pza/24),futuro
2026-01-25 15:18:05,0.0,Accesorios,Vela de #4 sweet ligth 24pza(C-pza/1pza)(S-pza/24),futuro
2026-01-26 15:18:05,0.0,Accesorios,Vela de #4 sweet ligth 24pza(C-pza/1pza)(S-pza/24),futuro
2026-01-27 15:18:05,0.0,Accesorios,Vela de #4 sweet ligth 24pza(C-pza/1pza)(S-pza/24),futuro
2026-01-28 15:18:05,0.0,Accesorios,Vela de #4 sweet ligth 24pza(C-pza/1pza)(S-pza/24),futuro
2026-01-29 15:18:05,0.0,Accesorios,Vela de #4 sweet ligth 24pza(C-pza/1pza)(S-pza/24),futuro
2026-01-30 15:18:05,0.0,Accesorios,Vela de #4 sweet ligth 24pza(C-pza/1pza)(S-pza/24),futuro
2026-01-31 15:18:05,0.0,Accesorios,Vela de #4 sweet ligth 24pza(C-pza/1pza)(S-pza/24),futuro
2026-02-01 15:18:05,0.0,Accesorios,Vela de #4 sweet ligth 24pza(C-pza/1pza)(S-pza/24),futuro
2026-02-02 15:18:05,0.0,Accesorios,Vela de #4 sweet ligth 24pza(C-pza/1pza)(S-pza/24),futuro
2026-02-03 15:18:05,0.0,Accesorios,Vela de #4 sweet ligth 24pza(C-pza/1pza)(S-pza/24),futuro
2026-02-04 15:18:05,0.0,Accesorios,Vela de #4 sweet ligth 24pza(C-pza/1pza)(S-pza/24),futuro
2025-11-06 17:57:16,0.0,Accesorios,Vela de #5 sweet ligth 24pza(C-pza/1pza)(S-pza/24),futuro
2025-11-07 17:57:16,0.0,Accesorios,Vela de #5 sweet ligth 24pza(C-pza/1pza)(S-pza/24),futuro
2025-11-08 17:57:16,0.0,Accesorios,Vela de #5 sweet ligth 24pza(C-pza/1pza)(S-pza/24),futuro
2025-11-09 17:57:16,0.0,Accesorios,Vela de #5 sweet ligth 24pza(C-pza/1pza)(S-pza/24),futuro
2025-11-10 17:57:16,0.0,Accesorios,Vela de #5 sweet ligth 24pza(C-pza/1pza)(S-pza/24),futuro
2025-11-11 17:57:16,0.0,Accesorios,Vela de #5 sweet ligth 24pza(C-pza/1pza)(S-pza/24),futuro
2025-11-12 17:57:16,0.0,Accesorios,Vela de #5 sweet ligth 24pza(C-pza/1pza)(S-pza/24),futuro
2025-11-13 17:57:16,0.0,Accesorios,Vela de #5 sweet ligth 24pza(C-pza/1pza)(S-pza/24),futuro
2025-11-14 17:57:16,0.0,Accesorios,Vela de #5 sweet ligth 24pza(C-pza/1pza)(S-pza/24),futuro
2025-11-15 17:57:16,0.0,Accesorios,Vela de #5 sweet ligth 24pza(C-pza/1pza)(S-pza/24),futuro
2025-11-16 17:57:16,0.0,Accesorios,Vela de #5 sweet ligth 24pza(C-pza/1pza)(S-pza/24),futuro
2025-11-17 17:57:16,0.0,Accesorios,Vela de #5 sweet ligth 24pza(C-pza/1pza)(S-pza/24),futuro
2025-11-18 17:57:16,0.0,Accesorios,Vela de #5 sweet ligth 24pza(C-pza/1pza)(S-pza/24),futuro
2025-11-19 17:57:16,0.0,Accesorios,Vela de #5 sweet ligth 24pza(C-pza/1pza)(S-pza/24),futuro
2025-11-20 17:57:16,0.0,Accesorios,Vela de #5 sweet ligth 24pza(C-pza/1pza)(S-pza/24),futuro
2025-11-21 17:57:16,0.0,Accesorios,Vela de #5 sweet ligth 24pza(C-pza/1pza)(S-pza/24),futuro
2025-11-22 17:57:16,0.0,Accesorios,Vela de #5 sweet ligth 24pza(C-pza/1pza)(S-pza/24),futuro
2025-11-23 17:57:16,0.0,Accesorios,Vela de #5 sweet ligth 24pza(C-pza/1pza)(S-pza/24),futuro
2025-11-24 17:57:16,0.0,Accesorios,Vela de #5 sweet ligth 24pza(C-pza/1pza)(S-pza/24),futuro
2025-11-25 17:57:16,0.0,Accesorios,Vela de #5 sweet ligth 24pza(C-pza/1pza)(S-pza/24),futuro
2025-11-26 17:57:16,0.0,Accesorios,Vela de #5 sweet ligth 24pza(C-pza/1pza)(S-pza/24),futuro
2025-11-27 17:57:16,0.0,Accesorios,Vela de #5 sweet ligth 24pza(C-pza/1pza)(S-pza/24),futuro
2025-11-28 17:57:16,0.0,Accesorios,Vela de #5 sweet ligth 24pza(C-pza/1pza)(S-pza/24),futuro
2025-11-29 17:57:16,0.0,Accesorios,Vela de #5 sweet ligth 24pza(C-pza/1pza)(S-pza/24),futuro
2025-11-30 17:57:16,0.0,Accesorios,Vela de #5 sweet ligth 24pza(C-pza/1pza)(S-pza/24),futuro
2025-12-01 17:57:16,0.0,Accesorios,Vela de #5 sweet ligth 24pza(C-pza/1pza)(S-pza/24),futuro
2025-12-02 17:57:16,0.0,Accesorios,Vela de #5 sweet ligth 24pza(C-pza/1pza)(S-pza/24),futuro
2025-12-03 17:57:16,0.0,Accesorios,Vela de #5 sweet ligth 24pza(C-pza/1pza)(S-pza/24),futuro
2025-12-04 17:57:16,0.0,Accesorios,Vela de #5 sweet ligth 24pza(C-pza/1pza)(S-pza/24),futuro
2025-12-05 17:57:16,0.0,Accesorios,Vela de #5 sweet ligth 24pza(C-pza/1pza)(S-pza/24),futuro
2025-12-06 17:57:16,0.0,Accesorios,Vela de #5 sweet ligth 24pza(C-pza/1pza)(S-pza/24),futuro
2025-12-07 17:57:16,0.0,Accesorios,Vela de #5 sweet ligth 24pza(C-pza/1pza)(S-pza/24),futuro
2025-12-08 17:57:16,0.0,Accesorios,Vela de #5 sweet ligth 24pza(C-pza/1pza)(S-pza/24),futuro
2025-12-09 17:57:16,0.0,Accesorios,Vela de #5 sweet ligth 24pza(C-pza/1pza)(S-pza/24),futuro
2025-12-10 17:57:16,0.0,Accesorios,Vela de #5 sweet ligth 24pza(C-pza/1pza)(S-pza/24),futuro
2025-12-11 17:57:16,0.0,Accesorios,Vela de #5 sweet ligth 24pza(C-pza/1pza)(S-pza/24),futuro
2025-12-12 17:57:16,0.0,Accesorios,Vela de #5 sweet ligth 24pza(C-pza/1pza)(S-pza/24),futuro
2025-12-13 17:57:16,0.0,Accesorios,Vela de #5 sweet ligth 24pza(C-pza/1pza)(S-pza/24),futuro
2025-12-14 17:57:16,0.0,Accesorios,Vela de #5 sweet ligth 24pza(C-pza/1pza)(S-pza/24),futuro
2025-12-15 17:57:16,0.0,Accesorios,Vela de #5 sweet ligth 24pza(C-pza/1pza)(S-pza/24),futuro
2025-12-16 17:57:16,0.0,Accesorios,Vela de #5 sweet ligth 24pza(C-pza/1pza)(S-pza/24),futuro
2025-12-17 17:57:16,0.0,Accesorios,Vela de #5 sweet ligth 24pza(C-pza/1pza)(S-pza/24),futuro
2025-12-18 17:57:16,0.0,Accesorios,Vela de #5 sweet ligth 24pza(C-pza/1pza)(S-pza/24),futuro
2025-12-19 17:57:16,0.0,Accesorios,Vela de #5 sweet ligth 24pza(C-pza/1pza)(S-pza/24),futuro
2025-12-20 17:57:16,0.0,Accesorios,Vela de #5 sweet ligth 24pza(C-pza/1pza)(S-pza/24),futuro
2025-12-21 17:57:16,0.0,Accesorios,Vela de #5 sweet ligth 24pza(C-pza/1pza)(S-pza/24),futuro
2025-12-22 17:57:16,0.0,Accesorios,Vela de #5 sweet ligth 24pza(C-pza/1pza)(S-pza/24),futuro
2025-12-23 17:57:16,0.0,Accesorios,Vela de #5 sweet ligth 24pza(C-pza/1pza)(S-pza/24),futuro
2025-12-24 17:57:16,0.0,Accesorios,Vela de #5 sweet ligth 24pza(C-pza/1pza)(S-pza/24),futuro
2025-12-25 17:57:16,0.0,Accesorios,Vela de #5 sweet ligth 24pza(C-pza/1pza)(S-pza/24),futuro
2025-12-26 17:57:16,0.0,Accesorios,Vela de #5 sweet ligth 24pza(C-pza/1pza)(S-pza/24),futuro
2025-12-27 17:57:16,0.0,Accesorios,Vela de #5 sweet ligth 24pza(C-pza/1pza)(S-pza/24),futuro
2025-12-28 17:57:16,0.0,Accesorios,Vela de #5 sweet ligth 24pza(C-pza/1pza)(S-pza/24),futuro
2025-12-29 17:57:16,0.0,Accesorios,Vela de #5 sweet ligth 24pza(C-pza/1pza)(S-pza/24),futuro
2025-12-30 17:57:16,0.0,Accesorios,Vela de #5 sweet ligth 24pza(C-pza/1pza)(S-pza/24),futuro
2025-12-31 17:57:16,0.0,Accesorios,Vela de #5 sweet ligth 24pza(C-pza/1pza)(S-pza/24),futuro
2026-01-01 17:57:16,0.0,Accesorios,Vela de #5 sweet ligth 24pza(C-pza/1pza)(S-pza/24),futuro
2026-01-02 17:57:16,0.0,Accesorios,Vela de #5 sweet ligth 24pza(C-pza/1pza)(S-pza/24),futuro
2026-01-03 17:57:16,0.0,Accesorios,Vela de #5 sweet ligth 24pza(C-pza/1pza)(S-pza/24),futuro
2026-01-04 17:57:16,0.0,Accesorios,Vela de #5 sweet ligth 24pza(C-pza/1pza)(S-pza/24),futuro
2026-01-05 17:57:16,0.0,Accesorios,Vela de #5 sweet ligth 24pza(C-pza/1pza)(S-pza/24),futuro
2026-01-06 17:57:16,0.0,Accesorios,Vela de #5 sweet ligth 24pza(C-pza/1pza)(S-pza/24),futuro
2026-01-07 17:57:16,0.0,Accesorios,Vela de #5 sweet ligth 24pza(C-pza/1pza)(S-pza/24),futuro
2026-01-08 17:57:16,0.0,Accesorios,Vela de #5 sweet ligth 24pza(C-pza/1pza)(S-pza/24),futuro
2026-01-09 17:57:16,0.0,Accesorios,Vela de #5 sweet ligth 24pza(C-pza/1pza)(S-pza/24),futuro
2026-01-10 17:57:16,0.0,Accesorios,Vela de #5 sweet ligth 24pza(C-pza/1pza)(S-pza/24),futuro
2026-01-11 17:57:16,0.0,Accesorios,Vela de #5 sweet ligth 24pza(C-pza/1pza)(S-pza/24),futuro
2026-01-12 17:57:16,0.0,Accesorios,Vela de #5 sweet ligth 24pza(C-pza/1pza)(S-pza/24),futuro
2026-01-13 17:57:16,0.0,Accesorios,Vela de #5 sweet ligth 24pza(C-pza/1pza)(S-pza/24),futuro
2026-01-14 17:57:16,0.0,Accesorios,Vela de #5 sweet ligth 24pza(C-pza/1pza)(S-pza/24),futuro
2026-01-15 17:57:16,0.0,Accesorios,Vela de #5 sweet ligth 24pza(C-pza/1pza)(S-pza/24),futuro
2026-01-16 17:57:16,0.0,Accesorios,Vela de #5 sweet ligth 24pza(C-pza/1pza)(S-pza/24),futuro
2026-01-17 17:57:16,0.0,Accesorios,Vela de #5 sweet ligth 24pza(C-pza/1pza)(S-pza/24),futuro
2026-01-18 17:57:16,0.0,Accesorios,Vela de #5 sweet ligth 24pza(C-pza/1pza)(S-pza/24),futuro
2026-01-19 17:57:16,0.0,Accesorios,Vela de #5 sweet ligth 24pza(C-pza/1pza)(S-pza/24),futuro
2026-01-20 17:57:16,0.0,Accesorios,Vela de #5 sweet ligth 24pza(C-pza/1pza)(S-pza/24),futuro
2026-01-21 17:57:16,0.0,Accesorios,Vela de #5 sweet ligth 24pza(C-pza/1pza)(S-pza/24),futuro
2026-01-22 17:57:16,0.0,Accesorios,Vela de #5 sweet ligth 24pza(C-pza/1pza)(S-pza/24),futuro
2026-01-23 17:57:16,0.0,Accesorios,Vela de #5 sweet ligth 24pza(C-pza/1pza)(S-pza/24),futuro
2026-01-24 17:57:16,0.0,Accesorios,Vela de #5 sweet ligth 24pza(C-pza/1pza)(S-pza/24),futuro
2026-01-25 17:57:16,0.0,Accesorios,Vela de #5 sweet ligth 24pza(C-pza/1pza)(S-pza/24),futuro
2026-01-26 17:57:16,0.0,Accesorios,Vela de #5 sweet ligth 24pza(C-pza/1pza)(S-pza/24),futuro
2026-01-27 17:57:16,0.0,Accesorios,Vela de #5 sweet ligth 24pza(C-pza/1pza)(S-pza/24),futuro
2026-01-28 17:57:16,0.0,Accesorios,Vela de #5 sweet ligth 24pza(C-pza/1pza)(S-pza/24),futuro
2026-01-29 17:57:16,0.0,Accesorios,Vela de #5 sweet ligth 24pza(C-pza/1pza)(S-pza/24),futuro
2026-01-30 17:57:16,0.0,Accesorios,Vela de #5 sweet ligth 24pza(C-pza/1pza)(S-pza/24),futuro
2026-01-31 17:57:16,0.0,Accesorios,Vela de #5 sweet ligth 24pza(C-pza/1pza)(S-pza/24),futuro
2026-02-01 17:57:16,0.0,Accesorios,Vela de #5 sweet ligth 24pza(C-pza/1pza)(S-pza/24),futuro
2026-02-02 17:57:16,0.0,Accesorios,Vela de #5 sweet ligth 24pza(C-pza/1pza)(S-pza/24),futuro
2026-02-03 17:57:16,0.0,Accesorios,Vela de #5 sweet ligth 24pza(C-pza/1pza)(S-pza/24),futuro
2025-11-02 18:30:20,0.0,Accesorios,Vela de #7 sweet ligth 24pza(C-pza/1pza)(S-pza/24),futuro
2025-11-03 18:30:20,0.0,Accesorios,Vela de #7 sweet ligth 24pza(C-pza/1pza)(S-pza/24),futuro
2025-11-04 18:30:20,0.0,Accesorios,Vela de #7 sweet ligth 24pza(C-pza/1pza)(S-pza/24),futuro
2025-11-05 18:30:20,0.0,Accesorios,Vela de #7 sweet ligth 24pza(C-pza/1pza)(S-pza/24),futuro
2025-11-06 18:30:20,0.0,Accesorios,Vela de #7 sweet ligth 24pza(C-pza/1pza)(S-pza/24),futuro
2025-11-07 18:30:20,0.0,Accesorios,Vela de #7 sweet ligth 24pza(C-pza/1pza)(S-pza/24),futuro
2025-11-08 18:30:20,0.0,Accesorios,Vela de #7 sweet ligth 24pza(C-pza/1pza)(S-pza/24),futuro
2025-11-09 18:30:20,0.0,Accesorios,Vela de #7 sweet ligth 24pza(C-pza/1pza)(S-pza/24),futuro
2025-11-10 18:30:20,0.0,Accesorios,Vela de #7 sweet ligth 24pza(C-pza/1pza)(S-pza/24),futuro
2025-11-11 18:30:20,0.0,Accesorios,Vela de #7 sweet ligth 24pza(C-pza/1pza)(S-pza/24),futuro
2025-11-12 18:30:20,0.0,Accesorios,Vela de #7 sweet ligth 24pza(C-pza/1pza)(S-pza/24),futuro
2025-11-13 18:30:20,0.0,Accesorios,Vela de #7 sweet ligth 24pza(C-pza/1pza)(S-pza/24),futuro
2025-11-14 18:30:20,0.0,Accesorios,Vela de #7 sweet ligth 24pza(C-pza/1pza)(S-pza/24),futuro
2025-11-15 18:30:20,0.0,Accesorios,Vela de #7 sweet ligth 24pza(C-pza/1pza)(S-pza/24),futuro
2025-11-16 18:30:20,0.0,Accesorios,Vela de #7 sweet ligth 24pza(C-pza/1pza)(S-pza/24),futuro
2025-11-17 18:30:20,0.0,Accesorios,Vela de #7 sweet ligth 24pza(C-pza/1pza)(S-pza/24),futuro
2025-11-18 18:30:20,0.0,Accesorios,Vela de #7 sweet ligth 24pza(C-pza/1pza)(S-pza/24),futuro
2025-11-19 18:30:20,0.0,Accesorios,Vela de #7 sweet ligth 24pza(C-pza/1pza)(S-pza/24),futuro
2025-11-20 18:30:20,0.0,Accesorios,Vela de #7 sweet ligth 24pza(C-pza/1pza)(S-pza/24),futuro
2025-11-21 18:30:20,0.0,Accesorios,Vela de #7 sweet ligth 24pza(C-pza/1pza)(S-pza/24),futuro
2025-11-22 18:30:20,0.0,Accesorios,Vela de #7 sweet ligth 24pza(C-pza/1pza)(S-pza/24),futuro
2025-11-23 18:30:20,0.0,Accesorios,Vela de #7 sweet ligth 24pza(C-pza/1pza)(S-pza/24),futuro
2025-11-24 18:30:20,0.0,Accesorios,Vela de #7 sweet ligth 24pza(C-pza/1pza)(S-pza/24),futuro
2025-11-25 18:30:20,0.0,Accesorios,Vela de #7 sweet ligth 24pza(C-pza/1pza)(S-pza/24),futuro
2025-11-26 18:30:20,0.0,Accesorios,Vela de #7 sweet ligth 24pza(C-pza/1pza)(S-pza/24),futuro
2025-11-27 18:30:20,0.0,Accesorios,Vela de #7 sweet ligth 24pza(C-pza/1pza)(S-pza/24),futuro
2025-11-28 18:30:20,0.0,Accesorios,Vela de #7 sweet ligth 24pza(C-pza/1pza)(S-pza/24),futuro
2025-11-29 18:30:20,0.0,Accesorios,Vela de #7 sweet ligth 24pza(C-pza/1pza)(S-pza/24),futuro
2025-11-30 18:30:20,0.0,Accesorios,Vela de #7 sweet ligth 24pza(C-pza/1pza)(S-pza/24),futuro
2025-12-01 18:30:20,0.0,Accesorios,Vela de #7 sweet ligth 24pza(C-pza/1pza)(S-pza/24),futuro
2025-12-02 18:30:20,0.0,Accesorios,Vela de #7 sweet ligth 24pza(C-pza/1pza)(S-pza/24),futuro
2025-12-03 18:30:20,0.0,Accesorios,Vela de #7 sweet ligth 24pza(C-pza/1pza)(S-pza/24),futuro
2025-12-04 18:30:20,0.0,Accesorios,Vela de #7 sweet ligth 24pza(C-pza/1pza)(S-pza/24),futuro
2025-12-05 18:30:20,0.0,Accesorios,Vela de #7 sweet ligth 24pza(C-pza/1pza)(S-pza/24),futuro
2025-12-06 18:30:20,0.0,Accesorios,Vela de #7 sweet ligth 24pza(C-pza/1pza)(S-pza/24),futuro
2025-12-07 18:30:20,0.0,Accesorios,Vela de #7 sweet ligth 24pza(C-pza/1pza)(S-pza/24),futuro
2025-12-08 18:30:20,0.0,Accesorios,Vela de #7 sweet ligth 24pza(C-pza/1pza)(S-pza/24),futuro
2025-12-09 18:30:20,0.0,Accesorios,Vela de #7 sweet ligth 24pza(C-pza/1pza)(S-pza/24),futuro
2025-12-10 18:30:20,0.0,Accesorios,Vela de #7 sweet ligth 24pza(C-pza/1pza)(S-pza/24),futuro
2025-12-11 18:30:20,0.0,Accesorios,Vela de #7 sweet ligth 24pza(C-pza/1pza)(S-pza/24),futuro
2025-12-12 18:30:20,0.0,Accesorios,Vela de #7 sweet ligth 24pza(C-pza/1pza)(S-pza/24),futuro
2025-12-13 18:30:20,0.0,Accesorios,Vela de #7 sweet ligth 24pza(C-pza/1pza)(S-pza/24),futuro
2025-12-14 18:30:20,0.0,Accesorios,Vela de #7 sweet ligth 24pza(C-pza/1pza)(S-pza/24),futuro
2025-12-15 18:30:20,0.0,Accesorios,Vela de #7 sweet ligth 24pza(C-pza/1pza)(S-pza/24),futuro
2025-12-16 18:30:20,0.0,Accesorios,Vela de #7 sweet ligth 24pza(C-pza/1pza)(S-pza/24),futuro
2025-12-17 18:30:20,0.0,Accesorios,Vela de #7 sweet ligth 24pza(C-pza/1pza)(S-pza/24),futuro
2025-12-18 18:30:20,0.0,Accesorios,Vela de #7 sweet ligth 24pza(C-pza/1pza)(S-pza/24),futuro
2025-12-19 18:30:20,0.0,Accesorios,Vela de #7 sweet ligth 24pza(C-pza/1pza)(S-pza/24),futuro
2025-12-20 18:30:20,0.0,Accesorios,Vela de #7 sweet ligth 24pza(C-pza/1pza)(S-pza/24),futuro
2025-12-21 18:30:20,0.0,Accesorios,Vela de #7 sweet ligth 24pza(C-pza/1pza)(S-pza/24),futuro
2025-12-22 18:30:20,0.0,Accesorios,Vela de #7 sweet ligth 24pza(C-pza/1pza)(S-pza/24),futuro
2025-12-23 18:30:20,0.0,Accesorios,Vela de #7 sweet ligth 24pza(C-pza/1pza)(S-pza/24),futuro
2025-12-24 18:30:20,0.0,Accesorios,Vela de #7 sweet ligth 24pza(C-pza/1pza)(S-pza/24),futuro
2025-12-25 18:30:20,0.0,Accesorios,Vela de #7 sweet ligth 24pza(C-pza/1pza)(S-pza/24),futuro
2025-12-26 18:30:20,0.0,Accesorios,Vela de #7 sweet ligth 24pza(C-pza/1pza)(S-pza/24),futuro
2025-12-27 18:30:20,0.0,Accesorios,Vela de #7 sweet ligth 24pza(C-pza/1pza)(S-pza/24),futuro
2025-12-28 18:30:20,0.0,Accesorios,Vela de #7 sweet ligth 24pza(C-pza/1pza)(S-pza/24),futuro
2025-12-29 18:30:20,0.0,Accesorios,Vela de #7 sweet ligth 24pza(C-pza/1pza)(S-pza/24),futuro
2025-12-30 18:30:20,0.0,Accesorios,Vela de #7 sweet ligth 24pza(C-pza/1pza)(S-pza/24),futuro
2025-12-31 18:30:20,0.0,Accesorios,Vela de #7 sweet ligth 24pza(C-pza/1pza)(S-pza/24),futuro
2026-01-01 18:30:20,0.0,Accesorios,Vela de #7 sweet ligth 24pza(C-pza/1pza)(S-pza/24),futuro
2026-01-02 18:30:20,0.0,Accesorios,Vela de #7 sweet ligth 24pza(C-pza/1pza)(S-pza/24),futuro
2026-01-03 18:30:20,0.0,Accesorios,Vela de #7 sweet ligth 24pza(C-pza/1pza)(S-pza/24),futuro
2026-01-04 18:30:20,0.0,Accesorios,Vela de #7 sweet ligth 24pza(C-pza/1pza)(S-pza/24),futuro
2026-01-05 18:30:20,0.0,Accesorios,Vela de #7 sweet ligth 24pza(C-pza/1pza)(S-pza/24),futuro
2026-01-06 18:30:20,0.0,Accesorios,Vela de #7 sweet ligth 24pza(C-pza/1pza)(S-pza/24),futuro
2026-01-07 18:30:20,0.0,Accesorios,Vela de #7 sweet ligth 24pza(C-pza/1pza)(S-pza/24),futuro
2026-01-08 18:30:20,0.0,Accesorios,Vela de #7 sweet ligth 24pza(C-pza/1pza)(S-pza/24),futuro
2026-01-09 18:30:20,0.0,Accesorios,Vela de #7 sweet ligth 24pza(C-pza/1pza)(S-pza/24),futuro
2026-01-10 18:30:20,0.0,Accesorios,Vela de #7 sweet ligth 24pza(C-pza/1pza)(S-pza/24),futuro
2026-01-11 18:30:20,0.0,Accesorios,Vela de #7 sweet ligth 24pza(C-pza/1pza)(S-pza/24),futuro
2026-01-12 18:30:20,0.0,Accesorios,Vela de #7 sweet ligth 24pza(C-pza/1pza)(S-pza/24),futuro
2026-01-13 18:30:20,0.0,Accesorios,Vela de #7 sweet ligth 24pza(C-pza/1pza)(S-pza/24),futuro
2026-01-14 18:30:20,0.0,Accesorios,Vela de #7 sweet ligth 24pza(C-pza/1pza)(S-pza/24),futuro
2026-01-15 18:30:20,0.0,Accesorios,Vela de #7 sweet ligth 24pza(C-pza/1pza)(S-pza/24),futuro
2026-01-16 18:30:20,0.0,Accesorios,Vela de #7 sweet ligth 24pza(C-pza/1pza)(S-pza/24),futuro
2026-01-17 18:30:20,0.0,Accesorios,Vela de #7 sweet ligth 24pza(C-pza/1pza)(S-pza/24),futuro
2026-01-18 18:30:20,0.0,Accesorios,Vela de #7 sweet ligth 24pza(C-pza/1pza)(S-pza/24),futuro
2026-01-19 18:30:20,0.0,Accesorios,Vela de #7 sweet ligth 24pza(C-pza/1pza)(S-pza/24),futuro
2026-01-20 18:30:20,0.0,Accesorios,Vela de #7 sweet ligth 24pza(C-pza/1pza)(S-pza/24),futuro
2026-01-21 18:30:20,0.0,Accesorios,Vela de #7 sweet ligth 24pza(C-pza/1pza)(S-pza/24),futuro
2026-01-22 18:30:20,0.0,Accesorios,Vela de #7 sweet ligth 24pza(C-pza/1pza)(S-pza/24),futuro
2026-01-23 18:30:20,0.0,Accesorios,Vela de #7 sweet ligth 24pza(C-pza/1pza)(S-pza/24),futuro
2026-01-24 18:30:20,0.0,Accesorios,Vela de #7 sweet ligth 24pza(C-pza/1pza)(S-pza/24),futuro
2026-01-25 18:30:20,0.0,Accesorios,Vela de #7 sweet ligth 24pza(C-pza/1pza)(S-pza/24),futuro
2026-01-26 18:30:20,0.0,Accesorios,Vela de #7 sweet ligth 24pza(C-pza/1pza)(S-pza/24),futuro
2026-01-27 18:30:20,0.0,Accesorios,Vela de #7 sweet ligth 24pza(C-pza/1pza)(S-pza/24),futuro
2026-01-28 18:30:20,0.0,Accesorios,Vela de #7 sweet ligth 24pza(C-pza/1pza)(S-pza/24),futuro
2026-01-29 18:30:20,0.0,Accesorios,Vela de #7 sweet ligth 24pza(C-pza/1pza)(S-pza/24),futuro
2026-01-30 18:30:20,0.0,Accesorios,Vela de #7 sweet ligth 24pza(C-pza/1pza)(S-pza/24),futuro
2025-11-04 17:21:27,0.0,Accesorios,Vela de #8 sweet ligth 24pza(C-pza/1pza)(S-pza/24),futuro
2025-11-05 17:21:27,0.0,Accesorios,Vela de #8 sweet ligth 24pza(C-pza/1pza)(S-pza/24),futuro
2025-11-06 17:21:27,0.0,Accesorios,Vela de #8 sweet ligth 24pza(C-pza/1pza)(S-pza/24),futuro
2025-11-07 17:21:27,0.0,Accesorios,Vela de #8 sweet ligth 24pza(C-pza/1pza)(S-pza/24),futuro
2025-11-08 17:21:27,0.0,Accesorios,Vela de #8 sweet ligth 24pza(C-pza/1pza)(S-pza/24),futuro
2025-11-09 17:21:27,0.0,Accesorios,Vela de #8 sweet ligth 24pza(C-pza/1pza)(S-pza/24),futuro
2025-11-10 17:21:27,0.0,Accesorios,Vela de #8 sweet ligth 24pza(C-pza/1pza)(S-pza/24),futuro
2025-11-11 17:21:27,0.0,Accesorios,Vela de #8 sweet ligth 24pza(C-pza/1pza)(S-pza/24),futuro
2025-11-12 17:21:27,0.0,Accesorios,Vela de #8 sweet ligth 24pza(C-pza/1pza)(S-pza/24),futuro
2025-11-13 17:21:27,0.0,Accesorios,Vela de #8 sweet ligth 24pza(C-pza/1pza)(S-pza/24),futuro
2025-11-14 17:21:27,0.0,Accesorios,Vela de #8 sweet ligth 24pza(C-pza/1pza)(S-pza/24),futuro
2025-11-15 17:21:27,0.0,Accesorios,Vela de #8 sweet ligth 24pza(C-pza/1pza)(S-pza/24),futuro
2025-11-16 17:21:27,0.0,Accesorios,Vela de #8 sweet ligth 24pza(C-pza/1pza)(S-pza/24),futuro
2025-11-17 17:21:27,0.0,Accesorios,Vela de #8 sweet ligth 24pza(C-pza/1pza)(S-pza/24),futuro
2025-11-18 17:21:27,0.0,Accesorios,Vela de #8 sweet ligth 24pza(C-pza/1pza)(S-pza/24),futuro
2025-11-19 17:21:27,0.0,Accesorios,Vela de #8 sweet ligth 24pza(C-pza/1pza)(S-pza/24),futuro
2025-11-20 17:21:27,0.0,Accesorios,Vela de #8 sweet ligth 24pza(C-pza/1pza)(S-pza/24),futuro
2025-11-21 17:21:27,0.0,Accesorios,Vela de #8 sweet ligth 24pza(C-pza/1pza)(S-pza/24),futuro
2025-11-22 17:21:27,0.0,Accesorios,Vela de #8 sweet ligth 24pza(C-pza/1pza)(S-pza/24),futuro
2025-11-23 17:21:27,0.0,Accesorios,Vela de #8 sweet ligth 24pza(C-pza/1pza)(S-pza/24),futuro
2025-11-24 17:21:27,0.0,Accesorios,Vela de #8 sweet ligth 24pza(C-pza/1pza)(S-pza/24),futuro
2025-11-25 17:21:27,0.0,Accesorios,Vela de #8 sweet ligth 24pza(C-pza/1pza)(S-pza/24),futuro
2025-11-26 17:21:27,0.0,Accesorios,Vela de #8 sweet ligth 24pza(C-pza/1pza)(S-pza/24),futuro
2025-11-27 17:21:27,0.0,Accesorios,Vela de #8 sweet ligth 24pza(C-pza/1pza)(S-pza/24),futuro
2025-11-28 17:21:27,0.0,Accesorios,Vela de #8 sweet ligth 24pza(C-pza/1pza)(S-pza/24),futuro
2025-11-29 17:21:27,0.0,Accesorios,Vela de #8 sweet ligth 24pza(C-pza/1pza)(S-pza/24),futuro
2025-11-30 17:21:27,0.0,Accesorios,Vela de #8 sweet ligth 24pza(C-pza/1pza)(S-pza/24),futuro
2025-12-01 17:21:27,0.0,Accesorios,Vela de #8 sweet ligth 24pza(C-pza/1pza)(S-pza/24),futuro
2025-12-02 17:21:27,0.0,Accesorios,Vela de #8 sweet ligth 24pza(C-pza/1pza)(S-pza/24),futuro
2025-12-03 17:21:27,0.0,Accesorios,Vela de #8 sweet ligth 24pza(C-pza/1pza)(S-pza/24),futuro
2025-12-04 17:21:27,0.0,Accesorios,Vela de #8 sweet ligth 24pza(C-pza/1pza)(S-pza/24),futuro
2025-12-05 17:21:27,0.0,Accesorios,Vela de #8 sweet ligth 24pza(C-pza/1pza)(S-pza/24),futuro
2025-12-06 17:21:27,0.0,Accesorios,Vela de #8 sweet ligth 24pza(C-pza/1pza)(S-pza/24),futuro
2025-12-07 17:21:27,0.0,Accesorios,Vela de #8 sweet ligth 24pza(C-pza/1pza)(S-pza/24),futuro
2025-12-08 17:21:27,0.0,Accesorios,Vela de #8 sweet ligth 24pza(C-pza/1pza)(S-pza/24),futuro
2025-12-09 17:21:27,0.0,Accesorios,Vela de #8 sweet ligth 24pza(C-pza/1pza)(S-pza/24),futuro
2025-12-10 17:21:27,0.0,Accesorios,Vela de #8 sweet ligth 24pza(C-pza/1pza)(S-pza/24),futuro
2025-12-11 17:21:27,0.0,Accesorios,Vela de #8 sweet ligth 24pza(C-pza/1pza)(S-pza/24),futuro
2025-12-12 17:21:27,0.0,Accesorios,Vela de #8 sweet ligth 24pza(C-pza/1pza)(S-pza/24),futuro
2025-12-13 17:21:27,0.0,Accesorios,Vela de #8 sweet ligth 24pza(C-pza/1pza)(S-pza/24),futuro
2025-12-14 17:21:27,0.0,Accesorios,Vela de #8 sweet ligth 24pza(C-pza/1pza)(S-pza/24),futuro
2025-12-15 17:21:27,0.0,Accesorios,Vela de #8 sweet ligth 24pza(C-pza/1pza)(S-pza/24),futuro
2025-12-16 17:21:27,0.0,Accesorios,Vela de #8 sweet ligth 24pza(C-pza/1pza)(S-pza/24),futuro
2025-12-17 17:21:27,0.0,Accesorios,Vela de #8 sweet ligth 24pza(C-pza/1pza)(S-pza/24),futuro
2025-12-18 17:21:27,0.0,Accesorios,Vela de #8 sweet ligth 24pza(C-pza/1pza)(S-pza/24),futuro
2025-12-19 17:21:27,0.0,Accesorios,Vela de #8 sweet ligth 24pza(C-pza/1pza)(S-pza/24),futuro
2025-12-20 17:21:27,0.0,Accesorios,Vela de #8 sweet ligth 24pza(C-pza/1pza)(S-pza/24),futuro
2025-12-21 17:21:27,0.0,Accesorios,Vela de #8 sweet ligth 24pza(C-pza/1pza)(S-pza/24),futuro
2025-12-22 17:21:27,0.0,Accesorios,Vela de #8 sweet ligth 24pza(C-pza/1pza)(S-pza/24),futuro
2025-12-23 17:21:27,0.0,Accesorios,Vela de #8 sweet ligth 24pza(C-pza/1pza)(S-pza/24),futuro
2025-12-24 17:21:27,0.0,Accesorios,Vela de #8 sweet ligth 24pza(C-pza/1pza)(S-pza/24),futuro
2025-12-25 17:21:27,0.0,Accesorios,Vela de #8 sweet ligth 24pza(C-pza/1pza)(S-pza/24),futuro
2025-12-26 17:21:27,0.0,Accesorios,Vela de #8 sweet ligth 24pza(C-pza/1pza)(S-pza/24),futuro
2025-12-27 17:21:27,0.0,Accesorios,Vela de #8 sweet ligth 24pza(C-pza/1pza)(S-pza/24),futuro
2025-12-28 17:21:27,0.0,Accesorios,Vela de #8 sweet ligth 24pza(C-pza/1pza)(S-pza/24),futuro
2025-12-29 17:21:27,0.0,Accesorios,Vela de #8 sweet ligth 24pza(C-pza/1pza)(S-pza/24),futuro
2025-12-30 17:21:27,0.0,Accesorios,Vela de #8 sweet ligth 24pza(C-pza/1pza)(S-pza/24),futuro
2025-12-31 17:21:27,0.0,Accesorios,Vela de #8 sweet ligth 24pza(C-pza/1pza)(S-pza/24),futuro
2026-01-01 17:21:27,0.0,Accesorios,Vela de #8 sweet ligth 24pza(C-pza/1pza)(S-pza/24),futuro
2026-01-02 17:21:27,0.0,Accesorios,Vela de #8 sweet ligth 24pza(C-pza/1pza)(S-pza/24),futuro
2026-01-03 17:21:27,0.0,Accesorios,Vela de #8 sweet ligth 24pza(C-pza/1pza)(S-pza/24),futuro
2026-01-04 17:21:27,0.0,Accesorios,Vela de #8 sweet ligth 24pza(C-pza/1pza)(S-pza/24),futuro
2026-01-05 17:21:27,0.0,Accesorios,Vela de #8 sweet ligth 24pza(C-pza/1pza)(S-pza/24),futuro
2026-01-06 17:21:27,0.0,Accesorios,Vela de #8 sweet ligth 24pza(C-pza/1pza)(S-pza/24),futuro
2026-01-07 17:21:27,0.0,Accesorios,Vela de #8 sweet ligth 24pza(C-pza/1pza)(S-pza/24),futuro
2026-01-08 17:21:27,0.0,Accesorios,Vela de #8 sweet ligth 24pza(C-pza/1pza)(S-pza/24),futuro
2026-01-09 17:21:27,0.0,Accesorios,Vela de #8 sweet ligth 24pza(C-pza/1pza)(S-pza/24),futuro
2026-01-10 17:21:27,0.0,Accesorios,Vela de #8 sweet ligth 24pza(C-pza/1pza)(S-pza/24),futuro
2026-01-11 17:21:27,0.0,Accesorios,Vela de #8 sweet ligth 24pza(C-pza/1pza)(S-pza/24),futuro
2026-01-12 17:21:27,0.0,Accesorios,Vela de #8 sweet ligth 24pza(C-pza/1pza)(S-pza/24),futuro
2026-01-13 17:21:27,0.0,Accesorios,Vela de #8 sweet ligth 24pza(C-pza/1pza)(S-pza/24),futuro
2026-01-14 17:21:27,0.0,Accesorios,Vela de #8 sweet ligth 24pza(C-pza/1pza)(S-pza/24),futuro
2026-01-15 17:21:27,0.0,Accesorios,Vela de #8 sweet ligth 24pza(C-pza/1pza)(S-pza/24),futuro
2026-01-16 17:21:27,0.0,Accesorios,Vela de #8 sweet ligth 24pza(C-pza/1pza)(S-pza/24),futuro
2026-01-17 17:21:27,0.0,Accesorios,Vela de #8 sweet ligth 24pza(C-pza/1pza)(S-pza/24),futuro
2026-01-18 17:21:27,0.0,Accesorios,Vela de #8 sweet ligth 24pza(C-pza/1pza)(S-pza/24),futuro
2026-01-19 17:21:27,0.0,Accesorios,Vela de #8 sweet ligth 24pza(C-pza/1pza)(S-pza/24),futuro
2026-01-20 17:21:27,0.0,Accesorios,Vela de #8 sweet ligth 24pza(C-pza/1pza)(S-pza/24),futuro
2026-01-21 17:21:27,0.0,Accesorios,Vela de #8 sweet ligth 24pza(C-pza/1pza)(S-pza/24),futuro
2026-01-22 17:21:27,0.0,Accesorios,Vela de #8 sweet ligth 24pza(C-pza/1pza)(S-pza/24),futuro
2026-01-23 17:21:27,0.0,Accesorios,Vela de #8 sweet ligth 24pza(C-pza/1pza)(S-pza/24),futuro
2026-01-24 17:21:27,0.0,Accesorios,Vela de #8 sweet ligth 24pza(C-pza/1pza)(S-pza/24),futuro
2026-01-25 17:21:27,0.0,Accesorios,Vela de #8 sweet ligth 24pza(C-pza/1pza)(S-pza/24),futuro
2026-01-26 17:21:27,0.0,Accesorios,Vela de #8 sweet ligth 24pza(C-pza/1pza)(S-pza/24),futuro
2026-01-27 17:21:27,0.0,Accesorios,Vela de #8 sweet ligth 24pza(C-pza/1pza)(S-pza/24),futuro
2026-01-28 17:21:27,0.0,Accesorios,Vela de #8 sweet ligth 24pza(C-pza/1pza)(S-pza/24),futuro
2026-01-29 17:21:27,0.0,Accesorios,Vela de #8 sweet ligth 24pza(C-pza/1pza)(S-pza/24),futuro
2026-01-30 17:21:27,0.0,Accesorios,Vela de #8 sweet ligth 24pza(C-pza/1pza)(S-pza/24),futuro
2026-01-31 17:21:27,0.0,Accesorios,Vela de #8 sweet ligth 24pza(C-pza/1pza)(S-pza/24),futuro
2026-02-01 17:21:27,0.0,Accesorios,Vela de #8 sweet ligth 24pza(C-pza/1pza)(S-pza/24),futuro
2025-11-05 16:59:50,0.0,Accesorios,Vela de ? sweet ligth 24pza(C-pza/1pza)(S-pza/24),futuro
2025-11-06 16:59:50,0.0,Accesorios,Vela de ? sweet ligth 24pza(C-pza/1pza)(S-pza/24),futuro
2025-11-07 16:59:50,0.0,Accesorios,Vela de ? sweet ligth 24pza(C-pza/1pza)(S-pza/24),futuro
2025-11-08 16:59:50,0.0,Accesorios,Vela de ? sweet ligth 24pza(C-pza/1pza)(S-pza/24),futuro
2025-11-09 16:59:50,0.0,Accesorios,Vela de ? sweet ligth 24pza(C-pza/1pza)(S-pza/24),futuro
2025-11-10 16:59:50,0.0,Accesorios,Vela de ? sweet ligth 24pza(C-pza/1pza)(S-pza/24),futuro
2025-11-11 16:59:50,0.0,Accesorios,Vela de ? sweet ligth 24pza(C-pza/1pza)(S-pza/24),futuro
2025-11-12 16:59:50,0.0,Accesorios,Vela de ? sweet ligth 24pza(C-pza/1pza)(S-pza/24),futuro
2025-11-13 16:59:50,0.0,Accesorios,Vela de ? sweet ligth 24pza(C-pza/1pza)(S-pza/24),futuro
2025-11-14 16:59:50,0.0,Accesorios,Vela de ? sweet ligth 24pza(C-pza/1pza)(S-pza/24),futuro
2025-11-15 16:59:50,0.0,Accesorios,Vela de ? sweet ligth 24pza(C-pza/1pza)(S-pza/24),futuro
2025-11-16 16:59:50,0.0,Accesorios,Vela de ? sweet ligth 24pza(C-pza/1pza)(S-pza/24),futuro
2025-11-17 16:59:50,0.0,Accesorios,Vela de ? sweet ligth 24pza(C-pza/1pza)(S-pza/24),futuro
2025-11-18 16:59:50,0.0,Accesorios,Vela de ? sweet ligth 24pza(C-pza/1pza)(S-pza/24),futuro
2025-11-19 16:59:50,0.0,Accesorios,Vela de ? sweet ligth 24pza(C-pza/1pza)(S-pza/24),futuro
2025-11-20 16:59:50,0.0,Accesorios,Vela de ? sweet ligth 24pza(C-pza/1pza)(S-pza/24),futuro
2025-11-21 16:59:50,0.0,Accesorios,Vela de ? sweet ligth 24pza(C-pza/1pza)(S-pza/24),futuro
2025-11-22 16:59:50,0.0,Accesorios,Vela de ? sweet ligth 24pza(C-pza/1pza)(S-pza/24),futuro
2025-11-23 16:59:50,0.0,Accesorios,Vela de ? sweet ligth 24pza(C-pza/1pza)(S-pza/24),futuro
2025-11-24 16:59:50,0.0,Accesorios,Vela de ? sweet ligth 24pza(C-pza/1pza)(S-pza/24),futuro
2025-11-25 16:59:50,0.0,Accesorios,Vela de ? sweet ligth 24pza(C-pza/1pza)(S-pza/24),futuro
2025-11-26 16:59:50,0.0,Accesorios,Vela de ? sweet ligth 24pza(C-pza/1pza)(S-pza/24),futuro
2025-11-27 16:59:50,0.0,Accesorios,Vela de ? sweet ligth 24pza(C-pza/1pza)(S-pza/24),futuro
2025-11-28 16:59:50,0.0,Accesorios,Vela de ? sweet ligth 24pza(C-pza/1pza)(S-pza/24),futuro
2025-11-29 16:59:50,0.0,Accesorios,Vela de ? sweet ligth 24pza(C-pza/1pza)(S-pza/24),futuro
2025-11-30 16:59:50,0.0,Accesorios,Vela de ? sweet ligth 24pza(C-pza/1pza)(S-pza/24),futuro
2025-12-01 16:59:50,0.0,Accesorios,Vela de ? sweet ligth 24pza(C-pza/1pza)(S-pza/24),futuro
2025-12-02 16:59:50,0.0,Accesorios,Vela de ? sweet ligth 24pza(C-pza/1pza)(S-pza/24),futuro
2025-12-03 16:59:50,0.0,Accesorios,Vela de ? sweet ligth 24pza(C-pza/1pza)(S-pza/24),futuro
2025-12-04 16:59:50,0.0,Accesorios,Vela de ? sweet ligth 24pza(C-pza/1pza)(S-pza/24),futuro
2025-12-05 16:59:50,0.0,Accesorios,Vela de ? sweet ligth 24pza(C-pza/1pza)(S-pza/24),futuro
2025-12-06 16:59:50,0.0,Accesorios,Vela de ? sweet ligth 24pza(C-pza/1pza)(S-pza/24),futuro
2025-12-07 16:59:50,0.0,Accesorios,Vela de ? sweet ligth 24pza(C-pza/1pza)(S-pza/24),futuro
2025-12-08 16:59:50,0.0,Accesorios,Vela de ? sweet ligth 24pza(C-pza/1pza)(S-pza/24),futuro
2025-12-09 16:59:50,0.0,Accesorios,Vela de ? sweet ligth 24pza(C-pza/1pza)(S-pza/24),futuro
2025-12-10 16:59:50,0.0,Accesorios,Vela de ? sweet ligth 24pza(C-pza/1pza)(S-pza/24),futuro
2025-12-11 16:59:50,0.0,Accesorios,Vela de ? sweet ligth 24pza(C-pza/1pza)(S-pza/24),futuro
2025-12-12 16:59:50,0.0,Accesorios,Vela de ? sweet ligth 24pza(C-pza/1pza)(S-pza/24),futuro
2025-12-13 16:59:50,0.0,Accesorios,Vela de ? sweet ligth 24pza(C-pza/1pza)(S-pza/24),futuro
2025-12-14 16:59:50,0.0,Accesorios,Vela de ? sweet ligth 24pza(C-pza/1pza)(S-pza/24),futuro
2025-12-15 16:59:50,0.0,Accesorios,Vela de ? sweet ligth 24pza(C-pza/1pza)(S-pza/24),futuro
2025-12-16 16:59:50,0.0,Accesorios,Vela de ? sweet ligth 24pza(C-pza/1pza)(S-pza/24),futuro
2025-12-17 16:59:50,0.0,Accesorios,Vela de ? sweet ligth 24pza(C-pza/1pza)(S-pza/24),futuro
2025-12-18 16:59:50,0.0,Accesorios,Vela de ? sweet ligth 24pza(C-pza/1pza)(S-pza/24),futuro
2025-12-19 16:59:50,0.0,Accesorios,Vela de ? sweet ligth 24pza(C-pza/1pza)(S-pza/24),futuro
2025-12-20 16:59:50,0.0,Accesorios,Vela de ? sweet ligth 24pza(C-pza/1pza)(S-pza/24),futuro
2025-12-21 16:59:50,0.0,Accesorios,Vela de ? sweet ligth 24pza(C-pza/1pza)(S-pza/24),futuro
2025-12-22 16:59:50,0.0,Accesorios,Vela de ? sweet ligth 24pza(C-pza/1pza)(S-pza/24),futuro
2025-12-23 16:59:50,0.0,Accesorios,Vela de ? sweet ligth 24pza(C-pza/1pza)(S-pza/24),futuro
2025-12-24 16:59:50,0.0,Accesorios,Vela de ? sweet ligth 24pza(C-pza/1pza)(S-pza/24),futuro
2025-12-25 16:59:50,0.0,Accesorios,Vela de ? sweet ligth 24pza(C-pza/1pza)(S-pza/24),futuro
2025-12-26 16:59:50,0.0,Accesorios,Vela de ? sweet ligth 24pza(C-pza/1pza)(S-pza/24),futuro
2025-12-27 16:59:50,0.0,Accesorios,Vela de ? sweet ligth 24pza(C-pza/1pza)(S-pza/24),futuro
2025-12-28 16:59:50,0.0,Accesorios,Vela de ? sweet ligth 24pza(C-pza/1pza)(S-pza/24),futuro
2025-12-29 16:59:50,0.0,Accesorios,Vela de ? sweet ligth 24pza(C-pza/1pza)(S-pza/24),futuro
2025-12-30 16:59:50,0.0,Accesorios,Vela de ? sweet ligth 24pza(C-pza/1pza)(S-pza/24),futuro
2025-12-31 16:59:50,0.0,Accesorios,Vela de ? sweet ligth 24pza(C-pza/1pza)(S-pza/24),futuro
2026-01-01 16:59:50,0.0,Accesorios,Vela de ? sweet ligth 24pza(C-pza/1pza)(S-pza/24),futuro
2026-01-02 16:59:50,0.0,Accesorios,Vela de ? sweet ligth 24pza(C-pza/1pza)(S-pza/24),futuro
2026-01-03 16:59:50,0.0,Accesorios,Vela de ? sweet ligth 24pza(C-pza/1pza)(S-pza/24),futuro
2026-01-04 16:59:50,0.0,Accesorios,Vela de ? sweet ligth 24pza(C-pza/1pza)(S-pza/24),futuro
2026-01-05 16:59:50,0.0,Accesorios,Vela de ? sweet ligth 24pza(C-pza/1pza)(S-pza/24),futuro
2026-01-06 16:59:50,0.0,Accesorios,Vela de ? sweet ligth 24pza(C-pza/1pza)(S-pza/24),futuro
2026-01-07 16:59:50,0.0,Accesorios,Vela de ? sweet ligth 24pza(C-pza/1pza)(S-pza/24),futuro
2026-01-08 16:59:50,0.0,Accesorios,Vela de ? sweet ligth 24pza(C-pza/1pza)(S-pza/24),futuro
2026-01-09 16:59:50,0.0,Accesorios,Vela de ? sweet ligth 24pza(C-pza/1pza)(S-pza/24),futuro
2026-01-10 16:59:50,0.0,Accesorios,Vela de ? sweet ligth 24pza(C-pza/1pza)(S-pza/24),futuro
2026-01-11 16:59:50,0.0,Accesorios,Vela de ? sweet ligth 24pza(C-pza/1pza)(S-pza/24),futuro
2026-01-12 16:59:50,0.0,Accesorios,Vela de ? sweet ligth 24pza(C-pza/1pza)(S-pza/24),futuro
2026-01-13 16:59:50,0.0,Accesorios,Vela de ? sweet ligth 24pza(C-pza/1pza)(S-pza/24),futuro
2026-01-14 16:59:50,0.0,Accesorios,Vela de ? sweet ligth 24pza(C-pza/1pza)(S-pza/24),futuro
2026-01-15 16:59:50,0.0,Accesorios,Vela de ? sweet ligth 24pza(C-pza/1pza)(S-pza/24),futuro
2026-01-16 16:59:50,0.0,Accesorios,Vela de ? sweet ligth 24pza(C-pza/1pza)(S-pza/24),futuro
2026-01-17 16:59:50,0.0,Accesorios,Vela de ? sweet ligth 24pza(C-pza/1pza)(S-pza/24),futuro
2026-01-18 16:59:50,0.0,Accesorios,Vela de ? sweet ligth 24pza(C-pza/1pza)(S-pza/24),futuro
2026-01-19 16:59:50,0.0,Accesorios,Vela de ? sweet ligth 24pza(C-pza/1pza)(S-pza/24),futuro
2026-01-20 16:59:50,0.0,Accesorios,Vela de ? sweet ligth 24pza(C-pza/1pza)(S-pza/24),futuro
2026-01-21 16:59:50,0.0,Accesorios,Vela de ? sweet ligth 24pza(C-pza/1pza)(S-pza/24),futuro
2026-01-22 16:59:50,0.0,Accesorios,Vela de ? sweet ligth 24pza(C-pza/1pza)(S-pza/24),futuro
2026-01-23 16:59:50,0.0,Accesorios,Vela de ? sweet ligth 24pza(C-pza/1pza)(S-pza/24),futuro
2026-01-24 16:59:50,0.0,Accesorios,Vela de ? sweet ligth 24pza(C-pza/1pza)(S-pza/24),futuro
2026-01-25 16:59:50,0.0,Accesorios,Vela de ? sweet ligth 24pza(C-pza/1pza)(S-pza/24),futuro
2026-01-26 16:59:50,0.0,Accesorios,Vela de ? sweet ligth 24pza(C-pza/1pza)(S-pza/24),futuro
2026-01-27 16:59:50,0.0,Accesorios,Vela de ? sweet ligth 24pza(C-pza/1pza)(S-pza/24),futuro
2026-01-28 16:59:50,0.0,Accesorios,Vela de ? sweet ligth 24pza(C-pza/1pza)(S-pza/24),futuro
2026-01-29 16:59:50,0.0,Accesorios,Vela de ? sweet ligth 24pza(C-pza/1pza)(S-pza/24),futuro
2026-01-30 16:59:50,0.0,Accesorios,Vela de ? sweet ligth 24pza(C-pza/1pza)(S-pza/24),futuro
2026-01-31 16:59:50,0.0,Accesorios,Vela de ? sweet ligth 24pza(C-pza/1pza)(S-pza/24),futuro
2026-02-01 16:59:50,0.0,Accesorios,Vela de ? sweet ligth 24pza(C-pza/1pza)(S-pza/24),futuro
2026-02-02 16:59:50,0.0,Accesorios,Vela de ? sweet ligth 24pza(C-pza/1pza)(S-pza/24),futuro
2025-10-21 16:54:10,0.0,Accesorios,Vela mágica de colores 24pza(C-pza/1pza)(S-pza/24),futuro
2025-10-22 16:54:10,0.0,Accesorios,Vela mágica de colores 24pza(C-pza/1pza)(S-pza/24),futuro
2025-10-23 16:54:10,0.0,Accesorios,Vela mágica de colores 24pza(C-pza/1pza)(S-pza/24),futuro
2025-10-24 16:54:10,0.0,Accesorios,Vela mágica de colores 24pza(C-pza/1pza)(S-pza/24),futuro
2025-10-25 16:54:10,0.0,Accesorios,Vela mágica de colores 24pza(C-pza/1pza)(S-pza/24),futuro
2025-10-26 16:54:10,0.0,Accesorios,Vela mágica de colores 24pza(C-pza/1pza)(S-pza/24),futuro
2025-10-27 16:54:10,0.0,Accesorios,Vela mágica de colores 24pza(C-pza/1pza)(S-pza/24),futuro
2025-10-28 16:54:10,0.0,Accesorios,Vela mágica de colores 24pza(C-pza/1pza)(S-pza/24),futuro
2025-10-29 16:54:10,0.0,Accesorios,Vela mágica de colores 24pza(C-pza/1pza)(S-pza/24),futuro
2025-10-30 16:54:10,0.0,Accesorios,Vela mágica de colores 24pza(C-pza/1pza)(S-pza/24),futuro
2025-10-31 16:54:10,0.0,Accesorios,Vela mágica de colores 24pza(C-pza/1pza)(S-pza/24),futuro
2025-11-01 16:54:10,0.0,Accesorios,Vela mágica de colores 24pza(C-pza/1pza)(S-pza/24),futuro
2025-11-02 16:54:10,0.0,Accesorios,Vela mágica de colores 24pza(C-pza/1pza)(S-pza/24),futuro
2025-11-03 16:54:10,0.0,Accesorios,Vela mágica de colores 24pza(C-pza/1pza)(S-pza/24),futuro
2025-11-04 16:54:10,0.0,Accesorios,Vela mágica de colores 24pza(C-pza/1pza)(S-pza/24),futuro
2025-11-05 16:54:10,0.0,Accesorios,Vela mágica de colores 24pza(C-pza/1pza)(S-pza/24),futuro
2025-11-06 16:54:10,0.0,Accesorios,Vela mágica de colores 24pza(C-pza/1pza)(S-pza/24),futuro
2025-11-07 16:54:10,0.0,Accesorios,Vela mágica de colores 24pza(C-pza/1pza)(S-pza/24),futuro
2025-11-08 16:54:10,0.0,Accesorios,Vela mágica de colores 24pza(C-pza/1pza)(S-pza/24),futuro
2025-11-09 16:54:10,0.0,Accesorios,Vela mágica de colores 24pza(C-pza/1pza)(S-pza/24),futuro
2025-11-10 16:54:10,0.0,Accesorios,Vela mágica de colores 24pza(C-pza/1pza)(S-pza/24),futuro
2025-11-11 16:54:10,0.0,Accesorios,Vela mágica de colores 24pza(C-pza/1pza)(S-pza/24),futuro
2025-11-12 16:54:10,0.0,Accesorios,Vela mágica de colores 24pza(C-pza/1pza)(S-pza/24),futuro
2025-11-13 16:54:10,0.0,Accesorios,Vela mágica de colores 24pza(C-pza/1pza)(S-pza/24),futuro
2025-11-14 16:54:10,0.0,Accesorios,Vela mágica de colores 24pza(C-pza/1pza)(S-pza/24),futuro
2025-11-15 16:54:10,0.0,Accesorios,Vela mágica de colores 24pza(C-pza/1pza)(S-pza/24),futuro
2025-11-16 16:54:10,0.0,Accesorios,Vela mágica de colores 24pza(C-pza/1pza)(S-pza/24),futuro
2025-11-17 16:54:10,0.0,Accesorios,Vela mágica de colores 24pza(C-pza/1pza)(S-pza/24),futuro
2025-11-18 16:54:10,0.0,Accesorios,Vela mágica de colores 24pza(C-pza/1pza)(S-pza/24),futuro
2025-11-19 16:54:10,0.0,Accesorios,Vela mágica de colores 24pza(C-pza/1pza)(S-pza/24),futuro
2025-11-20 16:54:10,0.0,Accesorios,Vela mágica de colores 24pza(C-pza/1pza)(S-pza/24),futuro
2025-11-21 16:54:10,0.0,Accesorios,Vela mágica de colores 24pza(C-pza/1pza)(S-pza/24),futuro
2025-11-22 16:54:10,0.0,Accesorios,Vela mágica de colores 24pza(C-pza/1pza)(S-pza/24),futuro
2025-11-23 16:54:10,0.0,Accesorios,Vela mágica de colores 24pza(C-pza/1pza)(S-pza/24),futuro
2025-11-24 16:54:10,0.0,Accesorios,Vela mágica de colores 24pza(C-pza/1pza)(S-pza/24),futuro
2025-11-25 16:54:10,0.0,Accesorios,Vela mágica de colores 24pza(C-pza/1pza)(S-pza/24),futuro
2025-11-26 16:54:10,0.0,Accesorios,Vela mágica de colores 24pza(C-pza/1pza)(S-pza/24),futuro
2025-11-27 16:54:10,0.0,Accesorios,Vela mágica de colores 24pza(C-pza/1pza)(S-pza/24),futuro
2025-11-28 16:54:10,0.0,Accesorios,Vela mágica de colores 24pza(C-pza/1pza)(S-pza/24),futuro
2025-11-29 16:54:10,0.0,Accesorios,Vela mágica de colores 24pza(C-pza/1pza)(S-pza/24),futuro
2025-11-30 16:54:10,0.0,Accesorios,Vela mágica de colores 24pza(C-pza/1pza)(S-pza/24),futuro
2025-12-01 16:54:10,0.0,Accesorios,Vela mágica de colores 24pza(C-pza/1pza)(S-pza/24),futuro
2025-12-02 16:54:10,0.0,Accesorios,Vela mágica de colores 24pza(C-pza/1pza)(S-pza/24),futuro
2025-12-03 16:54:10,0.0,Accesorios,Vela mágica de colores 24pza(C-pza/1pza)(S-pza/24),futuro
2025-12-04 16:54:10,0.0,Accesorios,Vela mágica de colores 24pza(C-pza/1pza)(S-pza/24),futuro
2025-12-05 16:54:10,0.0,Accesorios,Vela mágica de colores 24pza(C-pza/1pza)(S-pza/24),futuro
2025-12-06 16:54:10,0.0,Accesorios,Vela mágica de colores 24pza(C-pza/1pza)(S-pza/24),futuro
2025-12-07 16:54:10,0.0,Accesorios,Vela mágica de colores 24pza(C-pza/1pza)(S-pza/24),futuro
2025-12-08 16:54:10,0.0,Accesorios,Vela mágica de colores 24pza(C-pza/1pza)(S-pza/24),futuro
2025-12-09 16:54:10,0.0,Accesorios,Vela mágica de colores 24pza(C-pza/1pza)(S-pza/24),futuro
2025-12-10 16:54:10,0.0,Accesorios,Vela mágica de colores 24pza(C-pza/1pza)(S-pza/24),futuro
2025-12-11 16:54:10,0.0,Accesorios,Vela mágica de colores 24pza(C-pza/1pza)(S-pza/24),futuro
2025-12-12 16:54:10,0.0,Accesorios,Vela mágica de colores 24pza(C-pza/1pza)(S-pza/24),futuro
2025-12-13 16:54:10,0.0,Accesorios,Vela mágica de colores 24pza(C-pza/1pza)(S-pza/24),futuro
2025-12-14 16:54:10,0.0,Accesorios,Vela mágica de colores 24pza(C-pza/1pza)(S-pza/24),futuro
2025-12-15 16:54:10,0.0,Accesorios,Vela mágica de colores 24pza(C-pza/1pza)(S-pza/24),futuro
2025-12-16 16:54:10,0.0,Accesorios,Vela mágica de colores 24pza(C-pza/1pza)(S-pza/24),futuro
2025-12-17 16:54:10,0.0,Accesorios,Vela mágica de colores 24pza(C-pza/1pza)(S-pza/24),futuro
2025-12-18 16:54:10,0.0,Accesorios,Vela mágica de colores 24pza(C-pza/1pza)(S-pza/24),futuro
2025-12-19 16:54:10,0.0,Accesorios,Vela mágica de colores 24pza(C-pza/1pza)(S-pza/24),futuro
2025-12-20 16:54:10,0.0,Accesorios,Vela mágica de colores 24pza(C-pza/1pza)(S-pza/24),futuro
2025-12-21 16:54:10,0.0,Accesorios,Vela mágica de colores 24pza(C-pza/1pza)(S-pza/24),futuro
2025-12-22 16:54:10,0.0,Accesorios,Vela mágica de colores 24pza(C-pza/1pza)(S-pza/24),futuro
2025-12-23 16:54:10,0.0,Accesorios,Vela mágica de colores 24pza(C-pza/1pza)(S-pza/24),futuro
2025-12-24 16:54:10,0.0,Accesorios,Vela mágica de colores 24pza(C-pza/1pza)(S-pza/24),futuro
2025-12-25 16:54:10,0.0,Accesorios,Vela mágica de colores 24pza(C-pza/1pza)(S-pza/24),futuro
2025-12-26 16:54:10,0.0,Accesorios,Vela mágica de colores 24pza(C-pza/1pza)(S-pza/24),futuro
2025-12-27 16:54:10,0.0,Accesorios,Vela mágica de colores 24pza(C-pza/1pza)(S-pza/24),futuro
2025-12-28 16:54:10,0.0,Accesorios,Vela mágica de colores 24pza(C-pza/1pza)(S-pza/24),futuro
2025-12-29 16:54:10,0.0,Accesorios,Vela mágica de colores 24pza(C-pza/1pza)(S-pza/24),futuro
2025-12-30 16:54:10,0.0,Accesorios,Vela mágica de colores 24pza(C-pza/1pza)(S-pza/24),futuro
2025-12-31 16:54:10,0.0,Accesorios,Vela mágica de colores 24pza(C-pza/1pza)(S-pza/24),futuro
2026-01-01 16:54:10,0.0,Accesorios,Vela mágica de colores 24pza(C-pza/1pza)(S-pza/24),futuro
2026-01-02 16:54:10,0.0,Accesorios,Vela mágica de colores 24pza(C-pza/1pza)(S-pza/24),futuro
2026-01-03 16:54:10,0.0,Accesorios,Vela mágica de colores 24pza(C-pza/1pza)(S-pza/24),futuro
2026-01-04 16:54:10,0.0,Accesorios,Vela mágica de colores 24pza(C-pza/1pza)(S-pza/24),futuro
2026-01-05 16:54:10,0.0,Accesorios,Vela mágica de colores 24pza(C-pza/1pza)(S-pza/24),futuro
2026-01-06 16:54:10,0.0,Accesorios,Vela mágica de colores 24pza(C-pza/1pza)(S-pza/24),futuro
2026-01-07 16:54:10,0.0,Accesorios,Vela mágica de colores 24pza(C-pza/1pza)(S-pza/24),futuro
2026-01-08 16:54:10,0.0,Accesorios,Vela mágica de colores 24pza(C-pza/1pza)(S-pza/24),futuro
2026-01-09 16:54:10,0.0,Accesorios,Vela mágica de colores 24pza(C-pza/1pza)(S-pza/24),futuro
2026-01-10 16:54:10,0.0,Accesorios,Vela mágica de colores 24pza(C-pza/1pza)(S-pza/24),futuro
2026-01-11 16:54:10,0.0,Accesorios,Vela mágica de colores 24pza(C-pza/1pza)(S-pza/24),futuro
2026-01-12 16:54:10,0.0,Accesorios,Vela mágica de colores 24pza(C-pza/1pza)(S-pza/24),futuro
2026-01-13 16:54:10,0.0,Accesorios,Vela mágica de colores 24pza(C-pza/1pza)(S-pza/24),futuro
2026-01-14 16:54:10,0.0,Accesorios,Vela mágica de colores 24pza(C-pza/1pza)(S-pza/24),futuro
2026-01-15 16:54:10,0.0,Accesorios,Vela mágica de colores 24pza(C-pza/1pza)(S-pza/24),futuro
2026-01-16 16:54:10,0.0,Accesorios,Vela mágica de colores 24pza(C-pza/1pza)(S-pza/24),futuro
2026-01-17 16:54:10,0.0,Accesorios,Vela mágica de colores 24pza(C-pza/1pza)(S-pza/24),futuro
2026-01-18 16:54:10,0.0,Accesorios,Vela mágica de colores 24pza(C-pza/1pza)(S-pza/24),futuro
2025-11-07 12:32:04,0.0,Accesorios,Vela pillin mensaje,futuro
2025-11-08 12:32:04,0.0,Accesorios,Vela pillin mensaje,futuro
2025-11-09 12:32:04,0.0,Accesorios,Vela pillin mensaje,futuro
2025-11-10 12:32:04,0.0,Accesorios,Vela pillin mensaje,futuro
2025-11-11 12:32:04,0.0,Accesorios,Vela pillin mensaje,futuro
2025-11-12 12:32:04,0.0,Accesorios,Vela pillin mensaje,futuro
2025-11-13 12:32:04,0.0,Accesorios,Vela pillin mensaje,futuro
2025-11-14 12:32:04,0.0,Accesorios,Vela pillin mensaje,futuro
2025-11-15 12:32:04,0.0,Accesorios,Vela pillin mensaje,futuro
2025-11-16 12:32:04,0.0,Accesorios,Vela pillin mensaje,futuro
2025-11-17 12:32:04,0.0,Accesorios,Vela pillin mensaje,futuro
2025-11-18 12:32:04,0.0,Accesorios,Vela pillin mensaje,futuro
2025-11-19 12:32:04,0.0,Accesorios,Vela pillin mensaje,futuro
2025-11-20 12:32:04,0.0,Accesorios,Vela pillin mensaje,futuro
2025-11-21 12:32:04,0.0,Accesorios,Vela pillin mensaje,futuro
2025-11-22 12:32:04,0.0,Accesorios,Vela pillin mensaje,futuro
2025-11-23 12:32:04,0.0,Accesorios,Vela pillin mensaje,futuro
2025-11-24 12:32:04,0.0,Accesorios,Vela pillin mensaje,futuro
2025-11-25 12:32:04,0.0,Accesorios,Vela pillin mensaje,futuro
2025-11-26 12:32:04,0.0,Accesorios,Vela pillin mensaje,futuro
2025-11-27 12:32:04,0.0,Accesorios,Vela pillin mensaje,futuro
2025-11-28 12:32:04,0.0,Accesorios,Vela pillin mensaje,futuro
2025-11-29 12:32:04,0.0,Accesorios,Vela pillin mensaje,futuro
2025-11-30 12:32:04,0.0,Accesorios,Vela pillin mensaje,futuro
2025-12-01 12:32:04,0.0,Accesorios,Vela pillin mensaje,futuro
2025-12-02 12:32:04,0.0,Accesorios,Vela pillin mensaje,futuro
2025-12-03 12:32:04,0.0,Accesorios,Vela pillin mensaje,futuro
2025-12-04 12:32:04,0.0,Accesorios,Vela pillin mensaje,futuro
2025-12-05 12:32:04,0.0,Accesorios,Vela pillin mensaje,futuro
2025-12-06 12:32:04,0.0,Accesorios,Vela pillin mensaje,futuro
2025-12-07 12:32:04,0.0,Accesorios,Vela pillin mensaje,futuro
2025-12-08 12:32:04,0.0,Accesorios,Vela pillin mensaje,futuro
2025-12-09 12:32:04,0.0,Accesorios,Vela pillin mensaje,futuro
2025-12-10 12:32:04,0.0,Accesorios,Vela pillin mensaje,futuro
2025-12-11 12:32:04,0.0,Accesorios,Vela pillin mensaje,futuro
2025-12-12 12:32:04,0.0,Accesorios,Vela pillin mensaje,futuro
2025-12-13 12:32:04,0.0,Accesorios,Vela pillin mensaje,futuro
2025-12-14 12:32:04,0.0,Accesorios,Vela pillin mensaje,futuro
2025-12-15 12:32:04,0.0,Accesorios,Vela pillin mensaje,futuro
2025-12-16 12:32:04,0.0,Accesorios,Vela pillin mensaje,futuro
2025-12-17 12:32:04,0.0,Accesorios,Vela pillin mensaje,futuro
2025-12-18 12:32:04,0.0,Accesorios,Vela pillin mensaje,futuro
2025-12-19 12:32:04,0.0,Accesorios,Vela pillin mensaje,futuro
2025-12-20 12:32:04,0.0,Accesorios,Vela pillin mensaje,futuro
2025-12-21 12:32:04,0.0,Accesorios,Vela pillin mensaje,futuro
2025-12-22 12:32:04,0.0,Accesorios,Vela pillin mensaje,futuro
2025-12-23 12:32:04,0.0,Accesorios,Vela pillin mensaje,futuro
2025-12-24 12:32:04,0.0,Accesorios,Vela pillin mensaje,futuro
2025-12-25 12:32:04,0.0,Accesorios,Vela pillin mensaje,futuro
2025-12-26 12:32:04,0.0,Accesorios,Vela pillin mensaje,futuro
2025-12-27 12:32:04,0.0,Accesorios,Vela pillin mensaje,futuro
2025-12-28 12:32:04,0.0,Accesorios,Vela pillin mensaje,futuro
2025-12-29 12:32:04,0.0,Accesorios,Vela pillin mensaje,futuro
2025-12-30 12:32:04,0.0,Accesorios,Vela pillin mensaje,futuro
2025-12-31 12:32:04,0.0,Accesorios,Vela pillin mensaje,futuro
2026-01-01 12:32:04,0.0,Accesorios,Vela pillin mensaje,futuro
2026-01-02 12:32:04,0.0,Accesorios,Vela pillin mensaje,futuro
2026-01-03 12:32:04,0.0,Accesorios,Vela pillin mensaje,futuro
2026-01-04 12:32:04,0.0,Accesorios,Vela pillin mensaje,futuro
2026-01-05 12:32:04,0.0,Accesorios,Vela pillin mensaje,futuro
2026-01-06 12:32:04,0.0,Accesorios,Vela pillin mensaje,futuro
2026-01-07 12:32:04,0.0,Accesorios,Vela pillin mensaje,futuro
2026-01-08 12:32:04,0.0,Accesorios,Vela pillin mensaje,futuro
2026-01-09 12:32:04,0.0,Accesorios,Vela pillin mensaje,futuro
2026-01-10 12:32:04,0.0,Accesorios,Vela pillin mensaje,futuro
2026-01-11 12:32:04,0.0,Accesorios,Vela pillin mensaje,futuro
2026-01-12 12:32:04,0.0,Accesorios,Vela pillin mensaje,futuro
2026-01-13 12:32:04,0.0,Accesorios,Vela pillin mensaje,futuro
2026-01-14 12:32:04,0.0,Accesorios,Vela pillin mensaje,futuro
2026-01-15 12:32:04,0.0,Accesorios,Vela pillin mensaje,futuro
2026-01-16 12:32:04,0.0,Accesorios,Vela pillin mensaje,futuro
2026-01-17 12:32:04,0.0,Accesorios,Vela pillin mensaje,futuro
2026-01-18 12:32:04,0.0,Accesorios,Vela pillin mensaje,futuro
2026-01-19 12:32:04,0.0,Accesorios,Vela pillin mensaje,futuro
2026-01-20 12:32:04,0.0,Accesorios,Vela pillin mensaje,futuro
2026-01-21 12:32:04,0.0,Accesorios,Vela pillin mensaje,futuro
2026-01-22 12:32:04,0.0,Accesorios,Vela pillin mensaje,futuro
2026-01-23 12:32:04,0.0,Accesorios,Vela pillin mensaje,futuro
2026-01-24 12:32:04,0.0,Accesorios,Vela pillin mensaje,futuro
2026-01-25 12:32:04,0.0,Accesorios,Vela pillin mensaje,futuro
2026-01-26 12:32:04,0.0,Accesorios,Vela pillin mensaje,futuro
2026-01-27 12:32:04,0.0,Accesorios,Vela pillin mensaje,futuro
2026-01-28 12:32:04,0.0,Accesorios,Vela pillin mensaje,futuro
2026-01-29 12:32:04,0.0,Accesorios,Vela pillin mensaje,futuro
2026-01-30 12:32:04,0.0,Accesorios,Vela pillin mensaje,futuro
2026-01-31 12:32:04,0.0,Accesorios,Vela pillin mensaje,futuro
2026-02-01 12:32:04,0.0,Accesorios,Vela pillin mensaje,futuro
2026-02-02 12:32:04,0.0,Accesorios,Vela pillin mensaje,futuro
2026-02-03 12:32:04,0.0,Accesorios,Vela pillin mensaje,futuro
2026-02-04 12:32:04,0.0,Accesorios,Vela pillin mensaje,futuro
2025-11-07 10:42:05,0.0,Accesorios,Vela sparkles plata y colores(C-Caja 100)(S-pza),futuro
2025-11-08 10:42:05,0.0,Accesorios,Vela sparkles plata y colores(C-Caja 100)(S-pza),futuro
2025-11-09 10:42:05,0.0,Accesorios,Vela sparkles plata y colores(C-Caja 100)(S-pza),futuro
2025-11-10 10:42:05,0.0,Accesorios,Vela sparkles plata y colores(C-Caja 100)(S-pza),futuro
2025-11-11 10:42:05,0.0,Accesorios,Vela sparkles plata y colores(C-Caja 100)(S-pza),futuro
2025-11-12 10:42:05,0.0,Accesorios,Vela sparkles plata y colores(C-Caja 100)(S-pza),futuro
2025-11-13 10:42:05,0.0,Accesorios,Vela sparkles plata y colores(C-Caja 100)(S-pza),futuro
2025-11-14 10:42:05,0.0,Accesorios,Vela sparkles plata y colores(C-Caja 100)(S-pza),futuro
2025-11-15 10:42:05,0.0,Accesorios,Vela sparkles plata y colores(C-Caja 100)(S-pza),futuro
2025-11-16 10:42:05,0.0,Accesorios,Vela sparkles plata y colores(C-Caja 100)(S-pza),futuro
2025-11-17 10:42:05,0.0,Accesorios,Vela sparkles plata y colores(C-Caja 100)(S-pza),futuro
2025-11-18 10:42:05,0.0,Accesorios,Vela sparkles plata y colores(C-Caja 100)(S-pza),futuro
2025-11-19 10:42:05,0.0,Accesorios,Vela sparkles plata y colores(C-Caja 100)(S-pza),futuro
2025-11-20 10:42:05,0.0,Accesorios,Vela sparkles plata y colores(C-Caja 100)(S-pza),futuro
2025-11-21 10:42:05,0.0,Accesorios,Vela sparkles plata y colores(C-Caja 100)(S-pza),futuro
2025-11-22 10:42:05,0.0,Accesorios,Vela sparkles plata y colores(C-Caja 100)(S-pza),futuro
2025-11-23 10:42:05,0.0,Accesorios,Vela sparkles plata y colores(C-Caja 100)(S-pza),futuro
2025-11-24 10:42:05,0.0,Accesorios,Vela sparkles plata y colores(C-Caja 100)(S-pza),futuro
2025-11-25 10:42:05,0.0,Accesorios,Vela sparkles plata y colores(C-Caja 100)(S-pza),futuro
2025-11-26 10:42:05,0.0,Accesorios,Vela sparkles plata y colores(C-Caja 100)(S-pza),futuro
2025-11-27 10:42:05,0.0,Accesorios,Vela sparkles plata y colores(C-Caja 100)(S-pza),futuro
2025-11-28 10:42:05,0.0,Accesorios,Vela sparkles plata y colores(C-Caja 100)(S-pza),futuro
2025-11-29 10:42:05,0.0,Accesorios,Vela sparkles plata y colores(C-Caja 100)(S-pza),futuro
2025-11-30 10:42:05,0.0,Accesorios,Vela sparkles plata y colores(C-Caja 100)(S-pza),futuro
2025-12-01 10:42:05,0.0,Accesorios,Vela sparkles plata y colores(C-Caja 100)(S-pza),futuro
2025-12-02 10:42:05,0.0,Accesorios,Vela sparkles plata y colores(C-Caja 100)(S-pza),futuro
2025-12-03 10:42:05,0.0,Accesorios,Vela sparkles plata y colores(C-Caja 100)(S-pza),futuro
2025-12-04 10:42:05,0.0,Accesorios,Vela sparkles plata y colores(C-Caja 100)(S-pza),futuro
2025-12-05 10:42:05,0.0,Accesorios,Vela sparkles plata y colores(C-Caja 100)(S-pza),futuro
2025-12-06 10:42:05,0.0,Accesorios,Vela sparkles plata y colores(C-Caja 100)(S-pza),futuro
2025-12-07 10:42:05,0.0,Accesorios,Vela sparkles plata y colores(C-Caja 100)(S-pza),futuro
2025-12-08 10:42:05,0.0,Accesorios,Vela sparkles plata y colores(C-Caja 100)(S-pza),futuro
2025-12-09 10:42:05,0.0,Accesorios,Vela sparkles plata y colores(C-Caja 100)(S-pza),futuro
2025-12-10 10:42:05,0.0,Accesorios,Vela sparkles plata y colores(C-Caja 100)(S-pza),futuro
2025-12-11 10:42:05,0.0,Accesorios,Vela sparkles plata y colores(C-Caja 100)(S-pza),futuro
2025-12-12 10:42:05,0.0,Accesorios,Vela sparkles plata y colores(C-Caja 100)(S-pza),futuro
2025-12-13 10:42:05,0.0,Accesorios,Vela sparkles plata y colores(C-Caja 100)(S-pza),futuro
2025-12-14 10:42:05,0.0,Accesorios,Vela sparkles plata y colores(C-Caja 100)(S-pza),futuro
2025-12-15 10:42:05,0.0,Accesorios,Vela sparkles plata y colores(C-Caja 100)(S-pza),futuro
2025-12-16 10:42:05,0.0,Accesorios,Vela sparkles plata y colores(C-Caja 100)(S-pza),futuro
2025-12-17 10:42:05,0.0,Accesorios,Vela sparkles plata y colores(C-Caja 100)(S-pza),futuro
2025-12-18 10:42:05,0.0,Accesorios,Vela sparkles plata y colores(C-Caja 100)(S-pza),futuro
2025-12-19 10:42:05,0.0,Accesorios,Vela sparkles plata y colores(C-Caja 100)(S-pza),futuro
2025-12-20 10:42:05,0.0,Accesorios,Vela sparkles plata y colores(C-Caja 100)(S-pza),futuro
2025-12-21 10:42:05,0.0,Accesorios,Vela sparkles plata y colores(C-Caja 100)(S-pza),futuro
2025-12-22 10:42:05,0.0,Accesorios,Vela sparkles plata y colores(C-Caja 100)(S-pza),futuro
2025-12-23 10:42:05,0.0,Accesorios,Vela sparkles plata y colores(C-Caja 100)(S-pza),futuro
2025-12-24 10:42:05,0.0,Accesorios,Vela sparkles plata y colores(C-Caja 100)(S-pza),futuro
2025-12-25 10:42:05,0.0,Accesorios,Vela sparkles plata y colores(C-Caja 100)(S-pza),futuro
2025-12-26 10:42:05,0.0,Accesorios,Vela sparkles plata y colores(C-Caja 100)(S-pza),futuro
2025-12-27 10:42:05,0.0,Accesorios,Vela sparkles plata y colores(C-Caja 100)(S-pza),futuro
2025-12-28 10:42:05,0.0,Accesorios,Vela sparkles plata y colores(C-Caja 100)(S-pza),futuro
2025-12-29 10:42:05,0.0,Accesorios,Vela sparkles plata y colores(C-Caja 100)(S-pza),futuro
2025-12-30 10:42:05,0.0,Accesorios,Vela sparkles plata y colores(C-Caja 100)(S-pza),futuro
2025-12-31 10:42:05,0.0,Accesorios,Vela sparkles plata y colores(C-Caja 100)(S-pza),futuro
2026-01-01 10:42:05,0.0,Accesorios,Vela sparkles plata y colores(C-Caja 100)(S-pza),futuro
2026-01-02 10:42:05,0.0,Accesorios,Vela sparkles plata y colores(C-Caja 100)(S-pza),futuro
2026-01-03 10:42:05,0.0,Accesorios,Vela sparkles plata y colores(C-Caja 100)(S-pza),futuro
2026-01-04 10:42:05,0.0,Accesorios,Vela sparkles plata y colores(C-Caja 100)(S-pza),futuro
2026-01-05 10:42:05,0.0,Accesorios,Vela sparkles plata y colores(C-Caja 100)(S-pza),futuro
2026-01-06 10:42:05,0.0,Accesorios,Vela sparkles plata y colores(C-Caja 100)(S-pza),futuro
2026-01-07 10:42:05,0.0,Accesorios,Vela sparkles plata y colores(C-Caja 100)(S-pza),futuro
2026-01-08 10:42:05,0.0,Accesorios,Vela sparkles plata y colores(C-Caja 100)(S-pza),futuro
2026-01-09 10:42:05,0.0,Accesorios,Vela sparkles plata y colores(C-Caja 100)(S-pza),futuro
2026-01-10 10:42:05,0.0,Accesorios,Vela sparkles plata y colores(C-Caja 100)(S-pza),futuro
2026-01-11 10:42:05,0.0,Accesorios,Vela sparkles plata y colores(C-Caja 100)(S-pza),futuro
2026-01-12 10:42:05,0.0,Accesorios,Vela sparkles plata y colores(C-Caja 100)(S-pza),futuro
2026-01-13 10:42:05,0.0,Accesorios,Vela sparkles plata y colores(C-Caja 100)(S-pza),futuro
2026-01-14 10:42:05,0.0,Accesorios,Vela sparkles plata y colores(C-Caja 100)(S-pza),futuro
2026-01-15 10:42:05,0.0,Accesorios,Vela sparkles plata y colores(C-Caja 100)(S-pza),futuro
2026-01-16 10:42:05,0.0,Accesorios,Vela sparkles plata y colores(C-Caja 100)(S-pza),futuro
2026-01-17 10:42:05,0.0,Accesorios,Vela sparkles plata y colores(C-Caja 100)(S-pza),futuro
2026-01-18 10:42:05,0.0,Accesorios,Vela sparkles plata y colores(C-Caja 100)(S-pza),futuro
2026-01-19 10:42:05,0.0,Accesorios,Vela sparkles plata y colores(C-Caja 100)(S-pza),futuro
2026-01-20 10:42:05,0.0,Accesorios,Vela sparkles plata y colores(C-Caja 100)(S-pza),futuro
2026-01-21 10:42:05,0.0,Accesorios,Vela sparkles plata y colores(C-Caja 100)(S-pza),futuro
2026-01-22 10:42:05,0.0,Accesorios,Vela sparkles plata y colores(C-Caja 100)(S-pza),futuro
2026-01-23 10:42:05,0.0,Accesorios,Vela sparkles plata y colores(C-Caja 100)(S-pza),futuro
2026-01-24 10:42:05,0.0,Accesorios,Vela sparkles plata y colores(C-Caja 100)(S-pza),futuro
2026-01-25 10:42:05,0.0,Accesorios,Vela sparkles plata y colores(C-Caja 100)(S-pza),futuro
2026-01-26 10:42:05,0.0,Accesorios,Vela sparkles plata y colores(C-Caja 100)(S-pza),futuro
2026-01-27 10:42:05,0.0,Accesorios,Vela sparkles plata y colores(C-Caja 100)(S-pza),futuro
2026-01-28 10:42:05,0.0,Accesorios,Vela sparkles plata y colores(C-Caja 100)(S-pza),futuro
2026-01-29 10:42:05,0.0,Accesorios,Vela sparkles plata y colores(C-Caja 100)(S-pza),futuro
2026-01-30 10:42:05,0.0,Accesorios,Vela sparkles plata y colores(C-Caja 100)(S-pza),futuro
2026-01-31 10:42:05,0.0,Accesorios,Vela sparkles plata y colores(C-Caja 100)(S-pza),futuro
2026-02-01 10:42:05,0.0,Accesorios,Vela sparkles plata y colores(C-Caja 100)(S-pza),futuro
2026-02-02 10:42:05,0.0,Accesorios,Vela sparkles plata y colores(C-Caja 100)(S-pza),futuro
2026-02-03 10:42:05,0.0,Accesorios,Vela sparkles plata y colores(C-Caja 100)(S-pza),futuro
2026-02-04 10:42:05,0.0,Accesorios,Vela sparkles plata y colores(C-Caja 100)(S-pza),futuro
2025-02-22 13:03:25,0.0,Empanada,Empanada de Atún,futuro
2025-02-23 13:03:25,0.0,Empanada,Empanada de Atún,futuro
2025-02-24 13:03:25,0.0,Empanada,Empanada de Atún,futuro
2025-02-25 13:03:25,0.0,Empanada,Empanada de Atún,futuro
2025-02-26 13:03:25,0.0,Empanada,Empanada de Atún,futuro
2025-02-27 13:03:25,0.0,Empanada,Empanada de Atún,futuro
2025-02-28 13:03:25,0.0,Empanada,Empanada de Atún,futuro
2025-03-01 13:03:25,0.0,Empanada,Empanada de Atún,futuro
2025-03-02 13:03:25,0.0,Empanada,Empanada de Atún,futuro
2025-03-03 13:03:25,0.0,Empanada,Empanada de Atún,futuro
2025-03-04 13:03:25,0.0,Empanada,Empanada de Atún,futuro
2025-03-05 13:03:25,0.0,Empanada,Empanada de Atún,futuro
2025-03-06 13:03:25,0.0,Empanada,Empanada de Atún,futuro
2025-03-07 13:03:25,0.0,Empanada,Empanada de Atún,futuro
2025-03-08 13:03:25,0.0,Empanada,Empanada de Atún,futuro
2025-03-09 13:03:25,0.0,Empanada,Empanada de Atún,futuro
2025-03-10 13:03:25,0.0,Empanada,Empanada de Atún,futuro
2025-03-11 13:03:25,0.0,Empanada,Empanada de Atún,futuro
2025-03-12 13:03:25,0.0,Empanada,Empanada de Atún,futuro
2025-03-13 13:03:25,0.0,Empanada,Empanada de Atún,futuro
2025-03-14 13:03:25,0.0,Empanada,Empanada de Atún,futuro
2025-03-15 13:03:25,0.0,Empanada,Empanada de Atún,futuro
2025-03-16 13:03:25,0.0,Empanada,Empanada de Atún,futuro
2025-03-17 13:03:25,0.0,Empanada,Empanada de Atún,futuro
2025-03-18 13:03:25,0.0,Empanada,Empanada de Atún,futuro
2025-03-19 13:03:25,0.0,Empanada,Empanada de Atún,futuro
2025-03-20 13:03:25,0.0,Empanada,Empanada de Atún,futuro
2025-03-21 13:03:25,0.0,Empanada,Empanada de Atún,futuro
2025-03-22 13:03:25,0.0,Empanada,Empanada de Atún,futuro
2025-03-23 13:03:25,0.0,Empanada,Empanada de Atún,futuro
2025-03-24 13:03:25,0.0,Empanada,Empanada de Atún,futuro
2025-03-25 13:03:25,0.0,Empanada,Empanada de Atún,futuro
2025-03-26 13:03:25,0.0,Empanada,Empanada de Atún,futuro
2025-03-27 13:03:25,0.0,Empanada,Empanada de Atún,futuro
2025-03-28 13:03:25,0.0,Empanada,Empanada de Atún,futuro
2025-03-29 13:03:25,0.0,Empanada,Empanada de Atún,futuro
2025-03-30 13:03:25,0.0,Empanada,Empanada de Atún,futuro
2025-03-31 13:03:25,0.0,Empanada,Empanada de Atún,futuro
2025-04-01 13:03:25,0.0,Empanada,Empanada de Atún,futuro
2025-04-02 13:03:25,0.0,Empanada,Empanada de Atún,futuro
2025-04-03 13:03:25,0.0,Empanada,Empanada de Atún,futuro
2025-04-04 13:03:25,0.0,Empanada,Empanada de Atún,futuro
2025-04-05 13:03:25,0.0,Empanada,Empanada de Atún,futuro
2025-04-06 13:03:25,0.0,Empanada,Empanada de Atún,futuro
2025-04-07 13:03:25,0.0,Empanada,Empanada de Atún,futuro
2025-04-08 13:03:25,0.0,Empanada,Empanada de Atún,futuro
2025-04-09 13:03:25,0.0,Empanada,Empanada de Atún,futuro
2025-04-10 13:03:25,0.0,Empanada,Empanada de Atún,futuro
2025-04-11 13:03:25,0.0,Empanada,Empanada de Atún,futuro
2025-04-12 13:03:25,0.0,Empanada,Empanada de Atún,futuro
2025-04-13 13:03:25,0.0,Empanada,Empanada de Atún,futuro
2025-04-14 13:03:25,0.0,Empanada,Empanada de Atún,futuro
2025-04-15 13:03:25,0.0,Empanada,Empanada de Atún,futuro
2025-04-16 13:03:25,0.0,Empanada,Empanada de Atún,futuro
2025-04-17 13:03:25,0.0,Empanada,Empanada de Atún,futuro
2025-04-18 13:03:25,0.0,Empanada,Empanada de Atún,futuro
2025-04-19 13:03:25,0.0,Empanada,Empanada de Atún,futuro
2025-04-20 13:03:25,0.0,Empanada,Empanada de Atún,futuro
2025-04-21 13:03:25,0.0,Empanada,Empanada de Atún,futuro
2025-04-22 13:03:25,0.0,Empanada,Empanada de Atún,futuro
2025-04-23 13:03:25,0.0,Empanada,Empanada de Atún,futuro
2025-04-24 13:03:25,0.0,Empanada,Empanada de Atún,futuro
2025-04-25 13:03:25,0.0,Empanada,Empanada de Atún,futuro
2025-04-26 13:03:25,0.0,Empanada,Empanada de Atún,futuro
2025-04-27 13:03:25,0.0,Empanada,Empanada de Atún,futuro
2025-04-28 13:03:25,0.0,Empanada,Empanada de Atún,futuro
2025-04-29 13:03:25,0.0,Empanada,Empanada de Atún,futuro
2025-04-30 13:03:25,0.0,Empanada,Empanada de Atún,futuro
2025-05-01 13:03:25,0.0,Empanada,Empanada de Atún,futuro
2025-05-02 13:03:25,0.0,Empanada,Empanada de Atún,futuro
2025-05-03 13:03:25,0.0,Empanada,Empanada de Atún,futuro
2025-05-04 13:03:25,0.0,Empanada,Empanada de Atún,futuro
2025-05-05 13:03:25,0.0,Empanada,Empanada de Atún,futuro
2025-05-06 13:03:25,0.0,Empanada,Empanada de Atún,futuro
2025-05-07 13:03:25,0.0,Empanada,Empanada de Atún,futuro
2025-05-08 13:03:25,0.0,Empanada,Empanada de Atún,futuro
2025-05-09 13:03:25,0.0,Empanada,Empanada de Atún,futuro
2025-05-10 13:03:25,0.0,Empanada,Empanada de Atún,futuro
2025-05-11 13:03:25,0.0,Empanada,Empanada de Atún,futuro
2025-05-12 13:03:25,0.0,Empanada,Empanada de Atún,futuro
2025-05-13 13:03:25,0.0,Empanada,Empanada de Atún,futuro
2025-05-14 13:03:25,0.0,Empanada,Empanada de Atún,futuro
2025-05-15 13:03:25,0.0,Empanada,Empanada de Atún,futuro
2025-05-16 13:03:25,0.0,Empanada,Empanada de Atún,futuro
2025-05-17 13:03:25,0.0,Empanada,Empanada de Atún,futuro
2025-05-18 13:03:25,0.0,Empanada,Empanada de Atún,futuro
2025-05-19 13:03:25,0.0,Empanada,Empanada de Atún,futuro
2025-05-20 13:03:25,0.0,Empanada,Empanada de Atún,futuro
2025-05-21 13:03:25,0.0,Empanada,Empanada de Atún,futuro
2025-05-22 13:03:25,0.0,Empanada,Empanada de Atún,futuro
2025-02-23 15:56:08,0.0,Empanada,Empanada de Jamón,futuro
2025-02-24 15:56:08,0.0,Empanada,Empanada de Jamón,futuro
2025-02-25 15:56:08,0.0,Empanada,Empanada de Jamón,futuro
2025-02-26 15:56:08,0.0,Empanada,Empanada de Jamón,futuro
2025-02-27 15:56:08,0.0,Empanada,Empanada de Jamón,futuro
2025-02-28 15:56:08,0.0,Empanada,Empanada de Jamón,futuro
2025-03-01 15:56:08,0.0,Empanada,Empanada de Jamón,futuro
2025-03-02 15:56:08,0.0,Empanada,Empanada de Jamón,futuro
2025-03-03 15:56:08,0.0,Empanada,Empanada de Jamón,futuro
2025-03-04 15:56:08,0.0,Empanada,Empanada de Jamón,futuro
2025-03-05 15:56:08,0.0,Empanada,Empanada de Jamón,futuro
2025-03-06 15:56:08,0.0,Empanada,Empanada de Jamón,futuro
2025-03-07 15:56:08,0.0,Empanada,Empanada de Jamón,futuro
2025-03-08 15:56:08,0.0,Empanada,Empanada de Jamón,futuro
2025-03-09 15:56:08,0.0,Empanada,Empanada de Jamón,futuro
2025-03-10 15:56:08,0.0,Empanada,Empanada de Jamón,futuro
2025-03-11 15:56:08,0.0,Empanada,Empanada de Jamón,futuro
2025-03-12 15:56:08,0.0,Empanada,Empanada de Jamón,futuro
2025-03-13 15:56:08,0.0,Empanada,Empanada de Jamón,futuro
2025-03-14 15:56:08,0.0,Empanada,Empanada de Jamón,futuro
2025-03-15 15:56:08,0.0,Empanada,Empanada de Jamón,futuro
2025-03-16 15:56:08,0.0,Empanada,Empanada de Jamón,futuro
2025-03-17 15:56:08,0.0,Empanada,Empanada de Jamón,futuro
2025-03-18 15:56:08,0.0,Empanada,Empanada de Jamón,futuro
2025-03-19 15:56:08,0.0,Empanada,Empanada de Jamón,futuro
2025-03-20 15:56:08,0.0,Empanada,Empanada de Jamón,futuro
2025-03-21 15:56:08,0.0,Empanada,Empanada de Jamón,futuro
2025-03-22 15:56:08,0.0,Empanada,Empanada de Jamón,futuro
2025-03-23 15:56:08,0.0,Empanada,Empanada de Jamón,futuro
2025-03-24 15:56:08,0.0,Empanada,Empanada de Jamón,futuro
2025-03-25 15:56:08,0.0,Empanada,Empanada de Jamón,futuro
2025-03-26 15:56:08,0.0,Empanada,Empanada de Jamón,futuro
2025-03-27 15:56:08,0.0,Empanada,Empanada de Jamón,futuro
2025-03-28 15:56:08,0.0,Empanada,Empanada de Jamón,futuro
2025-03-29 15:56:08,0.0,Empanada,Empanada de Jamón,futuro
2025-03-30 15:56:08,0.0,Empanada,Empanada de Jamón,futuro
2025-03-31 15:56:08,0.0,Empanada,Empanada de Jamón,futuro
2025-04-01 15:56:08,0.0,Empanada,Empanada de Jamón,futuro
2025-04-02 15:56:08,0.0,Empanada,Empanada de Jamón,futuro
2025-04-03 15:56:08,0.0,Empanada,Empanada de Jamón,futuro
2025-04-04 15:56:08,0.0,Empanada,Empanada de Jamón,futuro
2025-04-05 15:56:08,0.0,Empanada,Empanada de Jamón,futuro
2025-04-06 15:56:08,0.0,Empanada,Empanada de Jamón,futuro
2025-04-07 15:56:08,0.0,Empanada,Empanada de Jamón,futuro
2025-04-08 15:56:08,0.0,Empanada,Empanada de Jamón,futuro
2025-04-09 15:56:08,0.0,Empanada,Empanada de Jamón,futuro
2025-04-10 15:56:08,0.0,Empanada,Empanada de Jamón,futuro
2025-04-11 15:56:08,0.0,Empanada,Empanada de Jamón,futuro
2025-04-12 15:56:08,0.0,Empanada,Empanada de Jamón,futuro
2025-04-13 15:56:08,0.0,Empanada,Empanada de Jamón,futuro
2025-04-14 15:56:08,0.0,Empanada,Empanada de Jamón,futuro
2025-04-15 15:56:08,0.0,Empanada,Empanada de Jamón,futuro
2025-04-16 15:56:08,0.0,Empanada,Empanada de Jamón,futuro
2025-04-17 15:56:08,0.0,Empanada,Empanada de Jamón,futuro
2025-04-18 15:56:08,0.0,Empanada,Empanada de Jamón,futuro
2025-04-19 15:56:08,0.0,Empanada,Empanada de Jamón,futuro
2025-04-20 15:56:08,0.0,Empanada,Empanada de Jamón,futuro
2025-04-21 15:56:08,0.0,Empanada,Empanada de Jamón,futuro
2025-04-22 15:56:08,0.0,Empanada,Empanada de Jamón,futuro
2025-04-23 15:56:08,0.0,Empanada,Empanada de Jamón,futuro
2025-04-24 15:56:08,0.0,Empanada,Empanada de Jamón,futuro
2025-04-25 15:56:08,0.0,Empanada,Empanada de Jamón,futuro
2025-04-26 15:56:08,0.0,Empanada,Empanada de Jamón,futuro
2025-04-27 15:56:08,0.0,Empanada,Empanada de Jamón,futuro
2025-04-28 15:56:08,0.0,Empanada,Empanada de Jamón,futuro
2025-04-29 15:56:08,0.0,Empanada,Empanada de Jamón,futuro
2025-04-30 15:56:08,0.0,Empanada,Empanada de Jamón,futuro
2025-05-01 15:56:08,0.0,Empanada,Empanada de Jamón,futuro
2025-05-02 15:56:08,0.0,Empanada,Empanada de Jamón,futuro
2025-05-03 15:56:08,0.0,Empanada,Empanada de Jamón,futuro
2025-05-04 15:56:08,0.0,Empanada,Empanada de Jamón,futuro
2025-05-05 15:56:08,0.0,Empanada,Empanada de Jamón,futuro
2025-05-06 15:56:08,0.0,Empanada,Empanada de Jamón,futuro
2025-05-07 15:56:08,0.0,Empanada,Empanada de Jamón,futuro
2025-05-08 15:56:08,0.0,Empanada,Empanada de Jamón,futuro
2025-05-09 15:56:08,0.0,Empanada,Empanada de Jamón,futuro
2025-05-10 15:56:08,0.0,Empanada,Empanada de Jamón,futuro
2025-05-11 15:56:08,0.0,Empanada,Empanada de Jamón,futuro
2025-05-12 15:56:08,0.0,Empanada,Empanada de Jamón,futuro
2025-05-13 15:56:08,0.0,Empanada,Empanada de Jamón,futuro
2025-05-14 15:56:08,0.0,Empanada,Empanada de Jamón,futuro
2025-05-15 15:56:08,0.0,Empanada,Empanada de Jamón,futuro
2025-05-16 15:56:08,0.0,Empanada,Empanada de Jamón,futuro
2025-05-17 15:56:08,0.0,Empanada,Empanada de Jamón,futuro
2025-05-18 15:56:08,0.0,Empanada,Empanada de Jamón,futuro
2025-05-19 15:56:08,0.0,Empanada,Empanada de Jamón,futuro
2025-05-20 15:56:08,0.0,Empanada,Empanada de Jamón,futuro
2025-05-21 15:56:08,0.0,Empanada,Empanada de Jamón,futuro
2025-05-22 15:56:08,0.0,Empanada,Empanada de Jamón,futuro
2025-05-23 15:56:08,0.0,Empanada,Empanada de Jamón,futuro
2025-01-29 17:03:02,0.0,Empanada,Empanada de Tinga,futuro
2025-01-30 17:03:02,0.0,Empanada,Empanada de Tinga,futuro
2025-01-31 17:03:02,0.0,Empanada,Empanada de Tinga,futuro
2025-02-01 17:03:02,0.0,Empanada,Empanada de Tinga,futuro
2025-02-02 17:03:02,0.0,Empanada,Empanada de Tinga,futuro
2025-02-03 17:03:02,0.0,Empanada,Empanada de Tinga,futuro
2025-02-04 17:03:02,0.0,Empanada,Empanada de Tinga,futuro
2025-02-05 17:03:02,0.0,Empanada,Empanada de Tinga,futuro
2025-02-06 17:03:02,0.0,Empanada,Empanada de Tinga,futuro
2025-02-07 17:03:02,0.0,Empanada,Empanada de Tinga,futuro
2025-02-08 17:03:02,0.0,Empanada,Empanada de Tinga,futuro
2025-02-09 17:03:02,0.0,Empanada,Empanada de Tinga,futuro
2025-02-10 17:03:02,0.0,Empanada,Empanada de Tinga,futuro
2025-02-11 17:03:02,0.0,Empanada,Empanada de Tinga,futuro
2025-02-12 17:03:02,0.0,Empanada,Empanada de Tinga,futuro
2025-02-13 17:03:02,0.0,Empanada,Empanada de Tinga,futuro
2025-02-14 17:03:02,0.0,Empanada,Empanada de Tinga,futuro
2025-02-15 17:03:02,0.0,Empanada,Empanada de Tinga,futuro
2025-02-16 17:03:02,0.0,Empanada,Empanada de Tinga,futuro
2025-02-17 17:03:02,0.0,Empanada,Empanada de Tinga,futuro
2025-02-18 17:03:02,0.0,Empanada,Empanada de Tinga,futuro
2025-02-19 17:03:02,0.0,Empanada,Empanada de Tinga,futuro
2025-02-20 17:03:02,0.0,Empanada,Empanada de Tinga,futuro
2025-02-21 17:03:02,0.0,Empanada,Empanada de Tinga,futuro
2025-02-22 17:03:02,0.0,Empanada,Empanada de Tinga,futuro
2025-02-23 17:03:02,0.0,Empanada,Empanada de Tinga,futuro
2025-02-24 17:03:02,0.0,Empanada,Empanada de Tinga,futuro
2025-02-25 17:03:02,0.0,Empanada,Empanada de Tinga,futuro
2025-02-26 17:03:02,0.0,Empanada,Empanada de Tinga,futuro
2025-02-27 17:03:02,0.0,Empanada,Empanada de Tinga,futuro
2025-02-28 17:03:02,0.0,Empanada,Empanada de Tinga,futuro
2025-03-01 17:03:02,0.0,Empanada,Empanada de Tinga,futuro
2025-03-02 17:03:02,0.0,Empanada,Empanada de Tinga,futuro
2025-03-03 17:03:02,0.0,Empanada,Empanada de Tinga,futuro
2025-03-04 17:03:02,0.0,Empanada,Empanada de Tinga,futuro
2025-03-05 17:03:02,0.0,Empanada,Empanada de Tinga,futuro
2025-03-06 17:03:02,0.0,Empanada,Empanada de Tinga,futuro
2025-03-07 17:03:02,0.0,Empanada,Empanada de Tinga,futuro
2025-03-08 17:03:02,0.0,Empanada,Empanada de Tinga,futuro
2025-03-09 17:03:02,0.0,Empanada,Empanada de Tinga,futuro
2025-03-10 17:03:02,0.0,Empanada,Empanada de Tinga,futuro
2025-03-11 17:03:02,0.0,Empanada,Empanada de Tinga,futuro
2025-03-12 17:03:02,0.0,Empanada,Empanada de Tinga,futuro
2025-03-13 17:03:02,0.0,Empanada,Empanada de Tinga,futuro
2025-03-14 17:03:02,0.0,Empanada,Empanada de Tinga,futuro
2025-03-15 17:03:02,0.0,Empanada,Empanada de Tinga,futuro
2025-03-16 17:03:02,0.0,Empanada,Empanada de Tinga,futuro
2025-03-17 17:03:02,0.0,Empanada,Empanada de Tinga,futuro
2025-03-18 17:03:02,0.0,Empanada,Empanada de Tinga,futuro
2025-03-19 17:03:02,0.0,Empanada,Empanada de Tinga,futuro
2025-03-20 17:03:02,0.0,Empanada,Empanada de Tinga,futuro
2025-03-21 17:03:02,0.0,Empanada,Empanada de Tinga,futuro
2025-03-22 17:03:02,0.0,Empanada,Empanada de Tinga,futuro
2025-03-23 17:03:02,0.0,Empanada,Empanada de Tinga,futuro
2025-03-24 17:03:02,0.0,Empanada,Empanada de Tinga,futuro
2025-03-25 17:03:02,0.0,Empanada,Empanada de Tinga,futuro
2025-03-26 17:03:02,0.0,Empanada,Empanada de Tinga,futuro
2025-03-27 17:03:02,0.0,Empanada,Empanada de Tinga,futuro
2025-03-28 17:03:02,0.0,Empanada,Empanada de Tinga,futuro
2025-03-29 17:03:02,0.0,Empanada,Empanada de Tinga,futuro
2025-03-30 17:03:02,0.0,Empanada,Empanada de Tinga,futuro
2025-03-31 17:03:02,0.0,Empanada,Empanada de Tinga,futuro
2025-04-01 17:03:02,0.0,Empanada,Empanada de Tinga,futuro
2025-04-02 17:03:02,0.0,Empanada,Empanada de Tinga,futuro
2025-04-03 17:03:02,0.0,Empanada,Empanada de Tinga,futuro
2025-04-04 17:03:02,0.0,Empanada,Empanada de Tinga,futuro
2025-04-05 17:03:02,0.0,Empanada,Empanada de Tinga,futuro
2025-04-06 17:03:02,0.0,Empanada,Empanada de Tinga,futuro
2025-04-07 17:03:02,0.0,Empanada,Empanada de Tinga,futuro
2025-04-08 17:03:02,0.0,Empanada,Empanada de Tinga,futuro
2025-04-09 17:03:02,0.0,Empanada,Empanada de Tinga,futuro
2025-04-10 17:03:02,0.0,Empanada,Empanada de Tinga,futuro
2025-04-11 17:03:02,0.0,Empanada,Empanada de Tinga,futuro
2025-04-12 17:03:02,0.0,Empanada,Empanada de Tinga,futuro
2025-04-13 17:03:02,0.0,Empanada,Empanada de Tinga,futuro
2025-04-14 17:03:02,0.0,Empanada,Empanada de Tinga,futuro
2025-04-15 17:03:02,0.0,Empanada,Empanada de Tinga,futuro
2025-04-16 17:03:02,0.0,Empanada,Empanada de Tinga,futuro
2025-04-17 17:03:02,0.0,Empanada,Empanada de Tinga,futuro
2025-04-18 17:03:02,0.0,Empanada,Empanada de Tinga,futuro
2025-04-19 17:03:02,0.0,Empanada,Empanada de Tinga,futuro
2025-04-20 17:03:02,0.0,Empanada,Empanada de Tinga,futuro
2025-04-21 17:03:02,0.0,Empanada,Empanada de Tinga,futuro
2025-04-22 17:03:02,0.0,Empanada,Empanada de Tinga,futuro
2025-04-23 17:03:02,0.0,Empanada,Empanada de Tinga,futuro
2025-04-24 17:03:02,0.0,Empanada,Empanada de Tinga,futuro
2025-04-25 17:03:02,0.0,Empanada,Empanada de Tinga,futuro
2025-04-26 17:03:02,0.0,Empanada,Empanada de Tinga,futuro
2025-04-27 17:03:02,0.0,Empanada,Empanada de Tinga,futuro
2025-04-28 17:03:02,0.0,Empanada,Empanada de Tinga,futuro
2025-02-15 14:03:18,0.0,Especial de Temporada,Fresas Con Crema Mediano (Corazon),futuro
2025-02-16 14:03:18,0.0,Especial de Temporada,Fresas Con Crema Mediano (Corazon),futuro
2025-02-17 14:03:18,0.0,Especial de Temporada,Fresas Con Crema Mediano (Corazon),futuro
2025-02-18 14:03:18,0.0,Especial de Temporada,Fresas Con Crema Mediano (Corazon),futuro
2025-02-19 14:03:18,0.0,Especial de Temporada,Fresas Con Crema Mediano (Corazon),futuro
2025-02-20 14:03:18,0.0,Especial de Temporada,Fresas Con Crema Mediano (Corazon),futuro
2025-02-21 14:03:18,0.0,Especial de Temporada,Fresas Con Crema Mediano (Corazon),futuro
2025-02-22 14:03:18,0.0,Especial de Temporada,Fresas Con Crema Mediano (Corazon),futuro
2025-02-23 14:03:18,0.0,Especial de Temporada,Fresas Con Crema Mediano (Corazon),futuro
2025-02-24 14:03:18,0.0,Especial de Temporada,Fresas Con Crema Mediano (Corazon),futuro
2025-02-25 14:03:18,0.0,Especial de Temporada,Fresas Con Crema Mediano (Corazon),futuro
2025-02-26 14:03:18,0.0,Especial de Temporada,Fresas Con Crema Mediano (Corazon),futuro
2025-02-27 14:03:18,0.0,Especial de Temporada,Fresas Con Crema Mediano (Corazon),futuro
2025-02-28 14:03:18,0.0,Especial de Temporada,Fresas Con Crema Mediano (Corazon),futuro
2025-03-01 14:03:18,0.0,Especial de Temporada,Fresas Con Crema Mediano (Corazon),futuro
2025-03-02 14:03:18,0.0,Especial de Temporada,Fresas Con Crema Mediano (Corazon),futuro
2025-03-03 14:03:18,0.0,Especial de Temporada,Fresas Con Crema Mediano (Corazon),futuro
2025-03-04 14:03:18,0.0,Especial de Temporada,Fresas Con Crema Mediano (Corazon),futuro
2025-03-05 14:03:18,0.0,Especial de Temporada,Fresas Con Crema Mediano (Corazon),futuro
2025-03-06 14:03:18,0.0,Especial de Temporada,Fresas Con Crema Mediano (Corazon),futuro
2025-03-07 14:03:18,0.0,Especial de Temporada,Fresas Con Crema Mediano (Corazon),futuro
2025-03-08 14:03:18,0.0,Especial de Temporada,Fresas Con Crema Mediano (Corazon),futuro
2025-03-09 14:03:18,0.0,Especial de Temporada,Fresas Con Crema Mediano (Corazon),futuro
2025-03-10 14:03:18,0.0,Especial de Temporada,Fresas Con Crema Mediano (Corazon),futuro
2025-03-11 14:03:18,0.0,Especial de Temporada,Fresas Con Crema Mediano (Corazon),futuro
2025-03-12 14:03:18,0.0,Especial de Temporada,Fresas Con Crema Mediano (Corazon),futuro
2025-03-13 14:03:18,0.0,Especial de Temporada,Fresas Con Crema Mediano (Corazon),futuro
2025-03-14 14:03:18,0.0,Especial de Temporada,Fresas Con Crema Mediano (Corazon),futuro
2025-03-15 14:03:18,0.0,Especial de Temporada,Fresas Con Crema Mediano (Corazon),futuro
2025-03-16 14:03:18,0.0,Especial de Temporada,Fresas Con Crema Mediano (Corazon),futuro
2025-03-17 14:03:18,0.0,Especial de Temporada,Fresas Con Crema Mediano (Corazon),futuro
2025-03-18 14:03:18,0.0,Especial de Temporada,Fresas Con Crema Mediano (Corazon),futuro
2025-03-19 14:03:18,0.0,Especial de Temporada,Fresas Con Crema Mediano (Corazon),futuro
2025-03-20 14:03:18,0.0,Especial de Temporada,Fresas Con Crema Mediano (Corazon),futuro
2025-03-21 14:03:18,0.0,Especial de Temporada,Fresas Con Crema Mediano (Corazon),futuro
2025-03-22 14:03:18,0.0,Especial de Temporada,Fresas Con Crema Mediano (Corazon),futuro
2025-03-23 14:03:18,0.0,Especial de Temporada,Fresas Con Crema Mediano (Corazon),futuro
2025-03-24 14:03:18,0.0,Especial de Temporada,Fresas Con Crema Mediano (Corazon),futuro
2025-03-25 14:03:18,0.0,Especial de Temporada,Fresas Con Crema Mediano (Corazon),futuro
2025-03-26 14:03:18,0.0,Especial de Temporada,Fresas Con Crema Mediano (Corazon),futuro
2025-03-27 14:03:18,0.0,Especial de Temporada,Fresas Con Crema Mediano (Corazon),futuro
2025-03-28 14:03:18,0.0,Especial de Temporada,Fresas Con Crema Mediano (Corazon),futuro
2025-03-29 14:03:18,0.0,Especial de Temporada,Fresas Con Crema Mediano (Corazon),futuro
2025-03-30 14:03:18,0.0,Especial de Temporada,Fresas Con Crema Mediano (Corazon),futuro
2025-03-31 14:03:18,0.0,Especial de Temporada,Fresas Con Crema Mediano (Corazon),futuro
2025-04-01 14:03:18,0.0,Especial de Temporada,Fresas Con Crema Mediano (Corazon),futuro
2025-04-02 14:03:18,0.0,Especial de Temporada,Fresas Con Crema Mediano (Corazon),futuro
2025-04-03 14:03:18,0.0,Especial de Temporada,Fresas Con Crema Mediano (Corazon),futuro
2025-04-04 14:03:18,0.0,Especial de Temporada,Fresas Con Crema Mediano (Corazon),futuro
2025-04-05 14:03:18,0.0,Especial de Temporada,Fresas Con Crema Mediano (Corazon),futuro
2025-04-06 14:03:18,0.0,Especial de Temporada,Fresas Con Crema Mediano (Corazon),futuro
2025-04-07 14:03:18,0.0,Especial de Temporada,Fresas Con Crema Mediano (Corazon),futuro
2025-04-08 14:03:18,0.0,Especial de Temporada,Fresas Con Crema Mediano (Corazon),futuro
2025-04-09 14:03:18,0.0,Especial de Temporada,Fresas Con Crema Mediano (Corazon),futuro
2025-04-10 14:03:18,0.0,Especial de Temporada,Fresas Con Crema Mediano (Corazon),futuro
2025-04-11 14:03:18,0.0,Especial de Temporada,Fresas Con Crema Mediano (Corazon),futuro
2025-04-12 14:03:18,0.0,Especial de Temporada,Fresas Con Crema Mediano (Corazon),futuro
2025-04-13 14:03:18,0.0,Especial de Temporada,Fresas Con Crema Mediano (Corazon),futuro
2025-04-14 14:03:18,0.0,Especial de Temporada,Fresas Con Crema Mediano (Corazon),futuro
2025-04-15 14:03:18,0.0,Especial de Temporada,Fresas Con Crema Mediano (Corazon),futuro
2025-04-16 14:03:18,0.0,Especial de Temporada,Fresas Con Crema Mediano (Corazon),futuro
2025-04-17 14:03:18,0.0,Especial de Temporada,Fresas Con Crema Mediano (Corazon),futuro
2025-04-18 14:03:18,0.0,Especial de Temporada,Fresas Con Crema Mediano (Corazon),futuro
2025-04-19 14:03:18,0.0,Especial de Temporada,Fresas Con Crema Mediano (Corazon),futuro
2025-04-20 14:03:18,0.0,Especial de Temporada,Fresas Con Crema Mediano (Corazon),futuro
2025-04-21 14:03:18,0.0,Especial de Temporada,Fresas Con Crema Mediano (Corazon),futuro
2025-04-22 14:03:18,0.0,Especial de Temporada,Fresas Con Crema Mediano (Corazon),futuro
2025-04-23 14:03:18,0.0,Especial de Temporada,Fresas Con Crema Mediano (Corazon),futuro
2025-04-24 14:03:18,0.0,Especial de Temporada,Fresas Con Crema Mediano (Corazon),futuro
2025-04-25 14:03:18,0.0,Especial de Temporada,Fresas Con Crema Mediano (Corazon),futuro
2025-04-26 14:03:18,0.0,Especial de Temporada,Fresas Con Crema Mediano (Corazon),futuro
2025-04-27 14:03:18,0.0,Especial de Temporada,Fresas Con Crema Mediano (Corazon),futuro
2025-04-28 14:03:18,0.0,Especial de Temporada,Fresas Con Crema Mediano (Corazon),futuro
2025-04-29 14:03:18,0.0,Especial de Temporada,Fresas Con Crema Mediano (Corazon),futuro
2025-04-30 14:03:18,0.0,Especial de Temporada,Fresas Con Crema Mediano (Corazon),futuro
2025-05-01 14:03:18,0.0,Especial de Temporada,Fresas Con Crema Mediano (Corazon),futuro
2025-05-02 14:03:18,0.0,Especial de Temporada,Fresas Con Crema Mediano (Corazon),futuro
2025-05-03 14:03:18,0.0,Especial de Temporada,Fresas Con Crema Mediano (Corazon),futuro
2025-05-04 14:03:18,0.0,Especial de Temporada,Fresas Con Crema Mediano (Corazon),futuro
2025-05-05 14:03:18,0.0,Especial de Temporada,Fresas Con Crema Mediano (Corazon),futuro
2025-05-06 14:03:18,0.0,Especial de Temporada,Fresas Con Crema Mediano (Corazon),futuro
2025-05-07 14:03:18,0.0,Especial de Temporada,Fresas Con Crema Mediano (Corazon),futuro
2025-05-08 14:03:18,0.0,Especial de Temporada,Fresas Con Crema Mediano (Corazon),futuro
2025-05-09 14:03:18,0.0,Especial de Temporada,Fresas Con Crema Mediano (Corazon),futuro
2025-05-10 14:03:18,0.0,Especial de Temporada,Fresas Con Crema Mediano (Corazon),futuro
2025-05-11 14:03:18,0.0,Especial de Temporada,Fresas Con Crema Mediano (Corazon),futuro
2025-05-12 14:03:18,0.0,Especial de Temporada,Fresas Con Crema Mediano (Corazon),futuro
2025-05-13 14:03:18,0.0,Especial de Temporada,Fresas Con Crema Mediano (Corazon),futuro
2025-05-14 14:03:18,0.0,Especial de Temporada,Fresas Con Crema Mediano (Corazon),futuro
2025-05-15 14:03:18,0.0,Especial de Temporada,Fresas Con Crema Mediano (Corazon),futuro
2024-12-19 17:22:16,0.0,Especial de Temporada,Fruit Cake Pequeño,futuro
2024-12-20 17:22:16,0.0,Especial de Temporada,Fruit Cake Pequeño,futuro
2024-12-21 17:22:16,0.0,Especial de Temporada,Fruit Cake Pequeño,futuro
2024-12-22 17:22:16,0.0,Especial de Temporada,Fruit Cake Pequeño,futuro
2024-12-23 17:22:16,0.0,Especial de Temporada,Fruit Cake Pequeño,futuro
2024-12-24 17:22:16,0.0,Especial de Temporada,Fruit Cake Pequeño,futuro
2024-12-25 17:22:16,0.0,Especial de Temporada,Fruit Cake Pequeño,futuro
2024-12-26 17:22:16,0.0,Especial de Temporada,Fruit Cake Pequeño,futuro
2024-12-27 17:22:16,0.0,Especial de Temporada,Fruit Cake Pequeño,futuro
2024-12-28 17:22:16,0.0,Especial de Temporada,Fruit Cake Pequeño,futuro
2024-12-29 17:22:16,0.0,Especial de Temporada,Fruit Cake Pequeño,futuro
2024-12-30 17:22:16,0.0,Especial de Temporada,Fruit Cake Pequeño,futuro
2024-12-31 17:22:16,0.0,Especial de Temporada,Fruit Cake Pequeño,futuro
2025-01-01 17:22:16,0.0,Especial de Temporada,Fruit Cake Pequeño,futuro
2025-01-02 17:22:16,0.0,Especial de Temporada,Fruit Cake Pequeño,futuro
2025-01-03 17:22:16,0.0,Especial de Temporada,Fruit Cake Pequeño,futuro
2025-01-04 17:22:16,0.0,Especial de Temporada,Fruit Cake Pequeño,futuro
2025-01-05 17:22:16,0.0,Especial de Temporada,Fruit Cake Pequeño,futuro
2025-01-06 17:22:16,0.0,Especial de Temporada,Fruit Cake Pequeño,futuro
2025-01-07 17:22:16,0.0,Especial de Temporada,Fruit Cake Pequeño,futuro
2025-01-08 17:22:16,0.0,Especial de Temporada,Fruit Cake Pequeño,futuro
2025-01-09 17:22:16,0.0,Especial de Temporada,Fruit Cake Pequeño,futuro
2025-01-10 17:22:16,0.0,Especial de Temporada,Fruit Cake Pequeño,futuro
2025-01-11 17:22:16,0.0,Especial de Temporada,Fruit Cake Pequeño,futuro
2025-01-12 17:22:16,0.0,Especial de Temporada,Fruit Cake Pequeño,futuro
2025-01-13 17:22:16,0.0,Especial de Temporada,Fruit Cake Pequeño,futuro
2025-01-14 17:22:16,0.0,Especial de Temporada,Fruit Cake Pequeño,futuro
2025-01-15 17:22:16,0.0,Especial de Temporada,Fruit Cake Pequeño,futuro
2025-01-16 17:22:16,0.0,Especial de Temporada,Fruit Cake Pequeño,futuro
2025-01-17 17:22:16,0.0,Especial de Temporada,Fruit Cake Pequeño,futuro
2025-01-18 17:22:16,0.0,Especial de Temporada,Fruit Cake Pequeño,futuro
2025-01-19 17:22:16,0.0,Especial de Temporada,Fruit Cake Pequeño,futuro
2025-01-20 17:22:16,0.0,Especial de Temporada,Fruit Cake Pequeño,futuro
2025-01-21 17:22:16,0.0,Especial de Temporada,Fruit Cake Pequeño,futuro
2025-01-22 17:22:16,0.0,Especial de Temporada,Fruit Cake Pequeño,futuro
2025-01-23 17:22:16,0.0,Especial de Temporada,Fruit Cake Pequeño,futuro
2025-01-24 17:22:16,0.0,Especial de Temporada,Fruit Cake Pequeño,futuro
2025-01-25 17:22:16,0.0,Especial de Temporada,Fruit Cake Pequeño,futuro
2025-01-26 17:22:16,0.0,Especial de Temporada,Fruit Cake Pequeño,futuro
2025-01-27 17:22:16,0.0,Especial de Temporada,Fruit Cake Pequeño,futuro
2025-01-28 17:22:16,0.0,Especial de Temporada,Fruit Cake Pequeño,futuro
2025-01-29 17:22:16,0.0,Especial de Temporada,Fruit Cake Pequeño,futuro
2025-01-30 17:22:16,0.0,Especial de Temporada,Fruit Cake Pequeño,futuro
2025-01-31 17:22:16,0.0,Especial de Temporada,Fruit Cake Pequeño,futuro
2025-02-01 17:22:16,0.0,Especial de Temporada,Fruit Cake Pequeño,futuro
2025-02-02 17:22:16,0.0,Especial de Temporada,Fruit Cake Pequeño,futuro
2025-02-03 17:22:16,0.0,Especial de Temporada,Fruit Cake Pequeño,futuro
2025-02-04 17:22:16,0.0,Especial de Temporada,Fruit Cake Pequeño,futuro
2025-02-05 17:22:16,0.0,Especial de Temporada,Fruit Cake Pequeño,futuro
2025-02-06 17:22:16,0.0,Especial de Temporada,Fruit Cake Pequeño,futuro
2025-02-07 17:22:16,0.0,Especial de Temporada,Fruit Cake Pequeño,futuro
2025-02-08 17:22:16,0.0,Especial de Temporada,Fruit Cake Pequeño,futuro
2025-02-09 17:22:16,0.0,Especial de Temporada,Fruit Cake Pequeño,futuro
2025-02-10 17:22:16,0.0,Especial de Temporada,Fruit Cake Pequeño,futuro
2025-02-11 17:22:16,0.0,Especial de Temporada,Fruit Cake Pequeño,futuro
2025-02-12 17:22:16,0.0,Especial de Temporada,Fruit Cake Pequeño,futuro
2025-02-13 17:22:16,0.0,Especial de Temporada,Fruit Cake Pequeño,futuro
2025-02-14 17:22:16,0.0,Especial de Temporada,Fruit Cake Pequeño,futuro
2025-02-15 17:22:16,0.0,Especial de Temporada,Fruit Cake Pequeño,futuro
2025-02-16 17:22:16,0.0,Especial de Temporada,Fruit Cake Pequeño,futuro
2025-02-17 17:22:16,0.0,Especial de Temporada,Fruit Cake Pequeño,futuro
2025-02-18 17:22:16,0.0,Especial de Temporada,Fruit Cake Pequeño,futuro
2025-02-19 17:22:16,0.0,Especial de Temporada,Fruit Cake Pequeño,futuro
2025-02-20 17:22:16,0.0,Especial de Temporada,Fruit Cake Pequeño,futuro
2025-02-21 17:22:16,0.0,Especial de Temporada,Fruit Cake Pequeño,futuro
2025-02-22 17:22:16,0.0,Especial de Temporada,Fruit Cake Pequeño,futuro
2025-02-23 17:22:16,0.0,Especial de Temporada,Fruit Cake Pequeño,futuro
2025-02-24 17:22:16,0.0,Especial de Temporada,Fruit Cake Pequeño,futuro
2025-02-25 17:22:16,0.0,Especial de Temporada,Fruit Cake Pequeño,futuro
2025-02-26 17:22:16,0.0,Especial de Temporada,Fruit Cake Pequeño,futuro
2025-02-27 17:22:16,0.0,Especial de Temporada,Fruit Cake Pequeño,futuro
2025-02-28 17:22:16,0.0,Especial de Temporada,Fruit Cake Pequeño,futuro
2025-03-01 17:22:16,0.0,Especial de Temporada,Fruit Cake Pequeño,futuro
2025-03-02 17:22:16,0.0,Especial de Temporada,Fruit Cake Pequeño,futuro
2025-03-03 17:22:16,0.0,Especial de Temporada,Fruit Cake Pequeño,futuro
2025-03-04 17:22:16,0.0,Especial de Temporada,Fruit Cake Pequeño,futuro
2025-03-05 17:22:16,0.0,Especial de Temporada,Fruit Cake Pequeño,futuro
2025-03-06 17:22:16,0.0,Especial de Temporada,Fruit Cake Pequeño,futuro
2025-03-07 17:22:16,0.0,Especial de Temporada,Fruit Cake Pequeño,futuro
2025-03-08 17:22:16,0.0,Especial de Temporada,Fruit Cake Pequeño,futuro
2025-03-09 17:22:16,0.0,Especial de Temporada,Fruit Cake Pequeño,futuro
2025-03-10 17:22:16,0.0,Especial de Temporada,Fruit Cake Pequeño,futuro
2025-03-11 17:22:16,0.0,Especial de Temporada,Fruit Cake Pequeño,futuro
2025-03-12 17:22:16,0.0,Especial de Temporada,Fruit Cake Pequeño,futuro
2025-03-13 17:22:16,0.0,Especial de Temporada,Fruit Cake Pequeño,futuro
2025-03-14 17:22:16,0.0,Especial de Temporada,Fruit Cake Pequeño,futuro
2025-03-15 17:22:16,0.0,Especial de Temporada,Fruit Cake Pequeño,futuro
2025-03-16 17:22:16,0.0,Especial de Temporada,Fruit Cake Pequeño,futuro
2025-03-17 17:22:16,0.0,Especial de Temporada,Fruit Cake Pequeño,futuro
2025-03-18 17:22:16,0.0,Especial de Temporada,Fruit Cake Pequeño,futuro
2024-12-06 12:15:44,0.0,Especial de Temporada,Fruit cake 1KG,futuro
2024-12-07 12:15:44,0.0,Especial de Temporada,Fruit cake 1KG,futuro
2024-12-08 12:15:44,0.0,Especial de Temporada,Fruit cake 1KG,futuro
2024-12-09 12:15:44,0.0,Especial de Temporada,Fruit cake 1KG,futuro
2024-12-10 12:15:44,0.0,Especial de Temporada,Fruit cake 1KG,futuro
2024-12-11 12:15:44,0.0,Especial de Temporada,Fruit cake 1KG,futuro
2024-12-12 12:15:44,0.0,Especial de Temporada,Fruit cake 1KG,futuro
2024-12-13 12:15:44,0.0,Especial de Temporada,Fruit cake 1KG,futuro
2024-12-14 12:15:44,0.0,Especial de Temporada,Fruit cake 1KG,futuro
2024-12-15 12:15:44,0.0,Especial de Temporada,Fruit cake 1KG,futuro
2024-12-16 12:15:44,0.0,Especial de Temporada,Fruit cake 1KG,futuro
2024-12-17 12:15:44,0.0,Especial de Temporada,Fruit cake 1KG,futuro
2024-12-18 12:15:44,0.0,Especial de Temporada,Fruit cake 1KG,futuro
2024-12-19 12:15:44,0.0,Especial de Temporada,Fruit cake 1KG,futuro
2024-12-20 12:15:44,0.0,Especial de Temporada,Fruit cake 1KG,futuro
2024-12-21 12:15:44,0.0,Especial de Temporada,Fruit cake 1KG,futuro
2024-12-22 12:15:44,0.0,Especial de Temporada,Fruit cake 1KG,futuro
2024-12-23 12:15:44,0.0,Especial de Temporada,Fruit cake 1KG,futuro
2024-12-24 12:15:44,0.0,Especial de Temporada,Fruit cake 1KG,futuro
2024-12-25 12:15:44,0.0,Especial de Temporada,Fruit cake 1KG,futuro
2024-12-26 12:15:44,0.0,Especial de Temporada,Fruit cake 1KG,futuro
2024-12-27 12:15:44,0.0,Especial de Temporada,Fruit cake 1KG,futuro
2024-12-28 12:15:44,0.0,Especial de Temporada,Fruit cake 1KG,futuro
2024-12-29 12:15:44,0.0,Especial de Temporada,Fruit cake 1KG,futuro
2024-12-30 12:15:44,0.0,Especial de Temporada,Fruit cake 1KG,futuro
2024-12-31 12:15:44,0.0,Especial de Temporada,Fruit cake 1KG,futuro
2025-01-01 12:15:44,0.0,Especial de Temporada,Fruit cake 1KG,futuro
2025-01-02 12:15:44,0.0,Especial de Temporada,Fruit cake 1KG,futuro
2025-01-03 12:15:44,0.0,Especial de Temporada,Fruit cake 1KG,futuro
2025-01-04 12:15:44,0.0,Especial de Temporada,Fruit cake 1KG,futuro
2025-01-05 12:15:44,0.0,Especial de Temporada,Fruit cake 1KG,futuro
2025-01-06 12:15:44,0.0,Especial de Temporada,Fruit cake 1KG,futuro
2025-01-07 12:15:44,0.0,Especial de Temporada,Fruit cake 1KG,futuro
2025-01-08 12:15:44,0.0,Especial de Temporada,Fruit cake 1KG,futuro
2025-01-09 12:15:44,0.0,Especial de Temporada,Fruit cake 1KG,futuro
2025-01-10 12:15:44,0.0,Especial de Temporada,Fruit cake 1KG,futuro
2025-01-11 12:15:44,0.0,Especial de Temporada,Fruit cake 1KG,futuro
2025-01-12 12:15:44,0.0,Especial de Temporada,Fruit cake 1KG,futuro
2025-01-13 12:15:44,0.0,Especial de Temporada,Fruit cake 1KG,futuro
2025-01-14 12:15:44,0.0,Especial de Temporada,Fruit cake 1KG,futuro
2025-01-15 12:15:44,0.0,Especial de Temporada,Fruit cake 1KG,futuro
2025-01-16 12:15:44,0.0,Especial de Temporada,Fruit cake 1KG,futuro
2025-01-17 12:15:44,0.0,Especial de Temporada,Fruit cake 1KG,futuro
2025-01-18 12:15:44,0.0,Especial de Temporada,Fruit cake 1KG,futuro
2025-01-19 12:15:44,0.0,Especial de Temporada,Fruit cake 1KG,futuro
2025-01-20 12:15:44,0.0,Especial de Temporada,Fruit cake 1KG,futuro
2025-01-21 12:15:44,0.0,Especial de Temporada,Fruit cake 1KG,futuro
2025-01-22 12:15:44,0.0,Especial de Temporada,Fruit cake 1KG,futuro
2025-01-23 12:15:44,0.0,Especial de Temporada,Fruit cake 1KG,futuro
2025-01-24 12:15:44,0.0,Especial de Temporada,Fruit cake 1KG,futuro
2025-01-25 12:15:44,0.0,Especial de Temporada,Fruit cake 1KG,futuro
2025-01-26 12:15:44,0.0,Especial de Temporada,Fruit cake 1KG,futuro
2025-01-27 12:15:44,0.0,Especial de Temporada,Fruit cake 1KG,futuro
2025-01-28 12:15:44,0.0,Especial de Temporada,Fruit cake 1KG,futuro
2025-01-29 12:15:44,0.0,Especial de Temporada,Fruit cake 1KG,futuro
2025-01-30 12:15:44,0.0,Especial de Temporada,Fruit cake 1KG,futuro
2025-01-31 12:15:44,0.0,Especial de Temporada,Fruit cake 1KG,futuro
2025-02-01 12:15:44,0.0,Especial de Temporada,Fruit cake 1KG,futuro
2025-02-02 12:15:44,0.0,Especial de Temporada,Fruit cake 1KG,futuro
2025-02-03 12:15:44,0.0,Especial de Temporada,Fruit cake 1KG,futuro
2025-02-04 12:15:44,0.0,Especial de Temporada,Fruit cake 1KG,futuro
2025-02-05 12:15:44,0.0,Especial de Temporada,Fruit cake 1KG,futuro
2025-02-06 12:15:44,0.0,Especial de Temporada,Fruit cake 1KG,futuro
2025-02-07 12:15:44,0.0,Especial de Temporada,Fruit cake 1KG,futuro
2025-02-08 12:15:44,0.0,Especial de Temporada,Fruit cake 1KG,futuro
2025-02-09 12:15:44,0.0,Especial de Temporada,Fruit cake 1KG,futuro
2025-02-10 12:15:44,0.0,Especial de Temporada,Fruit cake 1KG,futuro
2025-02-11 12:15:44,0.0,Especial de Temporada,Fruit cake 1KG,futuro
2025-02-12 12:15:44,0.0,Especial de Temporada,Fruit cake 1KG,futuro
2025-02-13 12:15:44,0.0,Especial de Temporada,Fruit cake 1KG,futuro
2025-02-14 12:15:44,0.0,Especial de Temporada,Fruit cake 1KG,futuro
2025-02-15 12:15:44,0.0,Especial de Temporada,Fruit cake 1KG,futuro
2025-02-16 12:15:44,0.0,Especial de Temporada,Fruit cake 1KG,futuro
2025-02-17 12:15:44,0.0,Especial de Temporada,Fruit cake 1KG,futuro
2025-02-18 12:15:44,0.0,Especial de Temporada,Fruit cake 1KG,futuro
2025-02-19 12:15:44,0.0,Especial de Temporada,Fruit cake 1KG,futuro
2025-02-20 12:15:44,0.0,Especial de Temporada,Fruit cake 1KG,futuro
2025-02-21 12:15:44,0.0,Especial de Temporada,Fruit cake 1KG,futuro
2025-02-22 12:15:44,0.0,Especial de Temporada,Fruit cake 1KG,futuro
2025-02-23 12:15:44,0.0,Especial de Temporada,Fruit cake 1KG,futuro
2025-02-24 12:15:44,0.0,Especial de Temporada,Fruit cake 1KG,futuro
2025-02-25 12:15:44,0.0,Especial de Temporada,Fruit cake 1KG,futuro
2025-02-26 12:15:44,0.0,Especial de Temporada,Fruit cake 1KG,futuro
2025-02-27 12:15:44,0.0,Especial de Temporada,Fruit cake 1KG,futuro
2025-02-28 12:15:44,0.0,Especial de Temporada,Fruit cake 1KG,futuro
2025-03-01 12:15:44,0.0,Especial de Temporada,Fruit cake 1KG,futuro
2025-03-02 12:15:44,0.0,Especial de Temporada,Fruit cake 1KG,futuro
2025-03-03 12:15:44,0.0,Especial de Temporada,Fruit cake 1KG,futuro
2025-03-04 12:15:44,0.0,Especial de Temporada,Fruit cake 1KG,futuro
2025-03-05 12:15:44,0.0,Especial de Temporada,Fruit cake 1KG,futuro
2025-09-16 12:12:07,0.0,Especial de Temporada,Gelatina Mexicana,futuro
2025-09-17 12:12:07,0.0,Especial de Temporada,Gelatina Mexicana,futuro
2025-09-18 12:12:07,0.0,Especial de Temporada,Gelatina Mexicana,futuro
2025-09-19 12:12:07,0.0,Especial de Temporada,Gelatina Mexicana,futuro
2025-09-20 12:12:07,0.0,Especial de Temporada,Gelatina Mexicana,futuro
2025-09-21 12:12:07,0.0,Especial de Temporada,Gelatina Mexicana,futuro
2025-09-22 12:12:07,0.0,Especial de Temporada,Gelatina Mexicana,futuro
2025-09-23 12:12:07,0.0,Especial de Temporada,Gelatina Mexicana,futuro
2025-09-24 12:12:07,0.0,Especial de Temporada,Gelatina Mexicana,futuro
2025-09-25 12:12:07,0.0,Especial de Temporada,Gelatina Mexicana,futuro
2025-09-26 12:12:07,0.0,Especial de Temporada,Gelatina Mexicana,futuro
2025-09-27 12:12:07,0.0,Especial de Temporada,Gelatina Mexicana,futuro
2025-09-28 12:12:07,0.0,Especial de Temporada,Gelatina Mexicana,futuro
2025-09-29 12:12:07,0.0,Especial de Temporada,Gelatina Mexicana,futuro
2025-09-30 12:12:07,0.0,Especial de Temporada,Gelatina Mexicana,futuro
2025-10-01 12:12:07,0.0,Especial de Temporada,Gelatina Mexicana,futuro
2025-10-02 12:12:07,0.0,Especial de Temporada,Gelatina Mexicana,futuro
2025-10-03 12:12:07,0.0,Especial de Temporada,Gelatina Mexicana,futuro
2025-10-04 12:12:07,0.0,Especial de Temporada,Gelatina Mexicana,futuro
2025-10-05 12:12:07,0.0,Especial de Temporada,Gelatina Mexicana,futuro
2025-10-06 12:12:07,0.0,Especial de Temporada,Gelatina Mexicana,futuro
2025-10-07 12:12:07,0.0,Especial de Temporada,Gelatina Mexicana,futuro
2025-10-08 12:12:07,0.0,Especial de Temporada,Gelatina Mexicana,futuro
2025-10-09 12:12:07,0.0,Especial de Temporada,Gelatina Mexicana,futuro
2025-10-10 12:12:07,0.0,Especial de Temporada,Gelatina Mexicana,futuro
2025-10-11 12:12:07,0.0,Especial de Temporada,Gelatina Mexicana,futuro
2025-10-12 12:12:07,0.0,Especial de Temporada,Gelatina Mexicana,futuro
2025-10-13 12:12:07,0.0,Especial de Temporada,Gelatina Mexicana,futuro
2025-10-14 12:12:07,0.0,Especial de Temporada,Gelatina Mexicana,futuro
2025-10-15 12:12:07,0.0,Especial de Temporada,Gelatina Mexicana,futuro
2025-10-16 12:12:07,0.0,Especial de Temporada,Gelatina Mexicana,futuro
2025-10-17 12:12:07,0.0,Especial de Temporada,Gelatina Mexicana,futuro
2025-10-18 12:12:07,0.0,Especial de Temporada,Gelatina Mexicana,futuro
2025-10-19 12:12:07,0.0,Especial de Temporada,Gelatina Mexicana,futuro
2025-10-20 12:12:07,0.0,Especial de Temporada,Gelatina Mexicana,futuro
2025-10-21 12:12:07,0.0,Especial de Temporada,Gelatina Mexicana,futuro
2025-10-22 12:12:07,0.0,Especial de Temporada,Gelatina Mexicana,futuro
2025-10-23 12:12:07,0.0,Especial de Temporada,Gelatina Mexicana,futuro
2025-10-24 12:12:07,0.0,Especial de Temporada,Gelatina Mexicana,futuro
2025-10-25 12:12:07,0.0,Especial de Temporada,Gelatina Mexicana,futuro
2025-10-26 12:12:07,0.0,Especial de Temporada,Gelatina Mexicana,futuro
2025-10-27 12:12:07,0.0,Especial de Temporada,Gelatina Mexicana,futuro
2025-10-28 12:12:07,0.0,Especial de Temporada,Gelatina Mexicana,futuro
2025-10-29 12:12:07,0.0,Especial de Temporada,Gelatina Mexicana,futuro
2025-10-30 12:12:07,0.0,Especial de Temporada,Gelatina Mexicana,futuro
2025-10-31 12:12:07,0.0,Especial de Temporada,Gelatina Mexicana,futuro
2025-11-01 12:12:07,0.0,Especial de Temporada,Gelatina Mexicana,futuro
2025-11-02 12:12:07,0.0,Especial de Temporada,Gelatina Mexicana,futuro
2025-11-03 12:12:07,0.0,Especial de Temporada,Gelatina Mexicana,futuro
2025-11-04 12:12:07,0.0,Especial de Temporada,Gelatina Mexicana,futuro
2025-11-05 12:12:07,0.0,Especial de Temporada,Gelatina Mexicana,futuro
2025-11-06 12:12:07,0.0,Especial de Temporada,Gelatina Mexicana,futuro
2025-11-07 12:12:07,0.0,Especial de Temporada,Gelatina Mexicana,futuro
2025-11-08 12:12:07,0.0,Especial de Temporada,Gelatina Mexicana,futuro
2025-11-09 12:12:07,0.0,Especial de Temporada,Gelatina Mexicana,futuro
2025-11-10 12:12:07,0.0,Especial de Temporada,Gelatina Mexicana,futuro
2025-11-11 12:12:07,0.0,Especial de Temporada,Gelatina Mexicana,futuro
2025-11-12 12:12:07,0.0,Especial de Temporada,Gelatina Mexicana,futuro
2025-11-13 12:12:07,0.0,Especial de Temporada,Gelatina Mexicana,futuro
2025-11-14 12:12:07,0.0,Especial de Temporada,Gelatina Mexicana,futuro
2025-11-15 12:12:07,0.0,Especial de Temporada,Gelatina Mexicana,futuro
2025-11-16 12:12:07,0.0,Especial de Temporada,Gelatina Mexicana,futuro
2025-11-17 12:12:07,0.0,Especial de Temporada,Gelatina Mexicana,futuro
2025-11-18 12:12:07,0.0,Especial de Temporada,Gelatina Mexicana,futuro
2025-11-19 12:12:07,0.0,Especial de Temporada,Gelatina Mexicana,futuro
2025-11-20 12:12:07,0.0,Especial de Temporada,Gelatina Mexicana,futuro
2025-11-21 12:12:07,0.0,Especial de Temporada,Gelatina Mexicana,futuro
2025-11-22 12:12:07,0.0,Especial de Temporada,Gelatina Mexicana,futuro
2025-11-23 12:12:07,0.0,Especial de Temporada,Gelatina Mexicana,futuro
2025-11-24 12:12:07,0.0,Especial de Temporada,Gelatina Mexicana,futuro
2025-11-25 12:12:07,0.0,Especial de Temporada,Gelatina Mexicana,futuro
2025-11-26 12:12:07,0.0,Especial de Temporada,Gelatina Mexicana,futuro
2025-11-27 12:12:07,0.0,Especial de Temporada,Gelatina Mexicana,futuro
2025-11-28 12:12:07,0.0,Especial de Temporada,Gelatina Mexicana,futuro
2025-11-29 12:12:07,0.0,Especial de Temporada,Gelatina Mexicana,futuro
2025-11-30 12:12:07,0.0,Especial de Temporada,Gelatina Mexicana,futuro
2025-12-01 12:12:07,0.0,Especial de Temporada,Gelatina Mexicana,futuro
2025-12-02 12:12:07,0.0,Especial de Temporada,Gelatina Mexicana,futuro
2025-12-03 12:12:07,0.0,Especial de Temporada,Gelatina Mexicana,futuro
2025-12-04 12:12:07,0.0,Especial de Temporada,Gelatina Mexicana,futuro
2025-12-05 12:12:07,0.0,Especial de Temporada,Gelatina Mexicana,futuro
2025-12-06 12:12:07,0.0,Especial de Temporada,Gelatina Mexicana,futuro
2025-12-07 12:12:07,0.0,Especial de Temporada,Gelatina Mexicana,futuro
2025-12-08 12:12:07,0.0,Especial de Temporada,Gelatina Mexicana,futuro
2025-12-09 12:12:07,0.0,Especial de Temporada,Gelatina Mexicana,futuro
2025-12-10 12:12:07,0.0,Especial de Temporada,Gelatina Mexicana,futuro
2025-12-11 12:12:07,0.0,Especial de Temporada,Gelatina Mexicana,futuro
2025-12-12 12:12:07,0.0,Especial de Temporada,Gelatina Mexicana,futuro
2025-12-13 12:12:07,0.0,Especial de Temporada,Gelatina Mexicana,futuro
2025-12-14 12:12:07,0.0,Especial de Temporada,Gelatina Mexicana,futuro
2025-02-15 19:02:05,0.0,Especial de Temporada,Moka Grande (Corazon),futuro
2025-02-16 19:02:05,0.0,Especial de Temporada,Moka Grande (Corazon),futuro
2025-02-17 19:02:05,0.0,Especial de Temporada,Moka Grande (Corazon),futuro
2025-02-18 19:02:05,0.0,Especial de Temporada,Moka Grande (Corazon),futuro
2025-02-19 19:02:05,0.0,Especial de Temporada,Moka Grande (Corazon),futuro
2025-02-20 19:02:05,0.0,Especial de Temporada,Moka Grande (Corazon),futuro
2025-02-21 19:02:05,0.0,Especial de Temporada,Moka Grande (Corazon),futuro
2025-02-22 19:02:05,0.0,Especial de Temporada,Moka Grande (Corazon),futuro
2025-02-23 19:02:05,0.0,Especial de Temporada,Moka Grande (Corazon),futuro
2025-02-24 19:02:05,0.0,Especial de Temporada,Moka Grande (Corazon),futuro
2025-02-25 19:02:05,0.0,Especial de Temporada,Moka Grande (Corazon),futuro
2025-02-26 19:02:05,0.0,Especial de Temporada,Moka Grande (Corazon),futuro
2025-02-27 19:02:05,0.0,Especial de Temporada,Moka Grande (Corazon),futuro
2025-02-28 19:02:05,0.0,Especial de Temporada,Moka Grande (Corazon),futuro
2025-03-01 19:02:05,0.0,Especial de Temporada,Moka Grande (Corazon),futuro
2025-03-02 19:02:05,0.0,Especial de Temporada,Moka Grande (Corazon),futuro
2025-03-03 19:02:05,0.0,Especial de Temporada,Moka Grande (Corazon),futuro
2025-03-04 19:02:05,0.0,Especial de Temporada,Moka Grande (Corazon),futuro
2025-03-05 19:02:05,0.0,Especial de Temporada,Moka Grande (Corazon),futuro
2025-03-06 19:02:05,0.0,Especial de Temporada,Moka Grande (Corazon),futuro
2025-03-07 19:02:05,0.0,Especial de Temporada,Moka Grande (Corazon),futuro
2025-03-08 19:02:05,0.0,Especial de Temporada,Moka Grande (Corazon),futuro
2025-03-09 19:02:05,0.0,Especial de Temporada,Moka Grande (Corazon),futuro
2025-03-10 19:02:05,0.0,Especial de Temporada,Moka Grande (Corazon),futuro
2025-03-11 19:02:05,0.0,Especial de Temporada,Moka Grande (Corazon),futuro
2025-03-12 19:02:05,0.0,Especial de Temporada,Moka Grande (Corazon),futuro
2025-03-13 19:02:05,0.0,Especial de Temporada,Moka Grande (Corazon),futuro
2025-03-14 19:02:05,0.0,Especial de Temporada,Moka Grande (Corazon),futuro
2025-03-15 19:02:05,0.0,Especial de Temporada,Moka Grande (Corazon),futuro
2025-03-16 19:02:05,0.0,Especial de Temporada,Moka Grande (Corazon),futuro
2025-03-17 19:02:05,0.0,Especial de Temporada,Moka Grande (Corazon),futuro
2025-03-18 19:02:05,0.0,Especial de Temporada,Moka Grande (Corazon),futuro
2025-03-19 19:02:05,0.0,Especial de Temporada,Moka Grande (Corazon),futuro
2025-03-20 19:02:05,0.0,Especial de Temporada,Moka Grande (Corazon),futuro
2025-03-21 19:02:05,0.0,Especial de Temporada,Moka Grande (Corazon),futuro
2025-03-22 19:02:05,0.0,Especial de Temporada,Moka Grande (Corazon),futuro
2025-03-23 19:02:05,0.0,Especial de Temporada,Moka Grande (Corazon),futuro
2025-03-24 19:02:05,0.0,Especial de Temporada,Moka Grande (Corazon),futuro
2025-03-25 19:02:05,0.0,Especial de Temporada,Moka Grande (Corazon),futuro
2025-03-26 19:02:05,0.0,Especial de Temporada,Moka Grande (Corazon),futuro
2025-03-27 19:02:05,0.0,Especial de Temporada,Moka Grande (Corazon),futuro
2025-03-28 19:02:05,0.0,Especial de Temporada,Moka Grande (Corazon),futuro
2025-03-29 19:02:05,0.0,Especial de Temporada,Moka Grande (Corazon),futuro
2025-03-30 19:02:05,0.0,Especial de Temporada,Moka Grande (Corazon),futuro
2025-03-31 19:02:05,0.0,Especial de Temporada,Moka Grande (Corazon),futuro
2025-04-01 19:02:05,0.0,Especial de Temporada,Moka Grande (Corazon),futuro
2025-04-02 19:02:05,0.0,Especial de Temporada,Moka Grande (Corazon),futuro
2025-04-03 19:02:05,0.0,Especial de Temporada,Moka Grande (Corazon),futuro
2025-04-04 19:02:05,0.0,Especial de Temporada,Moka Grande (Corazon),futuro
2025-04-05 19:02:05,0.0,Especial de Temporada,Moka Grande (Corazon),futuro
2025-04-06 19:02:05,0.0,Especial de Temporada,Moka Grande (Corazon),futuro
2025-04-07 19:02:05,0.0,Especial de Temporada,Moka Grande (Corazon),futuro
2025-04-08 19:02:05,0.0,Especial de Temporada,Moka Grande (Corazon),futuro
2025-04-09 19:02:05,0.0,Especial de Temporada,Moka Grande (Corazon),futuro
2025-04-10 19:02:05,0.0,Especial de Temporada,Moka Grande (Corazon),futuro
2025-04-11 19:02:05,0.0,Especial de Temporada,Moka Grande (Corazon),futuro
2025-04-12 19:02:05,0.0,Especial de Temporada,Moka Grande (Corazon),futuro
2025-04-13 19:02:05,0.0,Especial de Temporada,Moka Grande (Corazon),futuro
2025-04-14 19:02:05,0.0,Especial de Temporada,Moka Grande (Corazon),futuro
2025-04-15 19:02:05,0.0,Especial de Temporada,Moka Grande (Corazon),futuro
2025-04-16 19:02:05,0.0,Especial de Temporada,Moka Grande (Corazon),futuro
2025-04-17 19:02:05,0.0,Especial de Temporada,Moka Grande (Corazon),futuro
2025-04-18 19:02:05,0.0,Especial de Temporada,Moka Grande (Corazon),futuro
2025-04-19 19:02:05,0.0,Especial de Temporada,Moka Grande (Corazon),futuro
2025-04-20 19:02:05,0.0,Especial de Temporada,Moka Grande (Corazon),futuro
2025-04-21 19:02:05,0.0,Especial de Temporada,Moka Grande (Corazon),futuro
2025-04-22 19:02:05,0.0,Especial de Temporada,Moka Grande (Corazon),futuro
2025-04-23 19:02:05,0.0,Especial de Temporada,Moka Grande (Corazon),futuro
2025-04-24 19:02:05,0.0,Especial de Temporada,Moka Grande (Corazon),futuro
2025-04-25 19:02:05,0.0,Especial de Temporada,Moka Grande (Corazon),futuro
2025-04-26 19:02:05,0.0,Especial de Temporada,Moka Grande (Corazon),futuro
2025-04-27 19:02:05,0.0,Especial de Temporada,Moka Grande (Corazon),futuro
2025-04-28 19:02:05,0.0,Especial de Temporada,Moka Grande (Corazon),futuro
2025-04-29 19:02:05,0.0,Especial de Temporada,Moka Grande (Corazon),futuro
2025-04-30 19:02:05,0.0,Especial de Temporada,Moka Grande (Corazon),futuro
2025-05-01 19:02:05,0.0,Especial de Temporada,Moka Grande (Corazon),futuro
2025-05-02 19:02:05,0.0,Especial de Temporada,Moka Grande (Corazon),futuro
2025-05-03 19:02:05,0.0,Especial de Temporada,Moka Grande (Corazon),futuro
2025-05-04 19:02:05,0.0,Especial de Temporada,Moka Grande (Corazon),futuro
2025-05-05 19:02:05,0.0,Especial de Temporada,Moka Grande (Corazon),futuro
2025-05-06 19:02:05,0.0,Especial de Temporada,Moka Grande (Corazon),futuro
2025-05-07 19:02:05,0.0,Especial de Temporada,Moka Grande (Corazon),futuro
2025-05-08 19:02:05,0.0,Especial de Temporada,Moka Grande (Corazon),futuro
2025-05-09 19:02:05,0.0,Especial de Temporada,Moka Grande (Corazon),futuro
2025-05-10 19:02:05,0.0,Especial de Temporada,Moka Grande (Corazon),futuro
2025-05-11 19:02:05,0.0,Especial de Temporada,Moka Grande (Corazon),futuro
2025-05-12 19:02:05,0.0,Especial de Temporada,Moka Grande (Corazon),futuro
2025-05-13 19:02:05,0.0,Especial de Temporada,Moka Grande (Corazon),futuro
2025-05-14 19:02:05,0.0,Especial de Temporada,Moka Grande (Corazon),futuro
2025-05-15 19:02:05,0.0,Especial de Temporada,Moka Grande (Corazon),futuro
2025-10-31 16:40:24,0.0,Especial de Temporada,Pan de muerto capacillo natural char(10),futuro
2025-11-01 16:40:24,0.0,Especial de Temporada,Pan de muerto capacillo natural char(10),futuro
2025-11-02 16:40:24,0.0,Especial de Temporada,Pan de muerto capacillo natural char(10),futuro
2025-11-03 16:40:24,0.0,Especial de Temporada,Pan de muerto capacillo natural char(10),futuro
2025-11-04 16:40:24,0.0,Especial de Temporada,Pan de muerto capacillo natural char(10),futuro
2025-11-05 16:40:24,0.0,Especial de Temporada,Pan de muerto capacillo natural char(10),futuro
2025-11-06 16:40:24,0.0,Especial de Temporada,Pan de muerto capacillo natural char(10),futuro
2025-11-07 16:40:24,0.0,Especial de Temporada,Pan de muerto capacillo natural char(10),futuro
2025-11-08 16:40:24,0.0,Especial de Temporada,Pan de muerto capacillo natural char(10),futuro
2025-11-09 16:40:24,0.0,Especial de Temporada,Pan de muerto capacillo natural char(10),futuro
2025-11-10 16:40:24,0.0,Especial de Temporada,Pan de muerto capacillo natural char(10),futuro
2025-11-11 16:40:24,0.0,Especial de Temporada,Pan de muerto capacillo natural char(10),futuro
2025-11-12 16:40:24,0.0,Especial de Temporada,Pan de muerto capacillo natural char(10),futuro
2025-11-13 16:40:24,0.0,Especial de Temporada,Pan de muerto capacillo natural char(10),futuro
2025-11-14 16:40:24,0.0,Especial de Temporada,Pan de muerto capacillo natural char(10),futuro
2025-11-15 16:40:24,0.0,Especial de Temporada,Pan de muerto capacillo natural char(10),futuro
2025-11-16 16:40:24,0.0,Especial de Temporada,Pan de muerto capacillo natural char(10),futuro
2025-11-17 16:40:24,0.0,Especial de Temporada,Pan de muerto capacillo natural char(10),futuro
2025-11-18 16:40:24,0.0,Especial de Temporada,Pan de muerto capacillo natural char(10),futuro
2025-11-19 16:40:24,0.0,Especial de Temporada,Pan de muerto capacillo natural char(10),futuro
2025-11-20 16:40:24,0.0,Especial de Temporada,Pan de muerto capacillo natural char(10),futuro
2025-11-21 16:40:24,0.0,Especial de Temporada,Pan de muerto capacillo natural char(10),futuro
2025-11-22 16:40:24,0.0,Especial de Temporada,Pan de muerto capacillo natural char(10),futuro
2025-11-23 16:40:24,0.0,Especial de Temporada,Pan de muerto capacillo natural char(10),futuro
2025-11-24 16:40:24,0.0,Especial de Temporada,Pan de muerto capacillo natural char(10),futuro
2025-11-25 16:40:24,0.0,Especial de Temporada,Pan de muerto capacillo natural char(10),futuro
2025-11-26 16:40:24,0.0,Especial de Temporada,Pan de muerto capacillo natural char(10),futuro
2025-11-27 16:40:24,0.0,Especial de Temporada,Pan de muerto capacillo natural char(10),futuro
2025-11-28 16:40:24,0.0,Especial de Temporada,Pan de muerto capacillo natural char(10),futuro
2025-11-29 16:40:24,0.0,Especial de Temporada,Pan de muerto capacillo natural char(10),futuro
2025-11-30 16:40:24,0.0,Especial de Temporada,Pan de muerto capacillo natural char(10),futuro
2025-12-01 16:40:24,0.0,Especial de Temporada,Pan de muerto capacillo natural char(10),futuro
2025-12-02 16:40:24,0.0,Especial de Temporada,Pan de muerto capacillo natural char(10),futuro
2025-12-03 16:40:24,0.0,Especial de Temporada,Pan de muerto capacillo natural char(10),futuro
2025-12-04 16:40:24,0.0,Especial de Temporada,Pan de muerto capacillo natural char(10),futuro
2025-12-05 16:40:24,0.0,Especial de Temporada,Pan de muerto capacillo natural char(10),futuro
2025-12-06 16:40:24,0.0,Especial de Temporada,Pan de muerto capacillo natural char(10),futuro
2025-12-07 16:40:24,0.0,Especial de Temporada,Pan de muerto capacillo natural char(10),futuro
2025-12-08 16:40:24,0.0,Especial de Temporada,Pan de muerto capacillo natural char(10),futuro
2025-12-09 16:40:24,0.0,Especial de Temporada,Pan de muerto capacillo natural char(10),futuro
2025-12-10 16:40:24,0.0,Especial de Temporada,Pan de muerto capacillo natural char(10),futuro
2025-12-11 16:40:24,0.0,Especial de Temporada,Pan de muerto capacillo natural char(10),futuro
2025-12-12 16:40:24,0.0,Especial de Temporada,Pan de muerto capacillo natural char(10),futuro
2025-12-13 16:40:24,0.0,Especial de Temporada,Pan de muerto capacillo natural char(10),futuro
2025-12-14 16:40:24,0.0,Especial de Temporada,Pan de muerto capacillo natural char(10),futuro
2025-12-15 16:40:24,0.0,Especial de Temporada,Pan de muerto capacillo natural char(10),futuro
2025-12-16 16:40:24,0.0,Especial de Temporada,Pan de muerto capacillo natural char(10),futuro
2025-12-17 16:40:24,0.0,Especial de Temporada,Pan de muerto capacillo natural char(10),futuro
2025-12-18 16:40:24,0.0,Especial de Temporada,Pan de muerto capacillo natural char(10),futuro
2025-12-19 16:40:24,0.0,Especial de Temporada,Pan de muerto capacillo natural char(10),futuro
2025-12-20 16:40:24,0.0,Especial de Temporada,Pan de muerto capacillo natural char(10),futuro
2025-12-21 16:40:24,0.0,Especial de Temporada,Pan de muerto capacillo natural char(10),futuro
2025-12-22 16:40:24,0.0,Especial de Temporada,Pan de muerto capacillo natural char(10),futuro
2025-12-23 16:40:24,0.0,Especial de Temporada,Pan de muerto capacillo natural char(10),futuro
2025-12-24 16:40:24,0.0,Especial de Temporada,Pan de muerto capacillo natural char(10),futuro
2025-12-25 16:40:24,0.0,Especial de Temporada,Pan de muerto capacillo natural char(10),futuro
2025-12-26 16:40:24,0.0,Especial de Temporada,Pan de muerto capacillo natural char(10),futuro
2025-12-27 16:40:24,0.0,Especial de Temporada,Pan de muerto capacillo natural char(10),futuro
2025-12-28 16:40:24,0.0,Especial de Temporada,Pan de muerto capacillo natural char(10),futuro
2025-12-29 16:40:24,0.0,Especial de Temporada,Pan de muerto capacillo natural char(10),futuro
2025-12-30 16:40:24,0.0,Especial de Temporada,Pan de muerto capacillo natural char(10),futuro
2025-12-31 16:40:24,0.0,Especial de Temporada,Pan de muerto capacillo natural char(10),futuro
2026-01-01 16:40:24,0.0,Especial de Temporada,Pan de muerto capacillo natural char(10),futuro
2026-01-02 16:40:24,0.0,Especial de Temporada,Pan de muerto capacillo natural char(10),futuro
2026-01-03 16:40:24,0.0,Especial de Temporada,Pan de muerto capacillo natural char(10),futuro
2026-01-04 16:40:24,0.0,Especial de Temporada,Pan de muerto capacillo natural char(10),futuro
2026-01-05 16:40:24,0.0,Especial de Temporada,Pan de muerto capacillo natural char(10),futuro
2026-01-06 16:40:24,0.0,Especial de Temporada,Pan de muerto capacillo natural char(10),futuro
2026-01-07 16:40:24,0.0,Especial de Temporada,Pan de muerto capacillo natural char(10),futuro
2026-01-08 16:40:24,0.0,Especial de Temporada,Pan de muerto capacillo natural char(10),futuro
2026-01-09 16:40:24,0.0,Especial de Temporada,Pan de muerto capacillo natural char(10),futuro
2026-01-10 16:40:24,0.0,Especial de Temporada,Pan de muerto capacillo natural char(10),futuro
2026-01-11 16:40:24,0.0,Especial de Temporada,Pan de muerto capacillo natural char(10),futuro
2026-01-12 16:40:24,0.0,Especial de Temporada,Pan de muerto capacillo natural char(10),futuro
2026-01-13 16:40:24,0.0,Especial de Temporada,Pan de muerto capacillo natural char(10),futuro
2026-01-14 16:40:24,0.0,Especial de Temporada,Pan de muerto capacillo natural char(10),futuro
2026-01-15 16:40:24,0.0,Especial de Temporada,Pan de muerto capacillo natural char(10),futuro
2026-01-16 16:40:24,0.0,Especial de Temporada,Pan de muerto capacillo natural char(10),futuro
2026-01-17 16:40:24,0.0,Especial de Temporada,Pan de muerto capacillo natural char(10),futuro
2026-01-18 16:40:24,0.0,Especial de Temporada,Pan de muerto capacillo natural char(10),futuro
2026-01-19 16:40:24,0.0,Especial de Temporada,Pan de muerto capacillo natural char(10),futuro
2026-01-20 16:40:24,0.0,Especial de Temporada,Pan de muerto capacillo natural char(10),futuro
2026-01-21 16:40:24,0.0,Especial de Temporada,Pan de muerto capacillo natural char(10),futuro
2026-01-22 16:40:24,0.0,Especial de Temporada,Pan de muerto capacillo natural char(10),futuro
2026-01-23 16:40:24,0.0,Especial de Temporada,Pan de muerto capacillo natural char(10),futuro
2026-01-24 16:40:24,0.0,Especial de Temporada,Pan de muerto capacillo natural char(10),futuro
2026-01-25 16:40:24,0.0,Especial de Temporada,Pan de muerto capacillo natural char(10),futuro
2026-01-26 16:40:24,0.0,Especial de Temporada,Pan de muerto capacillo natural char(10),futuro
2026-01-27 16:40:24,0.0,Especial de Temporada,Pan de muerto capacillo natural char(10),futuro
2026-01-28 16:40:24,0.0,Especial de Temporada,Pan de muerto capacillo natural char(10),futuro
2025-11-04 20:11:34,0.0,Especial de Temporada,Pan de muerto charola nat (6),futuro
2025-11-05 20:11:34,0.0,Especial de Temporada,Pan de muerto charola nat (6),futuro
2025-11-06 20:11:34,0.0,Especial de Temporada,Pan de muerto charola nat (6),futuro
2025-11-07 20:11:34,0.0,Especial de Temporada,Pan de muerto charola nat (6),futuro
2025-11-08 20:11:34,0.0,Especial de Temporada,Pan de muerto charola nat (6),futuro
2025-11-09 20:11:34,0.0,Especial de Temporada,Pan de muerto charola nat (6),futuro
2025-11-10 20:11:34,0.0,Especial de Temporada,Pan de muerto charola nat (6),futuro
2025-11-11 20:11:34,0.0,Especial de Temporada,Pan de muerto charola nat (6),futuro
2025-11-12 20:11:34,0.0,Especial de Temporada,Pan de muerto charola nat (6),futuro
2025-11-13 20:11:34,0.0,Especial de Temporada,Pan de muerto charola nat (6),futuro
2025-11-14 20:11:34,0.0,Especial de Temporada,Pan de muerto charola nat (6),futuro
2025-11-15 20:11:34,0.0,Especial de Temporada,Pan de muerto charola nat (6),futuro
2025-11-16 20:11:34,0.0,Especial de Temporada,Pan de muerto charola nat (6),futuro
2025-11-17 20:11:34,0.0,Especial de Temporada,Pan de muerto charola nat (6),futuro
2025-11-18 20:11:34,0.0,Especial de Temporada,Pan de muerto charola nat (6),futuro
2025-11-19 20:11:34,0.0,Especial de Temporada,Pan de muerto charola nat (6),futuro
2025-11-20 20:11:34,0.0,Especial de Temporada,Pan de muerto charola nat (6),futuro
2025-11-21 20:11:34,0.0,Especial de Temporada,Pan de muerto charola nat (6),futuro
2025-11-22 20:11:34,0.0,Especial de Temporada,Pan de muerto charola nat (6),futuro
2025-11-23 20:11:34,0.0,Especial de Temporada,Pan de muerto charola nat (6),futuro
2025-11-24 20:11:34,0.0,Especial de Temporada,Pan de muerto charola nat (6),futuro
2025-11-25 20:11:34,0.0,Especial de Temporada,Pan de muerto charola nat (6),futuro
2025-11-26 20:11:34,0.0,Especial de Temporada,Pan de muerto charola nat (6),futuro
2025-11-27 20:11:34,0.0,Especial de Temporada,Pan de muerto charola nat (6),futuro
2025-11-28 20:11:34,0.0,Especial de Temporada,Pan de muerto charola nat (6),futuro
2025-11-29 20:11:34,0.0,Especial de Temporada,Pan de muerto charola nat (6),futuro
2025-11-30 20:11:34,0.0,Especial de Temporada,Pan de muerto charola nat (6),futuro
2025-12-01 20:11:34,0.0,Especial de Temporada,Pan de muerto charola nat (6),futuro
2025-12-02 20:11:34,0.0,Especial de Temporada,Pan de muerto charola nat (6),futuro
2025-12-03 20:11:34,0.0,Especial de Temporada,Pan de muerto charola nat (6),futuro
2025-12-04 20:11:34,0.0,Especial de Temporada,Pan de muerto charola nat (6),futuro
2025-12-05 20:11:34,0.0,Especial de Temporada,Pan de muerto charola nat (6),futuro
2025-12-06 20:11:34,0.0,Especial de Temporada,Pan de muerto charola nat (6),futuro
2025-12-07 20:11:34,0.0,Especial de Temporada,Pan de muerto charola nat (6),futuro
2025-12-08 20:11:34,0.0,Especial de Temporada,Pan de muerto charola nat (6),futuro
2025-12-09 20:11:34,0.0,Especial de Temporada,Pan de muerto charola nat (6),futuro
2025-12-10 20:11:34,0.0,Especial de Temporada,Pan de muerto charola nat (6),futuro
2025-12-11 20:11:34,0.0,Especial de Temporada,Pan de muerto charola nat (6),futuro
2025-12-12 20:11:34,0.0,Especial de Temporada,Pan de muerto charola nat (6),futuro
2025-12-13 20:11:34,0.0,Especial de Temporada,Pan de muerto charola nat (6),futuro
2025-12-14 20:11:34,0.0,Especial de Temporada,Pan de muerto charola nat (6),futuro
2025-12-15 20:11:34,0.0,Especial de Temporada,Pan de muerto charola nat (6),futuro
2025-12-16 20:11:34,0.0,Especial de Temporada,Pan de muerto charola nat (6),futuro
2025-12-17 20:11:34,0.0,Especial de Temporada,Pan de muerto charola nat (6),futuro
2025-12-18 20:11:34,0.0,Especial de Temporada,Pan de muerto charola nat (6),futuro
2025-12-19 20:11:34,0.0,Especial de Temporada,Pan de muerto charola nat (6),futuro
2025-12-20 20:11:34,0.0,Especial de Temporada,Pan de muerto charola nat (6),futuro
2025-12-21 20:11:34,0.0,Especial de Temporada,Pan de muerto charola nat (6),futuro
2025-12-22 20:11:34,0.0,Especial de Temporada,Pan de muerto charola nat (6),futuro
2025-12-23 20:11:34,0.0,Especial de Temporada,Pan de muerto charola nat (6),futuro
2025-12-24 20:11:34,0.0,Especial de Temporada,Pan de muerto charola nat (6),futuro
2025-12-25 20:11:34,0.0,Especial de Temporada,Pan de muerto charola nat (6),futuro
2025-12-26 20:11:34,0.0,Especial de Temporada,Pan de muerto charola nat (6),futuro
2025-12-27 20:11:34,0.0,Especial de Temporada,Pan de muerto charola nat (6),futuro
2025-12-28 20:11:34,0.0,Especial de Temporada,Pan de muerto charola nat (6),futuro
2025-12-29 20:11:34,0.0,Especial de Temporada,Pan de muerto charola nat (6),futuro
2025-12-30 20:11:34,0.0,Especial de Temporada,Pan de muerto charola nat (6),futuro
2025-12-31 20:11:34,0.0,Especial de Temporada,Pan de muerto charola nat (6),futuro
2026-01-01 20:11:34,0.0,Especial de Temporada,Pan de muerto charola nat (6),futuro
2026-01-02 20:11:34,0.0,Especial de Temporada,Pan de muerto charola nat (6),futuro
2026-01-03 20:11:34,0.0,Especial de Temporada,Pan de muerto charola nat (6),futuro
2026-01-04 20:11:34,0.0,Especial de Temporada,Pan de muerto charola nat (6),futuro
2026-01-05 20:11:34,0.0,Especial de Temporada,Pan de muerto charola nat (6),futuro
2026-01-06 20:11:34,0.0,Especial de Temporada,Pan de muerto charola nat (6),futuro
2026-01-07 20:11:34,0.0,Especial de Temporada,Pan de muerto charola nat (6),futuro
2026-01-08 20:11:34,0.0,Especial de Temporada,Pan de muerto charola nat (6),futuro
2026-01-09 20:11:34,0.0,Especial de Temporada,Pan de muerto charola nat (6),futuro
2026-01-10 20:11:34,0.0,Especial de Temporada,Pan de muerto charola nat (6),futuro
2026-01-11 20:11:34,0.0,Especial de Temporada,Pan de muerto charola nat (6),futuro
2026-01-12 20:11:34,0.0,Especial de Temporada,Pan de muerto charola nat (6),futuro
2026-01-13 20:11:34,0.0,Especial de Temporada,Pan de muerto charola nat (6),futuro
2026-01-14 20:11:34,0.0,Especial de Temporada,Pan de muerto charola nat (6),futuro
2026-01-15 20:11:34,0.0,Especial de Temporada,Pan de muerto charola nat (6),futuro
2026-01-16 20:11:34,0.0,Especial de Temporada,Pan de muerto charola nat (6),futuro
2026-01-17 20:11:34,0.0,Especial de Temporada,Pan de muerto charola nat (6),futuro
2026-01-18 20:11:34,0.0,Especial de Temporada,Pan de muerto charola nat (6),futuro
2026-01-19 20:11:34,0.0,Especial de Temporada,Pan de muerto charola nat (6),futuro
2026-01-20 20:11:34,0.0,Especial de Temporada,Pan de muerto charola nat (6),futuro
2026-01-21 20:11:34,0.0,Especial de Temporada,Pan de muerto charola nat (6),futuro
2026-01-22 20:11:34,0.0,Especial de Temporada,Pan de muerto charola nat (6),futuro
2026-01-23 20:11:34,0.0,Especial de Temporada,Pan de muerto charola nat (6),futuro
2026-01-24 20:11:34,0.0,Especial de Temporada,Pan de muerto charola nat (6),futuro
2026-01-25 20:11:34,0.0,Especial de Temporada,Pan de muerto charola nat (6),futuro
2026-01-26 20:11:34,0.0,Especial de Temporada,Pan de muerto charola nat (6),futuro
2026-01-27 20:11:34,0.0,Especial de Temporada,Pan de muerto charola nat (6),futuro
2026-01-28 20:11:34,0.0,Especial de Temporada,Pan de muerto charola nat (6),futuro
2026-01-29 20:11:34,0.0,Especial de Temporada,Pan de muerto charola nat (6),futuro
2026-01-30 20:11:34,0.0,Especial de Temporada,Pan de muerto charola nat (6),futuro
2026-01-31 20:11:34,0.0,Especial de Temporada,Pan de muerto charola nat (6),futuro
2026-02-01 20:11:34,0.0,Especial de Temporada,Pan de muerto charola nat (6),futuro
2025-10-31 20:16:59,0.0,Especial de Temporada,Pan de muerto grande,futuro
2025-11-01 20:16:59,0.0,Especial de Temporada,Pan de muerto grande,futuro
2025-11-02 20:16:59,0.0,Especial de Temporada,Pan de muerto grande,futuro
2025-11-03 20:16:59,0.0,Especial de Temporada,Pan de muerto grande,futuro
2025-11-04 20:16:59,0.0,Especial de Temporada,Pan de muerto grande,futuro
2025-11-05 20:16:59,0.0,Especial de Temporada,Pan de muerto grande,futuro
2025-11-06 20:16:59,0.0,Especial de Temporada,Pan de muerto grande,futuro
2025-11-07 20:16:59,0.0,Especial de Temporada,Pan de muerto grande,futuro
2025-11-08 20:16:59,0.0,Especial de Temporada,Pan de muerto grande,futuro
2025-11-09 20:16:59,0.0,Especial de Temporada,Pan de muerto grande,futuro
2025-11-10 20:16:59,0.0,Especial de Temporada,Pan de muerto grande,futuro
2025-11-11 20:16:59,0.0,Especial de Temporada,Pan de muerto grande,futuro
2025-11-12 20:16:59,0.0,Especial de Temporada,Pan de muerto grande,futuro
2025-11-13 20:16:59,0.0,Especial de Temporada,Pan de muerto grande,futuro
2025-11-14 20:16:59,0.0,Especial de Temporada,Pan de muerto grande,futuro
2025-11-15 20:16:59,0.0,Especial de Temporada,Pan de muerto grande,futuro
2025-11-16 20:16:59,0.0,Especial de Temporada,Pan de muerto grande,futuro
2025-11-17 20:16:59,0.0,Especial de Temporada,Pan de muerto grande,futuro
2025-11-18 20:16:59,0.0,Especial de Temporada,Pan de muerto grande,futuro
2025-11-19 20:16:59,0.0,Especial de Temporada,Pan de muerto grande,futuro
2025-11-20 20:16:59,0.0,Especial de Temporada,Pan de muerto grande,futuro
2025-11-21 20:16:59,0.0,Especial de Temporada,Pan de muerto grande,futuro
2025-11-22 20:16:59,0.0,Especial de Temporada,Pan de muerto grande,futuro
2025-11-23 20:16:59,0.0,Especial de Temporada,Pan de muerto grande,futuro
2025-11-24 20:16:59,0.0,Especial de Temporada,Pan de muerto grande,futuro
2025-11-25 20:16:59,0.0,Especial de Temporada,Pan de muerto grande,futuro
2025-11-26 20:16:59,0.0,Especial de Temporada,Pan de muerto grande,futuro
2025-11-27 20:16:59,0.0,Especial de Temporada,Pan de muerto grande,futuro
2025-11-28 20:16:59,0.0,Especial de Temporada,Pan de muerto grande,futuro
2025-11-29 20:16:59,0.0,Especial de Temporada,Pan de muerto grande,futuro
2025-11-30 20:16:59,0.0,Especial de Temporada,Pan de muerto grande,futuro
2025-12-01 20:16:59,0.0,Especial de Temporada,Pan de muerto grande,futuro
2025-12-02 20:16:59,0.0,Especial de Temporada,Pan de muerto grande,futuro
2025-12-03 20:16:59,0.0,Especial de Temporada,Pan de muerto grande,futuro
2025-12-04 20:16:59,0.0,Especial de Temporada,Pan de muerto grande,futuro
2025-12-05 20:16:59,0.0,Especial de Temporada,Pan de muerto grande,futuro
2025-12-06 20:16:59,0.0,Especial de Temporada,Pan de muerto grande,futuro
2025-12-07 20:16:59,0.0,Especial de Temporada,Pan de muerto grande,futuro
2025-12-08 20:16:59,0.0,Especial de Temporada,Pan de muerto grande,futuro
2025-12-09 20:16:59,0.0,Especial de Temporada,Pan de muerto grande,futuro
2025-12-10 20:16:59,0.0,Especial de Temporada,Pan de muerto grande,futuro
2025-12-11 20:16:59,0.0,Especial de Temporada,Pan de muerto grande,futuro
2025-12-12 20:16:59,0.0,Especial de Temporada,Pan de muerto grande,futuro
2025-12-13 20:16:59,0.0,Especial de Temporada,Pan de muerto grande,futuro
2025-12-14 20:16:59,0.0,Especial de Temporada,Pan de muerto grande,futuro
2025-12-15 20:16:59,0.0,Especial de Temporada,Pan de muerto grande,futuro
2025-12-16 20:16:59,0.0,Especial de Temporada,Pan de muerto grande,futuro
2025-12-17 20:16:59,0.0,Especial de Temporada,Pan de muerto grande,futuro
2025-12-18 20:16:59,0.0,Especial de Temporada,Pan de muerto grande,futuro
2025-12-19 20:16:59,0.0,Especial de Temporada,Pan de muerto grande,futuro
2025-12-20 20:16:59,0.0,Especial de Temporada,Pan de muerto grande,futuro
2025-12-21 20:16:59,0.0,Especial de Temporada,Pan de muerto grande,futuro
2025-12-22 20:16:59,0.0,Especial de Temporada,Pan de muerto grande,futuro
2025-12-23 20:16:59,0.0,Especial de Temporada,Pan de muerto grande,futuro
2025-12-24 20:16:59,0.0,Especial de Temporada,Pan de muerto grande,futuro
2025-12-25 20:16:59,0.0,Especial de Temporada,Pan de muerto grande,futuro
2025-12-26 20:16:59,0.0,Especial de Temporada,Pan de muerto grande,futuro
2025-12-27 20:16:59,0.0,Especial de Temporada,Pan de muerto grande,futuro
2025-12-28 20:16:59,0.0,Especial de Temporada,Pan de muerto grande,futuro
2025-12-29 20:16:59,0.0,Especial de Temporada,Pan de muerto grande,futuro
2025-12-30 20:16:59,0.0,Especial de Temporada,Pan de muerto grande,futuro
2025-12-31 20:16:59,0.0,Especial de Temporada,Pan de muerto grande,futuro
2026-01-01 20:16:59,0.0,Especial de Temporada,Pan de muerto grande,futuro
2026-01-02 20:16:59,0.0,Especial de Temporada,Pan de muerto grande,futuro
2026-01-03 20:16:59,0.0,Especial de Temporada,Pan de muerto grande,futuro
2026-01-04 20:16:59,0.0,Especial de Temporada,Pan de muerto grande,futuro
2026-01-05 20:16:59,0.0,Especial de Temporada,Pan de muerto grande,futuro
2026-01-06 20:16:59,0.0,Especial de Temporada,Pan de muerto grande,futuro
2026-01-07 20:16:59,0.0,Especial de Temporada,Pan de muerto grande,futuro
2026-01-08 20:16:59,0.0,Especial de Temporada,Pan de muerto grande,futuro
2026-01-09 20:16:59,0.0,Especial de Temporada,Pan de muerto grande,futuro
2026-01-10 20:16:59,0.0,Especial de Temporada,Pan de muerto grande,futuro
2026-01-11 20:16:59,0.0,Especial de Temporada,Pan de muerto grande,futuro
2026-01-12 20:16:59,0.0,Especial de Temporada,Pan de muerto grande,futuro
2026-01-13 20:16:59,0.0,Especial de Temporada,Pan de muerto grande,futuro
2026-01-14 20:16:59,0.0,Especial de Temporada,Pan de muerto grande,futuro
2026-01-15 20:16:59,0.0,Especial de Temporada,Pan de muerto grande,futuro
2026-01-16 20:16:59,0.0,Especial de Temporada,Pan de muerto grande,futuro
2026-01-17 20:16:59,0.0,Especial de Temporada,Pan de muerto grande,futuro
2026-01-18 20:16:59,0.0,Especial de Temporada,Pan de muerto grande,futuro
2026-01-19 20:16:59,0.0,Especial de Temporada,Pan de muerto grande,futuro
2026-01-20 20:16:59,0.0,Especial de Temporada,Pan de muerto grande,futuro
2026-01-21 20:16:59,0.0,Especial de Temporada,Pan de muerto grande,futuro
2026-01-22 20:16:59,0.0,Especial de Temporada,Pan de muerto grande,futuro
2026-01-23 20:16:59,0.0,Especial de Temporada,Pan de muerto grande,futuro
2026-01-24 20:16:59,0.0,Especial de Temporada,Pan de muerto grande,futuro
2026-01-25 20:16:59,0.0,Especial de Temporada,Pan de muerto grande,futuro
2026-01-26 20:16:59,0.0,Especial de Temporada,Pan de muerto grande,futuro
2026-01-27 20:16:59,0.0,Especial de Temporada,Pan de muerto grande,futuro
2026-01-28 20:16:59,0.0,Especial de Temporada,Pan de muerto grande,futuro
2025-11-07 11:25:17,0.0,Especial de Temporada,Pan de muerto ind,futuro
2025-11-08 11:25:17,0.0,Especial de Temporada,Pan de muerto ind,futuro
2025-11-09 11:25:17,0.0,Especial de Temporada,Pan de muerto ind,futuro
2025-11-10 11:25:17,0.0,Especial de Temporada,Pan de muerto ind,futuro
2025-11-11 11:25:17,0.0,Especial de Temporada,Pan de muerto ind,futuro
2025-11-12 11:25:17,0.0,Especial de Temporada,Pan de muerto ind,futuro
2025-11-13 11:25:17,0.0,Especial de Temporada,Pan de muerto ind,futuro
2025-11-14 11:25:17,0.0,Especial de Temporada,Pan de muerto ind,futuro
2025-11-15 11:25:17,0.0,Especial de Temporada,Pan de muerto ind,futuro
2025-11-16 11:25:17,0.0,Especial de Temporada,Pan de muerto ind,futuro
2025-11-17 11:25:17,0.0,Especial de Temporada,Pan de muerto ind,futuro
2025-11-18 11:25:17,0.0,Especial de Temporada,Pan de muerto ind,futuro
2025-11-19 11:25:17,0.0,Especial de Temporada,Pan de muerto ind,futuro
2025-11-20 11:25:17,0.0,Especial de Temporada,Pan de muerto ind,futuro
2025-11-21 11:25:17,0.0,Especial de Temporada,Pan de muerto ind,futuro
2025-11-22 11:25:17,0.0,Especial de Temporada,Pan de muerto ind,futuro
2025-11-23 11:25:17,0.0,Especial de Temporada,Pan de muerto ind,futuro
2025-11-24 11:25:17,0.0,Especial de Temporada,Pan de muerto ind,futuro
2025-11-25 11:25:17,0.0,Especial de Temporada,Pan de muerto ind,futuro
2025-11-26 11:25:17,0.0,Especial de Temporada,Pan de muerto ind,futuro
2025-11-27 11:25:17,0.0,Especial de Temporada,Pan de muerto ind,futuro
2025-11-28 11:25:17,0.0,Especial de Temporada,Pan de muerto ind,futuro
2025-11-29 11:25:17,0.0,Especial de Temporada,Pan de muerto ind,futuro
2025-11-30 11:25:17,0.0,Especial de Temporada,Pan de muerto ind,futuro
2025-12-01 11:25:17,0.0,Especial de Temporada,Pan de muerto ind,futuro
2025-12-02 11:25:17,0.0,Especial de Temporada,Pan de muerto ind,futuro
2025-12-03 11:25:17,0.0,Especial de Temporada,Pan de muerto ind,futuro
2025-12-04 11:25:17,0.0,Especial de Temporada,Pan de muerto ind,futuro
2025-12-05 11:25:17,0.0,Especial de Temporada,Pan de muerto ind,futuro
2025-12-06 11:25:17,0.0,Especial de Temporada,Pan de muerto ind,futuro
2025-12-07 11:25:17,0.0,Especial de Temporada,Pan de muerto ind,futuro
2025-12-08 11:25:17,0.0,Especial de Temporada,Pan de muerto ind,futuro
2025-12-09 11:25:17,0.0,Especial de Temporada,Pan de muerto ind,futuro
2025-12-10 11:25:17,0.0,Especial de Temporada,Pan de muerto ind,futuro
2025-12-11 11:25:17,0.0,Especial de Temporada,Pan de muerto ind,futuro
2025-12-12 11:25:17,0.0,Especial de Temporada,Pan de muerto ind,futuro
2025-12-13 11:25:17,0.0,Especial de Temporada,Pan de muerto ind,futuro
2025-12-14 11:25:17,0.0,Especial de Temporada,Pan de muerto ind,futuro
2025-12-15 11:25:17,0.0,Especial de Temporada,Pan de muerto ind,futuro
2025-12-16 11:25:17,0.0,Especial de Temporada,Pan de muerto ind,futuro
2025-12-17 11:25:17,0.0,Especial de Temporada,Pan de muerto ind,futuro
2025-12-18 11:25:17,0.0,Especial de Temporada,Pan de muerto ind,futuro
2025-12-19 11:25:17,0.0,Especial de Temporada,Pan de muerto ind,futuro
2025-12-20 11:25:17,0.0,Especial de Temporada,Pan de muerto ind,futuro
2025-12-21 11:25:17,0.0,Especial de Temporada,Pan de muerto ind,futuro
2025-12-22 11:25:17,0.0,Especial de Temporada,Pan de muerto ind,futuro
2025-12-23 11:25:17,0.0,Especial de Temporada,Pan de muerto ind,futuro
2025-12-24 11:25:17,0.0,Especial de Temporada,Pan de muerto ind,futuro
2025-12-25 11:25:17,0.0,Especial de Temporada,Pan de muerto ind,futuro
2025-12-26 11:25:17,0.0,Especial de Temporada,Pan de muerto ind,futuro
2025-12-27 11:25:17,0.0,Especial de Temporada,Pan de muerto ind,futuro
2025-12-28 11:25:17,0.0,Especial de Temporada,Pan de muerto ind,futuro
2025-12-29 11:25:17,0.0,Especial de Temporada,Pan de muerto ind,futuro
2025-12-30 11:25:17,0.0,Especial de Temporada,Pan de muerto ind,futuro
2025-12-31 11:25:17,0.0,Especial de Temporada,Pan de muerto ind,futuro
2026-01-01 11:25:17,0.0,Especial de Temporada,Pan de muerto ind,futuro
2026-01-02 11:25:17,0.0,Especial de Temporada,Pan de muerto ind,futuro
2026-01-03 11:25:17,0.0,Especial de Temporada,Pan de muerto ind,futuro
2026-01-04 11:25:17,0.0,Especial de Temporada,Pan de muerto ind,futuro
2026-01-05 11:25:17,0.0,Especial de Temporada,Pan de muerto ind,futuro
2026-01-06 11:25:17,0.0,Especial de Temporada,Pan de muerto ind,futuro
2026-01-07 11:25:17,0.0,Especial de Temporada,Pan de muerto ind,futuro
2026-01-08 11:25:17,0.0,Especial de Temporada,Pan de muerto ind,futuro
2026-01-09 11:25:17,0.0,Especial de Temporada,Pan de muerto ind,futuro
2026-01-10 11:25:17,0.0,Especial de Temporada,Pan de muerto ind,futuro
2026-01-11 11:25:17,0.0,Especial de Temporada,Pan de muerto ind,futuro
2026-01-12 11:25:17,0.0,Especial de Temporada,Pan de muerto ind,futuro
2026-01-13 11:25:17,0.0,Especial de Temporada,Pan de muerto ind,futuro
2026-01-14 11:25:17,0.0,Especial de Temporada,Pan de muerto ind,futuro
2026-01-15 11:25:17,0.0,Especial de Temporada,Pan de muerto ind,futuro
2026-01-16 11:25:17,0.0,Especial de Temporada,Pan de muerto ind,futuro
2026-01-17 11:25:17,0.0,Especial de Temporada,Pan de muerto ind,futuro
2026-01-18 11:25:17,0.0,Especial de Temporada,Pan de muerto ind,futuro
2026-01-19 11:25:17,0.0,Especial de Temporada,Pan de muerto ind,futuro
2026-01-20 11:25:17,0.0,Especial de Temporada,Pan de muerto ind,futuro
2026-01-21 11:25:17,0.0,Especial de Temporada,Pan de muerto ind,futuro
2026-01-22 11:25:17,0.0,Especial de Temporada,Pan de muerto ind,futuro
2026-01-23 11:25:17,0.0,Especial de Temporada,Pan de muerto ind,futuro
2026-01-24 11:25:17,0.0,Especial de Temporada,Pan de muerto ind,futuro
2026-01-25 11:25:17,0.0,Especial de Temporada,Pan de muerto ind,futuro
2026-01-26 11:25:17,0.0,Especial de Temporada,Pan de muerto ind,futuro
2026-01-27 11:25:17,0.0,Especial de Temporada,Pan de muerto ind,futuro
2026-01-28 11:25:17,0.0,Especial de Temporada,Pan de muerto ind,futuro
2026-01-29 11:25:17,0.0,Especial de Temporada,Pan de muerto ind,futuro
2026-01-30 11:25:17,0.0,Especial de Temporada,Pan de muerto ind,futuro
2026-01-31 11:25:17,0.0,Especial de Temporada,Pan de muerto ind,futuro
2026-02-01 11:25:17,0.0,Especial de Temporada,Pan de muerto ind,futuro
2026-02-02 11:25:17,0.0,Especial de Temporada,Pan de muerto ind,futuro
2026-02-03 11:25:17,0.0,Especial de Temporada,Pan de muerto ind,futuro
2026-02-04 11:25:17,0.0,Especial de Temporada,Pan de muerto ind,futuro
2024-12-26 10:43:26,0.0,Especial de Temporada,Pastel red velvet,futuro
2024-12-27 10:43:26,0.0,Especial de Temporada,Pastel red velvet,futuro
2024-12-28 10:43:26,0.0,Especial de Temporada,Pastel red velvet,futuro
2024-12-29 10:43:26,0.0,Especial de Temporada,Pastel red velvet,futuro
2024-12-30 10:43:26,0.0,Especial de Temporada,Pastel red velvet,futuro
2024-12-31 10:43:26,0.0,Especial de Temporada,Pastel red velvet,futuro
2025-01-01 10:43:26,0.0,Especial de Temporada,Pastel red velvet,futuro
2025-01-02 10:43:26,0.0,Especial de Temporada,Pastel red velvet,futuro
2025-01-03 10:43:26,0.0,Especial de Temporada,Pastel red velvet,futuro
2025-01-04 10:43:26,0.0,Especial de Temporada,Pastel red velvet,futuro
2025-01-05 10:43:26,0.0,Especial de Temporada,Pastel red velvet,futuro
2025-01-06 10:43:26,0.0,Especial de Temporada,Pastel red velvet,futuro
2025-01-07 10:43:26,0.0,Especial de Temporada,Pastel red velvet,futuro
2025-01-08 10:43:26,0.0,Especial de Temporada,Pastel red velvet,futuro
2025-01-09 10:43:26,0.0,Especial de Temporada,Pastel red velvet,futuro
2025-01-10 10:43:26,0.0,Especial de Temporada,Pastel red velvet,futuro
2025-01-11 10:43:26,0.0,Especial de Temporada,Pastel red velvet,futuro
2025-01-12 10:43:26,0.0,Especial de Temporada,Pastel red velvet,futuro
2025-01-13 10:43:26,0.0,Especial de Temporada,Pastel red velvet,futuro
2025-01-14 10:43:26,0.0,Especial de Temporada,Pastel red velvet,futuro
2025-01-15 10:43:26,0.0,Especial de Temporada,Pastel red velvet,futuro
2025-01-16 10:43:26,0.0,Especial de Temporada,Pastel red velvet,futuro
2025-01-17 10:43:26,0.0,Especial de Temporada,Pastel red velvet,futuro
2025-01-18 10:43:26,0.0,Especial de Temporada,Pastel red velvet,futuro
2025-01-19 10:43:26,0.0,Especial de Temporada,Pastel red velvet,futuro
2025-01-20 10:43:26,0.0,Especial de Temporada,Pastel red velvet,futuro
2025-01-21 10:43:26,0.0,Especial de Temporada,Pastel red velvet,futuro
2025-01-22 10:43:26,0.0,Especial de Temporada,Pastel red velvet,futuro
2025-01-23 10:43:26,0.0,Especial de Temporada,Pastel red velvet,futuro
2025-01-24 10:43:26,0.0,Especial de Temporada,Pastel red velvet,futuro
2025-01-25 10:43:26,0.0,Especial de Temporada,Pastel red velvet,futuro
2025-01-26 10:43:26,0.0,Especial de Temporada,Pastel red velvet,futuro
2025-01-27 10:43:26,0.0,Especial de Temporada,Pastel red velvet,futuro
2025-01-28 10:43:26,0.0,Especial de Temporada,Pastel red velvet,futuro
2025-01-29 10:43:26,0.0,Especial de Temporada,Pastel red velvet,futuro
2025-01-30 10:43:26,0.0,Especial de Temporada,Pastel red velvet,futuro
2025-01-31 10:43:26,0.0,Especial de Temporada,Pastel red velvet,futuro
2025-02-01 10:43:26,0.0,Especial de Temporada,Pastel red velvet,futuro
2025-02-02 10:43:26,0.0,Especial de Temporada,Pastel red velvet,futuro
2025-02-03 10:43:26,0.0,Especial de Temporada,Pastel red velvet,futuro
2025-02-04 10:43:26,0.0,Especial de Temporada,Pastel red velvet,futuro
2025-02-05 10:43:26,0.0,Especial de Temporada,Pastel red velvet,futuro
2025-02-06 10:43:26,0.0,Especial de Temporada,Pastel red velvet,futuro
2025-02-07 10:43:26,0.0,Especial de Temporada,Pastel red velvet,futuro
2025-02-08 10:43:26,0.0,Especial de Temporada,Pastel red velvet,futuro
2025-02-09 10:43:26,0.0,Especial de Temporada,Pastel red velvet,futuro
2025-02-10 10:43:26,0.0,Especial de Temporada,Pastel red velvet,futuro
2025-02-11 10:43:26,0.0,Especial de Temporada,Pastel red velvet,futuro
2025-02-12 10:43:26,0.0,Especial de Temporada,Pastel red velvet,futuro
2025-02-13 10:43:26,0.0,Especial de Temporada,Pastel red velvet,futuro
2025-02-14 10:43:26,0.0,Especial de Temporada,Pastel red velvet,futuro
2025-02-15 10:43:26,0.0,Especial de Temporada,Pastel red velvet,futuro
2025-02-16 10:43:26,0.0,Especial de Temporada,Pastel red velvet,futuro
2025-02-17 10:43:26,0.0,Especial de Temporada,Pastel red velvet,futuro
2025-02-18 10:43:26,0.0,Especial de Temporada,Pastel red velvet,futuro
2025-02-19 10:43:26,0.0,Especial de Temporada,Pastel red velvet,futuro
2025-02-20 10:43:26,0.0,Especial de Temporada,Pastel red velvet,futuro
2025-02-21 10:43:26,0.0,Especial de Temporada,Pastel red velvet,futuro
2025-02-22 10:43:26,0.0,Especial de Temporada,Pastel red velvet,futuro
2025-02-23 10:43:26,0.0,Especial de Temporada,Pastel red velvet,futuro
2025-02-24 10:43:26,0.0,Especial de Temporada,Pastel red velvet,futuro
2025-02-25 10:43:26,0.0,Especial de Temporada,Pastel red velvet,futuro
2025-02-26 10:43:26,0.0,Especial de Temporada,Pastel red velvet,futuro
2025-02-27 10:43:26,0.0,Especial de Temporada,Pastel red velvet,futuro
2025-02-28 10:43:26,0.0,Especial de Temporada,Pastel red velvet,futuro
2025-03-01 10:43:26,0.0,Especial de Temporada,Pastel red velvet,futuro
2025-03-02 10:43:26,0.0,Especial de Temporada,Pastel red velvet,futuro
2025-03-03 10:43:26,0.0,Especial de Temporada,Pastel red velvet,futuro
2025-03-04 10:43:26,0.0,Especial de Temporada,Pastel red velvet,futuro
2025-03-05 10:43:26,0.0,Especial de Temporada,Pastel red velvet,futuro
2025-03-06 10:43:26,0.0,Especial de Temporada,Pastel red velvet,futuro
2025-03-07 10:43:26,0.0,Especial de Temporada,Pastel red velvet,futuro
2025-03-08 10:43:26,0.0,Especial de Temporada,Pastel red velvet,futuro
2025-03-09 10:43:26,0.0,Especial de Temporada,Pastel red velvet,futuro
2025-03-10 10:43:26,0.0,Especial de Temporada,Pastel red velvet,futuro
2025-03-11 10:43:26,0.0,Especial de Temporada,Pastel red velvet,futuro
2025-03-12 10:43:26,0.0,Especial de Temporada,Pastel red velvet,futuro
2025-03-13 10:43:26,0.0,Especial de Temporada,Pastel red velvet,futuro
2025-03-14 10:43:26,0.0,Especial de Temporada,Pastel red velvet,futuro
2025-03-15 10:43:26,0.0,Especial de Temporada,Pastel red velvet,futuro
2025-03-16 10:43:26,0.0,Especial de Temporada,Pastel red velvet,futuro
2025-03-17 10:43:26,0.0,Especial de Temporada,Pastel red velvet,futuro
2025-03-18 10:43:26,0.0,Especial de Temporada,Pastel red velvet,futuro
2025-03-19 10:43:26,0.0,Especial de Temporada,Pastel red velvet,futuro
2025-03-20 10:43:26,0.0,Especial de Temporada,Pastel red velvet,futuro
2025-03-21 10:43:26,0.0,Especial de Temporada,Pastel red velvet,futuro
2025-03-22 10:43:26,0.0,Especial de Temporada,Pastel red velvet,futuro
2025-03-23 10:43:26,0.0,Especial de Temporada,Pastel red velvet,futuro
2025-03-24 10:43:26,0.0,Especial de Temporada,Pastel red velvet,futuro
2025-03-25 10:43:26,0.0,Especial de Temporada,Pastel red velvet,futuro
2025-01-07 17:11:29,0.0,Especial de Temporada,Rosca Cajeta / Nuez,futuro
2025-01-08 17:11:29,0.0,Especial de Temporada,Rosca Cajeta / Nuez,futuro
2025-01-09 17:11:29,0.0,Especial de Temporada,Rosca Cajeta / Nuez,futuro
2025-01-10 17:11:29,0.0,Especial de Temporada,Rosca Cajeta / Nuez,futuro
2025-01-11 17:11:29,0.0,Especial de Temporada,Rosca Cajeta / Nuez,futuro
2025-01-12 17:11:29,0.0,Especial de Temporada,Rosca Cajeta / Nuez,futuro
2025-01-13 17:11:29,0.0,Especial de Temporada,Rosca Cajeta / Nuez,futuro
2025-01-14 17:11:29,0.0,Especial de Temporada,Rosca Cajeta / Nuez,futuro
2025-01-15 17:11:29,0.0,Especial de Temporada,Rosca Cajeta / Nuez,futuro
2025-01-16 17:11:29,0.0,Especial de Temporada,Rosca Cajeta / Nuez,futuro
2025-01-17 17:11:29,0.0,Especial de Temporada,Rosca Cajeta / Nuez,futuro
2025-01-18 17:11:29,0.0,Especial de Temporada,Rosca Cajeta / Nuez,futuro
2025-01-19 17:11:29,0.0,Especial de Temporada,Rosca Cajeta / Nuez,futuro
2025-01-20 17:11:29,0.0,Especial de Temporada,Rosca Cajeta / Nuez,futuro
2025-01-21 17:11:29,0.0,Especial de Temporada,Rosca Cajeta / Nuez,futuro
2025-01-22 17:11:29,0.0,Especial de Temporada,Rosca Cajeta / Nuez,futuro
2025-01-23 17:11:29,0.0,Especial de Temporada,Rosca Cajeta / Nuez,futuro
2025-01-24 17:11:29,0.0,Especial de Temporada,Rosca Cajeta / Nuez,futuro
2025-01-25 17:11:29,0.0,Especial de Temporada,Rosca Cajeta / Nuez,futuro
2025-01-26 17:11:29,0.0,Especial de Temporada,Rosca Cajeta / Nuez,futuro
2025-01-27 17:11:29,0.0,Especial de Temporada,Rosca Cajeta / Nuez,futuro
2025-01-28 17:11:29,0.0,Especial de Temporada,Rosca Cajeta / Nuez,futuro
2025-01-29 17:11:29,0.0,Especial de Temporada,Rosca Cajeta / Nuez,futuro
2025-01-30 17:11:29,0.0,Especial de Temporada,Rosca Cajeta / Nuez,futuro
2025-01-31 17:11:29,0.0,Especial de Temporada,Rosca Cajeta / Nuez,futuro
2025-02-01 17:11:29,0.0,Especial de Temporada,Rosca Cajeta / Nuez,futuro
2025-02-02 17:11:29,0.0,Especial de Temporada,Rosca Cajeta / Nuez,futuro
2025-02-03 17:11:29,0.0,Especial de Temporada,Rosca Cajeta / Nuez,futuro
2025-02-04 17:11:29,0.0,Especial de Temporada,Rosca Cajeta / Nuez,futuro
2025-02-05 17:11:29,0.0,Especial de Temporada,Rosca Cajeta / Nuez,futuro
2025-02-06 17:11:29,0.0,Especial de Temporada,Rosca Cajeta / Nuez,futuro
2025-02-07 17:11:29,0.0,Especial de Temporada,Rosca Cajeta / Nuez,futuro
2025-02-08 17:11:29,0.0,Especial de Temporada,Rosca Cajeta / Nuez,futuro
2025-02-09 17:11:29,0.0,Especial de Temporada,Rosca Cajeta / Nuez,futuro
2025-02-10 17:11:29,0.0,Especial de Temporada,Rosca Cajeta / Nuez,futuro
2025-02-11 17:11:29,0.0,Especial de Temporada,Rosca Cajeta / Nuez,futuro
2025-02-12 17:11:29,0.0,Especial de Temporada,Rosca Cajeta / Nuez,futuro
2025-02-13 17:11:29,0.0,Especial de Temporada,Rosca Cajeta / Nuez,futuro
2025-02-14 17:11:29,0.0,Especial de Temporada,Rosca Cajeta / Nuez,futuro
2025-02-15 17:11:29,0.0,Especial de Temporada,Rosca Cajeta / Nuez,futuro
2025-02-16 17:11:29,0.0,Especial de Temporada,Rosca Cajeta / Nuez,futuro
2025-02-17 17:11:29,0.0,Especial de Temporada,Rosca Cajeta / Nuez,futuro
2025-02-18 17:11:29,0.0,Especial de Temporada,Rosca Cajeta / Nuez,futuro
2025-02-19 17:11:29,0.0,Especial de Temporada,Rosca Cajeta / Nuez,futuro
2025-02-20 17:11:29,0.0,Especial de Temporada,Rosca Cajeta / Nuez,futuro
2025-02-21 17:11:29,0.0,Especial de Temporada,Rosca Cajeta / Nuez,futuro
2025-02-22 17:11:29,0.0,Especial de Temporada,Rosca Cajeta / Nuez,futuro
2025-02-23 17:11:29,0.0,Especial de Temporada,Rosca Cajeta / Nuez,futuro
2025-02-24 17:11:29,0.0,Especial de Temporada,Rosca Cajeta / Nuez,futuro
2025-02-25 17:11:29,0.0,Especial de Temporada,Rosca Cajeta / Nuez,futuro
2025-02-26 17:11:29,0.0,Especial de Temporada,Rosca Cajeta / Nuez,futuro
2025-02-27 17:11:29,0.0,Especial de Temporada,Rosca Cajeta / Nuez,futuro
2025-02-28 17:11:29,0.0,Especial de Temporada,Rosca Cajeta / Nuez,futuro
2025-03-01 17:11:29,0.0,Especial de Temporada,Rosca Cajeta / Nuez,futuro
2025-03-02 17:11:29,0.0,Especial de Temporada,Rosca Cajeta / Nuez,futuro
2025-03-03 17:11:29,0.0,Especial de Temporada,Rosca Cajeta / Nuez,futuro
2025-03-04 17:11:29,0.0,Especial de Temporada,Rosca Cajeta / Nuez,futuro
2025-03-05 17:11:29,0.0,Especial de Temporada,Rosca Cajeta / Nuez,futuro
2025-03-06 17:11:29,0.0,Especial de Temporada,Rosca Cajeta / Nuez,futuro
2025-03-07 17:11:29,0.0,Especial de Temporada,Rosca Cajeta / Nuez,futuro
2025-03-08 17:11:29,0.0,Especial de Temporada,Rosca Cajeta / Nuez,futuro
2025-03-09 17:11:29,0.0,Especial de Temporada,Rosca Cajeta / Nuez,futuro
2025-03-10 17:11:29,0.0,Especial de Temporada,Rosca Cajeta / Nuez,futuro
2025-03-11 17:11:29,0.0,Especial de Temporada,Rosca Cajeta / Nuez,futuro
2025-03-12 17:11:29,0.0,Especial de Temporada,Rosca Cajeta / Nuez,futuro
2025-03-13 17:11:29,0.0,Especial de Temporada,Rosca Cajeta / Nuez,futuro
2025-03-14 17:11:29,0.0,Especial de Temporada,Rosca Cajeta / Nuez,futuro
2025-03-15 17:11:29,0.0,Especial de Temporada,Rosca Cajeta / Nuez,futuro
2025-03-16 17:11:29,0.0,Especial de Temporada,Rosca Cajeta / Nuez,futuro
2025-03-17 17:11:29,0.0,Especial de Temporada,Rosca Cajeta / Nuez,futuro
2025-03-18 17:11:29,0.0,Especial de Temporada,Rosca Cajeta / Nuez,futuro
2025-03-19 17:11:29,0.0,Especial de Temporada,Rosca Cajeta / Nuez,futuro
2025-03-20 17:11:29,0.0,Especial de Temporada,Rosca Cajeta / Nuez,futuro
2025-03-21 17:11:29,0.0,Especial de Temporada,Rosca Cajeta / Nuez,futuro
2025-03-22 17:11:29,0.0,Especial de Temporada,Rosca Cajeta / Nuez,futuro
2025-03-23 17:11:29,0.0,Especial de Temporada,Rosca Cajeta / Nuez,futuro
2025-03-24 17:11:29,0.0,Especial de Temporada,Rosca Cajeta / Nuez,futuro
2025-03-25 17:11:29,0.0,Especial de Temporada,Rosca Cajeta / Nuez,futuro
2025-03-26 17:11:29,0.0,Especial de Temporada,Rosca Cajeta / Nuez,futuro
2025-03-27 17:11:29,0.0,Especial de Temporada,Rosca Cajeta / Nuez,futuro
2025-03-28 17:11:29,0.0,Especial de Temporada,Rosca Cajeta / Nuez,futuro
2025-03-29 17:11:29,0.0,Especial de Temporada,Rosca Cajeta / Nuez,futuro
2025-03-30 17:11:29,0.0,Especial de Temporada,Rosca Cajeta / Nuez,futuro
2025-03-31 17:11:29,0.0,Especial de Temporada,Rosca Cajeta / Nuez,futuro
2025-04-01 17:11:29,0.0,Especial de Temporada,Rosca Cajeta / Nuez,futuro
2025-04-02 17:11:29,0.0,Especial de Temporada,Rosca Cajeta / Nuez,futuro
2025-04-03 17:11:29,0.0,Especial de Temporada,Rosca Cajeta / Nuez,futuro
2025-04-04 17:11:29,0.0,Especial de Temporada,Rosca Cajeta / Nuez,futuro
2025-04-05 17:11:29,0.0,Especial de Temporada,Rosca Cajeta / Nuez,futuro
2025-04-06 17:11:29,0.0,Especial de Temporada,Rosca Cajeta / Nuez,futuro
2025-01-09 15:24:56,0.0,Especial de Temporada,Rosca De Reyes Chica Frutas,futuro
2025-01-10 15:24:56,0.0,Especial de Temporada,Rosca De Reyes Chica Frutas,futuro
2025-01-11 15:24:56,0.0,Especial de Temporada,Rosca De Reyes Chica Frutas,futuro
2025-01-12 15:24:56,0.0,Especial de Temporada,Rosca De Reyes Chica Frutas,futuro
2025-01-13 15:24:56,0.0,Especial de Temporada,Rosca De Reyes Chica Frutas,futuro
2025-01-14 15:24:56,0.0,Especial de Temporada,Rosca De Reyes Chica Frutas,futuro
2025-01-15 15:24:56,0.0,Especial de Temporada,Rosca De Reyes Chica Frutas,futuro
2025-01-16 15:24:56,0.0,Especial de Temporada,Rosca De Reyes Chica Frutas,futuro
2025-01-17 15:24:56,0.0,Especial de Temporada,Rosca De Reyes Chica Frutas,futuro
2025-01-18 15:24:56,0.0,Especial de Temporada,Rosca De Reyes Chica Frutas,futuro
2025-01-19 15:24:56,0.0,Especial de Temporada,Rosca De Reyes Chica Frutas,futuro
2025-01-20 15:24:56,0.0,Especial de Temporada,Rosca De Reyes Chica Frutas,futuro
2025-01-21 15:24:56,0.0,Especial de Temporada,Rosca De Reyes Chica Frutas,futuro
2025-01-22 15:24:56,0.0,Especial de Temporada,Rosca De Reyes Chica Frutas,futuro
2025-01-23 15:24:56,0.0,Especial de Temporada,Rosca De Reyes Chica Frutas,futuro
2025-01-24 15:24:56,0.0,Especial de Temporada,Rosca De Reyes Chica Frutas,futuro
2025-01-25 15:24:56,0.0,Especial de Temporada,Rosca De Reyes Chica Frutas,futuro
2025-01-26 15:24:56,0.0,Especial de Temporada,Rosca De Reyes Chica Frutas,futuro
2025-01-27 15:24:56,0.0,Especial de Temporada,Rosca De Reyes Chica Frutas,futuro
2025-01-28 15:24:56,0.0,Especial de Temporada,Rosca De Reyes Chica Frutas,futuro
2025-01-29 15:24:56,0.0,Especial de Temporada,Rosca De Reyes Chica Frutas,futuro
2025-01-30 15:24:56,0.0,Especial de Temporada,Rosca De Reyes Chica Frutas,futuro
2025-01-31 15:24:56,0.0,Especial de Temporada,Rosca De Reyes Chica Frutas,futuro
2025-02-01 15:24:56,0.0,Especial de Temporada,Rosca De Reyes Chica Frutas,futuro
2025-02-02 15:24:56,0.0,Especial de Temporada,Rosca De Reyes Chica Frutas,futuro
2025-02-03 15:24:56,0.0,Especial de Temporada,Rosca De Reyes Chica Frutas,futuro
2025-02-04 15:24:56,0.0,Especial de Temporada,Rosca De Reyes Chica Frutas,futuro
2025-02-05 15:24:56,0.0,Especial de Temporada,Rosca De Reyes Chica Frutas,futuro
2025-02-06 15:24:56,0.0,Especial de Temporada,Rosca De Reyes Chica Frutas,futuro
2025-02-07 15:24:56,0.0,Especial de Temporada,Rosca De Reyes Chica Frutas,futuro
2025-02-08 15:24:56,0.0,Especial de Temporada,Rosca De Reyes Chica Frutas,futuro
2025-02-09 15:24:56,0.0,Especial de Temporada,Rosca De Reyes Chica Frutas,futuro
2025-02-10 15:24:56,0.0,Especial de Temporada,Rosca De Reyes Chica Frutas,futuro
2025-02-11 15:24:56,0.0,Especial de Temporada,Rosca De Reyes Chica Frutas,futuro
2025-02-12 15:24:56,0.0,Especial de Temporada,Rosca De Reyes Chica Frutas,futuro
2025-02-13 15:24:56,0.0,Especial de Temporada,Rosca De Reyes Chica Frutas,futuro
2025-02-14 15:24:56,0.0,Especial de Temporada,Rosca De Reyes Chica Frutas,futuro
2025-02-15 15:24:56,0.0,Especial de Temporada,Rosca De Reyes Chica Frutas,futuro
2025-02-16 15:24:56,0.0,Especial de Temporada,Rosca De Reyes Chica Frutas,futuro
2025-02-17 15:24:56,0.0,Especial de Temporada,Rosca De Reyes Chica Frutas,futuro
2025-02-18 15:24:56,0.0,Especial de Temporada,Rosca De Reyes Chica Frutas,futuro
2025-02-19 15:24:56,0.0,Especial de Temporada,Rosca De Reyes Chica Frutas,futuro
2025-02-20 15:24:56,0.0,Especial de Temporada,Rosca De Reyes Chica Frutas,futuro
2025-02-21 15:24:56,0.0,Especial de Temporada,Rosca De Reyes Chica Frutas,futuro
2025-02-22 15:24:56,0.0,Especial de Temporada,Rosca De Reyes Chica Frutas,futuro
2025-02-23 15:24:56,0.0,Especial de Temporada,Rosca De Reyes Chica Frutas,futuro
2025-02-24 15:24:56,0.0,Especial de Temporada,Rosca De Reyes Chica Frutas,futuro
2025-02-25 15:24:56,0.0,Especial de Temporada,Rosca De Reyes Chica Frutas,futuro
2025-02-26 15:24:56,0.0,Especial de Temporada,Rosca De Reyes Chica Frutas,futuro
2025-02-27 15:24:56,0.0,Especial de Temporada,Rosca De Reyes Chica Frutas,futuro
2025-02-28 15:24:56,0.0,Especial de Temporada,Rosca De Reyes Chica Frutas,futuro
2025-03-01 15:24:56,0.0,Especial de Temporada,Rosca De Reyes Chica Frutas,futuro
2025-03-02 15:24:56,0.0,Especial de Temporada,Rosca De Reyes Chica Frutas,futuro
2025-03-03 15:24:56,0.0,Especial de Temporada,Rosca De Reyes Chica Frutas,futuro
2025-03-04 15:24:56,0.0,Especial de Temporada,Rosca De Reyes Chica Frutas,futuro
2025-03-05 15:24:56,0.0,Especial de Temporada,Rosca De Reyes Chica Frutas,futuro
2025-03-06 15:24:56,0.0,Especial de Temporada,Rosca De Reyes Chica Frutas,futuro
2025-03-07 15:24:56,0.0,Especial de Temporada,Rosca De Reyes Chica Frutas,futuro
2025-03-08 15:24:56,0.0,Especial de Temporada,Rosca De Reyes Chica Frutas,futuro
2025-03-09 15:24:56,0.0,Especial de Temporada,Rosca De Reyes Chica Frutas,futuro
2025-03-10 15:24:56,0.0,Especial de Temporada,Rosca De Reyes Chica Frutas,futuro
2025-03-11 15:24:56,0.0,Especial de Temporada,Rosca De Reyes Chica Frutas,futuro
2025-03-12 15:24:56,0.0,Especial de Temporada,Rosca De Reyes Chica Frutas,futuro
2025-03-13 15:24:56,0.0,Especial de Temporada,Rosca De Reyes Chica Frutas,futuro
2025-03-14 15:24:56,0.0,Especial de Temporada,Rosca De Reyes Chica Frutas,futuro
2025-03-15 15:24:56,0.0,Especial de Temporada,Rosca De Reyes Chica Frutas,futuro
2025-03-16 15:24:56,0.0,Especial de Temporada,Rosca De Reyes Chica Frutas,futuro
2025-03-17 15:24:56,0.0,Especial de Temporada,Rosca De Reyes Chica Frutas,futuro
2025-03-18 15:24:56,0.0,Especial de Temporada,Rosca De Reyes Chica Frutas,futuro
2025-03-19 15:24:56,0.0,Especial de Temporada,Rosca De Reyes Chica Frutas,futuro
2025-03-20 15:24:56,0.0,Especial de Temporada,Rosca De Reyes Chica Frutas,futuro
2025-03-21 15:24:56,0.0,Especial de Temporada,Rosca De Reyes Chica Frutas,futuro
2025-03-22 15:24:56,0.0,Especial de Temporada,Rosca De Reyes Chica Frutas,futuro
2025-03-23 15:24:56,0.0,Especial de Temporada,Rosca De Reyes Chica Frutas,futuro
2025-03-24 15:24:56,0.0,Especial de Temporada,Rosca De Reyes Chica Frutas,futuro
2025-03-25 15:24:56,0.0,Especial de Temporada,Rosca De Reyes Chica Frutas,futuro
2025-03-26 15:24:56,0.0,Especial de Temporada,Rosca De Reyes Chica Frutas,futuro
2025-03-27 15:24:56,0.0,Especial de Temporada,Rosca De Reyes Chica Frutas,futuro
2025-03-28 15:24:56,0.0,Especial de Temporada,Rosca De Reyes Chica Frutas,futuro
2025-03-29 15:24:56,0.0,Especial de Temporada,Rosca De Reyes Chica Frutas,futuro
2025-03-30 15:24:56,0.0,Especial de Temporada,Rosca De Reyes Chica Frutas,futuro
2025-03-31 15:24:56,0.0,Especial de Temporada,Rosca De Reyes Chica Frutas,futuro
2025-04-01 15:24:56,0.0,Especial de Temporada,Rosca De Reyes Chica Frutas,futuro
2025-04-02 15:24:56,0.0,Especial de Temporada,Rosca De Reyes Chica Frutas,futuro
2025-04-03 15:24:56,0.0,Especial de Temporada,Rosca De Reyes Chica Frutas,futuro
2025-04-04 15:24:56,0.0,Especial de Temporada,Rosca De Reyes Chica Frutas,futuro
2025-04-05 15:24:56,0.0,Especial de Temporada,Rosca De Reyes Chica Frutas,futuro
2025-04-06 15:24:56,0.0,Especial de Temporada,Rosca De Reyes Chica Frutas,futuro
2025-04-07 15:24:56,0.0,Especial de Temporada,Rosca De Reyes Chica Frutas,futuro
2025-04-08 15:24:56,0.0,Especial de Temporada,Rosca De Reyes Chica Frutas,futuro
2025-01-08 18:00:55,0.0,Especial de Temporada,Rosca De Reyes Grande Frutas,futuro
2025-01-09 18:00:55,0.0,Especial de Temporada,Rosca De Reyes Grande Frutas,futuro
2025-01-10 18:00:55,0.0,Especial de Temporada,Rosca De Reyes Grande Frutas,futuro
2025-01-11 18:00:55,0.0,Especial de Temporada,Rosca De Reyes Grande Frutas,futuro
2025-01-12 18:00:55,0.0,Especial de Temporada,Rosca De Reyes Grande Frutas,futuro
2025-01-13 18:00:55,0.0,Especial de Temporada,Rosca De Reyes Grande Frutas,futuro
2025-01-14 18:00:55,0.0,Especial de Temporada,Rosca De Reyes Grande Frutas,futuro
2025-01-15 18:00:55,0.0,Especial de Temporada,Rosca De Reyes Grande Frutas,futuro
2025-01-16 18:00:55,0.0,Especial de Temporada,Rosca De Reyes Grande Frutas,futuro
2025-01-17 18:00:55,0.0,Especial de Temporada,Rosca De Reyes Grande Frutas,futuro
2025-01-18 18:00:55,0.0,Especial de Temporada,Rosca De Reyes Grande Frutas,futuro
2025-01-19 18:00:55,0.0,Especial de Temporada,Rosca De Reyes Grande Frutas,futuro
2025-01-20 18:00:55,0.0,Especial de Temporada,Rosca De Reyes Grande Frutas,futuro
2025-01-21 18:00:55,0.0,Especial de Temporada,Rosca De Reyes Grande Frutas,futuro
2025-01-22 18:00:55,0.0,Especial de Temporada,Rosca De Reyes Grande Frutas,futuro
2025-01-23 18:00:55,0.0,Especial de Temporada,Rosca De Reyes Grande Frutas,futuro
2025-01-24 18:00:55,0.0,Especial de Temporada,Rosca De Reyes Grande Frutas,futuro
2025-01-25 18:00:55,0.0,Especial de Temporada,Rosca De Reyes Grande Frutas,futuro
2025-01-26 18:00:55,0.0,Especial de Temporada,Rosca De Reyes Grande Frutas,futuro
2025-01-27 18:00:55,0.0,Especial de Temporada,Rosca De Reyes Grande Frutas,futuro
2025-01-28 18:00:55,0.0,Especial de Temporada,Rosca De Reyes Grande Frutas,futuro
2025-01-29 18:00:55,0.0,Especial de Temporada,Rosca De Reyes Grande Frutas,futuro
2025-01-30 18:00:55,0.0,Especial de Temporada,Rosca De Reyes Grande Frutas,futuro
2025-01-31 18:00:55,0.0,Especial de Temporada,Rosca De Reyes Grande Frutas,futuro
2025-02-01 18:00:55,0.0,Especial de Temporada,Rosca De Reyes Grande Frutas,futuro
2025-02-02 18:00:55,0.0,Especial de Temporada,Rosca De Reyes Grande Frutas,futuro
2025-02-03 18:00:55,0.0,Especial de Temporada,Rosca De Reyes Grande Frutas,futuro
2025-02-04 18:00:55,0.0,Especial de Temporada,Rosca De Reyes Grande Frutas,futuro
2025-02-05 18:00:55,0.0,Especial de Temporada,Rosca De Reyes Grande Frutas,futuro
2025-02-06 18:00:55,0.0,Especial de Temporada,Rosca De Reyes Grande Frutas,futuro
2025-02-07 18:00:55,0.0,Especial de Temporada,Rosca De Reyes Grande Frutas,futuro
2025-02-08 18:00:55,0.0,Especial de Temporada,Rosca De Reyes Grande Frutas,futuro
2025-02-09 18:00:55,0.0,Especial de Temporada,Rosca De Reyes Grande Frutas,futuro
2025-02-10 18:00:55,0.0,Especial de Temporada,Rosca De Reyes Grande Frutas,futuro
2025-02-11 18:00:55,0.0,Especial de Temporada,Rosca De Reyes Grande Frutas,futuro
2025-02-12 18:00:55,0.0,Especial de Temporada,Rosca De Reyes Grande Frutas,futuro
2025-02-13 18:00:55,0.0,Especial de Temporada,Rosca De Reyes Grande Frutas,futuro
2025-02-14 18:00:55,0.0,Especial de Temporada,Rosca De Reyes Grande Frutas,futuro
2025-02-15 18:00:55,0.0,Especial de Temporada,Rosca De Reyes Grande Frutas,futuro
2025-02-16 18:00:55,0.0,Especial de Temporada,Rosca De Reyes Grande Frutas,futuro
2025-02-17 18:00:55,0.0,Especial de Temporada,Rosca De Reyes Grande Frutas,futuro
2025-02-18 18:00:55,0.0,Especial de Temporada,Rosca De Reyes Grande Frutas,futuro
2025-02-19 18:00:55,0.0,Especial de Temporada,Rosca De Reyes Grande Frutas,futuro
2025-02-20 18:00:55,0.0,Especial de Temporada,Rosca De Reyes Grande Frutas,futuro
2025-02-21 18:00:55,0.0,Especial de Temporada,Rosca De Reyes Grande Frutas,futuro
2025-02-22 18:00:55,0.0,Especial de Temporada,Rosca De Reyes Grande Frutas,futuro
2025-02-23 18:00:55,0.0,Especial de Temporada,Rosca De Reyes Grande Frutas,futuro
2025-02-24 18:00:55,0.0,Especial de Temporada,Rosca De Reyes Grande Frutas,futuro
2025-02-25 18:00:55,0.0,Especial de Temporada,Rosca De Reyes Grande Frutas,futuro
2025-02-26 18:00:55,0.0,Especial de Temporada,Rosca De Reyes Grande Frutas,futuro
2025-02-27 18:00:55,0.0,Especial de Temporada,Rosca De Reyes Grande Frutas,futuro
2025-02-28 18:00:55,0.0,Especial de Temporada,Rosca De Reyes Grande Frutas,futuro
2025-03-01 18:00:55,0.0,Especial de Temporada,Rosca De Reyes Grande Frutas,futuro
2025-03-02 18:00:55,0.0,Especial de Temporada,Rosca De Reyes Grande Frutas,futuro
2025-03-03 18:00:55,0.0,Especial de Temporada,Rosca De Reyes Grande Frutas,futuro
2025-03-04 18:00:55,0.0,Especial de Temporada,Rosca De Reyes Grande Frutas,futuro
2025-03-05 18:00:55,0.0,Especial de Temporada,Rosca De Reyes Grande Frutas,futuro
2025-03-06 18:00:55,0.0,Especial de Temporada,Rosca De Reyes Grande Frutas,futuro
2025-03-07 18:00:55,0.0,Especial de Temporada,Rosca De Reyes Grande Frutas,futuro
2025-03-08 18:00:55,0.0,Especial de Temporada,Rosca De Reyes Grande Frutas,futuro
2025-03-09 18:00:55,0.0,Especial de Temporada,Rosca De Reyes Grande Frutas,futuro
2025-03-10 18:00:55,0.0,Especial de Temporada,Rosca De Reyes Grande Frutas,futuro
2025-03-11 18:00:55,0.0,Especial de Temporada,Rosca De Reyes Grande Frutas,futuro
2025-03-12 18:00:55,0.0,Especial de Temporada,Rosca De Reyes Grande Frutas,futuro
2025-03-13 18:00:55,0.0,Especial de Temporada,Rosca De Reyes Grande Frutas,futuro
2025-03-14 18:00:55,0.0,Especial de Temporada,Rosca De Reyes Grande Frutas,futuro
2025-03-15 18:00:55,0.0,Especial de Temporada,Rosca De Reyes Grande Frutas,futuro
2025-03-16 18:00:55,0.0,Especial de Temporada,Rosca De Reyes Grande Frutas,futuro
2025-03-17 18:00:55,0.0,Especial de Temporada,Rosca De Reyes Grande Frutas,futuro
2025-03-18 18:00:55,0.0,Especial de Temporada,Rosca De Reyes Grande Frutas,futuro
2025-03-19 18:00:55,0.0,Especial de Temporada,Rosca De Reyes Grande Frutas,futuro
2025-03-20 18:00:55,0.0,Especial de Temporada,Rosca De Reyes Grande Frutas,futuro
2025-03-21 18:00:55,0.0,Especial de Temporada,Rosca De Reyes Grande Frutas,futuro
2025-03-22 18:00:55,0.0,Especial de Temporada,Rosca De Reyes Grande Frutas,futuro
2025-03-23 18:00:55,0.0,Especial de Temporada,Rosca De Reyes Grande Frutas,futuro
2025-03-24 18:00:55,0.0,Especial de Temporada,Rosca De Reyes Grande Frutas,futuro
2025-03-25 18:00:55,0.0,Especial de Temporada,Rosca De Reyes Grande Frutas,futuro
2025-03-26 18:00:55,0.0,Especial de Temporada,Rosca De Reyes Grande Frutas,futuro
2025-03-27 18:00:55,0.0,Especial de Temporada,Rosca De Reyes Grande Frutas,futuro
2025-03-28 18:00:55,0.0,Especial de Temporada,Rosca De Reyes Grande Frutas,futuro
2025-03-29 18:00:55,0.0,Especial de Temporada,Rosca De Reyes Grande Frutas,futuro
2025-03-30 18:00:55,0.0,Especial de Temporada,Rosca De Reyes Grande Frutas,futuro
2025-03-31 18:00:55,0.0,Especial de Temporada,Rosca De Reyes Grande Frutas,futuro
2025-04-01 18:00:55,0.0,Especial de Temporada,Rosca De Reyes Grande Frutas,futuro
2025-04-02 18:00:55,0.0,Especial de Temporada,Rosca De Reyes Grande Frutas,futuro
2025-04-03 18:00:55,0.0,Especial de Temporada,Rosca De Reyes Grande Frutas,futuro
2025-04-04 18:00:55,0.0,Especial de Temporada,Rosca De Reyes Grande Frutas,futuro
2025-04-05 18:00:55,0.0,Especial de Temporada,Rosca De Reyes Grande Frutas,futuro
2025-04-06 18:00:55,0.0,Especial de Temporada,Rosca De Reyes Grande Frutas,futuro
2025-04-07 18:00:55,0.0,Especial de Temporada,Rosca De Reyes Grande Frutas,futuro
2024-01-08 12:01:32,0.0,Especial de Temporada,Rosca De Reyes Turín,futuro
2024-01-09 12:01:32,0.0,Especial de Temporada,Rosca De Reyes Turín,futuro
2024-01-10 12:01:32,0.0,Especial de Temporada,Rosca De Reyes Turín,futuro
2024-01-11 12:01:32,0.0,Especial de Temporada,Rosca De Reyes Turín,futuro
2024-01-12 12:01:32,0.0,Especial de Temporada,Rosca De Reyes Turín,futuro
2024-01-13 12:01:32,0.0,Especial de Temporada,Rosca De Reyes Turín,futuro
2024-01-14 12:01:32,0.0,Especial de Temporada,Rosca De Reyes Turín,futuro
2024-01-15 12:01:32,0.0,Especial de Temporada,Rosca De Reyes Turín,futuro
2024-01-16 12:01:32,0.0,Especial de Temporada,Rosca De Reyes Turín,futuro
2024-01-17 12:01:32,0.0,Especial de Temporada,Rosca De Reyes Turín,futuro
2024-01-18 12:01:32,0.0,Especial de Temporada,Rosca De Reyes Turín,futuro
2024-01-19 12:01:32,0.0,Especial de Temporada,Rosca De Reyes Turín,futuro
2024-01-20 12:01:32,0.0,Especial de Temporada,Rosca De Reyes Turín,futuro
2024-01-21 12:01:32,0.0,Especial de Temporada,Rosca De Reyes Turín,futuro
2024-01-22 12:01:32,0.0,Especial de Temporada,Rosca De Reyes Turín,futuro
2024-01-23 12:01:32,0.0,Especial de Temporada,Rosca De Reyes Turín,futuro
2024-01-24 12:01:32,0.0,Especial de Temporada,Rosca De Reyes Turín,futuro
2024-01-25 12:01:32,0.0,Especial de Temporada,Rosca De Reyes Turín,futuro
2024-01-26 12:01:32,0.0,Especial de Temporada,Rosca De Reyes Turín,futuro
2024-01-27 12:01:32,0.0,Especial de Temporada,Rosca De Reyes Turín,futuro
2024-01-28 12:01:32,0.0,Especial de Temporada,Rosca De Reyes Turín,futuro
2024-01-29 12:01:32,0.0,Especial de Temporada,Rosca De Reyes Turín,futuro
2024-01-30 12:01:32,0.0,Especial de Temporada,Rosca De Reyes Turín,futuro
2024-01-31 12:01:32,0.0,Especial de Temporada,Rosca De Reyes Turín,futuro
2024-02-01 12:01:32,0.0,Especial de Temporada,Rosca De Reyes Turín,futuro
2024-02-02 12:01:32,0.0,Especial de Temporada,Rosca De Reyes Turín,futuro
2024-02-03 12:01:32,0.0,Especial de Temporada,Rosca De Reyes Turín,futuro
2024-02-04 12:01:32,0.0,Especial de Temporada,Rosca De Reyes Turín,futuro
2024-02-05 12:01:32,0.0,Especial de Temporada,Rosca De Reyes Turín,futuro
2024-02-06 12:01:32,0.0,Especial de Temporada,Rosca De Reyes Turín,futuro
2024-02-07 12:01:32,0.0,Especial de Temporada,Rosca De Reyes Turín,futuro
2024-02-08 12:01:32,0.0,Especial de Temporada,Rosca De Reyes Turín,futuro
2024-02-09 12:01:32,0.0,Especial de Temporada,Rosca De Reyes Turín,futuro
2024-02-10 12:01:32,0.0,Especial de Temporada,Rosca De Reyes Turín,futuro
2024-02-11 12:01:32,0.0,Especial de Temporada,Rosca De Reyes Turín,futuro
2024-02-12 12:01:32,0.0,Especial de Temporada,Rosca De Reyes Turín,futuro
2024-02-13 12:01:32,0.0,Especial de Temporada,Rosca De Reyes Turín,futuro
2024-02-14 12:01:32,0.0,Especial de Temporada,Rosca De Reyes Turín,futuro
2024-02-15 12:01:32,0.0,Especial de Temporada,Rosca De Reyes Turín,futuro
2024-02-16 12:01:32,0.0,Especial de Temporada,Rosca De Reyes Turín,futuro
2024-02-17 12:01:32,0.0,Especial de Temporada,Rosca De Reyes Turín,futuro
2024-02-18 12:01:32,0.0,Especial de Temporada,Rosca De Reyes Turín,futuro
2024-02-19 12:01:32,0.0,Especial de Temporada,Rosca De Reyes Turín,futuro
2024-02-20 12:01:32,0.0,Especial de Temporada,Rosca De Reyes Turín,futuro
2024-02-21 12:01:32,0.0,Especial de Temporada,Rosca De Reyes Turín,futuro
2024-02-22 12:01:32,0.0,Especial de Temporada,Rosca De Reyes Turín,futuro
2024-02-23 12:01:32,0.0,Especial de Temporada,Rosca De Reyes Turín,futuro
2024-02-24 12:01:32,0.0,Especial de Temporada,Rosca De Reyes Turín,futuro
2024-02-25 12:01:32,0.0,Especial de Temporada,Rosca De Reyes Turín,futuro
2024-02-26 12:01:32,0.0,Especial de Temporada,Rosca De Reyes Turín,futuro
2024-02-27 12:01:32,0.0,Especial de Temporada,Rosca De Reyes Turín,futuro
2024-02-28 12:01:32,0.0,Especial de Temporada,Rosca De Reyes Turín,futuro
2024-02-29 12:01:32,0.0,Especial de Temporada,Rosca De Reyes Turín,futuro
2024-03-01 12:01:32,0.0,Especial de Temporada,Rosca De Reyes Turín,futuro
2024-03-02 12:01:32,0.0,Especial de Temporada,Rosca De Reyes Turín,futuro
2024-03-03 12:01:32,0.0,Especial de Temporada,Rosca De Reyes Turín,futuro
2024-03-04 12:01:32,0.0,Especial de Temporada,Rosca De Reyes Turín,futuro
2024-03-05 12:01:32,0.0,Especial de Temporada,Rosca De Reyes Turín,futuro
2024-03-06 12:01:32,0.0,Especial de Temporada,Rosca De Reyes Turín,futuro
2024-03-07 12:01:32,0.0,Especial de Temporada,Rosca De Reyes Turín,futuro
2024-03-08 12:01:32,0.0,Especial de Temporada,Rosca De Reyes Turín,futuro
2024-03-09 12:01:32,0.0,Especial de Temporada,Rosca De Reyes Turín,futuro
2024-03-10 12:01:32,0.0,Especial de Temporada,Rosca De Reyes Turín,futuro
2024-03-11 12:01:32,0.0,Especial de Temporada,Rosca De Reyes Turín,futuro
2024-03-12 12:01:32,0.0,Especial de Temporada,Rosca De Reyes Turín,futuro
2024-03-13 12:01:32,0.0,Especial de Temporada,Rosca De Reyes Turín,futuro
2024-03-14 12:01:32,0.0,Especial de Temporada,Rosca De Reyes Turín,futuro
2024-03-15 12:01:32,0.0,Especial de Temporada,Rosca De Reyes Turín,futuro
2024-03-16 12:01:32,0.0,Especial de Temporada,Rosca De Reyes Turín,futuro
2024-03-17 12:01:32,0.0,Especial de Temporada,Rosca De Reyes Turín,futuro
2024-03-18 12:01:32,0.0,Especial de Temporada,Rosca De Reyes Turín,futuro
2024-03-19 12:01:32,0.0,Especial de Temporada,Rosca De Reyes Turín,futuro
2024-03-20 12:01:32,0.0,Especial de Temporada,Rosca De Reyes Turín,futuro
2024-03-21 12:01:32,0.0,Especial de Temporada,Rosca De Reyes Turín,futuro
2024-03-22 12:01:32,0.0,Especial de Temporada,Rosca De Reyes Turín,futuro
2024-03-23 12:01:32,0.0,Especial de Temporada,Rosca De Reyes Turín,futuro
2024-03-24 12:01:32,0.0,Especial de Temporada,Rosca De Reyes Turín,futuro
2024-03-25 12:01:32,0.0,Especial de Temporada,Rosca De Reyes Turín,futuro
2024-03-26 12:01:32,0.0,Especial de Temporada,Rosca De Reyes Turín,futuro
2024-03-27 12:01:32,0.0,Especial de Temporada,Rosca De Reyes Turín,futuro
2024-03-28 12:01:32,0.0,Especial de Temporada,Rosca De Reyes Turín,futuro
2024-03-29 12:01:32,0.0,Especial de Temporada,Rosca De Reyes Turín,futuro
2024-03-30 12:01:32,0.0,Especial de Temporada,Rosca De Reyes Turín,futuro
2024-03-31 12:01:32,0.0,Especial de Temporada,Rosca De Reyes Turín,futuro
2024-04-01 12:01:32,0.0,Especial de Temporada,Rosca De Reyes Turín,futuro
2024-04-02 12:01:32,0.0,Especial de Temporada,Rosca De Reyes Turín,futuro
2024-04-03 12:01:32,0.0,Especial de Temporada,Rosca De Reyes Turín,futuro
2024-04-04 12:01:32,0.0,Especial de Temporada,Rosca De Reyes Turín,futuro
2024-04-05 12:01:32,0.0,Especial de Temporada,Rosca De Reyes Turín,futuro
2024-04-06 12:01:32,0.0,Especial de Temporada,Rosca De Reyes Turín,futuro
2025-11-06 17:40:57,0.0,Galletas,Alfajor Duo,futuro
2025-11-07 17:40:57,0.0,Galletas,Alfajor Duo,futuro
2025-11-08 17:40:57,0.0,Galletas,Alfajor Duo,futuro
2025-11-09 17:40:57,0.0,Galletas,Alfajor Duo,futuro
2025-11-10 17:40:57,0.0,Galletas,Alfajor Duo,futuro
2025-11-11 17:40:57,0.0,Galletas,Alfajor Duo,futuro
2025-11-12 17:40:57,0.0,Galletas,Alfajor Duo,futuro
2025-11-13 17:40:57,0.0,Galletas,Alfajor Duo,futuro
2025-11-14 17:40:57,0.0,Galletas,Alfajor Duo,futuro
2025-11-15 17:40:57,0.0,Galletas,Alfajor Duo,futuro
2025-11-16 17:40:57,0.0,Galletas,Alfajor Duo,futuro
2025-11-17 17:40:57,0.0,Galletas,Alfajor Duo,futuro
2025-11-18 17:40:57,0.0,Galletas,Alfajor Duo,futuro
2025-11-19 17:40:57,0.0,Galletas,Alfajor Duo,futuro
2025-11-20 17:40:57,0.0,Galletas,Alfajor Duo,futuro
2025-11-21 17:40:57,0.0,Galletas,Alfajor Duo,futuro
2025-11-22 17:40:57,0.0,Galletas,Alfajor Duo,futuro
2025-11-23 17:40:57,0.0,Galletas,Alfajor Duo,futuro
2025-11-24 17:40:57,0.0,Galletas,Alfajor Duo,futuro
2025-11-25 17:40:57,0.0,Galletas,Alfajor Duo,futuro
2025-11-26 17:40:57,0.0,Galletas,Alfajor Duo,futuro
2025-11-27 17:40:57,0.0,Galletas,Alfajor Duo,futuro
2025-11-28 17:40:57,0.0,Galletas,Alfajor Duo,futuro
2025-11-29 17:40:57,0.0,Galletas,Alfajor Duo,futuro
2025-11-30 17:40:57,0.0,Galletas,Alfajor Duo,futuro
2025-12-01 17:40:57,0.0,Galletas,Alfajor Duo,futuro
2025-12-02 17:40:57,0.0,Galletas,Alfajor Duo,futuro
2025-12-03 17:40:57,0.0,Galletas,Alfajor Duo,futuro
2025-12-04 17:40:57,0.0,Galletas,Alfajor Duo,futuro
2025-12-05 17:40:57,0.0,Galletas,Alfajor Duo,futuro
2025-12-06 17:40:57,0.0,Galletas,Alfajor Duo,futuro
2025-12-07 17:40:57,0.0,Galletas,Alfajor Duo,futuro
2025-12-08 17:40:57,0.0,Galletas,Alfajor Duo,futuro
2025-12-09 17:40:57,0.0,Galletas,Alfajor Duo,futuro
2025-12-10 17:40:57,0.0,Galletas,Alfajor Duo,futuro
2025-12-11 17:40:57,0.0,Galletas,Alfajor Duo,futuro
2025-12-12 17:40:57,0.0,Galletas,Alfajor Duo,futuro
2025-12-13 17:40:57,0.0,Galletas,Alfajor Duo,futuro
2025-12-14 17:40:57,0.0,Galletas,Alfajor Duo,futuro
2025-12-15 17:40:57,0.0,Galletas,Alfajor Duo,futuro
2025-12-16 17:40:57,0.0,Galletas,Alfajor Duo,futuro
2025-12-17 17:40:57,0.0,Galletas,Alfajor Duo,futuro
2025-12-18 17:40:57,0.0,Galletas,Alfajor Duo,futuro
2025-12-19 17:40:57,0.0,Galletas,Alfajor Duo,futuro
2025-12-20 17:40:57,0.0,Galletas,Alfajor Duo,futuro
2025-12-21 17:40:57,0.0,Galletas,Alfajor Duo,futuro
2025-12-22 17:40:57,0.0,Galletas,Alfajor Duo,futuro
2025-12-23 17:40:57,0.0,Galletas,Alfajor Duo,futuro
2025-12-24 17:40:57,0.0,Galletas,Alfajor Duo,futuro
2025-12-25 17:40:57,0.0,Galletas,Alfajor Duo,futuro
2025-12-26 17:40:57,0.0,Galletas,Alfajor Duo,futuro
2025-12-27 17:40:57,0.0,Galletas,Alfajor Duo,futuro
2025-12-28 17:40:57,0.0,Galletas,Alfajor Duo,futuro
2025-12-29 17:40:57,0.0,Galletas,Alfajor Duo,futuro
2025-12-30 17:40:57,0.0,Galletas,Alfajor Duo,futuro
2025-12-31 17:40:57,0.0,Galletas,Alfajor Duo,futuro
2026-01-01 17:40:57,0.0,Galletas,Alfajor Duo,futuro
2026-01-02 17:40:57,0.0,Galletas,Alfajor Duo,futuro
2026-01-03 17:40:57,0.0,Galletas,Alfajor Duo,futuro
2026-01-04 17:40:57,0.0,Galletas,Alfajor Duo,futuro
2026-01-05 17:40:57,0.0,Galletas,Alfajor Duo,futuro
2026-01-06 17:40:57,0.0,Galletas,Alfajor Duo,futuro
2026-01-07 17:40:57,0.0,Galletas,Alfajor Duo,futuro
2026-01-08 17:40:57,0.0,Galletas,Alfajor Duo,futuro
2026-01-09 17:40:57,0.0,Galletas,Alfajor Duo,futuro
2026-01-10 17:40:57,0.0,Galletas,Alfajor Duo,futuro
2026-01-11 17:40:57,0.0,Galletas,Alfajor Duo,futuro
2026-01-12 17:40:57,0.0,Galletas,Alfajor Duo,futuro
2026-01-13 17:40:57,0.0,Galletas,Alfajor Duo,futuro
2026-01-14 17:40:57,0.0,Galletas,Alfajor Duo,futuro
2026-01-15 17:40:57,0.0,Galletas,Alfajor Duo,futuro
2026-01-16 17:40:57,0.0,Galletas,Alfajor Duo,futuro
2026-01-17 17:40:57,0.0,Galletas,Alfajor Duo,futuro
2026-01-18 17:40:57,0.0,Galletas,Alfajor Duo,futuro
2026-01-19 17:40:57,0.0,Galletas,Alfajor Duo,futuro
2026-01-20 17:40:57,0.0,Galletas,Alfajor Duo,futuro
2026-01-21 17:40:57,0.0,Galletas,Alfajor Duo,futuro
2026-01-22 17:40:57,0.0,Galletas,Alfajor Duo,futuro
2026-01-23 17:40:57,0.0,Galletas,Alfajor Duo,futuro
2026-01-24 17:40:57,0.0,Galletas,Alfajor Duo,futuro
2026-01-25 17:40:57,0.0,Galletas,Alfajor Duo,futuro
2026-01-26 17:40:57,0.0,Galletas,Alfajor Duo,futuro
2026-01-27 17:40:57,0.0,Galletas,Alfajor Duo,futuro
2026-01-28 17:40:57,0.0,Galletas,Alfajor Duo,futuro
2026-01-29 17:40:57,0.0,Galletas,Alfajor Duo,futuro
2026-01-30 17:40:57,0.0,Galletas,Alfajor Duo,futuro
2026-01-31 17:40:57,0.0,Galletas,Alfajor Duo,futuro
2026-02-01 17:40:57,0.0,Galletas,Alfajor Duo,futuro
2026-02-02 17:40:57,0.0,Galletas,Alfajor Duo,futuro
2026-02-03 17:40:57,0.0,Galletas,Alfajor Duo,futuro
2025-02-16 20:01:39,0.0,Galletas,Alfajores 8 Pzas,futuro
2025-02-17 20:01:39,0.0,Galletas,Alfajores 8 Pzas,futuro
2025-02-18 20:01:39,0.0,Galletas,Alfajores 8 Pzas,futuro
2025-02-19 20:01:39,0.0,Galletas,Alfajores 8 Pzas,futuro
2025-02-20 20:01:39,0.0,Galletas,Alfajores 8 Pzas,futuro
2025-02-21 20:01:39,0.0,Galletas,Alfajores 8 Pzas,futuro
2025-02-22 20:01:39,0.0,Galletas,Alfajores 8 Pzas,futuro
2025-02-23 20:01:39,0.0,Galletas,Alfajores 8 Pzas,futuro
2025-02-24 20:01:39,0.0,Galletas,Alfajores 8 Pzas,futuro
2025-02-25 20:01:39,0.0,Galletas,Alfajores 8 Pzas,futuro
2025-02-26 20:01:39,0.0,Galletas,Alfajores 8 Pzas,futuro
2025-02-27 20:01:39,0.0,Galletas,Alfajores 8 Pzas,futuro
2025-02-28 20:01:39,0.0,Galletas,Alfajores 8 Pzas,futuro
2025-03-01 20:01:39,0.0,Galletas,Alfajores 8 Pzas,futuro
2025-03-02 20:01:39,0.0,Galletas,Alfajores 8 Pzas,futuro
2025-03-03 20:01:39,0.0,Galletas,Alfajores 8 Pzas,futuro
2025-03-04 20:01:39,0.0,Galletas,Alfajores 8 Pzas,futuro
2025-03-05 20:01:39,0.0,Galletas,Alfajores 8 Pzas,futuro
2025-03-06 20:01:39,0.0,Galletas,Alfajores 8 Pzas,futuro
2025-03-07 20:01:39,0.0,Galletas,Alfajores 8 Pzas,futuro
2025-03-08 20:01:39,0.0,Galletas,Alfajores 8 Pzas,futuro
2025-03-09 20:01:39,0.0,Galletas,Alfajores 8 Pzas,futuro
2025-03-10 20:01:39,0.0,Galletas,Alfajores 8 Pzas,futuro
2025-03-11 20:01:39,0.0,Galletas,Alfajores 8 Pzas,futuro
2025-03-12 20:01:39,0.0,Galletas,Alfajores 8 Pzas,futuro
2025-03-13 20:01:39,0.0,Galletas,Alfajores 8 Pzas,futuro
2025-03-14 20:01:39,0.0,Galletas,Alfajores 8 Pzas,futuro
2025-03-15 20:01:39,0.0,Galletas,Alfajores 8 Pzas,futuro
2025-03-16 20:01:39,0.0,Galletas,Alfajores 8 Pzas,futuro
2025-03-17 20:01:39,0.0,Galletas,Alfajores 8 Pzas,futuro
2025-03-18 20:01:39,0.0,Galletas,Alfajores 8 Pzas,futuro
2025-03-19 20:01:39,0.0,Galletas,Alfajores 8 Pzas,futuro
2025-03-20 20:01:39,0.0,Galletas,Alfajores 8 Pzas,futuro
2025-03-21 20:01:39,0.0,Galletas,Alfajores 8 Pzas,futuro
2025-03-22 20:01:39,0.0,Galletas,Alfajores 8 Pzas,futuro
2025-03-23 20:01:39,0.0,Galletas,Alfajores 8 Pzas,futuro
2025-03-24 20:01:39,0.0,Galletas,Alfajores 8 Pzas,futuro
2025-03-25 20:01:39,0.0,Galletas,Alfajores 8 Pzas,futuro
2025-03-26 20:01:39,0.0,Galletas,Alfajores 8 Pzas,futuro
2025-03-27 20:01:39,0.0,Galletas,Alfajores 8 Pzas,futuro
2025-03-28 20:01:39,0.0,Galletas,Alfajores 8 Pzas,futuro
2025-03-29 20:01:39,0.0,Galletas,Alfajores 8 Pzas,futuro
2025-03-30 20:01:39,0.0,Galletas,Alfajores 8 Pzas,futuro
2025-03-31 20:01:39,0.0,Galletas,Alfajores 8 Pzas,futuro
2025-04-01 20:01:39,0.0,Galletas,Alfajores 8 Pzas,futuro
2025-04-02 20:01:39,0.0,Galletas,Alfajores 8 Pzas,futuro
2025-04-03 20:01:39,0.0,Galletas,Alfajores 8 Pzas,futuro
2025-04-04 20:01:39,0.0,Galletas,Alfajores 8 Pzas,futuro
2025-04-05 20:01:39,0.0,Galletas,Alfajores 8 Pzas,futuro
2025-04-06 20:01:39,0.0,Galletas,Alfajores 8 Pzas,futuro
2025-04-07 20:01:39,0.0,Galletas,Alfajores 8 Pzas,futuro
2025-04-08 20:01:39,0.0,Galletas,Alfajores 8 Pzas,futuro
2025-04-09 20:01:39,0.0,Galletas,Alfajores 8 Pzas,futuro
2025-04-10 20:01:39,0.0,Galletas,Alfajores 8 Pzas,futuro
2025-04-11 20:01:39,0.0,Galletas,Alfajores 8 Pzas,futuro
2025-04-12 20:01:39,0.0,Galletas,Alfajores 8 Pzas,futuro
2025-04-13 20:01:39,0.0,Galletas,Alfajores 8 Pzas,futuro
2025-04-14 20:01:39,0.0,Galletas,Alfajores 8 Pzas,futuro
2025-04-15 20:01:39,0.0,Galletas,Alfajores 8 Pzas,futuro
2025-04-16 20:01:39,0.0,Galletas,Alfajores 8 Pzas,futuro
2025-04-17 20:01:39,0.0,Galletas,Alfajores 8 Pzas,futuro
2025-04-18 20:01:39,0.0,Galletas,Alfajores 8 Pzas,futuro
2025-04-19 20:01:39,0.0,Galletas,Alfajores 8 Pzas,futuro
2025-04-20 20:01:39,0.0,Galletas,Alfajores 8 Pzas,futuro
2025-04-21 20:01:39,0.0,Galletas,Alfajores 8 Pzas,futuro
2025-04-22 20:01:39,0.0,Galletas,Alfajores 8 Pzas,futuro
2025-04-23 20:01:39,0.0,Galletas,Alfajores 8 Pzas,futuro
2025-04-24 20:01:39,0.0,Galletas,Alfajores 8 Pzas,futuro
2025-04-25 20:01:39,0.0,Galletas,Alfajores 8 Pzas,futuro
2025-04-26 20:01:39,0.0,Galletas,Alfajores 8 Pzas,futuro
2025-04-27 20:01:39,0.0,Galletas,Alfajores 8 Pzas,futuro
2025-04-28 20:01:39,0.0,Galletas,Alfajores 8 Pzas,futuro
2025-04-29 20:01:39,0.0,Galletas,Alfajores 8 Pzas,futuro
2025-04-30 20:01:39,0.0,Galletas,Alfajores 8 Pzas,futuro
2025-05-01 20:01:39,0.0,Galletas,Alfajores 8 Pzas,futuro
2025-05-02 20:01:39,0.0,Galletas,Alfajores 8 Pzas,futuro
2025-05-03 20:01:39,0.0,Galletas,Alfajores 8 Pzas,futuro
2025-05-04 20:01:39,0.0,Galletas,Alfajores 8 Pzas,futuro
2025-05-05 20:01:39,0.0,Galletas,Alfajores 8 Pzas,futuro
2025-05-06 20:01:39,0.0,Galletas,Alfajores 8 Pzas,futuro
2025-05-07 20:01:39,0.0,Galletas,Alfajores 8 Pzas,futuro
2025-05-08 20:01:39,0.0,Galletas,Alfajores 8 Pzas,futuro
2025-05-09 20:01:39,0.0,Galletas,Alfajores 8 Pzas,futuro
2025-05-10 20:01:39,0.0,Galletas,Alfajores 8 Pzas,futuro
2025-05-11 20:01:39,0.0,Galletas,Alfajores 8 Pzas,futuro
2025-05-12 20:01:39,0.0,Galletas,Alfajores 8 Pzas,futuro
2025-05-13 20:01:39,0.0,Galletas,Alfajores 8 Pzas,futuro
2025-05-14 20:01:39,0.0,Galletas,Alfajores 8 Pzas,futuro
2025-05-15 20:01:39,0.0,Galletas,Alfajores 8 Pzas,futuro
2025-05-16 20:01:39,0.0,Galletas,Alfajores 8 Pzas,futuro
2025-11-07 13:38:35,0.0,Galletas,Bolsita de Empanaditas de Nuez,futuro
2025-11-08 13:38:35,0.0,Galletas,Bolsita de Empanaditas de Nuez,futuro
2025-11-09 13:38:35,0.0,Galletas,Bolsita de Empanaditas de Nuez,futuro
2025-11-10 13:38:35,0.0,Galletas,Bolsita de Empanaditas de Nuez,futuro
2025-11-11 13:38:35,0.0,Galletas,Bolsita de Empanaditas de Nuez,futuro
2025-11-12 13:38:35,0.0,Galletas,Bolsita de Empanaditas de Nuez,futuro
2025-11-13 13:38:35,0.0,Galletas,Bolsita de Empanaditas de Nuez,futuro
2025-11-14 13:38:35,0.0,Galletas,Bolsita de Empanaditas de Nuez,futuro
2025-11-15 13:38:35,0.0,Galletas,Bolsita de Empanaditas de Nuez,futuro
2025-11-16 13:38:35,0.0,Galletas,Bolsita de Empanaditas de Nuez,futuro
2025-11-17 13:38:35,0.0,Galletas,Bolsita de Empanaditas de Nuez,futuro
2025-11-18 13:38:35,0.0,Galletas,Bolsita de Empanaditas de Nuez,futuro
2025-11-19 13:38:35,0.0,Galletas,Bolsita de Empanaditas de Nuez,futuro
2025-11-20 13:38:35,0.0,Galletas,Bolsita de Empanaditas de Nuez,futuro
2025-11-21 13:38:35,0.0,Galletas,Bolsita de Empanaditas de Nuez,futuro
2025-11-22 13:38:35,0.0,Galletas,Bolsita de Empanaditas de Nuez,futuro
2025-11-23 13:38:35,0.0,Galletas,Bolsita de Empanaditas de Nuez,futuro
2025-11-24 13:38:35,0.0,Galletas,Bolsita de Empanaditas de Nuez,futuro
2025-11-25 13:38:35,0.0,Galletas,Bolsita de Empanaditas de Nuez,futuro
2025-11-26 13:38:35,0.0,Galletas,Bolsita de Empanaditas de Nuez,futuro
2025-11-27 13:38:35,0.0,Galletas,Bolsita de Empanaditas de Nuez,futuro
2025-11-28 13:38:35,0.0,Galletas,Bolsita de Empanaditas de Nuez,futuro
2025-11-29 13:38:35,0.0,Galletas,Bolsita de Empanaditas de Nuez,futuro
2025-11-30 13:38:35,0.0,Galletas,Bolsita de Empanaditas de Nuez,futuro
2025-12-01 13:38:35,0.0,Galletas,Bolsita de Empanaditas de Nuez,futuro
2025-12-02 13:38:35,0.0,Galletas,Bolsita de Empanaditas de Nuez,futuro
2025-12-03 13:38:35,0.0,Galletas,Bolsita de Empanaditas de Nuez,futuro
2025-12-04 13:38:35,0.0,Galletas,Bolsita de Empanaditas de Nuez,futuro
2025-12-05 13:38:35,0.0,Galletas,Bolsita de Empanaditas de Nuez,futuro
2025-12-06 13:38:35,0.0,Galletas,Bolsita de Empanaditas de Nuez,futuro
2025-12-07 13:38:35,0.0,Galletas,Bolsita de Empanaditas de Nuez,futuro
2025-12-08 13:38:35,0.0,Galletas,Bolsita de Empanaditas de Nuez,futuro
2025-12-09 13:38:35,0.0,Galletas,Bolsita de Empanaditas de Nuez,futuro
2025-12-10 13:38:35,0.0,Galletas,Bolsita de Empanaditas de Nuez,futuro
2025-12-11 13:38:35,0.0,Galletas,Bolsita de Empanaditas de Nuez,futuro
2025-12-12 13:38:35,0.0,Galletas,Bolsita de Empanaditas de Nuez,futuro
2025-12-13 13:38:35,0.0,Galletas,Bolsita de Empanaditas de Nuez,futuro
2025-12-14 13:38:35,0.0,Galletas,Bolsita de Empanaditas de Nuez,futuro
2025-12-15 13:38:35,0.0,Galletas,Bolsita de Empanaditas de Nuez,futuro
2025-12-16 13:38:35,0.0,Galletas,Bolsita de Empanaditas de Nuez,futuro
2025-12-17 13:38:35,0.0,Galletas,Bolsita de Empanaditas de Nuez,futuro
2025-12-18 13:38:35,0.0,Galletas,Bolsita de Empanaditas de Nuez,futuro
2025-12-19 13:38:35,0.0,Galletas,Bolsita de Empanaditas de Nuez,futuro
2025-12-20 13:38:35,0.0,Galletas,Bolsita de Empanaditas de Nuez,futuro
2025-12-21 13:38:35,0.0,Galletas,Bolsita de Empanaditas de Nuez,futuro
2025-12-22 13:38:35,0.0,Galletas,Bolsita de Empanaditas de Nuez,futuro
2025-12-23 13:38:35,0.0,Galletas,Bolsita de Empanaditas de Nuez,futuro
2025-12-24 13:38:35,0.0,Galletas,Bolsita de Empanaditas de Nuez,futuro
2025-12-25 13:38:35,0.0,Galletas,Bolsita de Empanaditas de Nuez,futuro
2025-12-26 13:38:35,0.0,Galletas,Bolsita de Empanaditas de Nuez,futuro
2025-12-27 13:38:35,0.0,Galletas,Bolsita de Empanaditas de Nuez,futuro
2025-12-28 13:38:35,0.0,Galletas,Bolsita de Empanaditas de Nuez,futuro
2025-12-29 13:38:35,0.0,Galletas,Bolsita de Empanaditas de Nuez,futuro
2025-12-30 13:38:35,0.0,Galletas,Bolsita de Empanaditas de Nuez,futuro
2025-12-31 13:38:35,0.0,Galletas,Bolsita de Empanaditas de Nuez,futuro
2026-01-01 13:38:35,0.0,Galletas,Bolsita de Empanaditas de Nuez,futuro
2026-01-02 13:38:35,0.0,Galletas,Bolsita de Empanaditas de Nuez,futuro
2026-01-03 13:38:35,0.0,Galletas,Bolsita de Empanaditas de Nuez,futuro
2026-01-04 13:38:35,0.0,Galletas,Bolsita de Empanaditas de Nuez,futuro
2026-01-05 13:38:35,0.0,Galletas,Bolsita de Empanaditas de Nuez,futuro
2026-01-06 13:38:35,0.0,Galletas,Bolsita de Empanaditas de Nuez,futuro
2026-01-07 13:38:35,0.0,Galletas,Bolsita de Empanaditas de Nuez,futuro
2026-01-08 13:38:35,0.0,Galletas,Bolsita de Empanaditas de Nuez,futuro
2026-01-09 13:38:35,0.0,Galletas,Bolsita de Empanaditas de Nuez,futuro
2026-01-10 13:38:35,0.0,Galletas,Bolsita de Empanaditas de Nuez,futuro
2026-01-11 13:38:35,0.0,Galletas,Bolsita de Empanaditas de Nuez,futuro
2026-01-12 13:38:35,0.0,Galletas,Bolsita de Empanaditas de Nuez,futuro
2026-01-13 13:38:35,0.0,Galletas,Bolsita de Empanaditas de Nuez,futuro
2026-01-14 13:38:35,0.0,Galletas,Bolsita de Empanaditas de Nuez,futuro
2026-01-15 13:38:35,0.0,Galletas,Bolsita de Empanaditas de Nuez,futuro
2026-01-16 13:38:35,0.0,Galletas,Bolsita de Empanaditas de Nuez,futuro
2026-01-17 13:38:35,0.0,Galletas,Bolsita de Empanaditas de Nuez,futuro
2026-01-18 13:38:35,0.0,Galletas,Bolsita de Empanaditas de Nuez,futuro
2026-01-19 13:38:35,0.0,Galletas,Bolsita de Empanaditas de Nuez,futuro
2026-01-20 13:38:35,0.0,Galletas,Bolsita de Empanaditas de Nuez,futuro
2026-01-21 13:38:35,0.0,Galletas,Bolsita de Empanaditas de Nuez,futuro
2026-01-22 13:38:35,0.0,Galletas,Bolsita de Empanaditas de Nuez,futuro
2026-01-23 13:38:35,0.0,Galletas,Bolsita de Empanaditas de Nuez,futuro
2026-01-24 13:38:35,0.0,Galletas,Bolsita de Empanaditas de Nuez,futuro
2026-01-25 13:38:35,0.0,Galletas,Bolsita de Empanaditas de Nuez,futuro
2026-01-26 13:38:35,0.0,Galletas,Bolsita de Empanaditas de Nuez,futuro
2026-01-27 13:38:35,0.0,Galletas,Bolsita de Empanaditas de Nuez,futuro
2026-01-28 13:38:35,0.0,Galletas,Bolsita de Empanaditas de Nuez,futuro
2026-01-29 13:38:35,0.0,Galletas,Bolsita de Empanaditas de Nuez,futuro
2026-01-30 13:38:35,0.0,Galletas,Bolsita de Empanaditas de Nuez,futuro
2026-01-31 13:38:35,0.0,Galletas,Bolsita de Empanaditas de Nuez,futuro
2026-02-01 13:38:35,0.0,Galletas,Bolsita de Empanaditas de Nuez,futuro
2026-02-02 13:38:35,0.0,Galletas,Bolsita de Empanaditas de Nuez,futuro
2026-02-03 13:38:35,0.0,Galletas,Bolsita de Empanaditas de Nuez,futuro
2026-02-04 13:38:35,0.0,Galletas,Bolsita de Empanaditas de Nuez,futuro
2025-10-31 18:44:08,0.0,Galletas,Galleta Mix 250 Grs,futuro
2025-11-01 18:44:08,0.0,Galletas,Galleta Mix 250 Grs,futuro
2025-11-02 18:44:08,0.0,Galletas,Galleta Mix 250 Grs,futuro
2025-11-03 18:44:08,0.0,Galletas,Galleta Mix 250 Grs,futuro
2025-11-04 18:44:08,0.0,Galletas,Galleta Mix 250 Grs,futuro
2025-11-05 18:44:08,0.0,Galletas,Galleta Mix 250 Grs,futuro
2025-11-06 18:44:08,0.0,Galletas,Galleta Mix 250 Grs,futuro
2025-11-07 18:44:08,0.0,Galletas,Galleta Mix 250 Grs,futuro
2025-11-08 18:44:08,0.0,Galletas,Galleta Mix 250 Grs,futuro
2025-11-09 18:44:08,0.0,Galletas,Galleta Mix 250 Grs,futuro
2025-11-10 18:44:08,0.0,Galletas,Galleta Mix 250 Grs,futuro
2025-11-11 18:44:08,0.0,Galletas,Galleta Mix 250 Grs,futuro
2025-11-12 18:44:08,0.0,Galletas,Galleta Mix 250 Grs,futuro
2025-11-13 18:44:08,0.0,Galletas,Galleta Mix 250 Grs,futuro
2025-11-14 18:44:08,0.0,Galletas,Galleta Mix 250 Grs,futuro
2025-11-15 18:44:08,0.0,Galletas,Galleta Mix 250 Grs,futuro
2025-11-16 18:44:08,0.0,Galletas,Galleta Mix 250 Grs,futuro
2025-11-17 18:44:08,0.0,Galletas,Galleta Mix 250 Grs,futuro
2025-11-18 18:44:08,0.0,Galletas,Galleta Mix 250 Grs,futuro
2025-11-19 18:44:08,0.0,Galletas,Galleta Mix 250 Grs,futuro
2025-11-20 18:44:08,0.0,Galletas,Galleta Mix 250 Grs,futuro
2025-11-21 18:44:08,0.0,Galletas,Galleta Mix 250 Grs,futuro
2025-11-22 18:44:08,0.0,Galletas,Galleta Mix 250 Grs,futuro
2025-11-23 18:44:08,0.0,Galletas,Galleta Mix 250 Grs,futuro
2025-11-24 18:44:08,0.0,Galletas,Galleta Mix 250 Grs,futuro
2025-11-25 18:44:08,0.0,Galletas,Galleta Mix 250 Grs,futuro
2025-11-26 18:44:08,0.0,Galletas,Galleta Mix 250 Grs,futuro
2025-11-27 18:44:08,0.0,Galletas,Galleta Mix 250 Grs,futuro
2025-11-28 18:44:08,0.0,Galletas,Galleta Mix 250 Grs,futuro
2025-11-29 18:44:08,0.0,Galletas,Galleta Mix 250 Grs,futuro
2025-11-30 18:44:08,0.0,Galletas,Galleta Mix 250 Grs,futuro
2025-12-01 18:44:08,0.0,Galletas,Galleta Mix 250 Grs,futuro
2025-12-02 18:44:08,0.0,Galletas,Galleta Mix 250 Grs,futuro
2025-12-03 18:44:08,0.0,Galletas,Galleta Mix 250 Grs,futuro
2025-12-04 18:44:08,0.0,Galletas,Galleta Mix 250 Grs,futuro
2025-12-05 18:44:08,0.0,Galletas,Galleta Mix 250 Grs,futuro
2025-12-06 18:44:08,0.0,Galletas,Galleta Mix 250 Grs,futuro
2025-12-07 18:44:08,0.0,Galletas,Galleta Mix 250 Grs,futuro
2025-12-08 18:44:08,0.0,Galletas,Galleta Mix 250 Grs,futuro
2025-12-09 18:44:08,0.0,Galletas,Galleta Mix 250 Grs,futuro
2025-12-10 18:44:08,0.0,Galletas,Galleta Mix 250 Grs,futuro
2025-12-11 18:44:08,0.0,Galletas,Galleta Mix 250 Grs,futuro
2025-12-12 18:44:08,0.0,Galletas,Galleta Mix 250 Grs,futuro
2025-12-13 18:44:08,0.0,Galletas,Galleta Mix 250 Grs,futuro
2025-12-14 18:44:08,0.0,Galletas,Galleta Mix 250 Grs,futuro
2025-12-15 18:44:08,0.0,Galletas,Galleta Mix 250 Grs,futuro
2025-12-16 18:44:08,0.0,Galletas,Galleta Mix 250 Grs,futuro
2025-12-17 18:44:08,0.0,Galletas,Galleta Mix 250 Grs,futuro
2025-12-18 18:44:08,0.0,Galletas,Galleta Mix 250 Grs,futuro
2025-12-19 18:44:08,0.0,Galletas,Galleta Mix 250 Grs,futuro
2025-12-20 18:44:08,0.0,Galletas,Galleta Mix 250 Grs,futuro
2025-12-21 18:44:08,0.0,Galletas,Galleta Mix 250 Grs,futuro
2025-12-22 18:44:08,0.0,Galletas,Galleta Mix 250 Grs,futuro
2025-12-23 18:44:08,0.0,Galletas,Galleta Mix 250 Grs,futuro
2025-12-24 18:44:08,0.0,Galletas,Galleta Mix 250 Grs,futuro
2025-12-25 18:44:08,0.0,Galletas,Galleta Mix 250 Grs,futuro
2025-12-26 18:44:08,0.0,Galletas,Galleta Mix 250 Grs,futuro
2025-12-27 18:44:08,0.0,Galletas,Galleta Mix 250 Grs,futuro
2025-12-28 18:44:08,0.0,Galletas,Galleta Mix 250 Grs,futuro
2025-12-29 18:44:08,0.0,Galletas,Galleta Mix 250 Grs,futuro
2025-12-30 18:44:08,0.0,Galletas,Galleta Mix 250 Grs,futuro
2025-12-31 18:44:08,0.0,Galletas,Galleta Mix 250 Grs,futuro
2026-01-01 18:44:08,0.0,Galletas,Galleta Mix 250 Grs,futuro
2026-01-02 18:44:08,0.0,Galletas,Galleta Mix 250 Grs,futuro
2026-01-03 18:44:08,0.0,Galletas,Galleta Mix 250 Grs,futuro
2026-01-04 18:44:08,0.0,Galletas,Galleta Mix 250 Grs,futuro
2026-01-05 18:44:08,0.0,Galletas,Galleta Mix 250 Grs,futuro
2026-01-06 18:44:08,0.0,Galletas,Galleta Mix 250 Grs,futuro
2026-01-07 18:44:08,0.0,Galletas,Galleta Mix 250 Grs,futuro
2026-01-08 18:44:08,0.0,Galletas,Galleta Mix 250 Grs,futuro
2026-01-09 18:44:08,0.0,Galletas,Galleta Mix 250 Grs,futuro
2026-01-10 18:44:08,0.0,Galletas,Galleta Mix 250 Grs,futuro
2026-01-11 18:44:08,0.0,Galletas,Galleta Mix 250 Grs,futuro
2026-01-12 18:44:08,0.0,Galletas,Galleta Mix 250 Grs,futuro
2026-01-13 18:44:08,0.0,Galletas,Galleta Mix 250 Grs,futuro
2026-01-14 18:44:08,0.0,Galletas,Galleta Mix 250 Grs,futuro
2026-01-15 18:44:08,0.0,Galletas,Galleta Mix 250 Grs,futuro
2026-01-16 18:44:08,0.0,Galletas,Galleta Mix 250 Grs,futuro
2026-01-17 18:44:08,0.0,Galletas,Galleta Mix 250 Grs,futuro
2026-01-18 18:44:08,0.0,Galletas,Galleta Mix 250 Grs,futuro
2026-01-19 18:44:08,0.0,Galletas,Galleta Mix 250 Grs,futuro
2026-01-20 18:44:08,0.0,Galletas,Galleta Mix 250 Grs,futuro
2026-01-21 18:44:08,0.0,Galletas,Galleta Mix 250 Grs,futuro
2026-01-22 18:44:08,0.0,Galletas,Galleta Mix 250 Grs,futuro
2026-01-23 18:44:08,0.0,Galletas,Galleta Mix 250 Grs,futuro
2026-01-24 18:44:08,0.0,Galletas,Galleta Mix 250 Grs,futuro
2026-01-25 18:44:08,0.0,Galletas,Galleta Mix 250 Grs,futuro
2026-01-26 18:44:08,0.0,Galletas,Galleta Mix 250 Grs,futuro
2026-01-27 18:44:08,0.0,Galletas,Galleta Mix 250 Grs,futuro
2026-01-28 18:44:08,0.0,Galletas,Galleta Mix 250 Grs,futuro
2025-11-01 14:38:17,0.0,Galletas,Galleta Mix 500 Grs,futuro
2025-11-02 14:38:17,0.0,Galletas,Galleta Mix 500 Grs,futuro
2025-11-03 14:38:17,0.0,Galletas,Galleta Mix 500 Grs,futuro
2025-11-04 14:38:17,0.0,Galletas,Galleta Mix 500 Grs,futuro
2025-11-05 14:38:17,0.0,Galletas,Galleta Mix 500 Grs,futuro
2025-11-06 14:38:17,0.0,Galletas,Galleta Mix 500 Grs,futuro
2025-11-07 14:38:17,0.0,Galletas,Galleta Mix 500 Grs,futuro
2025-11-08 14:38:17,0.0,Galletas,Galleta Mix 500 Grs,futuro
2025-11-09 14:38:17,0.0,Galletas,Galleta Mix 500 Grs,futuro
2025-11-10 14:38:17,0.0,Galletas,Galleta Mix 500 Grs,futuro
2025-11-11 14:38:17,0.0,Galletas,Galleta Mix 500 Grs,futuro
2025-11-12 14:38:17,0.0,Galletas,Galleta Mix 500 Grs,futuro
2025-11-13 14:38:17,0.0,Galletas,Galleta Mix 500 Grs,futuro
2025-11-14 14:38:17,0.0,Galletas,Galleta Mix 500 Grs,futuro
2025-11-15 14:38:17,0.0,Galletas,Galleta Mix 500 Grs,futuro
2025-11-16 14:38:17,0.0,Galletas,Galleta Mix 500 Grs,futuro
2025-11-17 14:38:17,0.0,Galletas,Galleta Mix 500 Grs,futuro
2025-11-18 14:38:17,0.0,Galletas,Galleta Mix 500 Grs,futuro
2025-11-19 14:38:17,0.0,Galletas,Galleta Mix 500 Grs,futuro
2025-11-20 14:38:17,0.0,Galletas,Galleta Mix 500 Grs,futuro
2025-11-21 14:38:17,0.0,Galletas,Galleta Mix 500 Grs,futuro
2025-11-22 14:38:17,0.0,Galletas,Galleta Mix 500 Grs,futuro
2025-11-23 14:38:17,0.0,Galletas,Galleta Mix 500 Grs,futuro
2025-11-24 14:38:17,0.0,Galletas,Galleta Mix 500 Grs,futuro
2025-11-25 14:38:17,0.0,Galletas,Galleta Mix 500 Grs,futuro
2025-11-26 14:38:17,0.0,Galletas,Galleta Mix 500 Grs,futuro
2025-11-27 14:38:17,0.0,Galletas,Galleta Mix 500 Grs,futuro
2025-11-28 14:38:17,0.0,Galletas,Galleta Mix 500 Grs,futuro
2025-11-29 14:38:17,0.0,Galletas,Galleta Mix 500 Grs,futuro
2025-11-30 14:38:17,0.0,Galletas,Galleta Mix 500 Grs,futuro
2025-12-01 14:38:17,0.0,Galletas,Galleta Mix 500 Grs,futuro
2025-12-02 14:38:17,0.0,Galletas,Galleta Mix 500 Grs,futuro
2025-12-03 14:38:17,0.0,Galletas,Galleta Mix 500 Grs,futuro
2025-12-04 14:38:17,0.0,Galletas,Galleta Mix 500 Grs,futuro
2025-12-05 14:38:17,0.0,Galletas,Galleta Mix 500 Grs,futuro
2025-12-06 14:38:17,0.0,Galletas,Galleta Mix 500 Grs,futuro
2025-12-07 14:38:17,0.0,Galletas,Galleta Mix 500 Grs,futuro
2025-12-08 14:38:17,0.0,Galletas,Galleta Mix 500 Grs,futuro
2025-12-09 14:38:17,0.0,Galletas,Galleta Mix 500 Grs,futuro
2025-12-10 14:38:17,0.0,Galletas,Galleta Mix 500 Grs,futuro
2025-12-11 14:38:17,0.0,Galletas,Galleta Mix 500 Grs,futuro
2025-12-12 14:38:17,0.0,Galletas,Galleta Mix 500 Grs,futuro
2025-12-13 14:38:17,0.0,Galletas,Galleta Mix 500 Grs,futuro
2025-12-14 14:38:17,0.0,Galletas,Galleta Mix 500 Grs,futuro
2025-12-15 14:38:17,0.0,Galletas,Galleta Mix 500 Grs,futuro
2025-12-16 14:38:17,0.0,Galletas,Galleta Mix 500 Grs,futuro
2025-12-17 14:38:17,0.0,Galletas,Galleta Mix 500 Grs,futuro
2025-12-18 14:38:17,0.0,Galletas,Galleta Mix 500 Grs,futuro
2025-12-19 14:38:17,0.0,Galletas,Galleta Mix 500 Grs,futuro
2025-12-20 14:38:17,0.0,Galletas,Galleta Mix 500 Grs,futuro
2025-12-21 14:38:17,0.0,Galletas,Galleta Mix 500 Grs,futuro
2025-12-22 14:38:17,0.0,Galletas,Galleta Mix 500 Grs,futuro
2025-12-23 14:38:17,0.0,Galletas,Galleta Mix 500 Grs,futuro
2025-12-24 14:38:17,0.0,Galletas,Galleta Mix 500 Grs,futuro
2025-12-25 14:38:17,0.0,Galletas,Galleta Mix 500 Grs,futuro
2025-12-26 14:38:17,0.0,Galletas,Galleta Mix 500 Grs,futuro
2025-12-27 14:38:17,0.0,Galletas,Galleta Mix 500 Grs,futuro
2025-12-28 14:38:17,0.0,Galletas,Galleta Mix 500 Grs,futuro
2025-12-29 14:38:17,0.0,Galletas,Galleta Mix 500 Grs,futuro
2025-12-30 14:38:17,0.0,Galletas,Galleta Mix 500 Grs,futuro
2025-12-31 14:38:17,0.0,Galletas,Galleta Mix 500 Grs,futuro
2026-01-01 14:38:17,0.0,Galletas,Galleta Mix 500 Grs,futuro
2026-01-02 14:38:17,0.0,Galletas,Galleta Mix 500 Grs,futuro
2026-01-03 14:38:17,0.0,Galletas,Galleta Mix 500 Grs,futuro
2026-01-04 14:38:17,0.0,Galletas,Galleta Mix 500 Grs,futuro
2026-01-05 14:38:17,0.0,Galletas,Galleta Mix 500 Grs,futuro
2026-01-06 14:38:17,0.0,Galletas,Galleta Mix 500 Grs,futuro
2026-01-07 14:38:17,0.0,Galletas,Galleta Mix 500 Grs,futuro
2026-01-08 14:38:17,0.0,Galletas,Galleta Mix 500 Grs,futuro
2026-01-09 14:38:17,0.0,Galletas,Galleta Mix 500 Grs,futuro
2026-01-10 14:38:17,0.0,Galletas,Galleta Mix 500 Grs,futuro
2026-01-11 14:38:17,0.0,Galletas,Galleta Mix 500 Grs,futuro
2026-01-12 14:38:17,0.0,Galletas,Galleta Mix 500 Grs,futuro
2026-01-13 14:38:17,0.0,Galletas,Galleta Mix 500 Grs,futuro
2026-01-14 14:38:17,0.0,Galletas,Galleta Mix 500 Grs,futuro
2026-01-15 14:38:17,0.0,Galletas,Galleta Mix 500 Grs,futuro
2026-01-16 14:38:17,0.0,Galletas,Galleta Mix 500 Grs,futuro
2026-01-17 14:38:17,0.0,Galletas,Galleta Mix 500 Grs,futuro
2026-01-18 14:38:17,0.0,Galletas,Galleta Mix 500 Grs,futuro
2026-01-19 14:38:17,0.0,Galletas,Galleta Mix 500 Grs,futuro
2026-01-20 14:38:17,0.0,Galletas,Galleta Mix 500 Grs,futuro
2026-01-21 14:38:17,0.0,Galletas,Galleta Mix 500 Grs,futuro
2026-01-22 14:38:17,0.0,Galletas,Galleta Mix 500 Grs,futuro
2026-01-23 14:38:17,0.0,Galletas,Galleta Mix 500 Grs,futuro
2026-01-24 14:38:17,0.0,Galletas,Galleta Mix 500 Grs,futuro
2026-01-25 14:38:17,0.0,Galletas,Galleta Mix 500 Grs,futuro
2026-01-26 14:38:17,0.0,Galletas,Galleta Mix 500 Grs,futuro
2026-01-27 14:38:17,0.0,Galletas,Galleta Mix 500 Grs,futuro
2026-01-28 14:38:17,0.0,Galletas,Galleta Mix 500 Grs,futuro
2026-01-29 14:38:17,0.0,Galletas,Galleta Mix 500 Grs,futuro
2025-11-06 18:09:15,0.0,Galletas,Pastitas 155 Grs,futuro
2025-11-07 18:09:15,0.0,Galletas,Pastitas 155 Grs,futuro
2025-11-08 18:09:15,0.0,Galletas,Pastitas 155 Grs,futuro
2025-11-09 18:09:15,0.0,Galletas,Pastitas 155 Grs,futuro
2025-11-10 18:09:15,0.0,Galletas,Pastitas 155 Grs,futuro
2025-11-11 18:09:15,0.0,Galletas,Pastitas 155 Grs,futuro
2025-11-12 18:09:15,0.0,Galletas,Pastitas 155 Grs,futuro
2025-11-13 18:09:15,0.0,Galletas,Pastitas 155 Grs,futuro
2025-11-14 18:09:15,0.0,Galletas,Pastitas 155 Grs,futuro
2025-11-15 18:09:15,0.0,Galletas,Pastitas 155 Grs,futuro
2025-11-16 18:09:15,0.0,Galletas,Pastitas 155 Grs,futuro
2025-11-17 18:09:15,0.0,Galletas,Pastitas 155 Grs,futuro
2025-11-18 18:09:15,0.0,Galletas,Pastitas 155 Grs,futuro
2025-11-19 18:09:15,0.0,Galletas,Pastitas 155 Grs,futuro
2025-11-20 18:09:15,0.0,Galletas,Pastitas 155 Grs,futuro
2025-11-21 18:09:15,0.0,Galletas,Pastitas 155 Grs,futuro
2025-11-22 18:09:15,0.0,Galletas,Pastitas 155 Grs,futuro
2025-11-23 18:09:15,0.0,Galletas,Pastitas 155 Grs,futuro
2025-11-24 18:09:15,0.0,Galletas,Pastitas 155 Grs,futuro
2025-11-25 18:09:15,0.0,Galletas,Pastitas 155 Grs,futuro
2025-11-26 18:09:15,0.0,Galletas,Pastitas 155 Grs,futuro
2025-11-27 18:09:15,0.0,Galletas,Pastitas 155 Grs,futuro
2025-11-28 18:09:15,0.0,Galletas,Pastitas 155 Grs,futuro
2025-11-29 18:09:15,0.0,Galletas,Pastitas 155 Grs,futuro
2025-11-30 18:09:15,0.0,Galletas,Pastitas 155 Grs,futuro
2025-12-01 18:09:15,0.0,Galletas,Pastitas 155 Grs,futuro
2025-12-02 18:09:15,0.0,Galletas,Pastitas 155 Grs,futuro
2025-12-03 18:09:15,0.0,Galletas,Pastitas 155 Grs,futuro
2025-12-04 18:09:15,0.0,Galletas,Pastitas 155 Grs,futuro
2025-12-05 18:09:15,0.0,Galletas,Pastitas 155 Grs,futuro
2025-12-06 18:09:15,0.0,Galletas,Pastitas 155 Grs,futuro
2025-12-07 18:09:15,0.0,Galletas,Pastitas 155 Grs,futuro
2025-12-08 18:09:15,0.0,Galletas,Pastitas 155 Grs,futuro
2025-12-09 18:09:15,0.0,Galletas,Pastitas 155 Grs,futuro
2025-12-10 18:09:15,0.0,Galletas,Pastitas 155 Grs,futuro
2025-12-11 18:09:15,0.0,Galletas,Pastitas 155 Grs,futuro
2025-12-12 18:09:15,0.0,Galletas,Pastitas 155 Grs,futuro
2025-12-13 18:09:15,0.0,Galletas,Pastitas 155 Grs,futuro
2025-12-14 18:09:15,0.0,Galletas,Pastitas 155 Grs,futuro
2025-12-15 18:09:15,0.0,Galletas,Pastitas 155 Grs,futuro
2025-12-16 18:09:15,0.0,Galletas,Pastitas 155 Grs,futuro
2025-12-17 18:09:15,0.0,Galletas,Pastitas 155 Grs,futuro
2025-12-18 18:09:15,0.0,Galletas,Pastitas 155 Grs,futuro
2025-12-19 18:09:15,0.0,Galletas,Pastitas 155 Grs,futuro
2025-12-20 18:09:15,0.0,Galletas,Pastitas 155 Grs,futuro
2025-12-21 18:09:15,0.0,Galletas,Pastitas 155 Grs,futuro
2025-12-22 18:09:15,0.0,Galletas,Pastitas 155 Grs,futuro
2025-12-23 18:09:15,0.0,Galletas,Pastitas 155 Grs,futuro
2025-12-24 18:09:15,0.0,Galletas,Pastitas 155 Grs,futuro
2025-12-25 18:09:15,0.0,Galletas,Pastitas 155 Grs,futuro
2025-12-26 18:09:15,0.0,Galletas,Pastitas 155 Grs,futuro
2025-12-27 18:09:15,0.0,Galletas,Pastitas 155 Grs,futuro
2025-12-28 18:09:15,0.0,Galletas,Pastitas 155 Grs,futuro
2025-12-29 18:09:15,0.0,Galletas,Pastitas 155 Grs,futuro
2025-12-30 18:09:15,0.0,Galletas,Pastitas 155 Grs,futuro
2025-12-31 18:09:15,0.0,Galletas,Pastitas 155 Grs,futuro
2026-01-01 18:09:15,0.0,Galletas,Pastitas 155 Grs,futuro
2026-01-02 18:09:15,0.0,Galletas,Pastitas 155 Grs,futuro
2026-01-03 18:09:15,0.0,Galletas,Pastitas 155 Grs,futuro
2026-01-04 18:09:15,0.0,Galletas,Pastitas 155 Grs,futuro
2026-01-05 18:09:15,0.0,Galletas,Pastitas 155 Grs,futuro
2026-01-06 18:09:15,0.0,Galletas,Pastitas 155 Grs,futuro
2026-01-07 18:09:15,0.0,Galletas,Pastitas 155 Grs,futuro
2026-01-08 18:09:15,0.0,Galletas,Pastitas 155 Grs,futuro
2026-01-09 18:09:15,0.0,Galletas,Pastitas 155 Grs,futuro
2026-01-10 18:09:15,0.0,Galletas,Pastitas 155 Grs,futuro
2026-01-11 18:09:15,0.0,Galletas,Pastitas 155 Grs,futuro
2026-01-12 18:09:15,0.0,Galletas,Pastitas 155 Grs,futuro
2026-01-13 18:09:15,0.0,Galletas,Pastitas 155 Grs,futuro
2026-01-14 18:09:15,0.0,Galletas,Pastitas 155 Grs,futuro
2026-01-15 18:09:15,0.0,Galletas,Pastitas 155 Grs,futuro
2026-01-16 18:09:15,0.0,Galletas,Pastitas 155 Grs,futuro
2026-01-17 18:09:15,0.0,Galletas,Pastitas 155 Grs,futuro
2026-01-18 18:09:15,0.0,Galletas,Pastitas 155 Grs,futuro
2026-01-19 18:09:15,0.0,Galletas,Pastitas 155 Grs,futuro
2026-01-20 18:09:15,0.0,Galletas,Pastitas 155 Grs,futuro
2026-01-21 18:09:15,0.0,Galletas,Pastitas 155 Grs,futuro
2026-01-22 18:09:15,0.0,Galletas,Pastitas 155 Grs,futuro
2026-01-23 18:09:15,0.0,Galletas,Pastitas 155 Grs,futuro
2026-01-24 18:09:15,0.0,Galletas,Pastitas 155 Grs,futuro
2026-01-25 18:09:15,0.0,Galletas,Pastitas 155 Grs,futuro
2026-01-26 18:09:15,0.0,Galletas,Pastitas 155 Grs,futuro
2026-01-27 18:09:15,0.0,Galletas,Pastitas 155 Grs,futuro
2026-01-28 18:09:15,0.0,Galletas,Pastitas 155 Grs,futuro
2026-01-29 18:09:15,0.0,Galletas,Pastitas 155 Grs,futuro
2026-01-30 18:09:15,0.0,Galletas,Pastitas 155 Grs,futuro
2026-01-31 18:09:15,0.0,Galletas,Pastitas 155 Grs,futuro
2026-02-01 18:09:15,0.0,Galletas,Pastitas 155 Grs,futuro
2026-02-02 18:09:15,0.0,Galletas,Pastitas 155 Grs,futuro
2026-02-03 18:09:15,0.0,Galletas,Pastitas 155 Grs,futuro
2025-11-06 13:08:40,0.0,Gelatinas y Flanes,Flan Chico,futuro
2025-11-07 13:08:40,0.0,Gelatinas y Flanes,Flan Chico,futuro
2025-11-08 13:08:40,0.0,Gelatinas y Flanes,Flan Chico,futuro
2025-11-09 13:08:40,0.0,Gelatinas y Flanes,Flan Chico,futuro
2025-11-10 13:08:40,0.0,Gelatinas y Flanes,Flan Chico,futuro
2025-11-11 13:08:40,0.0,Gelatinas y Flanes,Flan Chico,futuro
2025-11-12 13:08:40,0.0,Gelatinas y Flanes,Flan Chico,futuro
2025-11-13 13:08:40,0.0,Gelatinas y Flanes,Flan Chico,futuro
2025-11-14 13:08:40,0.0,Gelatinas y Flanes,Flan Chico,futuro
2025-11-15 13:08:40,0.0,Gelatinas y Flanes,Flan Chico,futuro
2025-11-16 13:08:40,0.0,Gelatinas y Flanes,Flan Chico,futuro
2025-11-17 13:08:40,0.0,Gelatinas y Flanes,Flan Chico,futuro
2025-11-18 13:08:40,0.0,Gelatinas y Flanes,Flan Chico,futuro
2025-11-19 13:08:40,0.0,Gelatinas y Flanes,Flan Chico,futuro
2025-11-20 13:08:40,0.0,Gelatinas y Flanes,Flan Chico,futuro
2025-11-21 13:08:40,0.0,Gelatinas y Flanes,Flan Chico,futuro
2025-11-22 13:08:40,0.0,Gelatinas y Flanes,Flan Chico,futuro
2025-11-23 13:08:40,0.0,Gelatinas y Flanes,Flan Chico,futuro
2025-11-24 13:08:40,0.0,Gelatinas y Flanes,Flan Chico,futuro
2025-11-25 13:08:40,0.0,Gelatinas y Flanes,Flan Chico,futuro
2025-11-26 13:08:40,0.0,Gelatinas y Flanes,Flan Chico,futuro
2025-11-27 13:08:40,0.0,Gelatinas y Flanes,Flan Chico,futuro
2025-11-28 13:08:40,0.0,Gelatinas y Flanes,Flan Chico,futuro
2025-11-29 13:08:40,0.0,Gelatinas y Flanes,Flan Chico,futuro
2025-11-30 13:08:40,0.0,Gelatinas y Flanes,Flan Chico,futuro
2025-12-01 13:08:40,0.0,Gelatinas y Flanes,Flan Chico,futuro
2025-12-02 13:08:40,0.0,Gelatinas y Flanes,Flan Chico,futuro
2025-12-03 13:08:40,0.0,Gelatinas y Flanes,Flan Chico,futuro
2025-12-04 13:08:40,0.0,Gelatinas y Flanes,Flan Chico,futuro
2025-12-05 13:08:40,0.0,Gelatinas y Flanes,Flan Chico,futuro
2025-12-06 13:08:40,0.0,Gelatinas y Flanes,Flan Chico,futuro
2025-12-07 13:08:40,0.0,Gelatinas y Flanes,Flan Chico,futuro
2025-12-08 13:08:40,0.0,Gelatinas y Flanes,Flan Chico,futuro
2025-12-09 13:08:40,0.0,Gelatinas y Flanes,Flan Chico,futuro
2025-12-10 13:08:40,0.0,Gelatinas y Flanes,Flan Chico,futuro
2025-12-11 13:08:40,0.0,Gelatinas y Flanes,Flan Chico,futuro
2025-12-12 13:08:40,0.0,Gelatinas y Flanes,Flan Chico,futuro
2025-12-13 13:08:40,0.0,Gelatinas y Flanes,Flan Chico,futuro
2025-12-14 13:08:40,0.0,Gelatinas y Flanes,Flan Chico,futuro
2025-12-15 13:08:40,0.0,Gelatinas y Flanes,Flan Chico,futuro
2025-12-16 13:08:40,0.0,Gelatinas y Flanes,Flan Chico,futuro
2025-12-17 13:08:40,0.0,Gelatinas y Flanes,Flan Chico,futuro
2025-12-18 13:08:40,0.0,Gelatinas y Flanes,Flan Chico,futuro
2025-12-19 13:08:40,0.0,Gelatinas y Flanes,Flan Chico,futuro
2025-12-20 13:08:40,0.0,Gelatinas y Flanes,Flan Chico,futuro
2025-12-21 13:08:40,0.0,Gelatinas y Flanes,Flan Chico,futuro
2025-12-22 13:08:40,0.0,Gelatinas y Flanes,Flan Chico,futuro
2025-12-23 13:08:40,0.0,Gelatinas y Flanes,Flan Chico,futuro
2025-12-24 13:08:40,0.0,Gelatinas y Flanes,Flan Chico,futuro
2025-12-25 13:08:40,0.0,Gelatinas y Flanes,Flan Chico,futuro
2025-12-26 13:08:40,0.0,Gelatinas y Flanes,Flan Chico,futuro
2025-12-27 13:08:40,0.0,Gelatinas y Flanes,Flan Chico,futuro
2025-12-28 13:08:40,0.0,Gelatinas y Flanes,Flan Chico,futuro
2025-12-29 13:08:40,0.0,Gelatinas y Flanes,Flan Chico,futuro
2025-12-30 13:08:40,0.0,Gelatinas y Flanes,Flan Chico,futuro
2025-12-31 13:08:40,0.0,Gelatinas y Flanes,Flan Chico,futuro
2026-01-01 13:08:40,0.0,Gelatinas y Flanes,Flan Chico,futuro
2026-01-02 13:08:40,0.0,Gelatinas y Flanes,Flan Chico,futuro
2026-01-03 13:08:40,0.0,Gelatinas y Flanes,Flan Chico,futuro
2026-01-04 13:08:40,0.0,Gelatinas y Flanes,Flan Chico,futuro
2026-01-05 13:08:40,0.0,Gelatinas y Flanes,Flan Chico,futuro
2026-01-06 13:08:40,0.0,Gelatinas y Flanes,Flan Chico,futuro
2026-01-07 13:08:40,0.0,Gelatinas y Flanes,Flan Chico,futuro
2026-01-08 13:08:40,0.0,Gelatinas y Flanes,Flan Chico,futuro
2026-01-09 13:08:40,0.0,Gelatinas y Flanes,Flan Chico,futuro
2026-01-10 13:08:40,0.0,Gelatinas y Flanes,Flan Chico,futuro
2026-01-11 13:08:40,0.0,Gelatinas y Flanes,Flan Chico,futuro
2026-01-12 13:08:40,0.0,Gelatinas y Flanes,Flan Chico,futuro
2026-01-13 13:08:40,0.0,Gelatinas y Flanes,Flan Chico,futuro
2026-01-14 13:08:40,0.0,Gelatinas y Flanes,Flan Chico,futuro
2026-01-15 13:08:40,0.0,Gelatinas y Flanes,Flan Chico,futuro
2026-01-16 13:08:40,0.0,Gelatinas y Flanes,Flan Chico,futuro
2026-01-17 13:08:40,0.0,Gelatinas y Flanes,Flan Chico,futuro
2026-01-18 13:08:40,0.0,Gelatinas y Flanes,Flan Chico,futuro
2026-01-19 13:08:40,0.0,Gelatinas y Flanes,Flan Chico,futuro
2026-01-20 13:08:40,0.0,Gelatinas y Flanes,Flan Chico,futuro
2026-01-21 13:08:40,0.0,Gelatinas y Flanes,Flan Chico,futuro
2026-01-22 13:08:40,0.0,Gelatinas y Flanes,Flan Chico,futuro
2026-01-23 13:08:40,0.0,Gelatinas y Flanes,Flan Chico,futuro
2026-01-24 13:08:40,0.0,Gelatinas y Flanes,Flan Chico,futuro
2026-01-25 13:08:40,0.0,Gelatinas y Flanes,Flan Chico,futuro
2026-01-26 13:08:40,0.0,Gelatinas y Flanes,Flan Chico,futuro
2026-01-27 13:08:40,0.0,Gelatinas y Flanes,Flan Chico,futuro
2026-01-28 13:08:40,0.0,Gelatinas y Flanes,Flan Chico,futuro
2026-01-29 13:08:40,0.0,Gelatinas y Flanes,Flan Chico,futuro
2026-01-30 13:08:40,0.0,Gelatinas y Flanes,Flan Chico,futuro
2026-01-31 13:08:40,0.0,Gelatinas y Flanes,Flan Chico,futuro
2026-02-01 13:08:40,0.0,Gelatinas y Flanes,Flan Chico,futuro
2026-02-02 13:08:40,0.0,Gelatinas y Flanes,Flan Chico,futuro
2026-02-03 13:08:40,0.0,Gelatinas y Flanes,Flan Chico,futuro
2025-11-04 20:40:12,0.0,Gelatinas y Flanes,Flan Grande,futuro
2025-11-05 20:40:12,0.0,Gelatinas y Flanes,Flan Grande,futuro
2025-11-06 20:40:12,0.0,Gelatinas y Flanes,Flan Grande,futuro
2025-11-07 20:40:12,0.0,Gelatinas y Flanes,Flan Grande,futuro
2025-11-08 20:40:12,0.0,Gelatinas y Flanes,Flan Grande,futuro
2025-11-09 20:40:12,0.0,Gelatinas y Flanes,Flan Grande,futuro
2025-11-10 20:40:12,0.0,Gelatinas y Flanes,Flan Grande,futuro
2025-11-11 20:40:12,0.0,Gelatinas y Flanes,Flan Grande,futuro
2025-11-12 20:40:12,0.0,Gelatinas y Flanes,Flan Grande,futuro
2025-11-13 20:40:12,0.0,Gelatinas y Flanes,Flan Grande,futuro
2025-11-14 20:40:12,0.0,Gelatinas y Flanes,Flan Grande,futuro
2025-11-15 20:40:12,0.0,Gelatinas y Flanes,Flan Grande,futuro
2025-11-16 20:40:12,0.0,Gelatinas y Flanes,Flan Grande,futuro
2025-11-17 20:40:12,0.0,Gelatinas y Flanes,Flan Grande,futuro
2025-11-18 20:40:12,0.0,Gelatinas y Flanes,Flan Grande,futuro
2025-11-19 20:40:12,0.0,Gelatinas y Flanes,Flan Grande,futuro
2025-11-20 20:40:12,0.0,Gelatinas y Flanes,Flan Grande,futuro
2025-11-21 20:40:12,0.0,Gelatinas y Flanes,Flan Grande,futuro
2025-11-22 20:40:12,0.0,Gelatinas y Flanes,Flan Grande,futuro
2025-11-23 20:40:12,0.0,Gelatinas y Flanes,Flan Grande,futuro
2025-11-24 20:40:12,0.0,Gelatinas y Flanes,Flan Grande,futuro
2025-11-25 20:40:12,0.0,Gelatinas y Flanes,Flan Grande,futuro
2025-11-26 20:40:12,0.0,Gelatinas y Flanes,Flan Grande,futuro
2025-11-27 20:40:12,0.0,Gelatinas y Flanes,Flan Grande,futuro
2025-11-28 20:40:12,0.0,Gelatinas y Flanes,Flan Grande,futuro
2025-11-29 20:40:12,0.0,Gelatinas y Flanes,Flan Grande,futuro
2025-11-30 20:40:12,0.0,Gelatinas y Flanes,Flan Grande,futuro
2025-12-01 20:40:12,0.0,Gelatinas y Flanes,Flan Grande,futuro
2025-12-02 20:40:12,0.0,Gelatinas y Flanes,Flan Grande,futuro
2025-12-03 20:40:12,0.0,Gelatinas y Flanes,Flan Grande,futuro
2025-12-04 20:40:12,0.0,Gelatinas y Flanes,Flan Grande,futuro
2025-12-05 20:40:12,0.0,Gelatinas y Flanes,Flan Grande,futuro
2025-12-06 20:40:12,0.0,Gelatinas y Flanes,Flan Grande,futuro
2025-12-07 20:40:12,0.0,Gelatinas y Flanes,Flan Grande,futuro
2025-12-08 20:40:12,0.0,Gelatinas y Flanes,Flan Grande,futuro
2025-12-09 20:40:12,0.0,Gelatinas y Flanes,Flan Grande,futuro
2025-12-10 20:40:12,0.0,Gelatinas y Flanes,Flan Grande,futuro
2025-12-11 20:40:12,0.0,Gelatinas y Flanes,Flan Grande,futuro
2025-12-12 20:40:12,0.0,Gelatinas y Flanes,Flan Grande,futuro
2025-12-13 20:40:12,0.0,Gelatinas y Flanes,Flan Grande,futuro
2025-12-14 20:40:12,0.0,Gelatinas y Flanes,Flan Grande,futuro
2025-12-15 20:40:12,0.0,Gelatinas y Flanes,Flan Grande,futuro
2025-12-16 20:40:12,0.0,Gelatinas y Flanes,Flan Grande,futuro
2025-12-17 20:40:12,0.0,Gelatinas y Flanes,Flan Grande,futuro
2025-12-18 20:40:12,0.0,Gelatinas y Flanes,Flan Grande,futuro
2025-12-19 20:40:12,0.0,Gelatinas y Flanes,Flan Grande,futuro
2025-12-20 20:40:12,0.0,Gelatinas y Flanes,Flan Grande,futuro
2025-12-21 20:40:12,0.0,Gelatinas y Flanes,Flan Grande,futuro
2025-12-22 20:40:12,0.0,Gelatinas y Flanes,Flan Grande,futuro
2025-12-23 20:40:12,0.0,Gelatinas y Flanes,Flan Grande,futuro
2025-12-24 20:40:12,0.0,Gelatinas y Flanes,Flan Grande,futuro
2025-12-25 20:40:12,0.0,Gelatinas y Flanes,Flan Grande,futuro
2025-12-26 20:40:12,0.0,Gelatinas y Flanes,Flan Grande,futuro
2025-12-27 20:40:12,0.0,Gelatinas y Flanes,Flan Grande,futuro
2025-12-28 20:40:12,0.0,Gelatinas y Flanes,Flan Grande,futuro
2025-12-29 20:40:12,0.0,Gelatinas y Flanes,Flan Grande,futuro
2025-12-30 20:40:12,0.0,Gelatinas y Flanes,Flan Grande,futuro
2025-12-31 20:40:12,0.0,Gelatinas y Flanes,Flan Grande,futuro
2026-01-01 20:40:12,0.0,Gelatinas y Flanes,Flan Grande,futuro
2026-01-02 20:40:12,0.0,Gelatinas y Flanes,Flan Grande,futuro
2026-01-03 20:40:12,0.0,Gelatinas y Flanes,Flan Grande,futuro
2026-01-04 20:40:12,0.0,Gelatinas y Flanes,Flan Grande,futuro
2026-01-05 20:40:12,0.0,Gelatinas y Flanes,Flan Grande,futuro
2026-01-06 20:40:12,0.0,Gelatinas y Flanes,Flan Grande,futuro
2026-01-07 20:40:12,0.0,Gelatinas y Flanes,Flan Grande,futuro
2026-01-08 20:40:12,0.0,Gelatinas y Flanes,Flan Grande,futuro
2026-01-09 20:40:12,0.0,Gelatinas y Flanes,Flan Grande,futuro
2026-01-10 20:40:12,0.0,Gelatinas y Flanes,Flan Grande,futuro
2026-01-11 20:40:12,0.0,Gelatinas y Flanes,Flan Grande,futuro
2026-01-12 20:40:12,0.0,Gelatinas y Flanes,Flan Grande,futuro
2026-01-13 20:40:12,0.0,Gelatinas y Flanes,Flan Grande,futuro
2026-01-14 20:40:12,0.0,Gelatinas y Flanes,Flan Grande,futuro
2026-01-15 20:40:12,0.0,Gelatinas y Flanes,Flan Grande,futuro
2026-01-16 20:40:12,0.0,Gelatinas y Flanes,Flan Grande,futuro
2026-01-17 20:40:12,0.0,Gelatinas y Flanes,Flan Grande,futuro
2026-01-18 20:40:12,0.0,Gelatinas y Flanes,Flan Grande,futuro
2026-01-19 20:40:12,0.0,Gelatinas y Flanes,Flan Grande,futuro
2026-01-20 20:40:12,0.0,Gelatinas y Flanes,Flan Grande,futuro
2026-01-21 20:40:12,0.0,Gelatinas y Flanes,Flan Grande,futuro
2026-01-22 20:40:12,0.0,Gelatinas y Flanes,Flan Grande,futuro
2026-01-23 20:40:12,0.0,Gelatinas y Flanes,Flan Grande,futuro
2026-01-24 20:40:12,0.0,Gelatinas y Flanes,Flan Grande,futuro
2026-01-25 20:40:12,0.0,Gelatinas y Flanes,Flan Grande,futuro
2026-01-26 20:40:12,0.0,Gelatinas y Flanes,Flan Grande,futuro
2026-01-27 20:40:12,0.0,Gelatinas y Flanes,Flan Grande,futuro
2026-01-28 20:40:12,0.0,Gelatinas y Flanes,Flan Grande,futuro
2026-01-29 20:40:12,0.0,Gelatinas y Flanes,Flan Grande,futuro
2026-01-30 20:40:12,0.0,Gelatinas y Flanes,Flan Grande,futuro
2026-01-31 20:40:12,0.0,Gelatinas y Flanes,Flan Grande,futuro
2026-02-01 20:40:12,0.0,Gelatinas y Flanes,Flan Grande,futuro
2025-11-06 13:30:24,0.0,Gelatinas y Flanes,Gelatina Cafe Grande,futuro
2025-11-07 13:30:24,0.0,Gelatinas y Flanes,Gelatina Cafe Grande,futuro
2025-11-08 13:30:24,0.0,Gelatinas y Flanes,Gelatina Cafe Grande,futuro
2025-11-09 13:30:24,0.0,Gelatinas y Flanes,Gelatina Cafe Grande,futuro
2025-11-10 13:30:24,0.0,Gelatinas y Flanes,Gelatina Cafe Grande,futuro
2025-11-11 13:30:24,0.0,Gelatinas y Flanes,Gelatina Cafe Grande,futuro
2025-11-12 13:30:24,0.0,Gelatinas y Flanes,Gelatina Cafe Grande,futuro
2025-11-13 13:30:24,0.0,Gelatinas y Flanes,Gelatina Cafe Grande,futuro
2025-11-14 13:30:24,0.0,Gelatinas y Flanes,Gelatina Cafe Grande,futuro
2025-11-15 13:30:24,0.0,Gelatinas y Flanes,Gelatina Cafe Grande,futuro
2025-11-16 13:30:24,0.0,Gelatinas y Flanes,Gelatina Cafe Grande,futuro
2025-11-17 13:30:24,0.0,Gelatinas y Flanes,Gelatina Cafe Grande,futuro
2025-11-18 13:30:24,0.0,Gelatinas y Flanes,Gelatina Cafe Grande,futuro
2025-11-19 13:30:24,0.0,Gelatinas y Flanes,Gelatina Cafe Grande,futuro
2025-11-20 13:30:24,0.0,Gelatinas y Flanes,Gelatina Cafe Grande,futuro
2025-11-21 13:30:24,0.0,Gelatinas y Flanes,Gelatina Cafe Grande,futuro
2025-11-22 13:30:24,0.0,Gelatinas y Flanes,Gelatina Cafe Grande,futuro
2025-11-23 13:30:24,0.0,Gelatinas y Flanes,Gelatina Cafe Grande,futuro
2025-11-24 13:30:24,0.0,Gelatinas y Flanes,Gelatina Cafe Grande,futuro
2025-11-25 13:30:24,0.0,Gelatinas y Flanes,Gelatina Cafe Grande,futuro
2025-11-26 13:30:24,0.0,Gelatinas y Flanes,Gelatina Cafe Grande,futuro
2025-11-27 13:30:24,0.0,Gelatinas y Flanes,Gelatina Cafe Grande,futuro
2025-11-28 13:30:24,0.0,Gelatinas y Flanes,Gelatina Cafe Grande,futuro
2025-11-29 13:30:24,0.0,Gelatinas y Flanes,Gelatina Cafe Grande,futuro
2025-11-30 13:30:24,0.0,Gelatinas y Flanes,Gelatina Cafe Grande,futuro
2025-12-01 13:30:24,0.0,Gelatinas y Flanes,Gelatina Cafe Grande,futuro
2025-12-02 13:30:24,0.0,Gelatinas y Flanes,Gelatina Cafe Grande,futuro
2025-12-03 13:30:24,0.0,Gelatinas y Flanes,Gelatina Cafe Grande,futuro
2025-12-04 13:30:24,0.0,Gelatinas y Flanes,Gelatina Cafe Grande,futuro
2025-12-05 13:30:24,0.0,Gelatinas y Flanes,Gelatina Cafe Grande,futuro
2025-12-06 13:30:24,0.0,Gelatinas y Flanes,Gelatina Cafe Grande,futuro
2025-12-07 13:30:24,0.0,Gelatinas y Flanes,Gelatina Cafe Grande,futuro
2025-12-08 13:30:24,0.0,Gelatinas y Flanes,Gelatina Cafe Grande,futuro
2025-12-09 13:30:24,0.0,Gelatinas y Flanes,Gelatina Cafe Grande,futuro
2025-12-10 13:30:24,0.0,Gelatinas y Flanes,Gelatina Cafe Grande,futuro
2025-12-11 13:30:24,0.0,Gelatinas y Flanes,Gelatina Cafe Grande,futuro
2025-12-12 13:30:24,0.0,Gelatinas y Flanes,Gelatina Cafe Grande,futuro
2025-12-13 13:30:24,0.0,Gelatinas y Flanes,Gelatina Cafe Grande,futuro
2025-12-14 13:30:24,0.0,Gelatinas y Flanes,Gelatina Cafe Grande,futuro
2025-12-15 13:30:24,0.0,Gelatinas y Flanes,Gelatina Cafe Grande,futuro
2025-12-16 13:30:24,0.0,Gelatinas y Flanes,Gelatina Cafe Grande,futuro
2025-12-17 13:30:24,0.0,Gelatinas y Flanes,Gelatina Cafe Grande,futuro
2025-12-18 13:30:24,0.0,Gelatinas y Flanes,Gelatina Cafe Grande,futuro
2025-12-19 13:30:24,0.0,Gelatinas y Flanes,Gelatina Cafe Grande,futuro
2025-12-20 13:30:24,0.0,Gelatinas y Flanes,Gelatina Cafe Grande,futuro
2025-12-21 13:30:24,0.0,Gelatinas y Flanes,Gelatina Cafe Grande,futuro
2025-12-22 13:30:24,0.0,Gelatinas y Flanes,Gelatina Cafe Grande,futuro
2025-12-23 13:30:24,0.0,Gelatinas y Flanes,Gelatina Cafe Grande,futuro
2025-12-24 13:30:24,0.0,Gelatinas y Flanes,Gelatina Cafe Grande,futuro
2025-12-25 13:30:24,0.0,Gelatinas y Flanes,Gelatina Cafe Grande,futuro
2025-12-26 13:30:24,0.0,Gelatinas y Flanes,Gelatina Cafe Grande,futuro
2025-12-27 13:30:24,0.0,Gelatinas y Flanes,Gelatina Cafe Grande,futuro
2025-12-28 13:30:24,0.0,Gelatinas y Flanes,Gelatina Cafe Grande,futuro
2025-12-29 13:30:24,0.0,Gelatinas y Flanes,Gelatina Cafe Grande,futuro
2025-12-30 13:30:24,0.0,Gelatinas y Flanes,Gelatina Cafe Grande,futuro
2025-12-31 13:30:24,0.0,Gelatinas y Flanes,Gelatina Cafe Grande,futuro
2026-01-01 13:30:24,0.0,Gelatinas y Flanes,Gelatina Cafe Grande,futuro
2026-01-02 13:30:24,0.0,Gelatinas y Flanes,Gelatina Cafe Grande,futuro
2026-01-03 13:30:24,0.0,Gelatinas y Flanes,Gelatina Cafe Grande,futuro
2026-01-04 13:30:24,0.0,Gelatinas y Flanes,Gelatina Cafe Grande,futuro
2026-01-05 13:30:24,0.0,Gelatinas y Flanes,Gelatina Cafe Grande,futuro
2026-01-06 13:30:24,0.0,Gelatinas y Flanes,Gelatina Cafe Grande,futuro
2026-01-07 13:30:24,0.0,Gelatinas y Flanes,Gelatina Cafe Grande,futuro
2026-01-08 13:30:24,0.0,Gelatinas y Flanes,Gelatina Cafe Grande,futuro
2026-01-09 13:30:24,0.0,Gelatinas y Flanes,Gelatina Cafe Grande,futuro
2026-01-10 13:30:24,0.0,Gelatinas y Flanes,Gelatina Cafe Grande,futuro
2026-01-11 13:30:24,0.0,Gelatinas y Flanes,Gelatina Cafe Grande,futuro
2026-01-12 13:30:24,0.0,Gelatinas y Flanes,Gelatina Cafe Grande,futuro
2026-01-13 13:30:24,0.0,Gelatinas y Flanes,Gelatina Cafe Grande,futuro
2026-01-14 13:30:24,0.0,Gelatinas y Flanes,Gelatina Cafe Grande,futuro
2026-01-15 13:30:24,0.0,Gelatinas y Flanes,Gelatina Cafe Grande,futuro
2026-01-16 13:30:24,0.0,Gelatinas y Flanes,Gelatina Cafe Grande,futuro
2026-01-17 13:30:24,0.0,Gelatinas y Flanes,Gelatina Cafe Grande,futuro
2026-01-18 13:30:24,0.0,Gelatinas y Flanes,Gelatina Cafe Grande,futuro
2026-01-19 13:30:24,0.0,Gelatinas y Flanes,Gelatina Cafe Grande,futuro
2026-01-20 13:30:24,0.0,Gelatinas y Flanes,Gelatina Cafe Grande,futuro
2026-01-21 13:30:24,0.0,Gelatinas y Flanes,Gelatina Cafe Grande,futuro
2026-01-22 13:30:24,0.0,Gelatinas y Flanes,Gelatina Cafe Grande,futuro
2026-01-23 13:30:24,0.0,Gelatinas y Flanes,Gelatina Cafe Grande,futuro
2026-01-24 13:30:24,0.0,Gelatinas y Flanes,Gelatina Cafe Grande,futuro
2026-01-25 13:30:24,0.0,Gelatinas y Flanes,Gelatina Cafe Grande,futuro
2026-01-26 13:30:24,0.0,Gelatinas y Flanes,Gelatina Cafe Grande,futuro
2026-01-27 13:30:24,0.0,Gelatinas y Flanes,Gelatina Cafe Grande,futuro
2026-01-28 13:30:24,0.0,Gelatinas y Flanes,Gelatina Cafe Grande,futuro
2026-01-29 13:30:24,0.0,Gelatinas y Flanes,Gelatina Cafe Grande,futuro
2026-01-30 13:30:24,0.0,Gelatinas y Flanes,Gelatina Cafe Grande,futuro
2026-01-31 13:30:24,0.0,Gelatinas y Flanes,Gelatina Cafe Grande,futuro
2026-02-01 13:30:24,0.0,Gelatinas y Flanes,Gelatina Cafe Grande,futuro
2026-02-02 13:30:24,0.0,Gelatinas y Flanes,Gelatina Cafe Grande,futuro
2026-02-03 13:30:24,0.0,Gelatinas y Flanes,Gelatina Cafe Grande,futuro
2025-11-08 09:32:41,0.0,Gelatinas y Flanes,Gelatina Ind Primavera,futuro
2025-11-09 09:32:41,0.0,Gelatinas y Flanes,Gelatina Ind Primavera,futuro
2025-11-10 09:32:41,0.0,Gelatinas y Flanes,Gelatina Ind Primavera,futuro
2025-11-11 09:32:41,0.0,Gelatinas y Flanes,Gelatina Ind Primavera,futuro
2025-11-12 09:32:41,0.0,Gelatinas y Flanes,Gelatina Ind Primavera,futuro
2025-11-13 09:32:41,0.0,Gelatinas y Flanes,Gelatina Ind Primavera,futuro
2025-11-14 09:32:41,0.0,Gelatinas y Flanes,Gelatina Ind Primavera,futuro
2025-11-15 09:32:41,0.0,Gelatinas y Flanes,Gelatina Ind Primavera,futuro
2025-11-16 09:32:41,0.0,Gelatinas y Flanes,Gelatina Ind Primavera,futuro
2025-11-17 09:32:41,0.0,Gelatinas y Flanes,Gelatina Ind Primavera,futuro
2025-11-18 09:32:41,0.0,Gelatinas y Flanes,Gelatina Ind Primavera,futuro
2025-11-19 09:32:41,0.0,Gelatinas y Flanes,Gelatina Ind Primavera,futuro
2025-11-20 09:32:41,0.0,Gelatinas y Flanes,Gelatina Ind Primavera,futuro
2025-11-21 09:32:41,0.0,Gelatinas y Flanes,Gelatina Ind Primavera,futuro
2025-11-22 09:32:41,0.0,Gelatinas y Flanes,Gelatina Ind Primavera,futuro
2025-11-23 09:32:41,0.0,Gelatinas y Flanes,Gelatina Ind Primavera,futuro
2025-11-24 09:32:41,0.0,Gelatinas y Flanes,Gelatina Ind Primavera,futuro
2025-11-25 09:32:41,0.0,Gelatinas y Flanes,Gelatina Ind Primavera,futuro
2025-11-26 09:32:41,0.0,Gelatinas y Flanes,Gelatina Ind Primavera,futuro
2025-11-27 09:32:41,0.0,Gelatinas y Flanes,Gelatina Ind Primavera,futuro
2025-11-28 09:32:41,0.0,Gelatinas y Flanes,Gelatina Ind Primavera,futuro
2025-11-29 09:32:41,0.0,Gelatinas y Flanes,Gelatina Ind Primavera,futuro
2025-11-30 09:32:41,0.0,Gelatinas y Flanes,Gelatina Ind Primavera,futuro
2025-12-01 09:32:41,0.0,Gelatinas y Flanes,Gelatina Ind Primavera,futuro
2025-12-02 09:32:41,0.0,Gelatinas y Flanes,Gelatina Ind Primavera,futuro
2025-12-03 09:32:41,0.0,Gelatinas y Flanes,Gelatina Ind Primavera,futuro
2025-12-04 09:32:41,0.0,Gelatinas y Flanes,Gelatina Ind Primavera,futuro
2025-12-05 09:32:41,0.0,Gelatinas y Flanes,Gelatina Ind Primavera,futuro
2025-12-06 09:32:41,0.0,Gelatinas y Flanes,Gelatina Ind Primavera,futuro
2025-12-07 09:32:41,0.0,Gelatinas y Flanes,Gelatina Ind Primavera,futuro
2025-12-08 09:32:41,0.0,Gelatinas y Flanes,Gelatina Ind Primavera,futuro
2025-12-09 09:32:41,0.0,Gelatinas y Flanes,Gelatina Ind Primavera,futuro
2025-12-10 09:32:41,0.0,Gelatinas y Flanes,Gelatina Ind Primavera,futuro
2025-12-11 09:32:41,0.0,Gelatinas y Flanes,Gelatina Ind Primavera,futuro
2025-12-12 09:32:41,0.0,Gelatinas y Flanes,Gelatina Ind Primavera,futuro
2025-12-13 09:32:41,0.0,Gelatinas y Flanes,Gelatina Ind Primavera,futuro
2025-12-14 09:32:41,0.0,Gelatinas y Flanes,Gelatina Ind Primavera,futuro
2025-12-15 09:32:41,0.0,Gelatinas y Flanes,Gelatina Ind Primavera,futuro
2025-12-16 09:32:41,0.0,Gelatinas y Flanes,Gelatina Ind Primavera,futuro
2025-12-17 09:32:41,0.0,Gelatinas y Flanes,Gelatina Ind Primavera,futuro
2025-12-18 09:32:41,0.0,Gelatinas y Flanes,Gelatina Ind Primavera,futuro
2025-12-19 09:32:41,0.0,Gelatinas y Flanes,Gelatina Ind Primavera,futuro
2025-12-20 09:32:41,0.0,Gelatinas y Flanes,Gelatina Ind Primavera,futuro
2025-12-21 09:32:41,0.0,Gelatinas y Flanes,Gelatina Ind Primavera,futuro
2025-12-22 09:32:41,0.0,Gelatinas y Flanes,Gelatina Ind Primavera,futuro
2025-12-23 09:32:41,0.0,Gelatinas y Flanes,Gelatina Ind Primavera,futuro
2025-12-24 09:32:41,0.0,Gelatinas y Flanes,Gelatina Ind Primavera,futuro
2025-12-25 09:32:41,0.0,Gelatinas y Flanes,Gelatina Ind Primavera,futuro
2025-12-26 09:32:41,0.0,Gelatinas y Flanes,Gelatina Ind Primavera,futuro
2025-12-27 09:32:41,0.0,Gelatinas y Flanes,Gelatina Ind Primavera,futuro
2025-12-28 09:32:41,0.0,Gelatinas y Flanes,Gelatina Ind Primavera,futuro
2025-12-29 09:32:41,0.0,Gelatinas y Flanes,Gelatina Ind Primavera,futuro
2025-12-30 09:32:41,0.0,Gelatinas y Flanes,Gelatina Ind Primavera,futuro
2025-12-31 09:32:41,0.0,Gelatinas y Flanes,Gelatina Ind Primavera,futuro
2026-01-01 09:32:41,0.0,Gelatinas y Flanes,Gelatina Ind Primavera,futuro
2026-01-02 09:32:41,0.0,Gelatinas y Flanes,Gelatina Ind Primavera,futuro
2026-01-03 09:32:41,0.0,Gelatinas y Flanes,Gelatina Ind Primavera,futuro
2026-01-04 09:32:41,0.0,Gelatinas y Flanes,Gelatina Ind Primavera,futuro
2026-01-05 09:32:41,0.0,Gelatinas y Flanes,Gelatina Ind Primavera,futuro
2026-01-06 09:32:41,0.0,Gelatinas y Flanes,Gelatina Ind Primavera,futuro
2026-01-07 09:32:41,0.0,Gelatinas y Flanes,Gelatina Ind Primavera,futuro
2026-01-08 09:32:41,0.0,Gelatinas y Flanes,Gelatina Ind Primavera,futuro
2026-01-09 09:32:41,0.0,Gelatinas y Flanes,Gelatina Ind Primavera,futuro
2026-01-10 09:32:41,0.0,Gelatinas y Flanes,Gelatina Ind Primavera,futuro
2026-01-11 09:32:41,0.0,Gelatinas y Flanes,Gelatina Ind Primavera,futuro
2026-01-12 09:32:41,0.0,Gelatinas y Flanes,Gelatina Ind Primavera,futuro
2026-01-13 09:32:41,0.0,Gelatinas y Flanes,Gelatina Ind Primavera,futuro
2026-01-14 09:32:41,0.0,Gelatinas y Flanes,Gelatina Ind Primavera,futuro
2026-01-15 09:32:41,0.0,Gelatinas y Flanes,Gelatina Ind Primavera,futuro
2026-01-16 09:32:41,0.0,Gelatinas y Flanes,Gelatina Ind Primavera,futuro
2026-01-17 09:32:41,0.0,Gelatinas y Flanes,Gelatina Ind Primavera,futuro
2026-01-18 09:32:41,0.0,Gelatinas y Flanes,Gelatina Ind Primavera,futuro
2026-01-19 09:32:41,0.0,Gelatinas y Flanes,Gelatina Ind Primavera,futuro
2026-01-20 09:32:41,0.0,Gelatinas y Flanes,Gelatina Ind Primavera,futuro
2026-01-21 09:32:41,0.0,Gelatinas y Flanes,Gelatina Ind Primavera,futuro
2026-01-22 09:32:41,0.0,Gelatinas y Flanes,Gelatina Ind Primavera,futuro
2026-01-23 09:32:41,0.0,Gelatinas y Flanes,Gelatina Ind Primavera,futuro
2026-01-24 09:32:41,0.0,Gelatinas y Flanes,Gelatina Ind Primavera,futuro
2026-01-25 09:32:41,0.0,Gelatinas y Flanes,Gelatina Ind Primavera,futuro
2026-01-26 09:32:41,0.0,Gelatinas y Flanes,Gelatina Ind Primavera,futuro
2026-01-27 09:32:41,0.0,Gelatinas y Flanes,Gelatina Ind Primavera,futuro
2026-01-28 09:32:41,0.0,Gelatinas y Flanes,Gelatina Ind Primavera,futuro
2026-01-29 09:32:41,0.0,Gelatinas y Flanes,Gelatina Ind Primavera,futuro
2026-01-30 09:32:41,0.0,Gelatinas y Flanes,Gelatina Ind Primavera,futuro
2026-01-31 09:32:41,0.0,Gelatinas y Flanes,Gelatina Ind Primavera,futuro
2026-02-01 09:32:41,0.0,Gelatinas y Flanes,Gelatina Ind Primavera,futuro
2026-02-02 09:32:41,0.0,Gelatinas y Flanes,Gelatina Ind Primavera,futuro
2026-02-03 09:32:41,0.0,Gelatinas y Flanes,Gelatina Ind Primavera,futuro
2026-02-04 09:32:41,0.0,Gelatinas y Flanes,Gelatina Ind Primavera,futuro
2026-02-05 09:32:41,0.0,Gelatinas y Flanes,Gelatina Ind Primavera,futuro
2025-01-19 18:05:30,0.0,Gelatinas y Flanes,Gelatina Ind. Maracuya,futuro
2025-01-20 18:05:30,0.0,Gelatinas y Flanes,Gelatina Ind. Maracuya,futuro
2025-01-21 18:05:30,0.0,Gelatinas y Flanes,Gelatina Ind. Maracuya,futuro
2025-01-22 18:05:30,0.0,Gelatinas y Flanes,Gelatina Ind. Maracuya,futuro
2025-01-23 18:05:30,0.0,Gelatinas y Flanes,Gelatina Ind. Maracuya,futuro
2025-01-24 18:05:30,0.0,Gelatinas y Flanes,Gelatina Ind. Maracuya,futuro
2025-01-25 18:05:30,0.0,Gelatinas y Flanes,Gelatina Ind. Maracuya,futuro
2025-01-26 18:05:30,0.0,Gelatinas y Flanes,Gelatina Ind. Maracuya,futuro
2025-01-27 18:05:30,0.0,Gelatinas y Flanes,Gelatina Ind. Maracuya,futuro
2025-01-28 18:05:30,0.0,Gelatinas y Flanes,Gelatina Ind. Maracuya,futuro
2025-01-29 18:05:30,0.0,Gelatinas y Flanes,Gelatina Ind. Maracuya,futuro
2025-01-30 18:05:30,0.0,Gelatinas y Flanes,Gelatina Ind. Maracuya,futuro
2025-01-31 18:05:30,0.0,Gelatinas y Flanes,Gelatina Ind. Maracuya,futuro
2025-02-01 18:05:30,0.0,Gelatinas y Flanes,Gelatina Ind. Maracuya,futuro
2025-02-02 18:05:30,0.0,Gelatinas y Flanes,Gelatina Ind. Maracuya,futuro
2025-02-03 18:05:30,0.0,Gelatinas y Flanes,Gelatina Ind. Maracuya,futuro
2025-02-04 18:05:30,0.0,Gelatinas y Flanes,Gelatina Ind. Maracuya,futuro
2025-02-05 18:05:30,0.0,Gelatinas y Flanes,Gelatina Ind. Maracuya,futuro
2025-02-06 18:05:30,0.0,Gelatinas y Flanes,Gelatina Ind. Maracuya,futuro
2025-02-07 18:05:30,0.0,Gelatinas y Flanes,Gelatina Ind. Maracuya,futuro
2025-02-08 18:05:30,0.0,Gelatinas y Flanes,Gelatina Ind. Maracuya,futuro
2025-02-09 18:05:30,0.0,Gelatinas y Flanes,Gelatina Ind. Maracuya,futuro
2025-02-10 18:05:30,0.0,Gelatinas y Flanes,Gelatina Ind. Maracuya,futuro
2025-02-11 18:05:30,0.0,Gelatinas y Flanes,Gelatina Ind. Maracuya,futuro
2025-02-12 18:05:30,0.0,Gelatinas y Flanes,Gelatina Ind. Maracuya,futuro
2025-02-13 18:05:30,0.0,Gelatinas y Flanes,Gelatina Ind. Maracuya,futuro
2025-02-14 18:05:30,0.0,Gelatinas y Flanes,Gelatina Ind. Maracuya,futuro
2025-02-15 18:05:30,0.0,Gelatinas y Flanes,Gelatina Ind. Maracuya,futuro
2025-02-16 18:05:30,0.0,Gelatinas y Flanes,Gelatina Ind. Maracuya,futuro
2025-02-17 18:05:30,0.0,Gelatinas y Flanes,Gelatina Ind. Maracuya,futuro
2025-02-18 18:05:30,0.0,Gelatinas y Flanes,Gelatina Ind. Maracuya,futuro
2025-02-19 18:05:30,0.0,Gelatinas y Flanes,Gelatina Ind. Maracuya,futuro
2025-02-20 18:05:30,0.0,Gelatinas y Flanes,Gelatina Ind. Maracuya,futuro
2025-02-21 18:05:30,0.0,Gelatinas y Flanes,Gelatina Ind. Maracuya,futuro
2025-02-22 18:05:30,0.0,Gelatinas y Flanes,Gelatina Ind. Maracuya,futuro
2025-02-23 18:05:30,0.0,Gelatinas y Flanes,Gelatina Ind. Maracuya,futuro
2025-02-24 18:05:30,0.0,Gelatinas y Flanes,Gelatina Ind. Maracuya,futuro
2025-02-25 18:05:30,0.0,Gelatinas y Flanes,Gelatina Ind. Maracuya,futuro
2025-02-26 18:05:30,0.0,Gelatinas y Flanes,Gelatina Ind. Maracuya,futuro
2025-02-27 18:05:30,0.0,Gelatinas y Flanes,Gelatina Ind. Maracuya,futuro
2025-02-28 18:05:30,0.0,Gelatinas y Flanes,Gelatina Ind. Maracuya,futuro
2025-03-01 18:05:30,0.0,Gelatinas y Flanes,Gelatina Ind. Maracuya,futuro
2025-03-02 18:05:30,0.0,Gelatinas y Flanes,Gelatina Ind. Maracuya,futuro
2025-03-03 18:05:30,0.0,Gelatinas y Flanes,Gelatina Ind. Maracuya,futuro
2025-03-04 18:05:30,0.0,Gelatinas y Flanes,Gelatina Ind. Maracuya,futuro
2025-03-05 18:05:30,0.0,Gelatinas y Flanes,Gelatina Ind. Maracuya,futuro
2025-03-06 18:05:30,0.0,Gelatinas y Flanes,Gelatina Ind. Maracuya,futuro
2025-03-07 18:05:30,0.0,Gelatinas y Flanes,Gelatina Ind. Maracuya,futuro
2025-03-08 18:05:30,0.0,Gelatinas y Flanes,Gelatina Ind. Maracuya,futuro
2025-03-09 18:05:30,0.0,Gelatinas y Flanes,Gelatina Ind. Maracuya,futuro
2025-03-10 18:05:30,0.0,Gelatinas y Flanes,Gelatina Ind. Maracuya,futuro
2025-03-11 18:05:30,0.0,Gelatinas y Flanes,Gelatina Ind. Maracuya,futuro
2025-03-12 18:05:30,0.0,Gelatinas y Flanes,Gelatina Ind. Maracuya,futuro
2025-03-13 18:05:30,0.0,Gelatinas y Flanes,Gelatina Ind. Maracuya,futuro
2025-03-14 18:05:30,0.0,Gelatinas y Flanes,Gelatina Ind. Maracuya,futuro
2025-03-15 18:05:30,0.0,Gelatinas y Flanes,Gelatina Ind. Maracuya,futuro
2025-03-16 18:05:30,0.0,Gelatinas y Flanes,Gelatina Ind. Maracuya,futuro
2025-03-17 18:05:30,0.0,Gelatinas y Flanes,Gelatina Ind. Maracuya,futuro
2025-03-18 18:05:30,0.0,Gelatinas y Flanes,Gelatina Ind. Maracuya,futuro
2025-03-19 18:05:30,0.0,Gelatinas y Flanes,Gelatina Ind. Maracuya,futuro
2025-03-20 18:05:30,0.0,Gelatinas y Flanes,Gelatina Ind. Maracuya,futuro
2025-03-21 18:05:30,0.0,Gelatinas y Flanes,Gelatina Ind. Maracuya,futuro
2025-03-22 18:05:30,0.0,Gelatinas y Flanes,Gelatina Ind. Maracuya,futuro
2025-03-23 18:05:30,0.0,Gelatinas y Flanes,Gelatina Ind. Maracuya,futuro
2025-03-24 18:05:30,0.0,Gelatinas y Flanes,Gelatina Ind. Maracuya,futuro
2025-03-25 18:05:30,0.0,Gelatinas y Flanes,Gelatina Ind. Maracuya,futuro
2025-03-26 18:05:30,0.0,Gelatinas y Flanes,Gelatina Ind. Maracuya,futuro
2025-03-27 18:05:30,0.0,Gelatinas y Flanes,Gelatina Ind. Maracuya,futuro
2025-03-28 18:05:30,0.0,Gelatinas y Flanes,Gelatina Ind. Maracuya,futuro
2025-03-29 18:05:30,0.0,Gelatinas y Flanes,Gelatina Ind. Maracuya,futuro
2025-03-30 18:05:30,0.0,Gelatinas y Flanes,Gelatina Ind. Maracuya,futuro
2025-03-31 18:05:30,0.0,Gelatinas y Flanes,Gelatina Ind. Maracuya,futuro
2025-04-01 18:05:30,0.0,Gelatinas y Flanes,Gelatina Ind. Maracuya,futuro
2025-04-02 18:05:30,0.0,Gelatinas y Flanes,Gelatina Ind. Maracuya,futuro
2025-04-03 18:05:30,0.0,Gelatinas y Flanes,Gelatina Ind. Maracuya,futuro
2025-04-04 18:05:30,0.0,Gelatinas y Flanes,Gelatina Ind. Maracuya,futuro
2025-04-05 18:05:30,0.0,Gelatinas y Flanes,Gelatina Ind. Maracuya,futuro
2025-04-06 18:05:30,0.0,Gelatinas y Flanes,Gelatina Ind. Maracuya,futuro
2025-04-07 18:05:30,0.0,Gelatinas y Flanes,Gelatina Ind. Maracuya,futuro
2025-04-08 18:05:30,0.0,Gelatinas y Flanes,Gelatina Ind. Maracuya,futuro
2025-04-09 18:05:30,0.0,Gelatinas y Flanes,Gelatina Ind. Maracuya,futuro
2025-04-10 18:05:30,0.0,Gelatinas y Flanes,Gelatina Ind. Maracuya,futuro
2025-04-11 18:05:30,0.0,Gelatinas y Flanes,Gelatina Ind. Maracuya,futuro
2025-04-12 18:05:30,0.0,Gelatinas y Flanes,Gelatina Ind. Maracuya,futuro
2025-04-13 18:05:30,0.0,Gelatinas y Flanes,Gelatina Ind. Maracuya,futuro
2025-04-14 18:05:30,0.0,Gelatinas y Flanes,Gelatina Ind. Maracuya,futuro
2025-04-15 18:05:30,0.0,Gelatinas y Flanes,Gelatina Ind. Maracuya,futuro
2025-04-16 18:05:30,0.0,Gelatinas y Flanes,Gelatina Ind. Maracuya,futuro
2025-04-17 18:05:30,0.0,Gelatinas y Flanes,Gelatina Ind. Maracuya,futuro
2025-04-18 18:05:30,0.0,Gelatinas y Flanes,Gelatina Ind. Maracuya,futuro
2025-11-07 12:49:19,0.0,Gelatinas y Flanes,Gelatina Ind. Mosaico,futuro
2025-11-08 12:49:19,0.0,Gelatinas y Flanes,Gelatina Ind. Mosaico,futuro
2025-11-09 12:49:19,0.0,Gelatinas y Flanes,Gelatina Ind. Mosaico,futuro
2025-11-10 12:49:19,0.0,Gelatinas y Flanes,Gelatina Ind. Mosaico,futuro
2025-11-11 12:49:19,0.0,Gelatinas y Flanes,Gelatina Ind. Mosaico,futuro
2025-11-12 12:49:19,0.0,Gelatinas y Flanes,Gelatina Ind. Mosaico,futuro
2025-11-13 12:49:19,0.0,Gelatinas y Flanes,Gelatina Ind. Mosaico,futuro
2025-11-14 12:49:19,0.0,Gelatinas y Flanes,Gelatina Ind. Mosaico,futuro
2025-11-15 12:49:19,0.0,Gelatinas y Flanes,Gelatina Ind. Mosaico,futuro
2025-11-16 12:49:19,0.0,Gelatinas y Flanes,Gelatina Ind. Mosaico,futuro
2025-11-17 12:49:19,0.0,Gelatinas y Flanes,Gelatina Ind. Mosaico,futuro
2025-11-18 12:49:19,0.0,Gelatinas y Flanes,Gelatina Ind. Mosaico,futuro
2025-11-19 12:49:19,0.0,Gelatinas y Flanes,Gelatina Ind. Mosaico,futuro
2025-11-20 12:49:19,0.0,Gelatinas y Flanes,Gelatina Ind. Mosaico,futuro
2025-11-21 12:49:19,0.0,Gelatinas y Flanes,Gelatina Ind. Mosaico,futuro
2025-11-22 12:49:19,0.0,Gelatinas y Flanes,Gelatina Ind. Mosaico,futuro
2025-11-23 12:49:19,0.0,Gelatinas y Flanes,Gelatina Ind. Mosaico,futuro
2025-11-24 12:49:19,0.0,Gelatinas y Flanes,Gelatina Ind. Mosaico,futuro
2025-11-25 12:49:19,0.0,Gelatinas y Flanes,Gelatina Ind. Mosaico,futuro
2025-11-26 12:49:19,0.0,Gelatinas y Flanes,Gelatina Ind. Mosaico,futuro
2025-11-27 12:49:19,0.0,Gelatinas y Flanes,Gelatina Ind. Mosaico,futuro
2025-11-28 12:49:19,0.0,Gelatinas y Flanes,Gelatina Ind. Mosaico,futuro
2025-11-29 12:49:19,0.0,Gelatinas y Flanes,Gelatina Ind. Mosaico,futuro
2025-11-30 12:49:19,0.0,Gelatinas y Flanes,Gelatina Ind. Mosaico,futuro
2025-12-01 12:49:19,0.0,Gelatinas y Flanes,Gelatina Ind. Mosaico,futuro
2025-12-02 12:49:19,0.0,Gelatinas y Flanes,Gelatina Ind. Mosaico,futuro
2025-12-03 12:49:19,0.0,Gelatinas y Flanes,Gelatina Ind. Mosaico,futuro
2025-12-04 12:49:19,0.0,Gelatinas y Flanes,Gelatina Ind. Mosaico,futuro
2025-12-05 12:49:19,0.0,Gelatinas y Flanes,Gelatina Ind. Mosaico,futuro
2025-12-06 12:49:19,0.0,Gelatinas y Flanes,Gelatina Ind. Mosaico,futuro
2025-12-07 12:49:19,0.0,Gelatinas y Flanes,Gelatina Ind. Mosaico,futuro
2025-12-08 12:49:19,0.0,Gelatinas y Flanes,Gelatina Ind. Mosaico,futuro
2025-12-09 12:49:19,0.0,Gelatinas y Flanes,Gelatina Ind. Mosaico,futuro
2025-12-10 12:49:19,0.0,Gelatinas y Flanes,Gelatina Ind. Mosaico,futuro
2025-12-11 12:49:19,0.0,Gelatinas y Flanes,Gelatina Ind. Mosaico,futuro
2025-12-12 12:49:19,0.0,Gelatinas y Flanes,Gelatina Ind. Mosaico,futuro
2025-12-13 12:49:19,0.0,Gelatinas y Flanes,Gelatina Ind. Mosaico,futuro
2025-12-14 12:49:19,0.0,Gelatinas y Flanes,Gelatina Ind. Mosaico,futuro
2025-12-15 12:49:19,0.0,Gelatinas y Flanes,Gelatina Ind. Mosaico,futuro
2025-12-16 12:49:19,0.0,Gelatinas y Flanes,Gelatina Ind. Mosaico,futuro
2025-12-17 12:49:19,0.0,Gelatinas y Flanes,Gelatina Ind. Mosaico,futuro
2025-12-18 12:49:19,0.0,Gelatinas y Flanes,Gelatina Ind. Mosaico,futuro
2025-12-19 12:49:19,0.0,Gelatinas y Flanes,Gelatina Ind. Mosaico,futuro
2025-12-20 12:49:19,0.0,Gelatinas y Flanes,Gelatina Ind. Mosaico,futuro
2025-12-21 12:49:19,0.0,Gelatinas y Flanes,Gelatina Ind. Mosaico,futuro
2025-12-22 12:49:19,0.0,Gelatinas y Flanes,Gelatina Ind. Mosaico,futuro
2025-12-23 12:49:19,0.0,Gelatinas y Flanes,Gelatina Ind. Mosaico,futuro
2025-12-24 12:49:19,0.0,Gelatinas y Flanes,Gelatina Ind. Mosaico,futuro
2025-12-25 12:49:19,0.0,Gelatinas y Flanes,Gelatina Ind. Mosaico,futuro
2025-12-26 12:49:19,0.0,Gelatinas y Flanes,Gelatina Ind. Mosaico,futuro
2025-12-27 12:49:19,0.0,Gelatinas y Flanes,Gelatina Ind. Mosaico,futuro
2025-12-28 12:49:19,0.0,Gelatinas y Flanes,Gelatina Ind. Mosaico,futuro
2025-12-29 12:49:19,0.0,Gelatinas y Flanes,Gelatina Ind. Mosaico,futuro
2025-12-30 12:49:19,0.0,Gelatinas y Flanes,Gelatina Ind. Mosaico,futuro
2025-12-31 12:49:19,0.0,Gelatinas y Flanes,Gelatina Ind. Mosaico,futuro
2026-01-01 12:49:19,0.0,Gelatinas y Flanes,Gelatina Ind. Mosaico,futuro
2026-01-02 12:49:19,0.0,Gelatinas y Flanes,Gelatina Ind. Mosaico,futuro
2026-01-03 12:49:19,0.0,Gelatinas y Flanes,Gelatina Ind. Mosaico,futuro
2026-01-04 12:49:19,0.0,Gelatinas y Flanes,Gelatina Ind. Mosaico,futuro
2026-01-05 12:49:19,0.0,Gelatinas y Flanes,Gelatina Ind. Mosaico,futuro
2026-01-06 12:49:19,0.0,Gelatinas y Flanes,Gelatina Ind. Mosaico,futuro
2026-01-07 12:49:19,0.0,Gelatinas y Flanes,Gelatina Ind. Mosaico,futuro
2026-01-08 12:49:19,0.0,Gelatinas y Flanes,Gelatina Ind. Mosaico,futuro
2026-01-09 12:49:19,0.0,Gelatinas y Flanes,Gelatina Ind. Mosaico,futuro
2026-01-10 12:49:19,0.0,Gelatinas y Flanes,Gelatina Ind. Mosaico,futuro
2026-01-11 12:49:19,0.0,Gelatinas y Flanes,Gelatina Ind. Mosaico,futuro
2026-01-12 12:49:19,0.0,Gelatinas y Flanes,Gelatina Ind. Mosaico,futuro
2026-01-13 12:49:19,0.0,Gelatinas y Flanes,Gelatina Ind. Mosaico,futuro
2026-01-14 12:49:19,0.0,Gelatinas y Flanes,Gelatina Ind. Mosaico,futuro
2026-01-15 12:49:19,0.0,Gelatinas y Flanes,Gelatina Ind. Mosaico,futuro
2026-01-16 12:49:19,0.0,Gelatinas y Flanes,Gelatina Ind. Mosaico,futuro
2026-01-17 12:49:19,0.0,Gelatinas y Flanes,Gelatina Ind. Mosaico,futuro
2026-01-18 12:49:19,0.0,Gelatinas y Flanes,Gelatina Ind. Mosaico,futuro
2026-01-19 12:49:19,0.0,Gelatinas y Flanes,Gelatina Ind. Mosaico,futuro
2026-01-20 12:49:19,0.0,Gelatinas y Flanes,Gelatina Ind. Mosaico,futuro
2026-01-21 12:49:19,0.0,Gelatinas y Flanes,Gelatina Ind. Mosaico,futuro
2026-01-22 12:49:19,0.0,Gelatinas y Flanes,Gelatina Ind. Mosaico,futuro
2026-01-23 12:49:19,0.0,Gelatinas y Flanes,Gelatina Ind. Mosaico,futuro
2026-01-24 12:49:19,0.0,Gelatinas y Flanes,Gelatina Ind. Mosaico,futuro
2026-01-25 12:49:19,0.0,Gelatinas y Flanes,Gelatina Ind. Mosaico,futuro
2026-01-26 12:49:19,0.0,Gelatinas y Flanes,Gelatina Ind. Mosaico,futuro
2026-01-27 12:49:19,0.0,Gelatinas y Flanes,Gelatina Ind. Mosaico,futuro
2026-01-28 12:49:19,0.0,Gelatinas y Flanes,Gelatina Ind. Mosaico,futuro
2026-01-29 12:49:19,0.0,Gelatinas y Flanes,Gelatina Ind. Mosaico,futuro
2026-01-30 12:49:19,0.0,Gelatinas y Flanes,Gelatina Ind. Mosaico,futuro
2026-01-31 12:49:19,0.0,Gelatinas y Flanes,Gelatina Ind. Mosaico,futuro
2026-02-01 12:49:19,0.0,Gelatinas y Flanes,Gelatina Ind. Mosaico,futuro
2026-02-02 12:49:19,0.0,Gelatinas y Flanes,Gelatina Ind. Mosaico,futuro
2026-02-03 12:49:19,0.0,Gelatinas y Flanes,Gelatina Ind. Mosaico,futuro
2026-02-04 12:49:19,0.0,Gelatinas y Flanes,Gelatina Ind. Mosaico,futuro
2025-11-07 16:57:13,0.0,Gelatinas y Flanes,Gelatina Ind. Nuez,futuro
2025-11-08 16:57:13,0.0,Gelatinas y Flanes,Gelatina Ind. Nuez,futuro
2025-11-09 16:57:13,0.0,Gelatinas y Flanes,Gelatina Ind. Nuez,futuro
2025-11-10 16:57:13,0.0,Gelatinas y Flanes,Gelatina Ind. Nuez,futuro
2025-11-11 16:57:13,0.0,Gelatinas y Flanes,Gelatina Ind. Nuez,futuro
2025-11-12 16:57:13,0.0,Gelatinas y Flanes,Gelatina Ind. Nuez,futuro
2025-11-13 16:57:13,0.0,Gelatinas y Flanes,Gelatina Ind. Nuez,futuro
2025-11-14 16:57:13,0.0,Gelatinas y Flanes,Gelatina Ind. Nuez,futuro
2025-11-15 16:57:13,0.0,Gelatinas y Flanes,Gelatina Ind. Nuez,futuro
2025-11-16 16:57:13,0.0,Gelatinas y Flanes,Gelatina Ind. Nuez,futuro
2025-11-17 16:57:13,0.0,Gelatinas y Flanes,Gelatina Ind. Nuez,futuro
2025-11-18 16:57:13,0.0,Gelatinas y Flanes,Gelatina Ind. Nuez,futuro
2025-11-19 16:57:13,0.0,Gelatinas y Flanes,Gelatina Ind. Nuez,futuro
2025-11-20 16:57:13,0.0,Gelatinas y Flanes,Gelatina Ind. Nuez,futuro
2025-11-21 16:57:13,0.0,Gelatinas y Flanes,Gelatina Ind. Nuez,futuro
2025-11-22 16:57:13,0.0,Gelatinas y Flanes,Gelatina Ind. Nuez,futuro
2025-11-23 16:57:13,0.0,Gelatinas y Flanes,Gelatina Ind. Nuez,futuro
2025-11-24 16:57:13,0.0,Gelatinas y Flanes,Gelatina Ind. Nuez,futuro
2025-11-25 16:57:13,0.0,Gelatinas y Flanes,Gelatina Ind. Nuez,futuro
2025-11-26 16:57:13,0.0,Gelatinas y Flanes,Gelatina Ind. Nuez,futuro
2025-11-27 16:57:13,0.0,Gelatinas y Flanes,Gelatina Ind. Nuez,futuro
2025-11-28 16:57:13,0.0,Gelatinas y Flanes,Gelatina Ind. Nuez,futuro
2025-11-29 16:57:13,0.0,Gelatinas y Flanes,Gelatina Ind. Nuez,futuro
2025-11-30 16:57:13,0.0,Gelatinas y Flanes,Gelatina Ind. Nuez,futuro
2025-12-01 16:57:13,0.0,Gelatinas y Flanes,Gelatina Ind. Nuez,futuro
2025-12-02 16:57:13,0.0,Gelatinas y Flanes,Gelatina Ind. Nuez,futuro
2025-12-03 16:57:13,0.0,Gelatinas y Flanes,Gelatina Ind. Nuez,futuro
2025-12-04 16:57:13,0.0,Gelatinas y Flanes,Gelatina Ind. Nuez,futuro
2025-12-05 16:57:13,0.0,Gelatinas y Flanes,Gelatina Ind. Nuez,futuro
2025-12-06 16:57:13,0.0,Gelatinas y Flanes,Gelatina Ind. Nuez,futuro
2025-12-07 16:57:13,0.0,Gelatinas y Flanes,Gelatina Ind. Nuez,futuro
2025-12-08 16:57:13,0.0,Gelatinas y Flanes,Gelatina Ind. Nuez,futuro
2025-12-09 16:57:13,0.0,Gelatinas y Flanes,Gelatina Ind. Nuez,futuro
2025-12-10 16:57:13,0.0,Gelatinas y Flanes,Gelatina Ind. Nuez,futuro
2025-12-11 16:57:13,0.0,Gelatinas y Flanes,Gelatina Ind. Nuez,futuro
2025-12-12 16:57:13,0.0,Gelatinas y Flanes,Gelatina Ind. Nuez,futuro
2025-12-13 16:57:13,0.0,Gelatinas y Flanes,Gelatina Ind. Nuez,futuro
2025-12-14 16:57:13,0.0,Gelatinas y Flanes,Gelatina Ind. Nuez,futuro
2025-12-15 16:57:13,0.0,Gelatinas y Flanes,Gelatina Ind. Nuez,futuro
2025-12-16 16:57:13,0.0,Gelatinas y Flanes,Gelatina Ind. Nuez,futuro
2025-12-17 16:57:13,0.0,Gelatinas y Flanes,Gelatina Ind. Nuez,futuro
2025-12-18 16:57:13,0.0,Gelatinas y Flanes,Gelatina Ind. Nuez,futuro
2025-12-19 16:57:13,0.0,Gelatinas y Flanes,Gelatina Ind. Nuez,futuro
2025-12-20 16:57:13,0.0,Gelatinas y Flanes,Gelatina Ind. Nuez,futuro
2025-12-21 16:57:13,0.0,Gelatinas y Flanes,Gelatina Ind. Nuez,futuro
2025-12-22 16:57:13,0.0,Gelatinas y Flanes,Gelatina Ind. Nuez,futuro
2025-12-23 16:57:13,0.0,Gelatinas y Flanes,Gelatina Ind. Nuez,futuro
2025-12-24 16:57:13,0.0,Gelatinas y Flanes,Gelatina Ind. Nuez,futuro
2025-12-25 16:57:13,0.0,Gelatinas y Flanes,Gelatina Ind. Nuez,futuro
2025-12-26 16:57:13,0.0,Gelatinas y Flanes,Gelatina Ind. Nuez,futuro
2025-12-27 16:57:13,0.0,Gelatinas y Flanes,Gelatina Ind. Nuez,futuro
2025-12-28 16:57:13,0.0,Gelatinas y Flanes,Gelatina Ind. Nuez,futuro
2025-12-29 16:57:13,0.0,Gelatinas y Flanes,Gelatina Ind. Nuez,futuro
2025-12-30 16:57:13,0.0,Gelatinas y Flanes,Gelatina Ind. Nuez,futuro
2025-12-31 16:57:13,0.0,Gelatinas y Flanes,Gelatina Ind. Nuez,futuro
2026-01-01 16:57:13,0.0,Gelatinas y Flanes,Gelatina Ind. Nuez,futuro
2026-01-02 16:57:13,0.0,Gelatinas y Flanes,Gelatina Ind. Nuez,futuro
2026-01-03 16:57:13,0.0,Gelatinas y Flanes,Gelatina Ind. Nuez,futuro
2026-01-04 16:57:13,0.0,Gelatinas y Flanes,Gelatina Ind. Nuez,futuro
2026-01-05 16:57:13,0.0,Gelatinas y Flanes,Gelatina Ind. Nuez,futuro
2026-01-06 16:57:13,0.0,Gelatinas y Flanes,Gelatina Ind. Nuez,futuro
2026-01-07 16:57:13,0.0,Gelatinas y Flanes,Gelatina Ind. Nuez,futuro
2026-01-08 16:57:13,0.0,Gelatinas y Flanes,Gelatina Ind. Nuez,futuro
2026-01-09 16:57:13,0.0,Gelatinas y Flanes,Gelatina Ind. Nuez,futuro
2026-01-10 16:57:13,0.0,Gelatinas y Flanes,Gelatina Ind. Nuez,futuro
2026-01-11 16:57:13,0.0,Gelatinas y Flanes,Gelatina Ind. Nuez,futuro
2026-01-12 16:57:13,0.0,Gelatinas y Flanes,Gelatina Ind. Nuez,futuro
2026-01-13 16:57:13,0.0,Gelatinas y Flanes,Gelatina Ind. Nuez,futuro
2026-01-14 16:57:13,0.0,Gelatinas y Flanes,Gelatina Ind. Nuez,futuro
2026-01-15 16:57:13,0.0,Gelatinas y Flanes,Gelatina Ind. Nuez,futuro
2026-01-16 16:57:13,0.0,Gelatinas y Flanes,Gelatina Ind. Nuez,futuro
2026-01-17 16:57:13,0.0,Gelatinas y Flanes,Gelatina Ind. Nuez,futuro
2026-01-18 16:57:13,0.0,Gelatinas y Flanes,Gelatina Ind. Nuez,futuro
2026-01-19 16:57:13,0.0,Gelatinas y Flanes,Gelatina Ind. Nuez,futuro
2026-01-20 16:57:13,0.0,Gelatinas y Flanes,Gelatina Ind. Nuez,futuro
2026-01-21 16:57:13,0.0,Gelatinas y Flanes,Gelatina Ind. Nuez,futuro
2026-01-22 16:57:13,0.0,Gelatinas y Flanes,Gelatina Ind. Nuez,futuro
2026-01-23 16:57:13,0.0,Gelatinas y Flanes,Gelatina Ind. Nuez,futuro
2026-01-24 16:57:13,0.0,Gelatinas y Flanes,Gelatina Ind. Nuez,futuro
2026-01-25 16:57:13,0.0,Gelatinas y Flanes,Gelatina Ind. Nuez,futuro
2026-01-26 16:57:13,0.0,Gelatinas y Flanes,Gelatina Ind. Nuez,futuro
2026-01-27 16:57:13,0.0,Gelatinas y Flanes,Gelatina Ind. Nuez,futuro
2026-01-28 16:57:13,0.0,Gelatinas y Flanes,Gelatina Ind. Nuez,futuro
2026-01-29 16:57:13,0.0,Gelatinas y Flanes,Gelatina Ind. Nuez,futuro
2026-01-30 16:57:13,0.0,Gelatinas y Flanes,Gelatina Ind. Nuez,futuro
2026-01-31 16:57:13,0.0,Gelatinas y Flanes,Gelatina Ind. Nuez,futuro
2026-02-01 16:57:13,0.0,Gelatinas y Flanes,Gelatina Ind. Nuez,futuro
2026-02-02 16:57:13,0.0,Gelatinas y Flanes,Gelatina Ind. Nuez,futuro
2026-02-03 16:57:13,0.0,Gelatinas y Flanes,Gelatina Ind. Nuez,futuro
2026-02-04 16:57:13,0.0,Gelatinas y Flanes,Gelatina Ind. Nuez,futuro
2025-01-11 17:32:05,0.0,Gelatinas y Flanes,Gelatina Maracuya Chocolate Blanco,futuro
2025-01-12 17:32:05,0.0,Gelatinas y Flanes,Gelatina Maracuya Chocolate Blanco,futuro
2025-01-13 17:32:05,0.0,Gelatinas y Flanes,Gelatina Maracuya Chocolate Blanco,futuro
2025-01-14 17:32:05,0.0,Gelatinas y Flanes,Gelatina Maracuya Chocolate Blanco,futuro
2025-01-15 17:32:05,0.0,Gelatinas y Flanes,Gelatina Maracuya Chocolate Blanco,futuro
2025-01-16 17:32:05,0.0,Gelatinas y Flanes,Gelatina Maracuya Chocolate Blanco,futuro
2025-01-17 17:32:05,0.0,Gelatinas y Flanes,Gelatina Maracuya Chocolate Blanco,futuro
2025-01-18 17:32:05,0.0,Gelatinas y Flanes,Gelatina Maracuya Chocolate Blanco,futuro
2025-01-19 17:32:05,0.0,Gelatinas y Flanes,Gelatina Maracuya Chocolate Blanco,futuro
2025-01-20 17:32:05,0.0,Gelatinas y Flanes,Gelatina Maracuya Chocolate Blanco,futuro
2025-01-21 17:32:05,0.0,Gelatinas y Flanes,Gelatina Maracuya Chocolate Blanco,futuro
2025-01-22 17:32:05,0.0,Gelatinas y Flanes,Gelatina Maracuya Chocolate Blanco,futuro
2025-01-23 17:32:05,0.0,Gelatinas y Flanes,Gelatina Maracuya Chocolate Blanco,futuro
2025-01-24 17:32:05,0.0,Gelatinas y Flanes,Gelatina Maracuya Chocolate Blanco,futuro
2025-01-25 17:32:05,0.0,Gelatinas y Flanes,Gelatina Maracuya Chocolate Blanco,futuro
2025-01-26 17:32:05,0.0,Gelatinas y Flanes,Gelatina Maracuya Chocolate Blanco,futuro
2025-01-27 17:32:05,0.0,Gelatinas y Flanes,Gelatina Maracuya Chocolate Blanco,futuro
2025-01-28 17:32:05,0.0,Gelatinas y Flanes,Gelatina Maracuya Chocolate Blanco,futuro
2025-01-29 17:32:05,0.0,Gelatinas y Flanes,Gelatina Maracuya Chocolate Blanco,futuro
2025-01-30 17:32:05,0.0,Gelatinas y Flanes,Gelatina Maracuya Chocolate Blanco,futuro
2025-01-31 17:32:05,0.0,Gelatinas y Flanes,Gelatina Maracuya Chocolate Blanco,futuro
2025-02-01 17:32:05,0.0,Gelatinas y Flanes,Gelatina Maracuya Chocolate Blanco,futuro
2025-02-02 17:32:05,0.0,Gelatinas y Flanes,Gelatina Maracuya Chocolate Blanco,futuro
2025-02-03 17:32:05,0.0,Gelatinas y Flanes,Gelatina Maracuya Chocolate Blanco,futuro
2025-02-04 17:32:05,0.0,Gelatinas y Flanes,Gelatina Maracuya Chocolate Blanco,futuro
2025-02-05 17:32:05,0.0,Gelatinas y Flanes,Gelatina Maracuya Chocolate Blanco,futuro
2025-02-06 17:32:05,0.0,Gelatinas y Flanes,Gelatina Maracuya Chocolate Blanco,futuro
2025-02-07 17:32:05,0.0,Gelatinas y Flanes,Gelatina Maracuya Chocolate Blanco,futuro
2025-02-08 17:32:05,0.0,Gelatinas y Flanes,Gelatina Maracuya Chocolate Blanco,futuro
2025-02-09 17:32:05,0.0,Gelatinas y Flanes,Gelatina Maracuya Chocolate Blanco,futuro
2025-02-10 17:32:05,0.0,Gelatinas y Flanes,Gelatina Maracuya Chocolate Blanco,futuro
2025-02-11 17:32:05,0.0,Gelatinas y Flanes,Gelatina Maracuya Chocolate Blanco,futuro
2025-02-12 17:32:05,0.0,Gelatinas y Flanes,Gelatina Maracuya Chocolate Blanco,futuro
2025-02-13 17:32:05,0.0,Gelatinas y Flanes,Gelatina Maracuya Chocolate Blanco,futuro
2025-02-14 17:32:05,0.0,Gelatinas y Flanes,Gelatina Maracuya Chocolate Blanco,futuro
2025-02-15 17:32:05,0.0,Gelatinas y Flanes,Gelatina Maracuya Chocolate Blanco,futuro
2025-02-16 17:32:05,0.0,Gelatinas y Flanes,Gelatina Maracuya Chocolate Blanco,futuro
2025-02-17 17:32:05,0.0,Gelatinas y Flanes,Gelatina Maracuya Chocolate Blanco,futuro
2025-02-18 17:32:05,0.0,Gelatinas y Flanes,Gelatina Maracuya Chocolate Blanco,futuro
2025-02-19 17:32:05,0.0,Gelatinas y Flanes,Gelatina Maracuya Chocolate Blanco,futuro
2025-02-20 17:32:05,0.0,Gelatinas y Flanes,Gelatina Maracuya Chocolate Blanco,futuro
2025-02-21 17:32:05,0.0,Gelatinas y Flanes,Gelatina Maracuya Chocolate Blanco,futuro
2025-02-22 17:32:05,0.0,Gelatinas y Flanes,Gelatina Maracuya Chocolate Blanco,futuro
2025-02-23 17:32:05,0.0,Gelatinas y Flanes,Gelatina Maracuya Chocolate Blanco,futuro
2025-02-24 17:32:05,0.0,Gelatinas y Flanes,Gelatina Maracuya Chocolate Blanco,futuro
2025-02-25 17:32:05,0.0,Gelatinas y Flanes,Gelatina Maracuya Chocolate Blanco,futuro
2025-02-26 17:32:05,0.0,Gelatinas y Flanes,Gelatina Maracuya Chocolate Blanco,futuro
2025-02-27 17:32:05,0.0,Gelatinas y Flanes,Gelatina Maracuya Chocolate Blanco,futuro
2025-02-28 17:32:05,0.0,Gelatinas y Flanes,Gelatina Maracuya Chocolate Blanco,futuro
2025-03-01 17:32:05,0.0,Gelatinas y Flanes,Gelatina Maracuya Chocolate Blanco,futuro
2025-03-02 17:32:05,0.0,Gelatinas y Flanes,Gelatina Maracuya Chocolate Blanco,futuro
2025-03-03 17:32:05,0.0,Gelatinas y Flanes,Gelatina Maracuya Chocolate Blanco,futuro
2025-03-04 17:32:05,0.0,Gelatinas y Flanes,Gelatina Maracuya Chocolate Blanco,futuro
2025-03-05 17:32:05,0.0,Gelatinas y Flanes,Gelatina Maracuya Chocolate Blanco,futuro
2025-03-06 17:32:05,0.0,Gelatinas y Flanes,Gelatina Maracuya Chocolate Blanco,futuro
2025-03-07 17:32:05,0.0,Gelatinas y Flanes,Gelatina Maracuya Chocolate Blanco,futuro
2025-03-08 17:32:05,0.0,Gelatinas y Flanes,Gelatina Maracuya Chocolate Blanco,futuro
2025-03-09 17:32:05,0.0,Gelatinas y Flanes,Gelatina Maracuya Chocolate Blanco,futuro
2025-03-10 17:32:05,0.0,Gelatinas y Flanes,Gelatina Maracuya Chocolate Blanco,futuro
2025-03-11 17:32:05,0.0,Gelatinas y Flanes,Gelatina Maracuya Chocolate Blanco,futuro
2025-03-12 17:32:05,0.0,Gelatinas y Flanes,Gelatina Maracuya Chocolate Blanco,futuro
2025-03-13 17:32:05,0.0,Gelatinas y Flanes,Gelatina Maracuya Chocolate Blanco,futuro
2025-03-14 17:32:05,0.0,Gelatinas y Flanes,Gelatina Maracuya Chocolate Blanco,futuro
2025-03-15 17:32:05,0.0,Gelatinas y Flanes,Gelatina Maracuya Chocolate Blanco,futuro
2025-03-16 17:32:05,0.0,Gelatinas y Flanes,Gelatina Maracuya Chocolate Blanco,futuro
2025-03-17 17:32:05,0.0,Gelatinas y Flanes,Gelatina Maracuya Chocolate Blanco,futuro
2025-03-18 17:32:05,0.0,Gelatinas y Flanes,Gelatina Maracuya Chocolate Blanco,futuro
2025-03-19 17:32:05,0.0,Gelatinas y Flanes,Gelatina Maracuya Chocolate Blanco,futuro
2025-03-20 17:32:05,0.0,Gelatinas y Flanes,Gelatina Maracuya Chocolate Blanco,futuro
2025-03-21 17:32:05,0.0,Gelatinas y Flanes,Gelatina Maracuya Chocolate Blanco,futuro
2025-03-22 17:32:05,0.0,Gelatinas y Flanes,Gelatina Maracuya Chocolate Blanco,futuro
2025-03-23 17:32:05,0.0,Gelatinas y Flanes,Gelatina Maracuya Chocolate Blanco,futuro
2025-03-24 17:32:05,0.0,Gelatinas y Flanes,Gelatina Maracuya Chocolate Blanco,futuro
2025-03-25 17:32:05,0.0,Gelatinas y Flanes,Gelatina Maracuya Chocolate Blanco,futuro
2025-03-26 17:32:05,0.0,Gelatinas y Flanes,Gelatina Maracuya Chocolate Blanco,futuro
2025-03-27 17:32:05,0.0,Gelatinas y Flanes,Gelatina Maracuya Chocolate Blanco,futuro
2025-03-28 17:32:05,0.0,Gelatinas y Flanes,Gelatina Maracuya Chocolate Blanco,futuro
2025-03-29 17:32:05,0.0,Gelatinas y Flanes,Gelatina Maracuya Chocolate Blanco,futuro
2025-03-30 17:32:05,0.0,Gelatinas y Flanes,Gelatina Maracuya Chocolate Blanco,futuro
2025-03-31 17:32:05,0.0,Gelatinas y Flanes,Gelatina Maracuya Chocolate Blanco,futuro
2025-04-01 17:32:05,0.0,Gelatinas y Flanes,Gelatina Maracuya Chocolate Blanco,futuro
2025-04-02 17:32:05,0.0,Gelatinas y Flanes,Gelatina Maracuya Chocolate Blanco,futuro
2025-04-03 17:32:05,0.0,Gelatinas y Flanes,Gelatina Maracuya Chocolate Blanco,futuro
2025-04-04 17:32:05,0.0,Gelatinas y Flanes,Gelatina Maracuya Chocolate Blanco,futuro
2025-04-05 17:32:05,0.0,Gelatinas y Flanes,Gelatina Maracuya Chocolate Blanco,futuro
2025-04-06 17:32:05,0.0,Gelatinas y Flanes,Gelatina Maracuya Chocolate Blanco,futuro
2025-04-07 17:32:05,0.0,Gelatinas y Flanes,Gelatina Maracuya Chocolate Blanco,futuro
2025-04-08 17:32:05,0.0,Gelatinas y Flanes,Gelatina Maracuya Chocolate Blanco,futuro
2025-04-09 17:32:05,0.0,Gelatinas y Flanes,Gelatina Maracuya Chocolate Blanco,futuro
2025-04-10 17:32:05,0.0,Gelatinas y Flanes,Gelatina Maracuya Chocolate Blanco,futuro
2025-11-07 17:52:56,0.0,Gelatinas y Flanes,Gelatina Mosaico Grande,futuro
2025-11-08 17:52:56,0.0,Gelatinas y Flanes,Gelatina Mosaico Grande,futuro
2025-11-09 17:52:56,0.0,Gelatinas y Flanes,Gelatina Mosaico Grande,futuro
2025-11-10 17:52:56,0.0,Gelatinas y Flanes,Gelatina Mosaico Grande,futuro
2025-11-11 17:52:56,0.0,Gelatinas y Flanes,Gelatina Mosaico Grande,futuro
2025-11-12 17:52:56,0.0,Gelatinas y Flanes,Gelatina Mosaico Grande,futuro
2025-11-13 17:52:56,0.0,Gelatinas y Flanes,Gelatina Mosaico Grande,futuro
2025-11-14 17:52:56,0.0,Gelatinas y Flanes,Gelatina Mosaico Grande,futuro
2025-11-15 17:52:56,0.0,Gelatinas y Flanes,Gelatina Mosaico Grande,futuro
2025-11-16 17:52:56,0.0,Gelatinas y Flanes,Gelatina Mosaico Grande,futuro
2025-11-17 17:52:56,0.0,Gelatinas y Flanes,Gelatina Mosaico Grande,futuro
2025-11-18 17:52:56,0.0,Gelatinas y Flanes,Gelatina Mosaico Grande,futuro
2025-11-19 17:52:56,0.0,Gelatinas y Flanes,Gelatina Mosaico Grande,futuro
2025-11-20 17:52:56,0.0,Gelatinas y Flanes,Gelatina Mosaico Grande,futuro
2025-11-21 17:52:56,0.0,Gelatinas y Flanes,Gelatina Mosaico Grande,futuro
2025-11-22 17:52:56,0.0,Gelatinas y Flanes,Gelatina Mosaico Grande,futuro
2025-11-23 17:52:56,0.0,Gelatinas y Flanes,Gelatina Mosaico Grande,futuro
2025-11-24 17:52:56,0.0,Gelatinas y Flanes,Gelatina Mosaico Grande,futuro
2025-11-25 17:52:56,0.0,Gelatinas y Flanes,Gelatina Mosaico Grande,futuro
2025-11-26 17:52:56,0.0,Gelatinas y Flanes,Gelatina Mosaico Grande,futuro
2025-11-27 17:52:56,0.0,Gelatinas y Flanes,Gelatina Mosaico Grande,futuro
2025-11-28 17:52:56,0.0,Gelatinas y Flanes,Gelatina Mosaico Grande,futuro
2025-11-29 17:52:56,0.0,Gelatinas y Flanes,Gelatina Mosaico Grande,futuro
2025-11-30 17:52:56,0.0,Gelatinas y Flanes,Gelatina Mosaico Grande,futuro
2025-12-01 17:52:56,0.0,Gelatinas y Flanes,Gelatina Mosaico Grande,futuro
2025-12-02 17:52:56,0.0,Gelatinas y Flanes,Gelatina Mosaico Grande,futuro
2025-12-03 17:52:56,0.0,Gelatinas y Flanes,Gelatina Mosaico Grande,futuro
2025-12-04 17:52:56,0.0,Gelatinas y Flanes,Gelatina Mosaico Grande,futuro
2025-12-05 17:52:56,0.0,Gelatinas y Flanes,Gelatina Mosaico Grande,futuro
2025-12-06 17:52:56,0.0,Gelatinas y Flanes,Gelatina Mosaico Grande,futuro
2025-12-07 17:52:56,0.0,Gelatinas y Flanes,Gelatina Mosaico Grande,futuro
2025-12-08 17:52:56,0.0,Gelatinas y Flanes,Gelatina Mosaico Grande,futuro
2025-12-09 17:52:56,0.0,Gelatinas y Flanes,Gelatina Mosaico Grande,futuro
2025-12-10 17:52:56,0.0,Gelatinas y Flanes,Gelatina Mosaico Grande,futuro
2025-12-11 17:52:56,0.0,Gelatinas y Flanes,Gelatina Mosaico Grande,futuro
2025-12-12 17:52:56,0.0,Gelatinas y Flanes,Gelatina Mosaico Grande,futuro
2025-12-13 17:52:56,0.0,Gelatinas y Flanes,Gelatina Mosaico Grande,futuro
2025-12-14 17:52:56,0.0,Gelatinas y Flanes,Gelatina Mosaico Grande,futuro
2025-12-15 17:52:56,0.0,Gelatinas y Flanes,Gelatina Mosaico Grande,futuro
2025-12-16 17:52:56,0.0,Gelatinas y Flanes,Gelatina Mosaico Grande,futuro
2025-12-17 17:52:56,0.0,Gelatinas y Flanes,Gelatina Mosaico Grande,futuro
2025-12-18 17:52:56,0.0,Gelatinas y Flanes,Gelatina Mosaico Grande,futuro
2025-12-19 17:52:56,0.0,Gelatinas y Flanes,Gelatina Mosaico Grande,futuro
2025-12-20 17:52:56,0.0,Gelatinas y Flanes,Gelatina Mosaico Grande,futuro
2025-12-21 17:52:56,0.0,Gelatinas y Flanes,Gelatina Mosaico Grande,futuro
2025-12-22 17:52:56,0.0,Gelatinas y Flanes,Gelatina Mosaico Grande,futuro
2025-12-23 17:52:56,0.0,Gelatinas y Flanes,Gelatina Mosaico Grande,futuro
2025-12-24 17:52:56,0.0,Gelatinas y Flanes,Gelatina Mosaico Grande,futuro
2025-12-25 17:52:56,0.0,Gelatinas y Flanes,Gelatina Mosaico Grande,futuro
2025-12-26 17:52:56,0.0,Gelatinas y Flanes,Gelatina Mosaico Grande,futuro
2025-12-27 17:52:56,0.0,Gelatinas y Flanes,Gelatina Mosaico Grande,futuro
2025-12-28 17:52:56,0.0,Gelatinas y Flanes,Gelatina Mosaico Grande,futuro
2025-12-29 17:52:56,0.0,Gelatinas y Flanes,Gelatina Mosaico Grande,futuro
2025-12-30 17:52:56,0.0,Gelatinas y Flanes,Gelatina Mosaico Grande,futuro
2025-12-31 17:52:56,0.0,Gelatinas y Flanes,Gelatina Mosaico Grande,futuro
2026-01-01 17:52:56,0.0,Gelatinas y Flanes,Gelatina Mosaico Grande,futuro
2026-01-02 17:52:56,0.0,Gelatinas y Flanes,Gelatina Mosaico Grande,futuro
2026-01-03 17:52:56,0.0,Gelatinas y Flanes,Gelatina Mosaico Grande,futuro
2026-01-04 17:52:56,0.0,Gelatinas y Flanes,Gelatina Mosaico Grande,futuro
2026-01-05 17:52:56,0.0,Gelatinas y Flanes,Gelatina Mosaico Grande,futuro
2026-01-06 17:52:56,0.0,Gelatinas y Flanes,Gelatina Mosaico Grande,futuro
2026-01-07 17:52:56,0.0,Gelatinas y Flanes,Gelatina Mosaico Grande,futuro
2026-01-08 17:52:56,0.0,Gelatinas y Flanes,Gelatina Mosaico Grande,futuro
2026-01-09 17:52:56,0.0,Gelatinas y Flanes,Gelatina Mosaico Grande,futuro
2026-01-10 17:52:56,0.0,Gelatinas y Flanes,Gelatina Mosaico Grande,futuro
2026-01-11 17:52:56,0.0,Gelatinas y Flanes,Gelatina Mosaico Grande,futuro
2026-01-12 17:52:56,0.0,Gelatinas y Flanes,Gelatina Mosaico Grande,futuro
2026-01-13 17:52:56,0.0,Gelatinas y Flanes,Gelatina Mosaico Grande,futuro
2026-01-14 17:52:56,0.0,Gelatinas y Flanes,Gelatina Mosaico Grande,futuro
2026-01-15 17:52:56,0.0,Gelatinas y Flanes,Gelatina Mosaico Grande,futuro
2026-01-16 17:52:56,0.0,Gelatinas y Flanes,Gelatina Mosaico Grande,futuro
2026-01-17 17:52:56,0.0,Gelatinas y Flanes,Gelatina Mosaico Grande,futuro
2026-01-18 17:52:56,0.0,Gelatinas y Flanes,Gelatina Mosaico Grande,futuro
2026-01-19 17:52:56,0.0,Gelatinas y Flanes,Gelatina Mosaico Grande,futuro
2026-01-20 17:52:56,0.0,Gelatinas y Flanes,Gelatina Mosaico Grande,futuro
2026-01-21 17:52:56,0.0,Gelatinas y Flanes,Gelatina Mosaico Grande,futuro
2026-01-22 17:52:56,0.0,Gelatinas y Flanes,Gelatina Mosaico Grande,futuro
2026-01-23 17:52:56,0.0,Gelatinas y Flanes,Gelatina Mosaico Grande,futuro
2026-01-24 17:52:56,0.0,Gelatinas y Flanes,Gelatina Mosaico Grande,futuro
2026-01-25 17:52:56,0.0,Gelatinas y Flanes,Gelatina Mosaico Grande,futuro
2026-01-26 17:52:56,0.0,Gelatinas y Flanes,Gelatina Mosaico Grande,futuro
2026-01-27 17:52:56,0.0,Gelatinas y Flanes,Gelatina Mosaico Grande,futuro
2026-01-28 17:52:56,0.0,Gelatinas y Flanes,Gelatina Mosaico Grande,futuro
2026-01-29 17:52:56,0.0,Gelatinas y Flanes,Gelatina Mosaico Grande,futuro
2026-01-30 17:52:56,0.0,Gelatinas y Flanes,Gelatina Mosaico Grande,futuro
2026-01-31 17:52:56,0.0,Gelatinas y Flanes,Gelatina Mosaico Grande,futuro
2026-02-01 17:52:56,0.0,Gelatinas y Flanes,Gelatina Mosaico Grande,futuro
2026-02-02 17:52:56,0.0,Gelatinas y Flanes,Gelatina Mosaico Grande,futuro
2026-02-03 17:52:56,0.0,Gelatinas y Flanes,Gelatina Mosaico Grande,futuro
2026-02-04 17:52:56,0.0,Gelatinas y Flanes,Gelatina Mosaico Grande,futuro
2025-11-04 19:08:18,0.0,Gelatinas y Flanes,Gelatina Nuez Grande,futuro
2025-11-05 19:08:18,0.0,Gelatinas y Flanes,Gelatina Nuez Grande,futuro
2025-11-06 19:08:18,0.0,Gelatinas y Flanes,Gelatina Nuez Grande,futuro
2025-11-07 19:08:18,0.0,Gelatinas y Flanes,Gelatina Nuez Grande,futuro
2025-11-08 19:08:18,0.0,Gelatinas y Flanes,Gelatina Nuez Grande,futuro
2025-11-09 19:08:18,0.0,Gelatinas y Flanes,Gelatina Nuez Grande,futuro
2025-11-10 19:08:18,0.0,Gelatinas y Flanes,Gelatina Nuez Grande,futuro
2025-11-11 19:08:18,0.0,Gelatinas y Flanes,Gelatina Nuez Grande,futuro
2025-11-12 19:08:18,0.0,Gelatinas y Flanes,Gelatina Nuez Grande,futuro
2025-11-13 19:08:18,0.0,Gelatinas y Flanes,Gelatina Nuez Grande,futuro
2025-11-14 19:08:18,0.0,Gelatinas y Flanes,Gelatina Nuez Grande,futuro
2025-11-15 19:08:18,0.0,Gelatinas y Flanes,Gelatina Nuez Grande,futuro
2025-11-16 19:08:18,0.0,Gelatinas y Flanes,Gelatina Nuez Grande,futuro
2025-11-17 19:08:18,0.0,Gelatinas y Flanes,Gelatina Nuez Grande,futuro
2025-11-18 19:08:18,0.0,Gelatinas y Flanes,Gelatina Nuez Grande,futuro
2025-11-19 19:08:18,0.0,Gelatinas y Flanes,Gelatina Nuez Grande,futuro
2025-11-20 19:08:18,0.0,Gelatinas y Flanes,Gelatina Nuez Grande,futuro
2025-11-21 19:08:18,0.0,Gelatinas y Flanes,Gelatina Nuez Grande,futuro
2025-11-22 19:08:18,0.0,Gelatinas y Flanes,Gelatina Nuez Grande,futuro
2025-11-23 19:08:18,0.0,Gelatinas y Flanes,Gelatina Nuez Grande,futuro
2025-11-24 19:08:18,0.0,Gelatinas y Flanes,Gelatina Nuez Grande,futuro
2025-11-25 19:08:18,0.0,Gelatinas y Flanes,Gelatina Nuez Grande,futuro
2025-11-26 19:08:18,0.0,Gelatinas y Flanes,Gelatina Nuez Grande,futuro
2025-11-27 19:08:18,0.0,Gelatinas y Flanes,Gelatina Nuez Grande,futuro
2025-11-28 19:08:18,0.0,Gelatinas y Flanes,Gelatina Nuez Grande,futuro
2025-11-29 19:08:18,0.0,Gelatinas y Flanes,Gelatina Nuez Grande,futuro
2025-11-30 19:08:18,0.0,Gelatinas y Flanes,Gelatina Nuez Grande,futuro
2025-12-01 19:08:18,0.0,Gelatinas y Flanes,Gelatina Nuez Grande,futuro
2025-12-02 19:08:18,0.0,Gelatinas y Flanes,Gelatina Nuez Grande,futuro
2025-12-03 19:08:18,0.0,Gelatinas y Flanes,Gelatina Nuez Grande,futuro
2025-12-04 19:08:18,0.0,Gelatinas y Flanes,Gelatina Nuez Grande,futuro
2025-12-05 19:08:18,0.0,Gelatinas y Flanes,Gelatina Nuez Grande,futuro
2025-12-06 19:08:18,0.0,Gelatinas y Flanes,Gelatina Nuez Grande,futuro
2025-12-07 19:08:18,0.0,Gelatinas y Flanes,Gelatina Nuez Grande,futuro
2025-12-08 19:08:18,0.0,Gelatinas y Flanes,Gelatina Nuez Grande,futuro
2025-12-09 19:08:18,0.0,Gelatinas y Flanes,Gelatina Nuez Grande,futuro
2025-12-10 19:08:18,0.0,Gelatinas y Flanes,Gelatina Nuez Grande,futuro
2025-12-11 19:08:18,0.0,Gelatinas y Flanes,Gelatina Nuez Grande,futuro
2025-12-12 19:08:18,0.0,Gelatinas y Flanes,Gelatina Nuez Grande,futuro
2025-12-13 19:08:18,0.0,Gelatinas y Flanes,Gelatina Nuez Grande,futuro
2025-12-14 19:08:18,0.0,Gelatinas y Flanes,Gelatina Nuez Grande,futuro
2025-12-15 19:08:18,0.0,Gelatinas y Flanes,Gelatina Nuez Grande,futuro
2025-12-16 19:08:18,0.0,Gelatinas y Flanes,Gelatina Nuez Grande,futuro
2025-12-17 19:08:18,0.0,Gelatinas y Flanes,Gelatina Nuez Grande,futuro
2025-12-18 19:08:18,0.0,Gelatinas y Flanes,Gelatina Nuez Grande,futuro
2025-12-19 19:08:18,0.0,Gelatinas y Flanes,Gelatina Nuez Grande,futuro
2025-12-20 19:08:18,0.0,Gelatinas y Flanes,Gelatina Nuez Grande,futuro
2025-12-21 19:08:18,0.0,Gelatinas y Flanes,Gelatina Nuez Grande,futuro
2025-12-22 19:08:18,0.0,Gelatinas y Flanes,Gelatina Nuez Grande,futuro
2025-12-23 19:08:18,0.0,Gelatinas y Flanes,Gelatina Nuez Grande,futuro
2025-12-24 19:08:18,0.0,Gelatinas y Flanes,Gelatina Nuez Grande,futuro
2025-12-25 19:08:18,0.0,Gelatinas y Flanes,Gelatina Nuez Grande,futuro
2025-12-26 19:08:18,0.0,Gelatinas y Flanes,Gelatina Nuez Grande,futuro
2025-12-27 19:08:18,0.0,Gelatinas y Flanes,Gelatina Nuez Grande,futuro
2025-12-28 19:08:18,0.0,Gelatinas y Flanes,Gelatina Nuez Grande,futuro
2025-12-29 19:08:18,0.0,Gelatinas y Flanes,Gelatina Nuez Grande,futuro
2025-12-30 19:08:18,0.0,Gelatinas y Flanes,Gelatina Nuez Grande,futuro
2025-12-31 19:08:18,0.0,Gelatinas y Flanes,Gelatina Nuez Grande,futuro
2026-01-01 19:08:18,0.0,Gelatinas y Flanes,Gelatina Nuez Grande,futuro
2026-01-02 19:08:18,0.0,Gelatinas y Flanes,Gelatina Nuez Grande,futuro
2026-01-03 19:08:18,0.0,Gelatinas y Flanes,Gelatina Nuez Grande,futuro
2026-01-04 19:08:18,0.0,Gelatinas y Flanes,Gelatina Nuez Grande,futuro
2026-01-05 19:08:18,0.0,Gelatinas y Flanes,Gelatina Nuez Grande,futuro
2026-01-06 19:08:18,0.0,Gelatinas y Flanes,Gelatina Nuez Grande,futuro
2026-01-07 19:08:18,0.0,Gelatinas y Flanes,Gelatina Nuez Grande,futuro
2026-01-08 19:08:18,0.0,Gelatinas y Flanes,Gelatina Nuez Grande,futuro
2026-01-09 19:08:18,0.0,Gelatinas y Flanes,Gelatina Nuez Grande,futuro
2026-01-10 19:08:18,0.0,Gelatinas y Flanes,Gelatina Nuez Grande,futuro
2026-01-11 19:08:18,0.0,Gelatinas y Flanes,Gelatina Nuez Grande,futuro
2026-01-12 19:08:18,0.0,Gelatinas y Flanes,Gelatina Nuez Grande,futuro
2026-01-13 19:08:18,0.0,Gelatinas y Flanes,Gelatina Nuez Grande,futuro
2026-01-14 19:08:18,0.0,Gelatinas y Flanes,Gelatina Nuez Grande,futuro
2026-01-15 19:08:18,0.0,Gelatinas y Flanes,Gelatina Nuez Grande,futuro
2026-01-16 19:08:18,0.0,Gelatinas y Flanes,Gelatina Nuez Grande,futuro
2026-01-17 19:08:18,0.0,Gelatinas y Flanes,Gelatina Nuez Grande,futuro
2026-01-18 19:08:18,0.0,Gelatinas y Flanes,Gelatina Nuez Grande,futuro
2026-01-19 19:08:18,0.0,Gelatinas y Flanes,Gelatina Nuez Grande,futuro
2026-01-20 19:08:18,0.0,Gelatinas y Flanes,Gelatina Nuez Grande,futuro
2026-01-21 19:08:18,0.0,Gelatinas y Flanes,Gelatina Nuez Grande,futuro
2026-01-22 19:08:18,0.0,Gelatinas y Flanes,Gelatina Nuez Grande,futuro
2026-01-23 19:08:18,0.0,Gelatinas y Flanes,Gelatina Nuez Grande,futuro
2026-01-24 19:08:18,0.0,Gelatinas y Flanes,Gelatina Nuez Grande,futuro
2026-01-25 19:08:18,0.0,Gelatinas y Flanes,Gelatina Nuez Grande,futuro
2026-01-26 19:08:18,0.0,Gelatinas y Flanes,Gelatina Nuez Grande,futuro
2026-01-27 19:08:18,0.0,Gelatinas y Flanes,Gelatina Nuez Grande,futuro
2026-01-28 19:08:18,0.0,Gelatinas y Flanes,Gelatina Nuez Grande,futuro
2026-01-29 19:08:18,0.0,Gelatinas y Flanes,Gelatina Nuez Grande,futuro
2026-01-30 19:08:18,0.0,Gelatinas y Flanes,Gelatina Nuez Grande,futuro
2026-01-31 19:08:18,0.0,Gelatinas y Flanes,Gelatina Nuez Grande,futuro
2026-02-01 19:08:18,0.0,Gelatinas y Flanes,Gelatina Nuez Grande,futuro
2025-11-07 16:00:33,0.0,Gelatinas y Flanes,Gelatina Primavera Grande,futuro
2025-11-08 16:00:33,0.0,Gelatinas y Flanes,Gelatina Primavera Grande,futuro
2025-11-09 16:00:33,0.0,Gelatinas y Flanes,Gelatina Primavera Grande,futuro
2025-11-10 16:00:33,0.0,Gelatinas y Flanes,Gelatina Primavera Grande,futuro
2025-11-11 16:00:33,0.0,Gelatinas y Flanes,Gelatina Primavera Grande,futuro
2025-11-12 16:00:33,0.0,Gelatinas y Flanes,Gelatina Primavera Grande,futuro
2025-11-13 16:00:33,0.0,Gelatinas y Flanes,Gelatina Primavera Grande,futuro
2025-11-14 16:00:33,0.0,Gelatinas y Flanes,Gelatina Primavera Grande,futuro
2025-11-15 16:00:33,0.0,Gelatinas y Flanes,Gelatina Primavera Grande,futuro
2025-11-16 16:00:33,0.0,Gelatinas y Flanes,Gelatina Primavera Grande,futuro
2025-11-17 16:00:33,0.0,Gelatinas y Flanes,Gelatina Primavera Grande,futuro
2025-11-18 16:00:33,0.0,Gelatinas y Flanes,Gelatina Primavera Grande,futuro
2025-11-19 16:00:33,0.0,Gelatinas y Flanes,Gelatina Primavera Grande,futuro
2025-11-20 16:00:33,0.0,Gelatinas y Flanes,Gelatina Primavera Grande,futuro
2025-11-21 16:00:33,0.0,Gelatinas y Flanes,Gelatina Primavera Grande,futuro
2025-11-22 16:00:33,0.0,Gelatinas y Flanes,Gelatina Primavera Grande,futuro
2025-11-23 16:00:33,0.0,Gelatinas y Flanes,Gelatina Primavera Grande,futuro
2025-11-24 16:00:33,0.0,Gelatinas y Flanes,Gelatina Primavera Grande,futuro
2025-11-25 16:00:33,0.0,Gelatinas y Flanes,Gelatina Primavera Grande,futuro
2025-11-26 16:00:33,0.0,Gelatinas y Flanes,Gelatina Primavera Grande,futuro
2025-11-27 16:00:33,0.0,Gelatinas y Flanes,Gelatina Primavera Grande,futuro
2025-11-28 16:00:33,0.0,Gelatinas y Flanes,Gelatina Primavera Grande,futuro
2025-11-29 16:00:33,0.0,Gelatinas y Flanes,Gelatina Primavera Grande,futuro
2025-11-30 16:00:33,0.0,Gelatinas y Flanes,Gelatina Primavera Grande,futuro
2025-12-01 16:00:33,0.0,Gelatinas y Flanes,Gelatina Primavera Grande,futuro
2025-12-02 16:00:33,0.0,Gelatinas y Flanes,Gelatina Primavera Grande,futuro
2025-12-03 16:00:33,0.0,Gelatinas y Flanes,Gelatina Primavera Grande,futuro
2025-12-04 16:00:33,0.0,Gelatinas y Flanes,Gelatina Primavera Grande,futuro
2025-12-05 16:00:33,0.0,Gelatinas y Flanes,Gelatina Primavera Grande,futuro
2025-12-06 16:00:33,0.0,Gelatinas y Flanes,Gelatina Primavera Grande,futuro
2025-12-07 16:00:33,0.0,Gelatinas y Flanes,Gelatina Primavera Grande,futuro
2025-12-08 16:00:33,0.0,Gelatinas y Flanes,Gelatina Primavera Grande,futuro
2025-12-09 16:00:33,0.0,Gelatinas y Flanes,Gelatina Primavera Grande,futuro
2025-12-10 16:00:33,0.0,Gelatinas y Flanes,Gelatina Primavera Grande,futuro
2025-12-11 16:00:33,0.0,Gelatinas y Flanes,Gelatina Primavera Grande,futuro
2025-12-12 16:00:33,0.0,Gelatinas y Flanes,Gelatina Primavera Grande,futuro
2025-12-13 16:00:33,0.0,Gelatinas y Flanes,Gelatina Primavera Grande,futuro
2025-12-14 16:00:33,0.0,Gelatinas y Flanes,Gelatina Primavera Grande,futuro
2025-12-15 16:00:33,0.0,Gelatinas y Flanes,Gelatina Primavera Grande,futuro
2025-12-16 16:00:33,0.0,Gelatinas y Flanes,Gelatina Primavera Grande,futuro
2025-12-17 16:00:33,0.0,Gelatinas y Flanes,Gelatina Primavera Grande,futuro
2025-12-18 16:00:33,0.0,Gelatinas y Flanes,Gelatina Primavera Grande,futuro
2025-12-19 16:00:33,0.0,Gelatinas y Flanes,Gelatina Primavera Grande,futuro
2025-12-20 16:00:33,0.0,Gelatinas y Flanes,Gelatina Primavera Grande,futuro
2025-12-21 16:00:33,0.0,Gelatinas y Flanes,Gelatina Primavera Grande,futuro
2025-12-22 16:00:33,0.0,Gelatinas y Flanes,Gelatina Primavera Grande,futuro
2025-12-23 16:00:33,0.0,Gelatinas y Flanes,Gelatina Primavera Grande,futuro
2025-12-24 16:00:33,0.0,Gelatinas y Flanes,Gelatina Primavera Grande,futuro
2025-12-25 16:00:33,0.0,Gelatinas y Flanes,Gelatina Primavera Grande,futuro
2025-12-26 16:00:33,0.0,Gelatinas y Flanes,Gelatina Primavera Grande,futuro
2025-12-27 16:00:33,0.0,Gelatinas y Flanes,Gelatina Primavera Grande,futuro
2025-12-28 16:00:33,0.0,Gelatinas y Flanes,Gelatina Primavera Grande,futuro
2025-12-29 16:00:33,0.0,Gelatinas y Flanes,Gelatina Primavera Grande,futuro
2025-12-30 16:00:33,0.0,Gelatinas y Flanes,Gelatina Primavera Grande,futuro
2025-12-31 16:00:33,0.0,Gelatinas y Flanes,Gelatina Primavera Grande,futuro
2026-01-01 16:00:33,0.0,Gelatinas y Flanes,Gelatina Primavera Grande,futuro
2026-01-02 16:00:33,0.0,Gelatinas y Flanes,Gelatina Primavera Grande,futuro
2026-01-03 16:00:33,0.0,Gelatinas y Flanes,Gelatina Primavera Grande,futuro
2026-01-04 16:00:33,0.0,Gelatinas y Flanes,Gelatina Primavera Grande,futuro
2026-01-05 16:00:33,0.0,Gelatinas y Flanes,Gelatina Primavera Grande,futuro
2026-01-06 16:00:33,0.0,Gelatinas y Flanes,Gelatina Primavera Grande,futuro
2026-01-07 16:00:33,0.0,Gelatinas y Flanes,Gelatina Primavera Grande,futuro
2026-01-08 16:00:33,0.0,Gelatinas y Flanes,Gelatina Primavera Grande,futuro
2026-01-09 16:00:33,0.0,Gelatinas y Flanes,Gelatina Primavera Grande,futuro
2026-01-10 16:00:33,0.0,Gelatinas y Flanes,Gelatina Primavera Grande,futuro
2026-01-11 16:00:33,0.0,Gelatinas y Flanes,Gelatina Primavera Grande,futuro
2026-01-12 16:00:33,0.0,Gelatinas y Flanes,Gelatina Primavera Grande,futuro
2026-01-13 16:00:33,0.0,Gelatinas y Flanes,Gelatina Primavera Grande,futuro
2026-01-14 16:00:33,0.0,Gelatinas y Flanes,Gelatina Primavera Grande,futuro
2026-01-15 16:00:33,0.0,Gelatinas y Flanes,Gelatina Primavera Grande,futuro
2026-01-16 16:00:33,0.0,Gelatinas y Flanes,Gelatina Primavera Grande,futuro
2026-01-17 16:00:33,0.0,Gelatinas y Flanes,Gelatina Primavera Grande,futuro
2026-01-18 16:00:33,0.0,Gelatinas y Flanes,Gelatina Primavera Grande,futuro
2026-01-19 16:00:33,0.0,Gelatinas y Flanes,Gelatina Primavera Grande,futuro
2026-01-20 16:00:33,0.0,Gelatinas y Flanes,Gelatina Primavera Grande,futuro
2026-01-21 16:00:33,0.0,Gelatinas y Flanes,Gelatina Primavera Grande,futuro
2026-01-22 16:00:33,0.0,Gelatinas y Flanes,Gelatina Primavera Grande,futuro
2026-01-23 16:00:33,0.0,Gelatinas y Flanes,Gelatina Primavera Grande,futuro
2026-01-24 16:00:33,0.0,Gelatinas y Flanes,Gelatina Primavera Grande,futuro
2026-01-25 16:00:33,0.0,Gelatinas y Flanes,Gelatina Primavera Grande,futuro
2026-01-26 16:00:33,0.0,Gelatinas y Flanes,Gelatina Primavera Grande,futuro
2026-01-27 16:00:33,0.0,Gelatinas y Flanes,Gelatina Primavera Grande,futuro
2026-01-28 16:00:33,0.0,Gelatinas y Flanes,Gelatina Primavera Grande,futuro
2026-01-29 16:00:33,0.0,Gelatinas y Flanes,Gelatina Primavera Grande,futuro
2026-01-30 16:00:33,0.0,Gelatinas y Flanes,Gelatina Primavera Grande,futuro
2026-01-31 16:00:33,0.0,Gelatinas y Flanes,Gelatina Primavera Grande,futuro
2026-02-01 16:00:33,0.0,Gelatinas y Flanes,Gelatina Primavera Grande,futuro
2026-02-02 16:00:33,0.0,Gelatinas y Flanes,Gelatina Primavera Grande,futuro
2026-02-03 16:00:33,0.0,Gelatinas y Flanes,Gelatina Primavera Grande,futuro
2026-02-04 16:00:33,0.0,Gelatinas y Flanes,Gelatina Primavera Grande,futuro
2025-11-06 20:53:22,0.0,Gelatinas y Flanes,Gelatina de yogurt,futuro
2025-11-07 20:53:22,0.0,Gelatinas y Flanes,Gelatina de yogurt,futuro
2025-11-08 20:53:22,0.0,Gelatinas y Flanes,Gelatina de yogurt,futuro
2025-11-09 20:53:22,0.0,Gelatinas y Flanes,Gelatina de yogurt,futuro
2025-11-10 20:53:22,0.0,Gelatinas y Flanes,Gelatina de yogurt,futuro
2025-11-11 20:53:22,0.0,Gelatinas y Flanes,Gelatina de yogurt,futuro
2025-11-12 20:53:22,0.0,Gelatinas y Flanes,Gelatina de yogurt,futuro
2025-11-13 20:53:22,0.0,Gelatinas y Flanes,Gelatina de yogurt,futuro
2025-11-14 20:53:22,0.0,Gelatinas y Flanes,Gelatina de yogurt,futuro
2025-11-15 20:53:22,0.0,Gelatinas y Flanes,Gelatina de yogurt,futuro
2025-11-16 20:53:22,0.0,Gelatinas y Flanes,Gelatina de yogurt,futuro
2025-11-17 20:53:22,0.0,Gelatinas y Flanes,Gelatina de yogurt,futuro
2025-11-18 20:53:22,0.0,Gelatinas y Flanes,Gelatina de yogurt,futuro
2025-11-19 20:53:22,0.0,Gelatinas y Flanes,Gelatina de yogurt,futuro
2025-11-20 20:53:22,0.0,Gelatinas y Flanes,Gelatina de yogurt,futuro
2025-11-21 20:53:22,0.0,Gelatinas y Flanes,Gelatina de yogurt,futuro
2025-11-22 20:53:22,0.0,Gelatinas y Flanes,Gelatina de yogurt,futuro
2025-11-23 20:53:22,0.0,Gelatinas y Flanes,Gelatina de yogurt,futuro
2025-11-24 20:53:22,0.0,Gelatinas y Flanes,Gelatina de yogurt,futuro
2025-11-25 20:53:22,0.0,Gelatinas y Flanes,Gelatina de yogurt,futuro
2025-11-26 20:53:22,0.0,Gelatinas y Flanes,Gelatina de yogurt,futuro
2025-11-27 20:53:22,0.0,Gelatinas y Flanes,Gelatina de yogurt,futuro
2025-11-28 20:53:22,0.0,Gelatinas y Flanes,Gelatina de yogurt,futuro
2025-11-29 20:53:22,0.0,Gelatinas y Flanes,Gelatina de yogurt,futuro
2025-11-30 20:53:22,0.0,Gelatinas y Flanes,Gelatina de yogurt,futuro
2025-12-01 20:53:22,0.0,Gelatinas y Flanes,Gelatina de yogurt,futuro
2025-12-02 20:53:22,0.0,Gelatinas y Flanes,Gelatina de yogurt,futuro
2025-12-03 20:53:22,0.0,Gelatinas y Flanes,Gelatina de yogurt,futuro
2025-12-04 20:53:22,0.0,Gelatinas y Flanes,Gelatina de yogurt,futuro
2025-12-05 20:53:22,0.0,Gelatinas y Flanes,Gelatina de yogurt,futuro
2025-12-06 20:53:22,0.0,Gelatinas y Flanes,Gelatina de yogurt,futuro
2025-12-07 20:53:22,0.0,Gelatinas y Flanes,Gelatina de yogurt,futuro
2025-12-08 20:53:22,0.0,Gelatinas y Flanes,Gelatina de yogurt,futuro
2025-12-09 20:53:22,0.0,Gelatinas y Flanes,Gelatina de yogurt,futuro
2025-12-10 20:53:22,0.0,Gelatinas y Flanes,Gelatina de yogurt,futuro
2025-12-11 20:53:22,0.0,Gelatinas y Flanes,Gelatina de yogurt,futuro
2025-12-12 20:53:22,0.0,Gelatinas y Flanes,Gelatina de yogurt,futuro
2025-12-13 20:53:22,0.0,Gelatinas y Flanes,Gelatina de yogurt,futuro
2025-12-14 20:53:22,0.0,Gelatinas y Flanes,Gelatina de yogurt,futuro
2025-12-15 20:53:22,0.0,Gelatinas y Flanes,Gelatina de yogurt,futuro
2025-12-16 20:53:22,0.0,Gelatinas y Flanes,Gelatina de yogurt,futuro
2025-12-17 20:53:22,0.0,Gelatinas y Flanes,Gelatina de yogurt,futuro
2025-12-18 20:53:22,0.0,Gelatinas y Flanes,Gelatina de yogurt,futuro
2025-12-19 20:53:22,0.0,Gelatinas y Flanes,Gelatina de yogurt,futuro
2025-12-20 20:53:22,0.0,Gelatinas y Flanes,Gelatina de yogurt,futuro
2025-12-21 20:53:22,0.0,Gelatinas y Flanes,Gelatina de yogurt,futuro
2025-12-22 20:53:22,0.0,Gelatinas y Flanes,Gelatina de yogurt,futuro
2025-12-23 20:53:22,0.0,Gelatinas y Flanes,Gelatina de yogurt,futuro
2025-12-24 20:53:22,0.0,Gelatinas y Flanes,Gelatina de yogurt,futuro
2025-12-25 20:53:22,0.0,Gelatinas y Flanes,Gelatina de yogurt,futuro
2025-12-26 20:53:22,0.0,Gelatinas y Flanes,Gelatina de yogurt,futuro
2025-12-27 20:53:22,0.0,Gelatinas y Flanes,Gelatina de yogurt,futuro
2025-12-28 20:53:22,0.0,Gelatinas y Flanes,Gelatina de yogurt,futuro
2025-12-29 20:53:22,0.0,Gelatinas y Flanes,Gelatina de yogurt,futuro
2025-12-30 20:53:22,0.0,Gelatinas y Flanes,Gelatina de yogurt,futuro
2025-12-31 20:53:22,0.0,Gelatinas y Flanes,Gelatina de yogurt,futuro
2026-01-01 20:53:22,0.0,Gelatinas y Flanes,Gelatina de yogurt,futuro
2026-01-02 20:53:22,0.0,Gelatinas y Flanes,Gelatina de yogurt,futuro
2026-01-03 20:53:22,0.0,Gelatinas y Flanes,Gelatina de yogurt,futuro
2026-01-04 20:53:22,0.0,Gelatinas y Flanes,Gelatina de yogurt,futuro
2026-01-05 20:53:22,0.0,Gelatinas y Flanes,Gelatina de yogurt,futuro
2026-01-06 20:53:22,0.0,Gelatinas y Flanes,Gelatina de yogurt,futuro
2026-01-07 20:53:22,0.0,Gelatinas y Flanes,Gelatina de yogurt,futuro
2026-01-08 20:53:22,0.0,Gelatinas y Flanes,Gelatina de yogurt,futuro
2026-01-09 20:53:22,0.0,Gelatinas y Flanes,Gelatina de yogurt,futuro
2026-01-10 20:53:22,0.0,Gelatinas y Flanes,Gelatina de yogurt,futuro
2026-01-11 20:53:22,0.0,Gelatinas y Flanes,Gelatina de yogurt,futuro
2026-01-12 20:53:22,0.0,Gelatinas y Flanes,Gelatina de yogurt,futuro
2026-01-13 20:53:22,0.0,Gelatinas y Flanes,Gelatina de yogurt,futuro
2026-01-14 20:53:22,0.0,Gelatinas y Flanes,Gelatina de yogurt,futuro
2026-01-15 20:53:22,0.0,Gelatinas y Flanes,Gelatina de yogurt,futuro
2026-01-16 20:53:22,0.0,Gelatinas y Flanes,Gelatina de yogurt,futuro
2026-01-17 20:53:22,0.0,Gelatinas y Flanes,Gelatina de yogurt,futuro
2026-01-18 20:53:22,0.0,Gelatinas y Flanes,Gelatina de yogurt,futuro
2026-01-19 20:53:22,0.0,Gelatinas y Flanes,Gelatina de yogurt,futuro
2026-01-20 20:53:22,0.0,Gelatinas y Flanes,Gelatina de yogurt,futuro
2026-01-21 20:53:22,0.0,Gelatinas y Flanes,Gelatina de yogurt,futuro
2026-01-22 20:53:22,0.0,Gelatinas y Flanes,Gelatina de yogurt,futuro
2026-01-23 20:53:22,0.0,Gelatinas y Flanes,Gelatina de yogurt,futuro
2026-01-24 20:53:22,0.0,Gelatinas y Flanes,Gelatina de yogurt,futuro
2026-01-25 20:53:22,0.0,Gelatinas y Flanes,Gelatina de yogurt,futuro
2026-01-26 20:53:22,0.0,Gelatinas y Flanes,Gelatina de yogurt,futuro
2026-01-27 20:53:22,0.0,Gelatinas y Flanes,Gelatina de yogurt,futuro
2026-01-28 20:53:22,0.0,Gelatinas y Flanes,Gelatina de yogurt,futuro
2026-01-29 20:53:22,0.0,Gelatinas y Flanes,Gelatina de yogurt,futuro
2026-01-30 20:53:22,0.0,Gelatinas y Flanes,Gelatina de yogurt,futuro
2026-01-31 20:53:22,0.0,Gelatinas y Flanes,Gelatina de yogurt,futuro
2026-02-01 20:53:22,0.0,Gelatinas y Flanes,Gelatina de yogurt,futuro
2026-02-02 20:53:22,0.0,Gelatinas y Flanes,Gelatina de yogurt,futuro
2026-02-03 20:53:22,0.0,Gelatinas y Flanes,Gelatina de yogurt,futuro
2025-11-04 12:38:55,0.0,Gelatinas y Flanes,Vasito Flan Mini,futuro
2025-11-05 12:38:55,0.0,Gelatinas y Flanes,Vasito Flan Mini,futuro
2025-11-06 12:38:55,0.0,Gelatinas y Flanes,Vasito Flan Mini,futuro
2025-11-07 12:38:55,0.0,Gelatinas y Flanes,Vasito Flan Mini,futuro
2025-11-08 12:38:55,0.0,Gelatinas y Flanes,Vasito Flan Mini,futuro
2025-11-09 12:38:55,0.0,Gelatinas y Flanes,Vasito Flan Mini,futuro
2025-11-10 12:38:55,0.0,Gelatinas y Flanes,Vasito Flan Mini,futuro
2025-11-11 12:38:55,0.0,Gelatinas y Flanes,Vasito Flan Mini,futuro
2025-11-12 12:38:55,0.0,Gelatinas y Flanes,Vasito Flan Mini,futuro
2025-11-13 12:38:55,0.0,Gelatinas y Flanes,Vasito Flan Mini,futuro
2025-11-14 12:38:55,0.0,Gelatinas y Flanes,Vasito Flan Mini,futuro
2025-11-15 12:38:55,0.0,Gelatinas y Flanes,Vasito Flan Mini,futuro
2025-11-16 12:38:55,0.0,Gelatinas y Flanes,Vasito Flan Mini,futuro
2025-11-17 12:38:55,0.0,Gelatinas y Flanes,Vasito Flan Mini,futuro
2025-11-18 12:38:55,0.0,Gelatinas y Flanes,Vasito Flan Mini,futuro
2025-11-19 12:38:55,0.0,Gelatinas y Flanes,Vasito Flan Mini,futuro
2025-11-20 12:38:55,0.0,Gelatinas y Flanes,Vasito Flan Mini,futuro
2025-11-21 12:38:55,0.0,Gelatinas y Flanes,Vasito Flan Mini,futuro
2025-11-22 12:38:55,0.0,Gelatinas y Flanes,Vasito Flan Mini,futuro
2025-11-23 12:38:55,0.0,Gelatinas y Flanes,Vasito Flan Mini,futuro
2025-11-24 12:38:55,0.0,Gelatinas y Flanes,Vasito Flan Mini,futuro
2025-11-25 12:38:55,0.0,Gelatinas y Flanes,Vasito Flan Mini,futuro
2025-11-26 12:38:55,0.0,Gelatinas y Flanes,Vasito Flan Mini,futuro
2025-11-27 12:38:55,0.0,Gelatinas y Flanes,Vasito Flan Mini,futuro
2025-11-28 12:38:55,0.0,Gelatinas y Flanes,Vasito Flan Mini,futuro
2025-11-29 12:38:55,0.0,Gelatinas y Flanes,Vasito Flan Mini,futuro
2025-11-30 12:38:55,0.0,Gelatinas y Flanes,Vasito Flan Mini,futuro
2025-12-01 12:38:55,0.0,Gelatinas y Flanes,Vasito Flan Mini,futuro
2025-12-02 12:38:55,0.0,Gelatinas y Flanes,Vasito Flan Mini,futuro
2025-12-03 12:38:55,0.0,Gelatinas y Flanes,Vasito Flan Mini,futuro
2025-12-04 12:38:55,0.0,Gelatinas y Flanes,Vasito Flan Mini,futuro
2025-12-05 12:38:55,0.0,Gelatinas y Flanes,Vasito Flan Mini,futuro
2025-12-06 12:38:55,0.0,Gelatinas y Flanes,Vasito Flan Mini,futuro
2025-12-07 12:38:55,0.0,Gelatinas y Flanes,Vasito Flan Mini,futuro
2025-12-08 12:38:55,0.0,Gelatinas y Flanes,Vasito Flan Mini,futuro
2025-12-09 12:38:55,0.0,Gelatinas y Flanes,Vasito Flan Mini,futuro
2025-12-10 12:38:55,0.0,Gelatinas y Flanes,Vasito Flan Mini,futuro
2025-12-11 12:38:55,0.0,Gelatinas y Flanes,Vasito Flan Mini,futuro
2025-12-12 12:38:55,0.0,Gelatinas y Flanes,Vasito Flan Mini,futuro
2025-12-13 12:38:55,0.0,Gelatinas y Flanes,Vasito Flan Mini,futuro
2025-12-14 12:38:55,0.0,Gelatinas y Flanes,Vasito Flan Mini,futuro
2025-12-15 12:38:55,0.0,Gelatinas y Flanes,Vasito Flan Mini,futuro
2025-12-16 12:38:55,0.0,Gelatinas y Flanes,Vasito Flan Mini,futuro
2025-12-17 12:38:55,0.0,Gelatinas y Flanes,Vasito Flan Mini,futuro
2025-12-18 12:38:55,0.0,Gelatinas y Flanes,Vasito Flan Mini,futuro
2025-12-19 12:38:55,0.0,Gelatinas y Flanes,Vasito Flan Mini,futuro
2025-12-20 12:38:55,0.0,Gelatinas y Flanes,Vasito Flan Mini,futuro
2025-12-21 12:38:55,0.0,Gelatinas y Flanes,Vasito Flan Mini,futuro
2025-12-22 12:38:55,0.0,Gelatinas y Flanes,Vasito Flan Mini,futuro
2025-12-23 12:38:55,0.0,Gelatinas y Flanes,Vasito Flan Mini,futuro
2025-12-24 12:38:55,0.0,Gelatinas y Flanes,Vasito Flan Mini,futuro
2025-12-25 12:38:55,0.0,Gelatinas y Flanes,Vasito Flan Mini,futuro
2025-12-26 12:38:55,0.0,Gelatinas y Flanes,Vasito Flan Mini,futuro
2025-12-27 12:38:55,0.0,Gelatinas y Flanes,Vasito Flan Mini,futuro
2025-12-28 12:38:55,0.0,Gelatinas y Flanes,Vasito Flan Mini,futuro
2025-12-29 12:38:55,0.0,Gelatinas y Flanes,Vasito Flan Mini,futuro
2025-12-30 12:38:55,0.0,Gelatinas y Flanes,Vasito Flan Mini,futuro
2025-12-31 12:38:55,0.0,Gelatinas y Flanes,Vasito Flan Mini,futuro
2026-01-01 12:38:55,0.0,Gelatinas y Flanes,Vasito Flan Mini,futuro
2026-01-02 12:38:55,0.0,Gelatinas y Flanes,Vasito Flan Mini,futuro
2026-01-03 12:38:55,0.0,Gelatinas y Flanes,Vasito Flan Mini,futuro
2026-01-04 12:38:55,0.0,Gelatinas y Flanes,Vasito Flan Mini,futuro
2026-01-05 12:38:55,0.0,Gelatinas y Flanes,Vasito Flan Mini,futuro
2026-01-06 12:38:55,0.0,Gelatinas y Flanes,Vasito Flan Mini,futuro
2026-01-07 12:38:55,0.0,Gelatinas y Flanes,Vasito Flan Mini,futuro
2026-01-08 12:38:55,0.0,Gelatinas y Flanes,Vasito Flan Mini,futuro
2026-01-09 12:38:55,0.0,Gelatinas y Flanes,Vasito Flan Mini,futuro
2026-01-10 12:38:55,0.0,Gelatinas y Flanes,Vasito Flan Mini,futuro
2026-01-11 12:38:55,0.0,Gelatinas y Flanes,Vasito Flan Mini,futuro
2026-01-12 12:38:55,0.0,Gelatinas y Flanes,Vasito Flan Mini,futuro
2026-01-13 12:38:55,0.0,Gelatinas y Flanes,Vasito Flan Mini,futuro
2026-01-14 12:38:55,0.0,Gelatinas y Flanes,Vasito Flan Mini,futuro
2026-01-15 12:38:55,0.0,Gelatinas y Flanes,Vasito Flan Mini,futuro
2026-01-16 12:38:55,0.0,Gelatinas y Flanes,Vasito Flan Mini,futuro
2026-01-17 12:38:55,0.0,Gelatinas y Flanes,Vasito Flan Mini,futuro
2026-01-18 12:38:55,0.0,Gelatinas y Flanes,Vasito Flan Mini,futuro
2026-01-19 12:38:55,0.0,Gelatinas y Flanes,Vasito Flan Mini,futuro
2026-01-20 12:38:55,0.0,Gelatinas y Flanes,Vasito Flan Mini,futuro
2026-01-21 12:38:55,0.0,Gelatinas y Flanes,Vasito Flan Mini,futuro
2026-01-22 12:38:55,0.0,Gelatinas y Flanes,Vasito Flan Mini,futuro
2026-01-23 12:38:55,0.0,Gelatinas y Flanes,Vasito Flan Mini,futuro
2026-01-24 12:38:55,0.0,Gelatinas y Flanes,Vasito Flan Mini,futuro
2026-01-25 12:38:55,0.0,Gelatinas y Flanes,Vasito Flan Mini,futuro
2026-01-26 12:38:55,0.0,Gelatinas y Flanes,Vasito Flan Mini,futuro
2026-01-27 12:38:55,0.0,Gelatinas y Flanes,Vasito Flan Mini,futuro
2026-01-28 12:38:55,0.0,Gelatinas y Flanes,Vasito Flan Mini,futuro
2026-01-29 12:38:55,0.0,Gelatinas y Flanes,Vasito Flan Mini,futuro
2026-01-30 12:38:55,0.0,Gelatinas y Flanes,Vasito Flan Mini,futuro
2026-01-31 12:38:55,0.0,Gelatinas y Flanes,Vasito Flan Mini,futuro
2026-02-01 12:38:55,0.0,Gelatinas y Flanes,Vasito Flan Mini,futuro
2025-11-06 15:39:10,0.0,Gelatinas y Flanes,Vasito Gelatina Cafe,futuro
2025-11-07 15:39:10,0.0,Gelatinas y Flanes,Vasito Gelatina Cafe,futuro
2025-11-08 15:39:10,0.0,Gelatinas y Flanes,Vasito Gelatina Cafe,futuro
2025-11-09 15:39:10,0.0,Gelatinas y Flanes,Vasito Gelatina Cafe,futuro
2025-11-10 15:39:10,0.0,Gelatinas y Flanes,Vasito Gelatina Cafe,futuro
2025-11-11 15:39:10,0.0,Gelatinas y Flanes,Vasito Gelatina Cafe,futuro
2025-11-12 15:39:10,0.0,Gelatinas y Flanes,Vasito Gelatina Cafe,futuro
2025-11-13 15:39:10,0.0,Gelatinas y Flanes,Vasito Gelatina Cafe,futuro
2025-11-14 15:39:10,0.0,Gelatinas y Flanes,Vasito Gelatina Cafe,futuro
2025-11-15 15:39:10,0.0,Gelatinas y Flanes,Vasito Gelatina Cafe,futuro
2025-11-16 15:39:10,0.0,Gelatinas y Flanes,Vasito Gelatina Cafe,futuro
2025-11-17 15:39:10,0.0,Gelatinas y Flanes,Vasito Gelatina Cafe,futuro
2025-11-18 15:39:10,0.0,Gelatinas y Flanes,Vasito Gelatina Cafe,futuro
2025-11-19 15:39:10,0.0,Gelatinas y Flanes,Vasito Gelatina Cafe,futuro
2025-11-20 15:39:10,0.0,Gelatinas y Flanes,Vasito Gelatina Cafe,futuro
2025-11-21 15:39:10,0.0,Gelatinas y Flanes,Vasito Gelatina Cafe,futuro
2025-11-22 15:39:10,0.0,Gelatinas y Flanes,Vasito Gelatina Cafe,futuro
2025-11-23 15:39:10,0.0,Gelatinas y Flanes,Vasito Gelatina Cafe,futuro
2025-11-24 15:39:10,0.0,Gelatinas y Flanes,Vasito Gelatina Cafe,futuro
2025-11-25 15:39:10,0.0,Gelatinas y Flanes,Vasito Gelatina Cafe,futuro
2025-11-26 15:39:10,0.0,Gelatinas y Flanes,Vasito Gelatina Cafe,futuro
2025-11-27 15:39:10,0.0,Gelatinas y Flanes,Vasito Gelatina Cafe,futuro
2025-11-28 15:39:10,0.0,Gelatinas y Flanes,Vasito Gelatina Cafe,futuro
2025-11-29 15:39:10,0.0,Gelatinas y Flanes,Vasito Gelatina Cafe,futuro
2025-11-30 15:39:10,0.0,Gelatinas y Flanes,Vasito Gelatina Cafe,futuro
2025-12-01 15:39:10,0.0,Gelatinas y Flanes,Vasito Gelatina Cafe,futuro
2025-12-02 15:39:10,0.0,Gelatinas y Flanes,Vasito Gelatina Cafe,futuro
2025-12-03 15:39:10,0.0,Gelatinas y Flanes,Vasito Gelatina Cafe,futuro
2025-12-04 15:39:10,0.0,Gelatinas y Flanes,Vasito Gelatina Cafe,futuro
2025-12-05 15:39:10,0.0,Gelatinas y Flanes,Vasito Gelatina Cafe,futuro
2025-12-06 15:39:10,0.0,Gelatinas y Flanes,Vasito Gelatina Cafe,futuro
2025-12-07 15:39:10,0.0,Gelatinas y Flanes,Vasito Gelatina Cafe,futuro
2025-12-08 15:39:10,0.0,Gelatinas y Flanes,Vasito Gelatina Cafe,futuro
2025-12-09 15:39:10,0.0,Gelatinas y Flanes,Vasito Gelatina Cafe,futuro
2025-12-10 15:39:10,0.0,Gelatinas y Flanes,Vasito Gelatina Cafe,futuro
2025-12-11 15:39:10,0.0,Gelatinas y Flanes,Vasito Gelatina Cafe,futuro
2025-12-12 15:39:10,0.0,Gelatinas y Flanes,Vasito Gelatina Cafe,futuro
2025-12-13 15:39:10,0.0,Gelatinas y Flanes,Vasito Gelatina Cafe,futuro
2025-12-14 15:39:10,0.0,Gelatinas y Flanes,Vasito Gelatina Cafe,futuro
2025-12-15 15:39:10,0.0,Gelatinas y Flanes,Vasito Gelatina Cafe,futuro
2025-12-16 15:39:10,0.0,Gelatinas y Flanes,Vasito Gelatina Cafe,futuro
2025-12-17 15:39:10,0.0,Gelatinas y Flanes,Vasito Gelatina Cafe,futuro
2025-12-18 15:39:10,0.0,Gelatinas y Flanes,Vasito Gelatina Cafe,futuro
2025-12-19 15:39:10,0.0,Gelatinas y Flanes,Vasito Gelatina Cafe,futuro
2025-12-20 15:39:10,0.0,Gelatinas y Flanes,Vasito Gelatina Cafe,futuro
2025-12-21 15:39:10,0.0,Gelatinas y Flanes,Vasito Gelatina Cafe,futuro
2025-12-22 15:39:10,0.0,Gelatinas y Flanes,Vasito Gelatina Cafe,futuro
2025-12-23 15:39:10,0.0,Gelatinas y Flanes,Vasito Gelatina Cafe,futuro
2025-12-24 15:39:10,0.0,Gelatinas y Flanes,Vasito Gelatina Cafe,futuro
2025-12-25 15:39:10,0.0,Gelatinas y Flanes,Vasito Gelatina Cafe,futuro
2025-12-26 15:39:10,0.0,Gelatinas y Flanes,Vasito Gelatina Cafe,futuro
2025-12-27 15:39:10,0.0,Gelatinas y Flanes,Vasito Gelatina Cafe,futuro
2025-12-28 15:39:10,0.0,Gelatinas y Flanes,Vasito Gelatina Cafe,futuro
2025-12-29 15:39:10,0.0,Gelatinas y Flanes,Vasito Gelatina Cafe,futuro
2025-12-30 15:39:10,0.0,Gelatinas y Flanes,Vasito Gelatina Cafe,futuro
2025-12-31 15:39:10,0.0,Gelatinas y Flanes,Vasito Gelatina Cafe,futuro
2026-01-01 15:39:10,0.0,Gelatinas y Flanes,Vasito Gelatina Cafe,futuro
2026-01-02 15:39:10,0.0,Gelatinas y Flanes,Vasito Gelatina Cafe,futuro
2026-01-03 15:39:10,0.0,Gelatinas y Flanes,Vasito Gelatina Cafe,futuro
2026-01-04 15:39:10,0.0,Gelatinas y Flanes,Vasito Gelatina Cafe,futuro
2026-01-05 15:39:10,0.0,Gelatinas y Flanes,Vasito Gelatina Cafe,futuro
2026-01-06 15:39:10,0.0,Gelatinas y Flanes,Vasito Gelatina Cafe,futuro
2026-01-07 15:39:10,0.0,Gelatinas y Flanes,Vasito Gelatina Cafe,futuro
2026-01-08 15:39:10,0.0,Gelatinas y Flanes,Vasito Gelatina Cafe,futuro
2026-01-09 15:39:10,0.0,Gelatinas y Flanes,Vasito Gelatina Cafe,futuro
2026-01-10 15:39:10,0.0,Gelatinas y Flanes,Vasito Gelatina Cafe,futuro
2026-01-11 15:39:10,0.0,Gelatinas y Flanes,Vasito Gelatina Cafe,futuro
2026-01-12 15:39:10,0.0,Gelatinas y Flanes,Vasito Gelatina Cafe,futuro
2026-01-13 15:39:10,0.0,Gelatinas y Flanes,Vasito Gelatina Cafe,futuro
2026-01-14 15:39:10,0.0,Gelatinas y Flanes,Vasito Gelatina Cafe,futuro
2026-01-15 15:39:10,0.0,Gelatinas y Flanes,Vasito Gelatina Cafe,futuro
2026-01-16 15:39:10,0.0,Gelatinas y Flanes,Vasito Gelatina Cafe,futuro
2026-01-17 15:39:10,0.0,Gelatinas y Flanes,Vasito Gelatina Cafe,futuro
2026-01-18 15:39:10,0.0,Gelatinas y Flanes,Vasito Gelatina Cafe,futuro
2026-01-19 15:39:10,0.0,Gelatinas y Flanes,Vasito Gelatina Cafe,futuro
2026-01-20 15:39:10,0.0,Gelatinas y Flanes,Vasito Gelatina Cafe,futuro
2026-01-21 15:39:10,0.0,Gelatinas y Flanes,Vasito Gelatina Cafe,futuro
2026-01-22 15:39:10,0.0,Gelatinas y Flanes,Vasito Gelatina Cafe,futuro
2026-01-23 15:39:10,0.0,Gelatinas y Flanes,Vasito Gelatina Cafe,futuro
2026-01-24 15:39:10,0.0,Gelatinas y Flanes,Vasito Gelatina Cafe,futuro
2026-01-25 15:39:10,0.0,Gelatinas y Flanes,Vasito Gelatina Cafe,futuro
2026-01-26 15:39:10,0.0,Gelatinas y Flanes,Vasito Gelatina Cafe,futuro
2026-01-27 15:39:10,0.0,Gelatinas y Flanes,Vasito Gelatina Cafe,futuro
2026-01-28 15:39:10,0.0,Gelatinas y Flanes,Vasito Gelatina Cafe,futuro
2026-01-29 15:39:10,0.0,Gelatinas y Flanes,Vasito Gelatina Cafe,futuro
2026-01-30 15:39:10,0.0,Gelatinas y Flanes,Vasito Gelatina Cafe,futuro
2026-01-31 15:39:10,0.0,Gelatinas y Flanes,Vasito Gelatina Cafe,futuro
2026-02-01 15:39:10,0.0,Gelatinas y Flanes,Vasito Gelatina Cafe,futuro
2026-02-02 15:39:10,0.0,Gelatinas y Flanes,Vasito Gelatina Cafe,futuro
2026-02-03 15:39:10,0.0,Gelatinas y Flanes,Vasito Gelatina Cafe,futuro
2025-06-30 19:23:46,0.0,Gelatinas y Flanes,Vasito gelatina de yogurt,futuro
2025-07-01 19:23:46,0.0,Gelatinas y Flanes,Vasito gelatina de yogurt,futuro
2025-07-02 19:23:46,0.0,Gelatinas y Flanes,Vasito gelatina de yogurt,futuro
2025-07-03 19:23:46,0.0,Gelatinas y Flanes,Vasito gelatina de yogurt,futuro
2025-07-04 19:23:46,0.0,Gelatinas y Flanes,Vasito gelatina de yogurt,futuro
2025-07-05 19:23:46,0.0,Gelatinas y Flanes,Vasito gelatina de yogurt,futuro
2025-07-06 19:23:46,0.0,Gelatinas y Flanes,Vasito gelatina de yogurt,futuro
2025-07-07 19:23:46,0.0,Gelatinas y Flanes,Vasito gelatina de yogurt,futuro
2025-07-08 19:23:46,0.0,Gelatinas y Flanes,Vasito gelatina de yogurt,futuro
2025-07-09 19:23:46,0.0,Gelatinas y Flanes,Vasito gelatina de yogurt,futuro
2025-07-10 19:23:46,0.0,Gelatinas y Flanes,Vasito gelatina de yogurt,futuro
2025-07-11 19:23:46,0.0,Gelatinas y Flanes,Vasito gelatina de yogurt,futuro
2025-07-12 19:23:46,0.0,Gelatinas y Flanes,Vasito gelatina de yogurt,futuro
2025-07-13 19:23:46,0.0,Gelatinas y Flanes,Vasito gelatina de yogurt,futuro
2025-07-14 19:23:46,0.0,Gelatinas y Flanes,Vasito gelatina de yogurt,futuro
2025-07-15 19:23:46,0.0,Gelatinas y Flanes,Vasito gelatina de yogurt,futuro
2025-07-16 19:23:46,0.0,Gelatinas y Flanes,Vasito gelatina de yogurt,futuro
2025-07-17 19:23:46,0.0,Gelatinas y Flanes,Vasito gelatina de yogurt,futuro
2025-07-18 19:23:46,0.0,Gelatinas y Flanes,Vasito gelatina de yogurt,futuro
2025-07-19 19:23:46,0.0,Gelatinas y Flanes,Vasito gelatina de yogurt,futuro
2025-07-20 19:23:46,0.0,Gelatinas y Flanes,Vasito gelatina de yogurt,futuro
2025-07-21 19:23:46,0.0,Gelatinas y Flanes,Vasito gelatina de yogurt,futuro
2025-07-22 19:23:46,0.0,Gelatinas y Flanes,Vasito gelatina de yogurt,futuro
2025-07-23 19:23:46,0.0,Gelatinas y Flanes,Vasito gelatina de yogurt,futuro
2025-07-24 19:23:46,0.0,Gelatinas y Flanes,Vasito gelatina de yogurt,futuro
2025-07-25 19:23:46,0.0,Gelatinas y Flanes,Vasito gelatina de yogurt,futuro
2025-07-26 19:23:46,0.0,Gelatinas y Flanes,Vasito gelatina de yogurt,futuro
2025-07-27 19:23:46,0.0,Gelatinas y Flanes,Vasito gelatina de yogurt,futuro
2025-07-28 19:23:46,0.0,Gelatinas y Flanes,Vasito gelatina de yogurt,futuro
2025-07-29 19:23:46,0.0,Gelatinas y Flanes,Vasito gelatina de yogurt,futuro
2025-07-30 19:23:46,0.0,Gelatinas y Flanes,Vasito gelatina de yogurt,futuro
2025-07-31 19:23:46,0.0,Gelatinas y Flanes,Vasito gelatina de yogurt,futuro
2025-08-01 19:23:46,0.0,Gelatinas y Flanes,Vasito gelatina de yogurt,futuro
2025-08-02 19:23:46,0.0,Gelatinas y Flanes,Vasito gelatina de yogurt,futuro
2025-08-03 19:23:46,0.0,Gelatinas y Flanes,Vasito gelatina de yogurt,futuro
2025-08-04 19:23:46,0.0,Gelatinas y Flanes,Vasito gelatina de yogurt,futuro
2025-08-05 19:23:46,0.0,Gelatinas y Flanes,Vasito gelatina de yogurt,futuro
2025-08-06 19:23:46,0.0,Gelatinas y Flanes,Vasito gelatina de yogurt,futuro
2025-08-07 19:23:46,0.0,Gelatinas y Flanes,Vasito gelatina de yogurt,futuro
2025-08-08 19:23:46,0.0,Gelatinas y Flanes,Vasito gelatina de yogurt,futuro
2025-08-09 19:23:46,0.0,Gelatinas y Flanes,Vasito gelatina de yogurt,futuro
2025-08-10 19:23:46,0.0,Gelatinas y Flanes,Vasito gelatina de yogurt,futuro
2025-08-11 19:23:46,0.0,Gelatinas y Flanes,Vasito gelatina de yogurt,futuro
2025-08-12 19:23:46,0.0,Gelatinas y Flanes,Vasito gelatina de yogurt,futuro
2025-08-13 19:23:46,0.0,Gelatinas y Flanes,Vasito gelatina de yogurt,futuro
2025-08-14 19:23:46,0.0,Gelatinas y Flanes,Vasito gelatina de yogurt,futuro
2025-08-15 19:23:46,0.0,Gelatinas y Flanes,Vasito gelatina de yogurt,futuro
2025-08-16 19:23:46,0.0,Gelatinas y Flanes,Vasito gelatina de yogurt,futuro
2025-08-17 19:23:46,0.0,Gelatinas y Flanes,Vasito gelatina de yogurt,futuro
2025-08-18 19:23:46,0.0,Gelatinas y Flanes,Vasito gelatina de yogurt,futuro
2025-08-19 19:23:46,0.0,Gelatinas y Flanes,Vasito gelatina de yogurt,futuro
2025-08-20 19:23:46,0.0,Gelatinas y Flanes,Vasito gelatina de yogurt,futuro
2025-08-21 19:23:46,0.0,Gelatinas y Flanes,Vasito gelatina de yogurt,futuro
2025-08-22 19:23:46,0.0,Gelatinas y Flanes,Vasito gelatina de yogurt,futuro
2025-08-23 19:23:46,0.0,Gelatinas y Flanes,Vasito gelatina de yogurt,futuro
2025-08-24 19:23:46,0.0,Gelatinas y Flanes,Vasito gelatina de yogurt,futuro
2025-08-25 19:23:46,0.0,Gelatinas y Flanes,Vasito gelatina de yogurt,futuro
2025-08-26 19:23:46,0.0,Gelatinas y Flanes,Vasito gelatina de yogurt,futuro
2025-08-27 19:23:46,0.0,Gelatinas y Flanes,Vasito gelatina de yogurt,futuro
2025-08-28 19:23:46,0.0,Gelatinas y Flanes,Vasito gelatina de yogurt,futuro
2025-08-29 19:23:46,0.0,Gelatinas y Flanes,Vasito gelatina de yogurt,futuro
2025-08-30 19:23:46,0.0,Gelatinas y Flanes,Vasito gelatina de yogurt,futuro
2025-08-31 19:23:46,0.0,Gelatinas y Flanes,Vasito gelatina de yogurt,futuro
2025-09-01 19:23:46,0.0,Gelatinas y Flanes,Vasito gelatina de yogurt,futuro
2025-09-02 19:23:46,0.0,Gelatinas y Flanes,Vasito gelatina de yogurt,futuro
2025-09-03 19:23:46,0.0,Gelatinas y Flanes,Vasito gelatina de yogurt,futuro
2025-09-04 19:23:46,0.0,Gelatinas y Flanes,Vasito gelatina de yogurt,futuro
2025-09-05 19:23:46,0.0,Gelatinas y Flanes,Vasito gelatina de yogurt,futuro
2025-09-06 19:23:46,0.0,Gelatinas y Flanes,Vasito gelatina de yogurt,futuro
2025-09-07 19:23:46,0.0,Gelatinas y Flanes,Vasito gelatina de yogurt,futuro
2025-09-08 19:23:46,0.0,Gelatinas y Flanes,Vasito gelatina de yogurt,futuro
2025-09-09 19:23:46,0.0,Gelatinas y Flanes,Vasito gelatina de yogurt,futuro
2025-09-10 19:23:46,0.0,Gelatinas y Flanes,Vasito gelatina de yogurt,futuro
2025-09-11 19:23:46,0.0,Gelatinas y Flanes,Vasito gelatina de yogurt,futuro
2025-09-12 19:23:46,0.0,Gelatinas y Flanes,Vasito gelatina de yogurt,futuro
2025-09-13 19:23:46,0.0,Gelatinas y Flanes,Vasito gelatina de yogurt,futuro
2025-09-14 19:23:46,0.0,Gelatinas y Flanes,Vasito gelatina de yogurt,futuro
2025-09-15 19:23:46,0.0,Gelatinas y Flanes,Vasito gelatina de yogurt,futuro
2025-09-16 19:23:46,0.0,Gelatinas y Flanes,Vasito gelatina de yogurt,futuro
2025-09-17 19:23:46,0.0,Gelatinas y Flanes,Vasito gelatina de yogurt,futuro
2025-09-18 19:23:46,0.0,Gelatinas y Flanes,Vasito gelatina de yogurt,futuro
2025-09-19 19:23:46,0.0,Gelatinas y Flanes,Vasito gelatina de yogurt,futuro
2025-09-20 19:23:46,0.0,Gelatinas y Flanes,Vasito gelatina de yogurt,futuro
2025-09-21 19:23:46,0.0,Gelatinas y Flanes,Vasito gelatina de yogurt,futuro
2025-09-22 19:23:46,0.0,Gelatinas y Flanes,Vasito gelatina de yogurt,futuro
2025-09-23 19:23:46,0.0,Gelatinas y Flanes,Vasito gelatina de yogurt,futuro
2025-09-24 19:23:46,0.0,Gelatinas y Flanes,Vasito gelatina de yogurt,futuro
2025-09-25 19:23:46,0.0,Gelatinas y Flanes,Vasito gelatina de yogurt,futuro
2025-09-26 19:23:46,0.0,Gelatinas y Flanes,Vasito gelatina de yogurt,futuro
2025-09-27 19:23:46,0.0,Gelatinas y Flanes,Vasito gelatina de yogurt,futuro
2025-11-06 13:00:55,0.0,General,Costo de envío,futuro
2025-11-07 13:00:55,0.0,General,Costo de envío,futuro
2025-11-08 13:00:55,0.0,General,Costo de envío,futuro
2025-11-09 13:00:55,0.0,General,Costo de envío,futuro
2025-11-10 13:00:55,0.0,General,Costo de envío,futuro
2025-11-11 13:00:55,0.0,General,Costo de envío,futuro
2025-11-12 13:00:55,0.0,General,Costo de envío,futuro
2025-11-13 13:00:55,0.0,General,Costo de envío,futuro
2025-11-14 13:00:55,0.0,General,Costo de envío,futuro
2025-11-15 13:00:55,0.0,General,Costo de envío,futuro
2025-11-16 13:00:55,0.0,General,Costo de envío,futuro
2025-11-17 13:00:55,0.0,General,Costo de envío,futuro
2025-11-18 13:00:55,0.0,General,Costo de envío,futuro
2025-11-19 13:00:55,0.0,General,Costo de envío,futuro
2025-11-20 13:00:55,0.0,General,Costo de envío,futuro
2025-11-21 13:00:55,0.0,General,Costo de envío,futuro
2025-11-22 13:00:55,0.0,General,Costo de envío,futuro
2025-11-23 13:00:55,0.0,General,Costo de envío,futuro
2025-11-24 13:00:55,0.0,General,Costo de envío,futuro
2025-11-25 13:00:55,0.0,General,Costo de envío,futuro
2025-11-26 13:00:55,0.0,General,Costo de envío,futuro
2025-11-27 13:00:55,0.0,General,Costo de envío,futuro
2025-11-28 13:00:55,0.0,General,Costo de envío,futuro
2025-11-29 13:00:55,0.0,General,Costo de envío,futuro
2025-11-30 13:00:55,0.0,General,Costo de envío,futuro
2025-12-01 13:00:55,0.0,General,Costo de envío,futuro
2025-12-02 13:00:55,0.0,General,Costo de envío,futuro
2025-12-03 13:00:55,0.0,General,Costo de envío,futuro
2025-12-04 13:00:55,0.0,General,Costo de envío,futuro
2025-12-05 13:00:55,0.0,General,Costo de envío,futuro
2025-12-06 13:00:55,0.0,General,Costo de envío,futuro
2025-12-07 13:00:55,0.0,General,Costo de envío,futuro
2025-12-08 13:00:55,0.0,General,Costo de envío,futuro
2025-12-09 13:00:55,0.0,General,Costo de envío,futuro
2025-12-10 13:00:55,0.0,General,Costo de envío,futuro
2025-12-11 13:00:55,0.0,General,Costo de envío,futuro
2025-12-12 13:00:55,0.0,General,Costo de envío,futuro
2025-12-13 13:00:55,0.0,General,Costo de envío,futuro
2025-12-14 13:00:55,0.0,General,Costo de envío,futuro
2025-12-15 13:00:55,0.0,General,Costo de envío,futuro
2025-12-16 13:00:55,0.0,General,Costo de envío,futuro
2025-12-17 13:00:55,0.0,General,Costo de envío,futuro
2025-12-18 13:00:55,0.0,General,Costo de envío,futuro
2025-12-19 13:00:55,0.0,General,Costo de envío,futuro
2025-12-20 13:00:55,0.0,General,Costo de envío,futuro
2025-12-21 13:00:55,0.0,General,Costo de envío,futuro
2025-12-22 13:00:55,0.0,General,Costo de envío,futuro
2025-12-23 13:00:55,0.0,General,Costo de envío,futuro
2025-12-24 13:00:55,0.0,General,Costo de envío,futuro
2025-12-25 13:00:55,0.0,General,Costo de envío,futuro
2025-12-26 13:00:55,0.0,General,Costo de envío,futuro
2025-12-27 13:00:55,0.0,General,Costo de envío,futuro
2025-12-28 13:00:55,0.0,General,Costo de envío,futuro
2025-12-29 13:00:55,0.0,General,Costo de envío,futuro
2025-12-30 13:00:55,0.0,General,Costo de envío,futuro
2025-12-31 13:00:55,0.0,General,Costo de envío,futuro
2026-01-01 13:00:55,0.0,General,Costo de envío,futuro
2026-01-02 13:00:55,0.0,General,Costo de envío,futuro
2026-01-03 13:00:55,0.0,General,Costo de envío,futuro
2026-01-04 13:00:55,0.0,General,Costo de envío,futuro
2026-01-05 13:00:55,0.0,General,Costo de envío,futuro
2026-01-06 13:00:55,0.0,General,Costo de envío,futuro
2026-01-07 13:00:55,0.0,General,Costo de envío,futuro
2026-01-08 13:00:55,0.0,General,Costo de envío,futuro
2026-01-09 13:00:55,0.0,General,Costo de envío,futuro
2026-01-10 13:00:55,0.0,General,Costo de envío,futuro
2026-01-11 13:00:55,0.0,General,Costo de envío,futuro
2026-01-12 13:00:55,0.0,General,Costo de envío,futuro
2026-01-13 13:00:55,0.0,General,Costo de envío,futuro
2026-01-14 13:00:55,0.0,General,Costo de envío,futuro
2026-01-15 13:00:55,0.0,General,Costo de envío,futuro
2026-01-16 13:00:55,0.0,General,Costo de envío,futuro
2026-01-17 13:00:55,0.0,General,Costo de envío,futuro
2026-01-18 13:00:55,0.0,General,Costo de envío,futuro
2026-01-19 13:00:55,0.0,General,Costo de envío,futuro
2026-01-20 13:00:55,0.0,General,Costo de envío,futuro
2026-01-21 13:00:55,0.0,General,Costo de envío,futuro
2026-01-22 13:00:55,0.0,General,Costo de envío,futuro
2026-01-23 13:00:55,0.0,General,Costo de envío,futuro
2026-01-24 13:00:55,0.0,General,Costo de envío,futuro
2026-01-25 13:00:55,0.0,General,Costo de envío,futuro
2026-01-26 13:00:55,0.0,General,Costo de envío,futuro
2026-01-27 13:00:55,0.0,General,Costo de envío,futuro
2026-01-28 13:00:55,0.0,General,Costo de envío,futuro
2026-01-29 13:00:55,0.0,General,Costo de envío,futuro
2026-01-30 13:00:55,0.0,General,Costo de envío,futuro
2026-01-31 13:00:55,0.0,General,Costo de envío,futuro
2026-02-01 13:00:55,0.0,General,Costo de envío,futuro
2026-02-02 13:00:55,0.0,General,Costo de envío,futuro
2026-02-03 13:00:55,0.0,General,Costo de envío,futuro
2025-02-14 15:10:35,0.0,Panadería,Alfajores de chocolate,futuro
2025-02-15 15:10:35,0.0,Panadería,Alfajores de chocolate,futuro
2025-02-16 15:10:35,0.0,Panadería,Alfajores de chocolate,futuro
2025-02-17 15:10:35,0.0,Panadería,Alfajores de chocolate,futuro
2025-02-18 15:10:35,0.0,Panadería,Alfajores de chocolate,futuro
2025-02-19 15:10:35,0.0,Panadería,Alfajores de chocolate,futuro
2025-02-20 15:10:35,0.0,Panadería,Alfajores de chocolate,futuro
2025-02-21 15:10:35,0.0,Panadería,Alfajores de chocolate,futuro
2025-02-22 15:10:35,0.0,Panadería,Alfajores de chocolate,futuro
2025-02-23 15:10:35,0.0,Panadería,Alfajores de chocolate,futuro
2025-02-24 15:10:35,0.0,Panadería,Alfajores de chocolate,futuro
2025-02-25 15:10:35,0.0,Panadería,Alfajores de chocolate,futuro
2025-02-26 15:10:35,0.0,Panadería,Alfajores de chocolate,futuro
2025-02-27 15:10:35,0.0,Panadería,Alfajores de chocolate,futuro
2025-02-28 15:10:35,0.0,Panadería,Alfajores de chocolate,futuro
2025-03-01 15:10:35,0.0,Panadería,Alfajores de chocolate,futuro
2025-03-02 15:10:35,0.0,Panadería,Alfajores de chocolate,futuro
2025-03-03 15:10:35,0.0,Panadería,Alfajores de chocolate,futuro
2025-03-04 15:10:35,0.0,Panadería,Alfajores de chocolate,futuro
2025-03-05 15:10:35,0.0,Panadería,Alfajores de chocolate,futuro
2025-03-06 15:10:35,0.0,Panadería,Alfajores de chocolate,futuro
2025-03-07 15:10:35,0.0,Panadería,Alfajores de chocolate,futuro
2025-03-08 15:10:35,0.0,Panadería,Alfajores de chocolate,futuro
2025-03-09 15:10:35,0.0,Panadería,Alfajores de chocolate,futuro
2025-03-10 15:10:35,0.0,Panadería,Alfajores de chocolate,futuro
2025-03-11 15:10:35,0.0,Panadería,Alfajores de chocolate,futuro
2025-03-12 15:10:35,0.0,Panadería,Alfajores de chocolate,futuro
2025-03-13 15:10:35,0.0,Panadería,Alfajores de chocolate,futuro
2025-03-14 15:10:35,0.0,Panadería,Alfajores de chocolate,futuro
2025-03-15 15:10:35,0.0,Panadería,Alfajores de chocolate,futuro
2025-03-16 15:10:35,0.0,Panadería,Alfajores de chocolate,futuro
2025-03-17 15:10:35,0.0,Panadería,Alfajores de chocolate,futuro
2025-03-18 15:10:35,0.0,Panadería,Alfajores de chocolate,futuro
2025-03-19 15:10:35,0.0,Panadería,Alfajores de chocolate,futuro
2025-03-20 15:10:35,0.0,Panadería,Alfajores de chocolate,futuro
2025-03-21 15:10:35,0.0,Panadería,Alfajores de chocolate,futuro
2025-03-22 15:10:35,0.0,Panadería,Alfajores de chocolate,futuro
2025-03-23 15:10:35,0.0,Panadería,Alfajores de chocolate,futuro
2025-03-24 15:10:35,0.0,Panadería,Alfajores de chocolate,futuro
2025-03-25 15:10:35,0.0,Panadería,Alfajores de chocolate,futuro
2025-03-26 15:10:35,0.0,Panadería,Alfajores de chocolate,futuro
2025-03-27 15:10:35,0.0,Panadería,Alfajores de chocolate,futuro
2025-03-28 15:10:35,0.0,Panadería,Alfajores de chocolate,futuro
2025-03-29 15:10:35,0.0,Panadería,Alfajores de chocolate,futuro
2025-03-30 15:10:35,0.0,Panadería,Alfajores de chocolate,futuro
2025-03-31 15:10:35,0.0,Panadería,Alfajores de chocolate,futuro
2025-04-01 15:10:35,0.0,Panadería,Alfajores de chocolate,futuro
2025-04-02 15:10:35,0.0,Panadería,Alfajores de chocolate,futuro
2025-04-03 15:10:35,0.0,Panadería,Alfajores de chocolate,futuro
2025-04-04 15:10:35,0.0,Panadería,Alfajores de chocolate,futuro
2025-04-05 15:10:35,0.0,Panadería,Alfajores de chocolate,futuro
2025-04-06 15:10:35,0.0,Panadería,Alfajores de chocolate,futuro
2025-04-07 15:10:35,0.0,Panadería,Alfajores de chocolate,futuro
2025-04-08 15:10:35,0.0,Panadería,Alfajores de chocolate,futuro
2025-04-09 15:10:35,0.0,Panadería,Alfajores de chocolate,futuro
2025-04-10 15:10:35,0.0,Panadería,Alfajores de chocolate,futuro
2025-04-11 15:10:35,0.0,Panadería,Alfajores de chocolate,futuro
2025-04-12 15:10:35,0.0,Panadería,Alfajores de chocolate,futuro
2025-04-13 15:10:35,0.0,Panadería,Alfajores de chocolate,futuro
2025-04-14 15:10:35,0.0,Panadería,Alfajores de chocolate,futuro
2025-04-15 15:10:35,0.0,Panadería,Alfajores de chocolate,futuro
2025-04-16 15:10:35,0.0,Panadería,Alfajores de chocolate,futuro
2025-04-17 15:10:35,0.0,Panadería,Alfajores de chocolate,futuro
2025-04-18 15:10:35,0.0,Panadería,Alfajores de chocolate,futuro
2025-04-19 15:10:35,0.0,Panadería,Alfajores de chocolate,futuro
2025-04-20 15:10:35,0.0,Panadería,Alfajores de chocolate,futuro
2025-04-21 15:10:35,0.0,Panadería,Alfajores de chocolate,futuro
2025-04-22 15:10:35,0.0,Panadería,Alfajores de chocolate,futuro
2025-04-23 15:10:35,0.0,Panadería,Alfajores de chocolate,futuro
2025-04-24 15:10:35,0.0,Panadería,Alfajores de chocolate,futuro
2025-04-25 15:10:35,0.0,Panadería,Alfajores de chocolate,futuro
2025-04-26 15:10:35,0.0,Panadería,Alfajores de chocolate,futuro
2025-04-27 15:10:35,0.0,Panadería,Alfajores de chocolate,futuro
2025-04-28 15:10:35,0.0,Panadería,Alfajores de chocolate,futuro
2025-04-29 15:10:35,0.0,Panadería,Alfajores de chocolate,futuro
2025-04-30 15:10:35,0.0,Panadería,Alfajores de chocolate,futuro
2025-05-01 15:10:35,0.0,Panadería,Alfajores de chocolate,futuro
2025-05-02 15:10:35,0.0,Panadería,Alfajores de chocolate,futuro
2025-05-03 15:10:35,0.0,Panadería,Alfajores de chocolate,futuro
2025-05-04 15:10:35,0.0,Panadería,Alfajores de chocolate,futuro
2025-05-05 15:10:35,0.0,Panadería,Alfajores de chocolate,futuro
2025-05-06 15:10:35,0.0,Panadería,Alfajores de chocolate,futuro
2025-05-07 15:10:35,0.0,Panadería,Alfajores de chocolate,futuro
2025-05-08 15:10:35,0.0,Panadería,Alfajores de chocolate,futuro
2025-05-09 15:10:35,0.0,Panadería,Alfajores de chocolate,futuro
2025-05-10 15:10:35,0.0,Panadería,Alfajores de chocolate,futuro
2025-05-11 15:10:35,0.0,Panadería,Alfajores de chocolate,futuro
2025-05-12 15:10:35,0.0,Panadería,Alfajores de chocolate,futuro
2025-05-13 15:10:35,0.0,Panadería,Alfajores de chocolate,futuro
2025-05-14 15:10:35,0.0,Panadería,Alfajores de chocolate,futuro
2025-11-02 10:42:44,0.0,Panadería,Bisquet,futuro
2025-11-03 10:42:44,0.0,Panadería,Bisquet,futuro
2025-11-04 10:42:44,0.0,Panadería,Bisquet,futuro
2025-11-05 10:42:44,0.0,Panadería,Bisquet,futuro
2025-11-06 10:42:44,0.0,Panadería,Bisquet,futuro
2025-11-07 10:42:44,0.0,Panadería,Bisquet,futuro
2025-11-08 10:42:44,0.0,Panadería,Bisquet,futuro
2025-11-09 10:42:44,0.0,Panadería,Bisquet,futuro
2025-11-10 10:42:44,0.0,Panadería,Bisquet,futuro
2025-11-11 10:42:44,0.0,Panadería,Bisquet,futuro
2025-11-12 10:42:44,0.0,Panadería,Bisquet,futuro
2025-11-13 10:42:44,0.0,Panadería,Bisquet,futuro
2025-11-14 10:42:44,0.0,Panadería,Bisquet,futuro
2025-11-15 10:42:44,0.0,Panadería,Bisquet,futuro
2025-11-16 10:42:44,0.0,Panadería,Bisquet,futuro
2025-11-17 10:42:44,0.0,Panadería,Bisquet,futuro
2025-11-18 10:42:44,0.0,Panadería,Bisquet,futuro
2025-11-19 10:42:44,0.0,Panadería,Bisquet,futuro
2025-11-20 10:42:44,0.0,Panadería,Bisquet,futuro
2025-11-21 10:42:44,0.0,Panadería,Bisquet,futuro
2025-11-22 10:42:44,0.0,Panadería,Bisquet,futuro
2025-11-23 10:42:44,0.0,Panadería,Bisquet,futuro
2025-11-24 10:42:44,0.0,Panadería,Bisquet,futuro
2025-11-25 10:42:44,0.0,Panadería,Bisquet,futuro
2025-11-26 10:42:44,0.0,Panadería,Bisquet,futuro
2025-11-27 10:42:44,0.0,Panadería,Bisquet,futuro
2025-11-28 10:42:44,0.0,Panadería,Bisquet,futuro
2025-11-29 10:42:44,0.0,Panadería,Bisquet,futuro
2025-11-30 10:42:44,0.0,Panadería,Bisquet,futuro
2025-12-01 10:42:44,0.0,Panadería,Bisquet,futuro
2025-12-02 10:42:44,0.0,Panadería,Bisquet,futuro
2025-12-03 10:42:44,0.0,Panadería,Bisquet,futuro
2025-12-04 10:42:44,0.0,Panadería,Bisquet,futuro
2025-12-05 10:42:44,0.0,Panadería,Bisquet,futuro
2025-12-06 10:42:44,0.0,Panadería,Bisquet,futuro
2025-12-07 10:42:44,0.0,Panadería,Bisquet,futuro
2025-12-08 10:42:44,0.0,Panadería,Bisquet,futuro
2025-12-09 10:42:44,0.0,Panadería,Bisquet,futuro
2025-12-10 10:42:44,0.0,Panadería,Bisquet,futuro
2025-12-11 10:42:44,0.0,Panadería,Bisquet,futuro
2025-12-12 10:42:44,0.0,Panadería,Bisquet,futuro
2025-12-13 10:42:44,0.0,Panadería,Bisquet,futuro
2025-12-14 10:42:44,0.0,Panadería,Bisquet,futuro
2025-12-15 10:42:44,0.0,Panadería,Bisquet,futuro
2025-12-16 10:42:44,0.0,Panadería,Bisquet,futuro
2025-12-17 10:42:44,0.0,Panadería,Bisquet,futuro
2025-12-18 10:42:44,0.0,Panadería,Bisquet,futuro
2025-12-19 10:42:44,0.0,Panadería,Bisquet,futuro
2025-12-20 10:42:44,0.0,Panadería,Bisquet,futuro
2025-12-21 10:42:44,0.0,Panadería,Bisquet,futuro
2025-12-22 10:42:44,0.0,Panadería,Bisquet,futuro
2025-12-23 10:42:44,0.0,Panadería,Bisquet,futuro
2025-12-24 10:42:44,0.0,Panadería,Bisquet,futuro
2025-12-25 10:42:44,0.0,Panadería,Bisquet,futuro
2025-12-26 10:42:44,0.0,Panadería,Bisquet,futuro
2025-12-27 10:42:44,0.0,Panadería,Bisquet,futuro
2025-12-28 10:42:44,0.0,Panadería,Bisquet,futuro
2025-12-29 10:42:44,0.0,Panadería,Bisquet,futuro
2025-12-30 10:42:44,0.0,Panadería,Bisquet,futuro
2025-12-31 10:42:44,0.0,Panadería,Bisquet,futuro
2026-01-01 10:42:44,0.0,Panadería,Bisquet,futuro
2026-01-02 10:42:44,0.0,Panadería,Bisquet,futuro
2026-01-03 10:42:44,0.0,Panadería,Bisquet,futuro
2026-01-04 10:42:44,0.0,Panadería,Bisquet,futuro
2026-01-05 10:42:44,0.0,Panadería,Bisquet,futuro
2026-01-06 10:42:44,0.0,Panadería,Bisquet,futuro
2026-01-07 10:42:44,0.0,Panadería,Bisquet,futuro
2026-01-08 10:42:44,0.0,Panadería,Bisquet,futuro
2026-01-09 10:42:44,0.0,Panadería,Bisquet,futuro
2026-01-10 10:42:44,0.0,Panadería,Bisquet,futuro
2026-01-11 10:42:44,0.0,Panadería,Bisquet,futuro
2026-01-12 10:42:44,0.0,Panadería,Bisquet,futuro
2026-01-13 10:42:44,0.0,Panadería,Bisquet,futuro
2026-01-14 10:42:44,0.0,Panadería,Bisquet,futuro
2026-01-15 10:42:44,0.0,Panadería,Bisquet,futuro
2026-01-16 10:42:44,0.0,Panadería,Bisquet,futuro
2026-01-17 10:42:44,0.0,Panadería,Bisquet,futuro
2026-01-18 10:42:44,0.0,Panadería,Bisquet,futuro
2026-01-19 10:42:44,0.0,Panadería,Bisquet,futuro
2026-01-20 10:42:44,0.0,Panadería,Bisquet,futuro
2026-01-21 10:42:44,0.0,Panadería,Bisquet,futuro
2026-01-22 10:42:44,0.0,Panadería,Bisquet,futuro
2026-01-23 10:42:44,0.0,Panadería,Bisquet,futuro
2026-01-24 10:42:44,0.0,Panadería,Bisquet,futuro
2026-01-25 10:42:44,0.0,Panadería,Bisquet,futuro
2026-01-26 10:42:44,0.0,Panadería,Bisquet,futuro
2026-01-27 10:42:44,0.0,Panadería,Bisquet,futuro
2026-01-28 10:42:44,0.0,Panadería,Bisquet,futuro
2026-01-29 10:42:44,0.0,Panadería,Bisquet,futuro
2026-01-30 10:42:44,0.0,Panadería,Bisquet,futuro
2024-05-24 20:27:13,0.0,Panadería,Brownie Cheesecake Ind.,futuro
2024-05-25 20:27:13,0.0,Panadería,Brownie Cheesecake Ind.,futuro
2024-05-26 20:27:13,0.0,Panadería,Brownie Cheesecake Ind.,futuro
2024-05-27 20:27:13,0.0,Panadería,Brownie Cheesecake Ind.,futuro
2024-05-28 20:27:13,0.0,Panadería,Brownie Cheesecake Ind.,futuro
2024-05-29 20:27:13,0.0,Panadería,Brownie Cheesecake Ind.,futuro
2024-05-30 20:27:13,0.0,Panadería,Brownie Cheesecake Ind.,futuro
2024-05-31 20:27:13,0.0,Panadería,Brownie Cheesecake Ind.,futuro
2024-06-01 20:27:13,0.0,Panadería,Brownie Cheesecake Ind.,futuro
2024-06-02 20:27:13,0.0,Panadería,Brownie Cheesecake Ind.,futuro
2024-06-03 20:27:13,0.0,Panadería,Brownie Cheesecake Ind.,futuro
2024-06-04 20:27:13,0.0,Panadería,Brownie Cheesecake Ind.,futuro
2024-06-05 20:27:13,0.0,Panadería,Brownie Cheesecake Ind.,futuro
2024-06-06 20:27:13,0.0,Panadería,Brownie Cheesecake Ind.,futuro
2024-06-07 20:27:13,0.0,Panadería,Brownie Cheesecake Ind.,futuro
2024-06-08 20:27:13,0.0,Panadería,Brownie Cheesecake Ind.,futuro
2024-06-09 20:27:13,0.0,Panadería,Brownie Cheesecake Ind.,futuro
2024-06-10 20:27:13,0.0,Panadería,Brownie Cheesecake Ind.,futuro
2024-06-11 20:27:13,0.0,Panadería,Brownie Cheesecake Ind.,futuro
2024-06-12 20:27:13,0.0,Panadería,Brownie Cheesecake Ind.,futuro
2024-06-13 20:27:13,0.0,Panadería,Brownie Cheesecake Ind.,futuro
2024-06-14 20:27:13,0.0,Panadería,Brownie Cheesecake Ind.,futuro
2024-06-15 20:27:13,0.0,Panadería,Brownie Cheesecake Ind.,futuro
2024-06-16 20:27:13,0.0,Panadería,Brownie Cheesecake Ind.,futuro
2024-06-17 20:27:13,0.0,Panadería,Brownie Cheesecake Ind.,futuro
2024-06-18 20:27:13,0.0,Panadería,Brownie Cheesecake Ind.,futuro
2024-06-19 20:27:13,0.0,Panadería,Brownie Cheesecake Ind.,futuro
2024-06-20 20:27:13,0.0,Panadería,Brownie Cheesecake Ind.,futuro
2024-06-21 20:27:13,0.0,Panadería,Brownie Cheesecake Ind.,futuro
2024-06-22 20:27:13,0.0,Panadería,Brownie Cheesecake Ind.,futuro
2024-06-23 20:27:13,0.0,Panadería,Brownie Cheesecake Ind.,futuro
2024-06-24 20:27:13,0.0,Panadería,Brownie Cheesecake Ind.,futuro
2024-06-25 20:27:13,0.0,Panadería,Brownie Cheesecake Ind.,futuro
2024-06-26 20:27:13,0.0,Panadería,Brownie Cheesecake Ind.,futuro
2024-06-27 20:27:13,0.0,Panadería,Brownie Cheesecake Ind.,futuro
2024-06-28 20:27:13,0.0,Panadería,Brownie Cheesecake Ind.,futuro
2024-06-29 20:27:13,0.0,Panadería,Brownie Cheesecake Ind.,futuro
2024-06-30 20:27:13,0.0,Panadería,Brownie Cheesecake Ind.,futuro
2024-07-01 20:27:13,0.0,Panadería,Brownie Cheesecake Ind.,futuro
2024-07-02 20:27:13,0.0,Panadería,Brownie Cheesecake Ind.,futuro
2024-07-03 20:27:13,0.0,Panadería,Brownie Cheesecake Ind.,futuro
2024-07-04 20:27:13,0.0,Panadería,Brownie Cheesecake Ind.,futuro
2024-07-05 20:27:13,0.0,Panadería,Brownie Cheesecake Ind.,futuro
2024-07-06 20:27:13,0.0,Panadería,Brownie Cheesecake Ind.,futuro
2024-07-07 20:27:13,0.0,Panadería,Brownie Cheesecake Ind.,futuro
2024-07-08 20:27:13,0.0,Panadería,Brownie Cheesecake Ind.,futuro
2024-07-09 20:27:13,0.0,Panadería,Brownie Cheesecake Ind.,futuro
2024-07-10 20:27:13,0.0,Panadería,Brownie Cheesecake Ind.,futuro
2024-07-11 20:27:13,0.0,Panadería,Brownie Cheesecake Ind.,futuro
2024-07-12 20:27:13,0.0,Panadería,Brownie Cheesecake Ind.,futuro
2024-07-13 20:27:13,0.0,Panadería,Brownie Cheesecake Ind.,futuro
2024-07-14 20:27:13,0.0,Panadería,Brownie Cheesecake Ind.,futuro
2024-07-15 20:27:13,0.0,Panadería,Brownie Cheesecake Ind.,futuro
2024-07-16 20:27:13,0.0,Panadería,Brownie Cheesecake Ind.,futuro
2024-07-17 20:27:13,0.0,Panadería,Brownie Cheesecake Ind.,futuro
2024-07-18 20:27:13,0.0,Panadería,Brownie Cheesecake Ind.,futuro
2024-07-19 20:27:13,0.0,Panadería,Brownie Cheesecake Ind.,futuro
2024-07-20 20:27:13,0.0,Panadería,Brownie Cheesecake Ind.,futuro
2024-07-21 20:27:13,0.0,Panadería,Brownie Cheesecake Ind.,futuro
2024-07-22 20:27:13,0.0,Panadería,Brownie Cheesecake Ind.,futuro
2024-07-23 20:27:13,0.0,Panadería,Brownie Cheesecake Ind.,futuro
2024-07-24 20:27:13,0.0,Panadería,Brownie Cheesecake Ind.,futuro
2024-07-25 20:27:13,0.0,Panadería,Brownie Cheesecake Ind.,futuro
2024-07-26 20:27:13,0.0,Panadería,Brownie Cheesecake Ind.,futuro
2024-07-27 20:27:13,0.0,Panadería,Brownie Cheesecake Ind.,futuro
2024-07-28 20:27:13,0.0,Panadería,Brownie Cheesecake Ind.,futuro
2024-07-29 20:27:13,0.0,Panadería,Brownie Cheesecake Ind.,futuro
2024-07-30 20:27:13,0.0,Panadería,Brownie Cheesecake Ind.,futuro
2024-07-31 20:27:13,0.0,Panadería,Brownie Cheesecake Ind.,futuro
2024-08-01 20:27:13,0.0,Panadería,Brownie Cheesecake Ind.,futuro
2024-08-02 20:27:13,0.0,Panadería,Brownie Cheesecake Ind.,futuro
2024-08-03 20:27:13,0.0,Panadería,Brownie Cheesecake Ind.,futuro
2024-08-04 20:27:13,0.0,Panadería,Brownie Cheesecake Ind.,futuro
2024-08-05 20:27:13,0.0,Panadería,Brownie Cheesecake Ind.,futuro
2024-08-06 20:27:13,0.0,Panadería,Brownie Cheesecake Ind.,futuro
2024-08-07 20:27:13,0.0,Panadería,Brownie Cheesecake Ind.,futuro
2024-08-08 20:27:13,0.0,Panadería,Brownie Cheesecake Ind.,futuro
2024-08-09 20:27:13,0.0,Panadería,Brownie Cheesecake Ind.,futuro
2024-08-10 20:27:13,0.0,Panadería,Brownie Cheesecake Ind.,futuro
2024-08-11 20:27:13,0.0,Panadería,Brownie Cheesecake Ind.,futuro
2024-08-12 20:27:13,0.0,Panadería,Brownie Cheesecake Ind.,futuro
2024-08-13 20:27:13,0.0,Panadería,Brownie Cheesecake Ind.,futuro
2024-08-14 20:27:13,0.0,Panadería,Brownie Cheesecake Ind.,futuro
2024-08-15 20:27:13,0.0,Panadería,Brownie Cheesecake Ind.,futuro
2024-08-16 20:27:13,0.0,Panadería,Brownie Cheesecake Ind.,futuro
2024-08-17 20:27:13,0.0,Panadería,Brownie Cheesecake Ind.,futuro
2024-08-18 20:27:13,0.0,Panadería,Brownie Cheesecake Ind.,futuro
2024-08-19 20:27:13,0.0,Panadería,Brownie Cheesecake Ind.,futuro
2024-08-20 20:27:13,0.0,Panadería,Brownie Cheesecake Ind.,futuro
2024-08-21 20:27:13,0.0,Panadería,Brownie Cheesecake Ind.,futuro
2025-06-20 15:40:20,0.0,Panadería,Brownie dúo,futuro
2025-06-21 15:40:20,0.0,Panadería,Brownie dúo,futuro
2025-06-22 15:40:20,0.0,Panadería,Brownie dúo,futuro
2025-06-23 15:40:20,0.0,Panadería,Brownie dúo,futuro
2025-06-24 15:40:20,0.0,Panadería,Brownie dúo,futuro
2025-06-25 15:40:20,0.0,Panadería,Brownie dúo,futuro
2025-06-26 15:40:20,0.0,Panadería,Brownie dúo,futuro
2025-06-27 15:40:20,0.0,Panadería,Brownie dúo,futuro
2025-06-28 15:40:20,0.0,Panadería,Brownie dúo,futuro
2025-06-29 15:40:20,0.0,Panadería,Brownie dúo,futuro
2025-06-30 15:40:20,0.0,Panadería,Brownie dúo,futuro
2025-07-01 15:40:20,0.0,Panadería,Brownie dúo,futuro
2025-07-02 15:40:20,0.0,Panadería,Brownie dúo,futuro
2025-07-03 15:40:20,0.0,Panadería,Brownie dúo,futuro
2025-07-04 15:40:20,0.0,Panadería,Brownie dúo,futuro
2025-07-05 15:40:20,0.0,Panadería,Brownie dúo,futuro
2025-07-06 15:40:20,0.0,Panadería,Brownie dúo,futuro
2025-07-07 15:40:20,0.0,Panadería,Brownie dúo,futuro
2025-07-08 15:40:20,0.0,Panadería,Brownie dúo,futuro
2025-07-09 15:40:20,0.0,Panadería,Brownie dúo,futuro
2025-07-10 15:40:20,0.0,Panadería,Brownie dúo,futuro
2025-07-11 15:40:20,0.0,Panadería,Brownie dúo,futuro
2025-07-12 15:40:20,0.0,Panadería,Brownie dúo,futuro
2025-07-13 15:40:20,0.0,Panadería,Brownie dúo,futuro
2025-07-14 15:40:20,0.0,Panadería,Brownie dúo,futuro
2025-07-15 15:40:20,0.0,Panadería,Brownie dúo,futuro
2025-07-16 15:40:20,0.0,Panadería,Brownie dúo,futuro
2025-07-17 15:40:20,0.0,Panadería,Brownie dúo,futuro
2025-07-18 15:40:20,0.0,Panadería,Brownie dúo,futuro
2025-07-19 15:40:20,0.0,Panadería,Brownie dúo,futuro
2025-07-20 15:40:20,0.0,Panadería,Brownie dúo,futuro
2025-07-21 15:40:20,0.0,Panadería,Brownie dúo,futuro
2025-07-22 15:40:20,0.0,Panadería,Brownie dúo,futuro
2025-07-23 15:40:20,0.0,Panadería,Brownie dúo,futuro
2025-07-24 15:40:20,0.0,Panadería,Brownie dúo,futuro
2025-07-25 15:40:20,0.0,Panadería,Brownie dúo,futuro
2025-07-26 15:40:20,0.0,Panadería,Brownie dúo,futuro
2025-07-27 15:40:20,0.0,Panadería,Brownie dúo,futuro
2025-07-28 15:40:20,0.0,Panadería,Brownie dúo,futuro
2025-07-29 15:40:20,0.0,Panadería,Brownie dúo,futuro
2025-07-30 15:40:20,0.0,Panadería,Brownie dúo,futuro
2025-07-31 15:40:20,0.0,Panadería,Brownie dúo,futuro
2025-08-01 15:40:20,0.0,Panadería,Brownie dúo,futuro
2025-08-02 15:40:20,0.0,Panadería,Brownie dúo,futuro
2025-08-03 15:40:20,0.0,Panadería,Brownie dúo,futuro
2025-08-04 15:40:20,0.0,Panadería,Brownie dúo,futuro
2025-08-05 15:40:20,0.0,Panadería,Brownie dúo,futuro
2025-08-06 15:40:20,0.0,Panadería,Brownie dúo,futuro
2025-08-07 15:40:20,0.0,Panadería,Brownie dúo,futuro
2025-08-08 15:40:20,0.0,Panadería,Brownie dúo,futuro
2025-08-09 15:40:20,0.0,Panadería,Brownie dúo,futuro
2025-08-10 15:40:20,0.0,Panadería,Brownie dúo,futuro
2025-08-11 15:40:20,0.0,Panadería,Brownie dúo,futuro
2025-08-12 15:40:20,0.0,Panadería,Brownie dúo,futuro
2025-08-13 15:40:20,0.0,Panadería,Brownie dúo,futuro
2025-08-14 15:40:20,0.0,Panadería,Brownie dúo,futuro
2025-08-15 15:40:20,0.0,Panadería,Brownie dúo,futuro
2025-08-16 15:40:20,0.0,Panadería,Brownie dúo,futuro
2025-08-17 15:40:20,0.0,Panadería,Brownie dúo,futuro
2025-08-18 15:40:20,0.0,Panadería,Brownie dúo,futuro
2025-08-19 15:40:20,0.0,Panadería,Brownie dúo,futuro
2025-08-20 15:40:20,0.0,Panadería,Brownie dúo,futuro
2025-08-21 15:40:20,0.0,Panadería,Brownie dúo,futuro
2025-08-22 15:40:20,0.0,Panadería,Brownie dúo,futuro
2025-08-23 15:40:20,0.0,Panadería,Brownie dúo,futuro
2025-08-24 15:40:20,0.0,Panadería,Brownie dúo,futuro
2025-08-25 15:40:20,0.0,Panadería,Brownie dúo,futuro
2025-08-26 15:40:20,0.0,Panadería,Brownie dúo,futuro
2025-08-27 15:40:20,0.0,Panadería,Brownie dúo,futuro
2025-08-28 15:40:20,0.0,Panadería,Brownie dúo,futuro
2025-08-29 15:40:20,0.0,Panadería,Brownie dúo,futuro
2025-08-30 15:40:20,0.0,Panadería,Brownie dúo,futuro
2025-08-31 15:40:20,0.0,Panadería,Brownie dúo,futuro
2025-09-01 15:40:20,0.0,Panadería,Brownie dúo,futuro
2025-09-02 15:40:20,0.0,Panadería,Brownie dúo,futuro
2025-09-03 15:40:20,0.0,Panadería,Brownie dúo,futuro
2025-09-04 15:40:20,0.0,Panadería,Brownie dúo,futuro
2025-09-05 15:40:20,0.0,Panadería,Brownie dúo,futuro
2025-09-06 15:40:20,0.0,Panadería,Brownie dúo,futuro
2025-09-07 15:40:20,0.0,Panadería,Brownie dúo,futuro
2025-09-08 15:40:20,0.0,Panadería,Brownie dúo,futuro
2025-09-09 15:40:20,0.0,Panadería,Brownie dúo,futuro
2025-09-10 15:40:20,0.0,Panadería,Brownie dúo,futuro
2025-09-11 15:40:20,0.0,Panadería,Brownie dúo,futuro
2025-09-12 15:40:20,0.0,Panadería,Brownie dúo,futuro
2025-09-13 15:40:20,0.0,Panadería,Brownie dúo,futuro
2025-09-14 15:40:20,0.0,Panadería,Brownie dúo,futuro
2025-09-15 15:40:20,0.0,Panadería,Brownie dúo,futuro
2025-09-16 15:40:20,0.0,Panadería,Brownie dúo,futuro
2025-09-17 15:40:20,0.0,Panadería,Brownie dúo,futuro
2023-04-13 19:14:50,0.0,Panadería,Cono de crema pastelera,futuro
2023-04-14 19:14:50,0.0,Panadería,Cono de crema pastelera,futuro
2023-04-15 19:14:50,0.0,Panadería,Cono de crema pastelera,futuro
2023-04-16 19:14:50,0.0,Panadería,Cono de crema pastelera,futuro
2023-04-17 19:14:50,0.0,Panadería,Cono de crema pastelera,futuro
2023-04-18 19:14:50,0.0,Panadería,Cono de crema pastelera,futuro
2023-04-19 19:14:50,0.0,Panadería,Cono de crema pastelera,futuro
2023-04-20 19:14:50,0.0,Panadería,Cono de crema pastelera,futuro
2023-04-21 19:14:50,0.0,Panadería,Cono de crema pastelera,futuro
2023-04-22 19:14:50,0.0,Panadería,Cono de crema pastelera,futuro
2023-04-23 19:14:50,0.0,Panadería,Cono de crema pastelera,futuro
2023-04-24 19:14:50,0.0,Panadería,Cono de crema pastelera,futuro
2023-04-25 19:14:50,0.0,Panadería,Cono de crema pastelera,futuro
2023-04-26 19:14:50,0.0,Panadería,Cono de crema pastelera,futuro
2023-04-27 19:14:50,0.0,Panadería,Cono de crema pastelera,futuro
2023-04-28 19:14:50,0.0,Panadería,Cono de crema pastelera,futuro
2023-04-29 19:14:50,0.0,Panadería,Cono de crema pastelera,futuro
2023-04-30 19:14:50,0.0,Panadería,Cono de crema pastelera,futuro
2023-05-01 19:14:50,0.0,Panadería,Cono de crema pastelera,futuro
2023-05-02 19:14:50,0.0,Panadería,Cono de crema pastelera,futuro
2023-05-03 19:14:50,0.0,Panadería,Cono de crema pastelera,futuro
2023-05-04 19:14:50,0.0,Panadería,Cono de crema pastelera,futuro
2023-05-05 19:14:50,0.0,Panadería,Cono de crema pastelera,futuro
2023-05-06 19:14:50,0.0,Panadería,Cono de crema pastelera,futuro
2023-05-07 19:14:50,0.0,Panadería,Cono de crema pastelera,futuro
2023-05-08 19:14:50,0.0,Panadería,Cono de crema pastelera,futuro
2023-05-09 19:14:50,0.0,Panadería,Cono de crema pastelera,futuro
2023-05-10 19:14:50,0.0,Panadería,Cono de crema pastelera,futuro
2023-05-11 19:14:50,0.0,Panadería,Cono de crema pastelera,futuro
2023-05-12 19:14:50,0.0,Panadería,Cono de crema pastelera,futuro
2023-05-13 19:14:50,0.0,Panadería,Cono de crema pastelera,futuro
2023-05-14 19:14:50,0.0,Panadería,Cono de crema pastelera,futuro
2023-05-15 19:14:50,0.0,Panadería,Cono de crema pastelera,futuro
2023-05-16 19:14:50,0.0,Panadería,Cono de crema pastelera,futuro
2023-05-17 19:14:50,0.0,Panadería,Cono de crema pastelera,futuro
2023-05-18 19:14:50,0.0,Panadería,Cono de crema pastelera,futuro
2023-05-19 19:14:50,0.0,Panadería,Cono de crema pastelera,futuro
2023-05-20 19:14:50,0.0,Panadería,Cono de crema pastelera,futuro
2023-05-21 19:14:50,0.0,Panadería,Cono de crema pastelera,futuro
2023-05-22 19:14:50,0.0,Panadería,Cono de crema pastelera,futuro
2023-05-23 19:14:50,0.0,Panadería,Cono de crema pastelera,futuro
2023-05-24 19:14:50,0.0,Panadería,Cono de crema pastelera,futuro
2023-05-25 19:14:50,0.0,Panadería,Cono de crema pastelera,futuro
2023-05-26 19:14:50,0.0,Panadería,Cono de crema pastelera,futuro
2023-05-27 19:14:50,0.0,Panadería,Cono de crema pastelera,futuro
2023-05-28 19:14:50,0.0,Panadería,Cono de crema pastelera,futuro
2023-05-29 19:14:50,0.0,Panadería,Cono de crema pastelera,futuro
2023-05-30 19:14:50,0.0,Panadería,Cono de crema pastelera,futuro
2023-05-31 19:14:50,0.0,Panadería,Cono de crema pastelera,futuro
2023-06-01 19:14:50,0.0,Panadería,Cono de crema pastelera,futuro
2023-06-02 19:14:50,0.0,Panadería,Cono de crema pastelera,futuro
2023-06-03 19:14:50,0.0,Panadería,Cono de crema pastelera,futuro
2023-06-04 19:14:50,0.0,Panadería,Cono de crema pastelera,futuro
2023-06-05 19:14:50,0.0,Panadería,Cono de crema pastelera,futuro
2023-06-06 19:14:50,0.0,Panadería,Cono de crema pastelera,futuro
2023-06-07 19:14:50,0.0,Panadería,Cono de crema pastelera,futuro
2023-06-08 19:14:50,0.0,Panadería,Cono de crema pastelera,futuro
2023-06-09 19:14:50,0.0,Panadería,Cono de crema pastelera,futuro
2023-06-10 19:14:50,0.0,Panadería,Cono de crema pastelera,futuro
2023-06-11 19:14:50,0.0,Panadería,Cono de crema pastelera,futuro
2023-06-12 19:14:50,0.0,Panadería,Cono de crema pastelera,futuro
2023-06-13 19:14:50,0.0,Panadería,Cono de crema pastelera,futuro
2023-06-14 19:14:50,0.0,Panadería,Cono de crema pastelera,futuro
2023-06-15 19:14:50,0.0,Panadería,Cono de crema pastelera,futuro
2023-06-16 19:14:50,0.0,Panadería,Cono de crema pastelera,futuro
2023-06-17 19:14:50,0.0,Panadería,Cono de crema pastelera,futuro
2023-06-18 19:14:50,0.0,Panadería,Cono de crema pastelera,futuro
2023-06-19 19:14:50,0.0,Panadería,Cono de crema pastelera,futuro
2023-06-20 19:14:50,0.0,Panadería,Cono de crema pastelera,futuro
2023-06-21 19:14:50,0.0,Panadería,Cono de crema pastelera,futuro
2023-06-22 19:14:50,0.0,Panadería,Cono de crema pastelera,futuro
2023-06-23 19:14:50,0.0,Panadería,Cono de crema pastelera,futuro
2023-06-24 19:14:50,0.0,Panadería,Cono de crema pastelera,futuro
2023-06-25 19:14:50,0.0,Panadería,Cono de crema pastelera,futuro
2023-06-26 19:14:50,0.0,Panadería,Cono de crema pastelera,futuro
2023-06-27 19:14:50,0.0,Panadería,Cono de crema pastelera,futuro
2023-06-28 19:14:50,0.0,Panadería,Cono de crema pastelera,futuro
2023-06-29 19:14:50,0.0,Panadería,Cono de crema pastelera,futuro
2023-06-30 19:14:50,0.0,Panadería,Cono de crema pastelera,futuro
2023-07-01 19:14:50,0.0,Panadería,Cono de crema pastelera,futuro
2023-07-02 19:14:50,0.0,Panadería,Cono de crema pastelera,futuro
2023-07-03 19:14:50,0.0,Panadería,Cono de crema pastelera,futuro
2023-07-04 19:14:50,0.0,Panadería,Cono de crema pastelera,futuro
2023-07-05 19:14:50,0.0,Panadería,Cono de crema pastelera,futuro
2023-07-06 19:14:50,0.0,Panadería,Cono de crema pastelera,futuro
2023-07-07 19:14:50,0.0,Panadería,Cono de crema pastelera,futuro
2023-07-08 19:14:50,0.0,Panadería,Cono de crema pastelera,futuro
2023-07-09 19:14:50,0.0,Panadería,Cono de crema pastelera,futuro
2023-07-10 19:14:50,0.0,Panadería,Cono de crema pastelera,futuro
2023-07-11 19:14:50,0.0,Panadería,Cono de crema pastelera,futuro
2025-06-02 08:24:57,0.0,Panadería,Palitos de queso,futuro
2025-06-03 08:24:57,0.0,Panadería,Palitos de queso,futuro
2025-06-04 08:24:57,0.0,Panadería,Palitos de queso,futuro
2025-06-05 08:24:57,0.0,Panadería,Palitos de queso,futuro
2025-06-06 08:24:57,0.0,Panadería,Palitos de queso,futuro
2025-06-07 08:24:57,0.0,Panadería,Palitos de queso,futuro
2025-06-08 08:24:57,0.0,Panadería,Palitos de queso,futuro
2025-06-09 08:24:57,0.0,Panadería,Palitos de queso,futuro
2025-06-10 08:24:57,0.0,Panadería,Palitos de queso,futuro
2025-06-11 08:24:57,0.0,Panadería,Palitos de queso,futuro
2025-06-12 08:24:57,0.0,Panadería,Palitos de queso,futuro
2025-06-13 08:24:57,0.0,Panadería,Palitos de queso,futuro
2025-06-14 08:24:57,0.0,Panadería,Palitos de queso,futuro
2025-06-15 08:24:57,0.0,Panadería,Palitos de queso,futuro
2025-06-16 08:24:57,0.0,Panadería,Palitos de queso,futuro
2025-06-17 08:24:57,0.0,Panadería,Palitos de queso,futuro
2025-06-18 08:24:57,0.0,Panadería,Palitos de queso,futuro
2025-06-19 08:24:57,0.0,Panadería,Palitos de queso,futuro
2025-06-20 08:24:57,0.0,Panadería,Palitos de queso,futuro
2025-06-21 08:24:57,0.0,Panadería,Palitos de queso,futuro
2025-06-22 08:24:57,0.0,Panadería,Palitos de queso,futuro
2025-06-23 08:24:57,0.0,Panadería,Palitos de queso,futuro
2025-06-24 08:24:57,0.0,Panadería,Palitos de queso,futuro
2025-06-25 08:24:57,0.0,Panadería,Palitos de queso,futuro
2025-06-26 08:24:57,0.0,Panadería,Palitos de queso,futuro
2025-06-27 08:24:57,0.0,Panadería,Palitos de queso,futuro
2025-06-28 08:24:57,0.0,Panadería,Palitos de queso,futuro
2025-06-29 08:24:57,0.0,Panadería,Palitos de queso,futuro
2025-06-30 08:24:57,0.0,Panadería,Palitos de queso,futuro
2025-07-01 08:24:57,0.0,Panadería,Palitos de queso,futuro
2025-07-02 08:24:57,0.0,Panadería,Palitos de queso,futuro
2025-07-03 08:24:57,0.0,Panadería,Palitos de queso,futuro
2025-07-04 08:24:57,0.0,Panadería,Palitos de queso,futuro
2025-07-05 08:24:57,0.0,Panadería,Palitos de queso,futuro
2025-07-06 08:24:57,0.0,Panadería,Palitos de queso,futuro
2025-07-07 08:24:57,0.0,Panadería,Palitos de queso,futuro
2025-07-08 08:24:57,0.0,Panadería,Palitos de queso,futuro
2025-07-09 08:24:57,0.0,Panadería,Palitos de queso,futuro
2025-07-10 08:24:57,0.0,Panadería,Palitos de queso,futuro
2025-07-11 08:24:57,0.0,Panadería,Palitos de queso,futuro
2025-07-12 08:24:57,0.0,Panadería,Palitos de queso,futuro
2025-07-13 08:24:57,0.0,Panadería,Palitos de queso,futuro
2025-07-14 08:24:57,0.0,Panadería,Palitos de queso,futuro
2025-07-15 08:24:57,0.0,Panadería,Palitos de queso,futuro
2025-07-16 08:24:57,0.0,Panadería,Palitos de queso,futuro
2025-07-17 08:24:57,0.0,Panadería,Palitos de queso,futuro
2025-07-18 08:24:57,0.0,Panadería,Palitos de queso,futuro
2025-07-19 08:24:57,0.0,Panadería,Palitos de queso,futuro
2025-07-20 08:24:57,0.0,Panadería,Palitos de queso,futuro
2025-07-21 08:24:57,0.0,Panadería,Palitos de queso,futuro
2025-07-22 08:24:57,0.0,Panadería,Palitos de queso,futuro
2025-07-23 08:24:57,0.0,Panadería,Palitos de queso,futuro
2025-07-24 08:24:57,0.0,Panadería,Palitos de queso,futuro
2025-07-25 08:24:57,0.0,Panadería,Palitos de queso,futuro
2025-07-26 08:24:57,0.0,Panadería,Palitos de queso,futuro
2025-07-27 08:24:57,0.0,Panadería,Palitos de queso,futuro
2025-07-28 08:24:57,0.0,Panadería,Palitos de queso,futuro
2025-07-29 08:24:57,0.0,Panadería,Palitos de queso,futuro
2025-07-30 08:24:57,0.0,Panadería,Palitos de queso,futuro
2025-07-31 08:24:57,0.0,Panadería,Palitos de queso,futuro
2025-08-01 08:24:57,0.0,Panadería,Palitos de queso,futuro
2025-08-02 08:24:57,0.0,Panadería,Palitos de queso,futuro
2025-08-03 08:24:57,0.0,Panadería,Palitos de queso,futuro
2025-08-04 08:24:57,0.0,Panadería,Palitos de queso,futuro
2025-08-05 08:24:57,0.0,Panadería,Palitos de queso,futuro
2025-08-06 08:24:57,0.0,Panadería,Palitos de queso,futuro
2025-08-07 08:24:57,0.0,Panadería,Palitos de queso,futuro
2025-08-08 08:24:57,0.0,Panadería,Palitos de queso,futuro
2025-08-09 08:24:57,0.0,Panadería,Palitos de queso,futuro
2025-08-10 08:24:57,0.0,Panadería,Palitos de queso,futuro
2025-08-11 08:24:57,0.0,Panadería,Palitos de queso,futuro
2025-08-12 08:24:57,0.0,Panadería,Palitos de queso,futuro
2025-08-13 08:24:57,0.0,Panadería,Palitos de queso,futuro
2025-08-14 08:24:57,0.0,Panadería,Palitos de queso,futuro
2025-08-15 08:24:57,0.0,Panadería,Palitos de queso,futuro
2025-08-16 08:24:57,0.0,Panadería,Palitos de queso,futuro
2025-08-17 08:24:57,0.0,Panadería,Palitos de queso,futuro
2025-08-18 08:24:57,0.0,Panadería,Palitos de queso,futuro
2025-08-19 08:24:57,0.0,Panadería,Palitos de queso,futuro
2025-08-20 08:24:57,0.0,Panadería,Palitos de queso,futuro
2025-08-21 08:24:57,0.0,Panadería,Palitos de queso,futuro
2025-08-22 08:24:57,0.0,Panadería,Palitos de queso,futuro
2025-08-23 08:24:57,0.0,Panadería,Palitos de queso,futuro
2025-08-24 08:24:57,0.0,Panadería,Palitos de queso,futuro
2025-08-25 08:24:57,0.0,Panadería,Palitos de queso,futuro
2025-08-26 08:24:57,0.0,Panadería,Palitos de queso,futuro
2025-08-27 08:24:57,0.0,Panadería,Palitos de queso,futuro
2025-08-28 08:24:57,0.0,Panadería,Palitos de queso,futuro
2025-08-29 08:24:57,0.0,Panadería,Palitos de queso,futuro
2025-08-30 08:24:57,0.0,Panadería,Palitos de queso,futuro
2025-11-02 14:58:14,0.0,Panadería,Pan de Huevo,futuro
2025-11-03 14:58:14,0.0,Panadería,Pan de Huevo,futuro
2025-11-04 14:58:14,0.0,Panadería,Pan de Huevo,futuro
2025-11-05 14:58:14,0.0,Panadería,Pan de Huevo,futuro
2025-11-06 14:58:14,0.0,Panadería,Pan de Huevo,futuro
2025-11-07 14:58:14,0.0,Panadería,Pan de Huevo,futuro
2025-11-08 14:58:14,0.0,Panadería,Pan de Huevo,futuro
2025-11-09 14:58:14,0.0,Panadería,Pan de Huevo,futuro
2025-11-10 14:58:14,0.0,Panadería,Pan de Huevo,futuro
2025-11-11 14:58:14,0.0,Panadería,Pan de Huevo,futuro
2025-11-12 14:58:14,0.0,Panadería,Pan de Huevo,futuro
2025-11-13 14:58:14,0.0,Panadería,Pan de Huevo,futuro
2025-11-14 14:58:14,0.0,Panadería,Pan de Huevo,futuro
2025-11-15 14:58:14,0.0,Panadería,Pan de Huevo,futuro
2025-11-16 14:58:14,0.0,Panadería,Pan de Huevo,futuro
2025-11-17 14:58:14,0.0,Panadería,Pan de Huevo,futuro
2025-11-18 14:58:14,0.0,Panadería,Pan de Huevo,futuro
2025-11-19 14:58:14,0.0,Panadería,Pan de Huevo,futuro
2025-11-20 14:58:14,0.0,Panadería,Pan de Huevo,futuro
2025-11-21 14:58:14,0.0,Panadería,Pan de Huevo,futuro
2025-11-22 14:58:14,0.0,Panadería,Pan de Huevo,futuro
2025-11-23 14:58:14,0.0,Panadería,Pan de Huevo,futuro
2025-11-24 14:58:14,0.0,Panadería,Pan de Huevo,futuro
2025-11-25 14:58:14,0.0,Panadería,Pan de Huevo,futuro
2025-11-26 14:58:14,0.0,Panadería,Pan de Huevo,futuro
2025-11-27 14:58:14,0.0,Panadería,Pan de Huevo,futuro
2025-11-28 14:58:14,0.0,Panadería,Pan de Huevo,futuro
2025-11-29 14:58:14,0.0,Panadería,Pan de Huevo,futuro
2025-11-30 14:58:14,0.0,Panadería,Pan de Huevo,futuro
2025-12-01 14:58:14,0.0,Panadería,Pan de Huevo,futuro
2025-12-02 14:58:14,0.0,Panadería,Pan de Huevo,futuro
2025-12-03 14:58:14,0.0,Panadería,Pan de Huevo,futuro
2025-12-04 14:58:14,0.0,Panadería,Pan de Huevo,futuro
2025-12-05 14:58:14,0.0,Panadería,Pan de Huevo,futuro
2025-12-06 14:58:14,0.0,Panadería,Pan de Huevo,futuro
2025-12-07 14:58:14,0.0,Panadería,Pan de Huevo,futuro
2025-12-08 14:58:14,0.0,Panadería,Pan de Huevo,futuro
2025-12-09 14:58:14,0.0,Panadería,Pan de Huevo,futuro
2025-12-10 14:58:14,0.0,Panadería,Pan de Huevo,futuro
2025-12-11 14:58:14,0.0,Panadería,Pan de Huevo,futuro
2025-12-12 14:58:14,0.0,Panadería,Pan de Huevo,futuro
2025-12-13 14:58:14,0.0,Panadería,Pan de Huevo,futuro
2025-12-14 14:58:14,0.0,Panadería,Pan de Huevo,futuro
2025-12-15 14:58:14,0.0,Panadería,Pan de Huevo,futuro
2025-12-16 14:58:14,0.0,Panadería,Pan de Huevo,futuro
2025-12-17 14:58:14,0.0,Panadería,Pan de Huevo,futuro
2025-12-18 14:58:14,0.0,Panadería,Pan de Huevo,futuro
2025-12-19 14:58:14,0.0,Panadería,Pan de Huevo,futuro
2025-12-20 14:58:14,0.0,Panadería,Pan de Huevo,futuro
2025-12-21 14:58:14,0.0,Panadería,Pan de Huevo,futuro
2025-12-22 14:58:14,0.0,Panadería,Pan de Huevo,futuro
2025-12-23 14:58:14,0.0,Panadería,Pan de Huevo,futuro
2025-12-24 14:58:14,0.0,Panadería,Pan de Huevo,futuro
2025-12-25 14:58:14,0.0,Panadería,Pan de Huevo,futuro
2025-12-26 14:58:14,0.0,Panadería,Pan de Huevo,futuro
2025-12-27 14:58:14,0.0,Panadería,Pan de Huevo,futuro
2025-12-28 14:58:14,0.0,Panadería,Pan de Huevo,futuro
2025-12-29 14:58:14,0.0,Panadería,Pan de Huevo,futuro
2025-12-30 14:58:14,0.0,Panadería,Pan de Huevo,futuro
2025-12-31 14:58:14,0.0,Panadería,Pan de Huevo,futuro
2026-01-01 14:58:14,0.0,Panadería,Pan de Huevo,futuro
2026-01-02 14:58:14,0.0,Panadería,Pan de Huevo,futuro
2026-01-03 14:58:14,0.0,Panadería,Pan de Huevo,futuro
2026-01-04 14:58:14,0.0,Panadería,Pan de Huevo,futuro
2026-01-05 14:58:14,0.0,Panadería,Pan de Huevo,futuro
2026-01-06 14:58:14,0.0,Panadería,Pan de Huevo,futuro
2026-01-07 14:58:14,0.0,Panadería,Pan de Huevo,futuro
2026-01-08 14:58:14,0.0,Panadería,Pan de Huevo,futuro
2026-01-09 14:58:14,0.0,Panadería,Pan de Huevo,futuro
2026-01-10 14:58:14,0.0,Panadería,Pan de Huevo,futuro
2026-01-11 14:58:14,0.0,Panadería,Pan de Huevo,futuro
2026-01-12 14:58:14,0.0,Panadería,Pan de Huevo,futuro
2026-01-13 14:58:14,0.0,Panadería,Pan de Huevo,futuro
2026-01-14 14:58:14,0.0,Panadería,Pan de Huevo,futuro
2026-01-15 14:58:14,0.0,Panadería,Pan de Huevo,futuro
2026-01-16 14:58:14,0.0,Panadería,Pan de Huevo,futuro
2026-01-17 14:58:14,0.0,Panadería,Pan de Huevo,futuro
2026-01-18 14:58:14,0.0,Panadería,Pan de Huevo,futuro
2026-01-19 14:58:14,0.0,Panadería,Pan de Huevo,futuro
2026-01-20 14:58:14,0.0,Panadería,Pan de Huevo,futuro
2026-01-21 14:58:14,0.0,Panadería,Pan de Huevo,futuro
2026-01-22 14:58:14,0.0,Panadería,Pan de Huevo,futuro
2026-01-23 14:58:14,0.0,Panadería,Pan de Huevo,futuro
2026-01-24 14:58:14,0.0,Panadería,Pan de Huevo,futuro
2026-01-25 14:58:14,0.0,Panadería,Pan de Huevo,futuro
2026-01-26 14:58:14,0.0,Panadería,Pan de Huevo,futuro
2026-01-27 14:58:14,0.0,Panadería,Pan de Huevo,futuro
2026-01-28 14:58:14,0.0,Panadería,Pan de Huevo,futuro
2026-01-29 14:58:14,0.0,Panadería,Pan de Huevo,futuro
2026-01-30 14:58:14,0.0,Panadería,Pan de Huevo,futuro
2025-11-06 18:26:26,0.0,Panadería,Panqué de nuez y pasas,futuro
2025-11-07 18:26:26,0.0,Panadería,Panqué de nuez y pasas,futuro
2025-11-08 18:26:26,0.0,Panadería,Panqué de nuez y pasas,futuro
2025-11-09 18:26:26,0.0,Panadería,Panqué de nuez y pasas,futuro
2025-11-10 18:26:26,0.0,Panadería,Panqué de nuez y pasas,futuro
2025-11-11 18:26:26,0.0,Panadería,Panqué de nuez y pasas,futuro
2025-11-12 18:26:26,0.0,Panadería,Panqué de nuez y pasas,futuro
2025-11-13 18:26:26,0.0,Panadería,Panqué de nuez y pasas,futuro
2025-11-14 18:26:26,0.0,Panadería,Panqué de nuez y pasas,futuro
2025-11-15 18:26:26,0.0,Panadería,Panqué de nuez y pasas,futuro
2025-11-16 18:26:26,0.0,Panadería,Panqué de nuez y pasas,futuro
2025-11-17 18:26:26,0.0,Panadería,Panqué de nuez y pasas,futuro
2025-11-18 18:26:26,0.0,Panadería,Panqué de nuez y pasas,futuro
2025-11-19 18:26:26,0.0,Panadería,Panqué de nuez y pasas,futuro
2025-11-20 18:26:26,0.0,Panadería,Panqué de nuez y pasas,futuro
2025-11-21 18:26:26,0.0,Panadería,Panqué de nuez y pasas,futuro
2025-11-22 18:26:26,0.0,Panadería,Panqué de nuez y pasas,futuro
2025-11-23 18:26:26,0.0,Panadería,Panqué de nuez y pasas,futuro
2025-11-24 18:26:26,0.0,Panadería,Panqué de nuez y pasas,futuro
2025-11-25 18:26:26,0.0,Panadería,Panqué de nuez y pasas,futuro
2025-11-26 18:26:26,0.0,Panadería,Panqué de nuez y pasas,futuro
2025-11-27 18:26:26,0.0,Panadería,Panqué de nuez y pasas,futuro
2025-11-28 18:26:26,0.0,Panadería,Panqué de nuez y pasas,futuro
2025-11-29 18:26:26,0.0,Panadería,Panqué de nuez y pasas,futuro
2025-11-30 18:26:26,0.0,Panadería,Panqué de nuez y pasas,futuro
2025-12-01 18:26:26,0.0,Panadería,Panqué de nuez y pasas,futuro
2025-12-02 18:26:26,0.0,Panadería,Panqué de nuez y pasas,futuro
2025-12-03 18:26:26,0.0,Panadería,Panqué de nuez y pasas,futuro
2025-12-04 18:26:26,0.0,Panadería,Panqué de nuez y pasas,futuro
2025-12-05 18:26:26,0.0,Panadería,Panqué de nuez y pasas,futuro
2025-12-06 18:26:26,0.0,Panadería,Panqué de nuez y pasas,futuro
2025-12-07 18:26:26,0.0,Panadería,Panqué de nuez y pasas,futuro
2025-12-08 18:26:26,0.0,Panadería,Panqué de nuez y pasas,futuro
2025-12-09 18:26:26,0.0,Panadería,Panqué de nuez y pasas,futuro
2025-12-10 18:26:26,0.0,Panadería,Panqué de nuez y pasas,futuro
2025-12-11 18:26:26,0.0,Panadería,Panqué de nuez y pasas,futuro
2025-12-12 18:26:26,0.0,Panadería,Panqué de nuez y pasas,futuro
2025-12-13 18:26:26,0.0,Panadería,Panqué de nuez y pasas,futuro
2025-12-14 18:26:26,0.0,Panadería,Panqué de nuez y pasas,futuro
2025-12-15 18:26:26,0.0,Panadería,Panqué de nuez y pasas,futuro
2025-12-16 18:26:26,0.0,Panadería,Panqué de nuez y pasas,futuro
2025-12-17 18:26:26,0.0,Panadería,Panqué de nuez y pasas,futuro
2025-12-18 18:26:26,0.0,Panadería,Panqué de nuez y pasas,futuro
2025-12-19 18:26:26,0.0,Panadería,Panqué de nuez y pasas,futuro
2025-12-20 18:26:26,0.0,Panadería,Panqué de nuez y pasas,futuro
2025-12-21 18:26:26,0.0,Panadería,Panqué de nuez y pasas,futuro
2025-12-22 18:26:26,0.0,Panadería,Panqué de nuez y pasas,futuro
2025-12-23 18:26:26,0.0,Panadería,Panqué de nuez y pasas,futuro
2025-12-24 18:26:26,0.0,Panadería,Panqué de nuez y pasas,futuro
2025-12-25 18:26:26,0.0,Panadería,Panqué de nuez y pasas,futuro
2025-12-26 18:26:26,0.0,Panadería,Panqué de nuez y pasas,futuro
2025-12-27 18:26:26,0.0,Panadería,Panqué de nuez y pasas,futuro
2025-12-28 18:26:26,0.0,Panadería,Panqué de nuez y pasas,futuro
2025-12-29 18:26:26,0.0,Panadería,Panqué de nuez y pasas,futuro
2025-12-30 18:26:26,0.0,Panadería,Panqué de nuez y pasas,futuro
2025-12-31 18:26:26,0.0,Panadería,Panqué de nuez y pasas,futuro
2026-01-01 18:26:26,0.0,Panadería,Panqué de nuez y pasas,futuro
2026-01-02 18:26:26,0.0,Panadería,Panqué de nuez y pasas,futuro
2026-01-03 18:26:26,0.0,Panadería,Panqué de nuez y pasas,futuro
2026-01-04 18:26:26,0.0,Panadería,Panqué de nuez y pasas,futuro
2026-01-05 18:26:26,0.0,Panadería,Panqué de nuez y pasas,futuro
2026-01-06 18:26:26,0.0,Panadería,Panqué de nuez y pasas,futuro
2026-01-07 18:26:26,0.0,Panadería,Panqué de nuez y pasas,futuro
2026-01-08 18:26:26,0.0,Panadería,Panqué de nuez y pasas,futuro
2026-01-09 18:26:26,0.0,Panadería,Panqué de nuez y pasas,futuro
2026-01-10 18:26:26,0.0,Panadería,Panqué de nuez y pasas,futuro
2026-01-11 18:26:26,0.0,Panadería,Panqué de nuez y pasas,futuro
2026-01-12 18:26:26,0.0,Panadería,Panqué de nuez y pasas,futuro
2026-01-13 18:26:26,0.0,Panadería,Panqué de nuez y pasas,futuro
2026-01-14 18:26:26,0.0,Panadería,Panqué de nuez y pasas,futuro
2026-01-15 18:26:26,0.0,Panadería,Panqué de nuez y pasas,futuro
2026-01-16 18:26:26,0.0,Panadería,Panqué de nuez y pasas,futuro
2026-01-17 18:26:26,0.0,Panadería,Panqué de nuez y pasas,futuro
2026-01-18 18:26:26,0.0,Panadería,Panqué de nuez y pasas,futuro
2026-01-19 18:26:26,0.0,Panadería,Panqué de nuez y pasas,futuro
2026-01-20 18:26:26,0.0,Panadería,Panqué de nuez y pasas,futuro
2026-01-21 18:26:26,0.0,Panadería,Panqué de nuez y pasas,futuro
2026-01-22 18:26:26,0.0,Panadería,Panqué de nuez y pasas,futuro
2026-01-23 18:26:26,0.0,Panadería,Panqué de nuez y pasas,futuro
2026-01-24 18:26:26,0.0,Panadería,Panqué de nuez y pasas,futuro
2026-01-25 18:26:26,0.0,Panadería,Panqué de nuez y pasas,futuro
2026-01-26 18:26:26,0.0,Panadería,Panqué de nuez y pasas,futuro
2026-01-27 18:26:26,0.0,Panadería,Panqué de nuez y pasas,futuro
2026-01-28 18:26:26,0.0,Panadería,Panqué de nuez y pasas,futuro
2026-01-29 18:26:26,0.0,Panadería,Panqué de nuez y pasas,futuro
2026-01-30 18:26:26,0.0,Panadería,Panqué de nuez y pasas,futuro
2026-01-31 18:26:26,0.0,Panadería,Panqué de nuez y pasas,futuro
2026-02-01 18:26:26,0.0,Panadería,Panqué de nuez y pasas,futuro
2026-02-02 18:26:26,0.0,Panadería,Panqué de nuez y pasas,futuro
2026-02-03 18:26:26,0.0,Panadería,Panqué de nuez y pasas,futuro
2025-11-07 14:31:55,0.0,Pastelería Crema,Pastel 3 Leches Chico,futuro
2025-11-08 14:31:55,0.0,Pastelería Crema,Pastel 3 Leches Chico,futuro
2025-11-09 14:31:55,0.0,Pastelería Crema,Pastel 3 Leches Chico,futuro
2025-11-10 14:31:55,0.0,Pastelería Crema,Pastel 3 Leches Chico,futuro
2025-11-11 14:31:55,0.0,Pastelería Crema,Pastel 3 Leches Chico,futuro
2025-11-12 14:31:55,0.0,Pastelería Crema,Pastel 3 Leches Chico,futuro
2025-11-13 14:31:55,0.0,Pastelería Crema,Pastel 3 Leches Chico,futuro
2025-11-14 14:31:55,0.0,Pastelería Crema,Pastel 3 Leches Chico,futuro
2025-11-15 14:31:55,0.0,Pastelería Crema,Pastel 3 Leches Chico,futuro
2025-11-16 14:31:55,0.0,Pastelería Crema,Pastel 3 Leches Chico,futuro
2025-11-17 14:31:55,0.0,Pastelería Crema,Pastel 3 Leches Chico,futuro
2025-11-18 14:31:55,0.0,Pastelería Crema,Pastel 3 Leches Chico,futuro
2025-11-19 14:31:55,0.0,Pastelería Crema,Pastel 3 Leches Chico,futuro
2025-11-20 14:31:55,0.0,Pastelería Crema,Pastel 3 Leches Chico,futuro
2025-11-21 14:31:55,0.0,Pastelería Crema,Pastel 3 Leches Chico,futuro
2025-11-22 14:31:55,0.0,Pastelería Crema,Pastel 3 Leches Chico,futuro
2025-11-23 14:31:55,0.0,Pastelería Crema,Pastel 3 Leches Chico,futuro
2025-11-24 14:31:55,0.0,Pastelería Crema,Pastel 3 Leches Chico,futuro
2025-11-25 14:31:55,0.0,Pastelería Crema,Pastel 3 Leches Chico,futuro
2025-11-26 14:31:55,0.0,Pastelería Crema,Pastel 3 Leches Chico,futuro
2025-11-27 14:31:55,0.0,Pastelería Crema,Pastel 3 Leches Chico,futuro
2025-11-28 14:31:55,0.0,Pastelería Crema,Pastel 3 Leches Chico,futuro
2025-11-29 14:31:55,0.0,Pastelería Crema,Pastel 3 Leches Chico,futuro
2025-11-30 14:31:55,0.0,Pastelería Crema,Pastel 3 Leches Chico,futuro
2025-12-01 14:31:55,0.0,Pastelería Crema,Pastel 3 Leches Chico,futuro
2025-12-02 14:31:55,0.0,Pastelería Crema,Pastel 3 Leches Chico,futuro
2025-12-03 14:31:55,0.0,Pastelería Crema,Pastel 3 Leches Chico,futuro
2025-12-04 14:31:55,0.0,Pastelería Crema,Pastel 3 Leches Chico,futuro
2025-12-05 14:31:55,0.0,Pastelería Crema,Pastel 3 Leches Chico,futuro
2025-12-06 14:31:55,0.0,Pastelería Crema,Pastel 3 Leches Chico,futuro
2025-12-07 14:31:55,0.0,Pastelería Crema,Pastel 3 Leches Chico,futuro
2025-12-08 14:31:55,0.0,Pastelería Crema,Pastel 3 Leches Chico,futuro
2025-12-09 14:31:55,0.0,Pastelería Crema,Pastel 3 Leches Chico,futuro
2025-12-10 14:31:55,0.0,Pastelería Crema,Pastel 3 Leches Chico,futuro
2025-12-11 14:31:55,0.0,Pastelería Crema,Pastel 3 Leches Chico,futuro
2025-12-12 14:31:55,0.0,Pastelería Crema,Pastel 3 Leches Chico,futuro
2025-12-13 14:31:55,0.0,Pastelería Crema,Pastel 3 Leches Chico,futuro
2025-12-14 14:31:55,0.0,Pastelería Crema,Pastel 3 Leches Chico,futuro
2025-12-15 14:31:55,0.0,Pastelería Crema,Pastel 3 Leches Chico,futuro
2025-12-16 14:31:55,0.0,Pastelería Crema,Pastel 3 Leches Chico,futuro
2025-12-17 14:31:55,0.0,Pastelería Crema,Pastel 3 Leches Chico,futuro
2025-12-18 14:31:55,0.0,Pastelería Crema,Pastel 3 Leches Chico,futuro
2025-12-19 14:31:55,0.0,Pastelería Crema,Pastel 3 Leches Chico,futuro
2025-12-20 14:31:55,0.0,Pastelería Crema,Pastel 3 Leches Chico,futuro
2025-12-21 14:31:55,0.0,Pastelería Crema,Pastel 3 Leches Chico,futuro
2025-12-22 14:31:55,0.0,Pastelería Crema,Pastel 3 Leches Chico,futuro
2025-12-23 14:31:55,0.0,Pastelería Crema,Pastel 3 Leches Chico,futuro
2025-12-24 14:31:55,0.0,Pastelería Crema,Pastel 3 Leches Chico,futuro
2025-12-25 14:31:55,0.0,Pastelería Crema,Pastel 3 Leches Chico,futuro
2025-12-26 14:31:55,0.0,Pastelería Crema,Pastel 3 Leches Chico,futuro
2025-12-27 14:31:55,0.0,Pastelería Crema,Pastel 3 Leches Chico,futuro
2025-12-28 14:31:55,0.0,Pastelería Crema,Pastel 3 Leches Chico,futuro
2025-12-29 14:31:55,0.0,Pastelería Crema,Pastel 3 Leches Chico,futuro
2025-12-30 14:31:55,0.0,Pastelería Crema,Pastel 3 Leches Chico,futuro
2025-12-31 14:31:55,0.0,Pastelería Crema,Pastel 3 Leches Chico,futuro
2026-01-01 14:31:55,0.0,Pastelería Crema,Pastel 3 Leches Chico,futuro
2026-01-02 14:31:55,0.0,Pastelería Crema,Pastel 3 Leches Chico,futuro
2026-01-03 14:31:55,0.0,Pastelería Crema,Pastel 3 Leches Chico,futuro
2026-01-04 14:31:55,0.0,Pastelería Crema,Pastel 3 Leches Chico,futuro
2026-01-05 14:31:55,0.0,Pastelería Crema,Pastel 3 Leches Chico,futuro
2026-01-06 14:31:55,0.0,Pastelería Crema,Pastel 3 Leches Chico,futuro
2026-01-07 14:31:55,0.0,Pastelería Crema,Pastel 3 Leches Chico,futuro
2026-01-08 14:31:55,0.0,Pastelería Crema,Pastel 3 Leches Chico,futuro
2026-01-09 14:31:55,0.0,Pastelería Crema,Pastel 3 Leches Chico,futuro
2026-01-10 14:31:55,0.0,Pastelería Crema,Pastel 3 Leches Chico,futuro
2026-01-11 14:31:55,0.0,Pastelería Crema,Pastel 3 Leches Chico,futuro
2026-01-12 14:31:55,0.0,Pastelería Crema,Pastel 3 Leches Chico,futuro
2026-01-13 14:31:55,0.0,Pastelería Crema,Pastel 3 Leches Chico,futuro
2026-01-14 14:31:55,0.0,Pastelería Crema,Pastel 3 Leches Chico,futuro
2026-01-15 14:31:55,0.0,Pastelería Crema,Pastel 3 Leches Chico,futuro
2026-01-16 14:31:55,0.0,Pastelería Crema,Pastel 3 Leches Chico,futuro
2026-01-17 14:31:55,0.0,Pastelería Crema,Pastel 3 Leches Chico,futuro
2026-01-18 14:31:55,0.0,Pastelería Crema,Pastel 3 Leches Chico,futuro
2026-01-19 14:31:55,0.0,Pastelería Crema,Pastel 3 Leches Chico,futuro
2026-01-20 14:31:55,0.0,Pastelería Crema,Pastel 3 Leches Chico,futuro
2026-01-21 14:31:55,0.0,Pastelería Crema,Pastel 3 Leches Chico,futuro
2026-01-22 14:31:55,0.0,Pastelería Crema,Pastel 3 Leches Chico,futuro
2026-01-23 14:31:55,0.0,Pastelería Crema,Pastel 3 Leches Chico,futuro
2026-01-24 14:31:55,0.0,Pastelería Crema,Pastel 3 Leches Chico,futuro
2026-01-25 14:31:55,0.0,Pastelería Crema,Pastel 3 Leches Chico,futuro
2026-01-26 14:31:55,0.0,Pastelería Crema,Pastel 3 Leches Chico,futuro
2026-01-27 14:31:55,0.0,Pastelería Crema,Pastel 3 Leches Chico,futuro
2026-01-28 14:31:55,0.0,Pastelería Crema,Pastel 3 Leches Chico,futuro
2026-01-29 14:31:55,0.0,Pastelería Crema,Pastel 3 Leches Chico,futuro
2026-01-30 14:31:55,0.0,Pastelería Crema,Pastel 3 Leches Chico,futuro
2026-01-31 14:31:55,0.0,Pastelería Crema,Pastel 3 Leches Chico,futuro
2026-02-01 14:31:55,0.0,Pastelería Crema,Pastel 3 Leches Chico,futuro
2026-02-02 14:31:55,0.0,Pastelería Crema,Pastel 3 Leches Chico,futuro
2026-02-03 14:31:55,0.0,Pastelería Crema,Pastel 3 Leches Chico,futuro
2026-02-04 14:31:55,0.0,Pastelería Crema,Pastel 3 Leches Chico,futuro
2025-11-07 19:33:15,0.0,Pastelería Crema,Pastel 3 Leches Chocolate,futuro
2025-11-08 19:33:15,0.0,Pastelería Crema,Pastel 3 Leches Chocolate,futuro
2025-11-09 19:33:15,0.0,Pastelería Crema,Pastel 3 Leches Chocolate,futuro
2025-11-10 19:33:15,0.0,Pastelería Crema,Pastel 3 Leches Chocolate,futuro
2025-11-11 19:33:15,0.0,Pastelería Crema,Pastel 3 Leches Chocolate,futuro
2025-11-12 19:33:15,0.0,Pastelería Crema,Pastel 3 Leches Chocolate,futuro
2025-11-13 19:33:15,0.0,Pastelería Crema,Pastel 3 Leches Chocolate,futuro
2025-11-14 19:33:15,0.0,Pastelería Crema,Pastel 3 Leches Chocolate,futuro
2025-11-15 19:33:15,0.0,Pastelería Crema,Pastel 3 Leches Chocolate,futuro
2025-11-16 19:33:15,0.0,Pastelería Crema,Pastel 3 Leches Chocolate,futuro
2025-11-17 19:33:15,0.0,Pastelería Crema,Pastel 3 Leches Chocolate,futuro
2025-11-18 19:33:15,0.0,Pastelería Crema,Pastel 3 Leches Chocolate,futuro
2025-11-19 19:33:15,0.0,Pastelería Crema,Pastel 3 Leches Chocolate,futuro
2025-11-20 19:33:15,0.0,Pastelería Crema,Pastel 3 Leches Chocolate,futuro
2025-11-21 19:33:15,0.0,Pastelería Crema,Pastel 3 Leches Chocolate,futuro
2025-11-22 19:33:15,0.0,Pastelería Crema,Pastel 3 Leches Chocolate,futuro
2025-11-23 19:33:15,0.0,Pastelería Crema,Pastel 3 Leches Chocolate,futuro
2025-11-24 19:33:15,0.0,Pastelería Crema,Pastel 3 Leches Chocolate,futuro
2025-11-25 19:33:15,0.0,Pastelería Crema,Pastel 3 Leches Chocolate,futuro
2025-11-26 19:33:15,0.0,Pastelería Crema,Pastel 3 Leches Chocolate,futuro
2025-11-27 19:33:15,0.0,Pastelería Crema,Pastel 3 Leches Chocolate,futuro
2025-11-28 19:33:15,0.0,Pastelería Crema,Pastel 3 Leches Chocolate,futuro
2025-11-29 19:33:15,0.0,Pastelería Crema,Pastel 3 Leches Chocolate,futuro
2025-11-30 19:33:15,0.0,Pastelería Crema,Pastel 3 Leches Chocolate,futuro
2025-12-01 19:33:15,0.0,Pastelería Crema,Pastel 3 Leches Chocolate,futuro
2025-12-02 19:33:15,0.0,Pastelería Crema,Pastel 3 Leches Chocolate,futuro
2025-12-03 19:33:15,0.0,Pastelería Crema,Pastel 3 Leches Chocolate,futuro
2025-12-04 19:33:15,0.0,Pastelería Crema,Pastel 3 Leches Chocolate,futuro
2025-12-05 19:33:15,0.0,Pastelería Crema,Pastel 3 Leches Chocolate,futuro
2025-12-06 19:33:15,0.0,Pastelería Crema,Pastel 3 Leches Chocolate,futuro
2025-12-07 19:33:15,0.0,Pastelería Crema,Pastel 3 Leches Chocolate,futuro
2025-12-08 19:33:15,0.0,Pastelería Crema,Pastel 3 Leches Chocolate,futuro
2025-12-09 19:33:15,0.0,Pastelería Crema,Pastel 3 Leches Chocolate,futuro
2025-12-10 19:33:15,0.0,Pastelería Crema,Pastel 3 Leches Chocolate,futuro
2025-12-11 19:33:15,0.0,Pastelería Crema,Pastel 3 Leches Chocolate,futuro
2025-12-12 19:33:15,0.0,Pastelería Crema,Pastel 3 Leches Chocolate,futuro
2025-12-13 19:33:15,0.0,Pastelería Crema,Pastel 3 Leches Chocolate,futuro
2025-12-14 19:33:15,0.0,Pastelería Crema,Pastel 3 Leches Chocolate,futuro
2025-12-15 19:33:15,0.0,Pastelería Crema,Pastel 3 Leches Chocolate,futuro
2025-12-16 19:33:15,0.0,Pastelería Crema,Pastel 3 Leches Chocolate,futuro
2025-12-17 19:33:15,0.0,Pastelería Crema,Pastel 3 Leches Chocolate,futuro
2025-12-18 19:33:15,0.0,Pastelería Crema,Pastel 3 Leches Chocolate,futuro
2025-12-19 19:33:15,0.0,Pastelería Crema,Pastel 3 Leches Chocolate,futuro
2025-12-20 19:33:15,0.0,Pastelería Crema,Pastel 3 Leches Chocolate,futuro
2025-12-21 19:33:15,0.0,Pastelería Crema,Pastel 3 Leches Chocolate,futuro
2025-12-22 19:33:15,0.0,Pastelería Crema,Pastel 3 Leches Chocolate,futuro
2025-12-23 19:33:15,0.0,Pastelería Crema,Pastel 3 Leches Chocolate,futuro
2025-12-24 19:33:15,0.0,Pastelería Crema,Pastel 3 Leches Chocolate,futuro
2025-12-25 19:33:15,0.0,Pastelería Crema,Pastel 3 Leches Chocolate,futuro
2025-12-26 19:33:15,0.0,Pastelería Crema,Pastel 3 Leches Chocolate,futuro
2025-12-27 19:33:15,0.0,Pastelería Crema,Pastel 3 Leches Chocolate,futuro
2025-12-28 19:33:15,0.0,Pastelería Crema,Pastel 3 Leches Chocolate,futuro
2025-12-29 19:33:15,0.0,Pastelería Crema,Pastel 3 Leches Chocolate,futuro
2025-12-30 19:33:15,0.0,Pastelería Crema,Pastel 3 Leches Chocolate,futuro
2025-12-31 19:33:15,0.0,Pastelería Crema,Pastel 3 Leches Chocolate,futuro
2026-01-01 19:33:15,0.0,Pastelería Crema,Pastel 3 Leches Chocolate,futuro
2026-01-02 19:33:15,0.0,Pastelería Crema,Pastel 3 Leches Chocolate,futuro
2026-01-03 19:33:15,0.0,Pastelería Crema,Pastel 3 Leches Chocolate,futuro
2026-01-04 19:33:15,0.0,Pastelería Crema,Pastel 3 Leches Chocolate,futuro
2026-01-05 19:33:15,0.0,Pastelería Crema,Pastel 3 Leches Chocolate,futuro
2026-01-06 19:33:15,0.08,Pastelería Crema,Pastel 3 Leches Chocolate,futuro
2026-01-07 19:33:15,0.0,Pastelería Crema,Pastel 3 Leches Chocolate,futuro
2026-01-08 19:33:15,0.0,Pastelería Crema,Pastel 3 Leches Chocolate,futuro
2026-01-09 19:33:15,0.0,Pastelería Crema,Pastel 3 Leches Chocolate,futuro
2026-01-10 19:33:15,0.0,Pastelería Crema,Pastel 3 Leches Chocolate,futuro
2026-01-11 19:33:15,0.0,Pastelería Crema,Pastel 3 Leches Chocolate,futuro
2026-01-12 19:33:15,0.0,Pastelería Crema,Pastel 3 Leches Chocolate,futuro
2026-01-13 19:33:15,0.08,Pastelería Crema,Pastel 3 Leches Chocolate,futuro
2026-01-14 19:33:15,0.0,Pastelería Crema,Pastel 3 Leches Chocolate,futuro
2026-01-15 19:33:15,0.0,Pastelería Crema,Pastel 3 Leches Chocolate,futuro
2026-01-16 19:33:15,0.0,Pastelería Crema,Pastel 3 Leches Chocolate,futuro
2026-01-17 19:33:15,0.0,Pastelería Crema,Pastel 3 Leches Chocolate,futuro
2026-01-18 19:33:15,0.0,Pastelería Crema,Pastel 3 Leches Chocolate,futuro
2026-01-19 19:33:15,0.0,Pastelería Crema,Pastel 3 Leches Chocolate,futuro
2026-01-20 19:33:15,0.08,Pastelería Crema,Pastel 3 Leches Chocolate,futuro
2026-01-21 19:33:15,0.0,Pastelería Crema,Pastel 3 Leches Chocolate,futuro
2026-01-22 19:33:15,0.0,Pastelería Crema,Pastel 3 Leches Chocolate,futuro
2026-01-23 19:33:15,0.0,Pastelería Crema,Pastel 3 Leches Chocolate,futuro
2026-01-24 19:33:15,0.0,Pastelería Crema,Pastel 3 Leches Chocolate,futuro
2026-01-25 19:33:15,0.0,Pastelería Crema,Pastel 3 Leches Chocolate,futuro
2026-01-26 19:33:15,0.0,Pastelería Crema,Pastel 3 Leches Chocolate,futuro
2026-01-27 19:33:15,0.08,Pastelería Crema,Pastel 3 Leches Chocolate,futuro
2026-01-28 19:33:15,0.0,Pastelería Crema,Pastel 3 Leches Chocolate,futuro
2026-01-29 19:33:15,0.0,Pastelería Crema,Pastel 3 Leches Chocolate,futuro
2026-01-30 19:33:15,0.0,Pastelería Crema,Pastel 3 Leches Chocolate,futuro
2026-01-31 19:33:15,0.0,Pastelería Crema,Pastel 3 Leches Chocolate,futuro
2026-02-01 19:33:15,0.0,Pastelería Crema,Pastel 3 Leches Chocolate,futuro
2026-02-02 19:33:15,0.0,Pastelería Crema,Pastel 3 Leches Chocolate,futuro
2026-02-03 19:33:15,0.0,Pastelería Crema,Pastel 3 Leches Chocolate,futuro
2026-02-04 19:33:15,0.0,Pastelería Crema,Pastel 3 Leches Chocolate,futuro
2025-11-07 13:42:36,0.0,Pastelería Crema,Pastel 3 Leches Cuadrado,futuro
2025-11-08 13:42:36,0.0,Pastelería Crema,Pastel 3 Leches Cuadrado,futuro
2025-11-09 13:42:36,0.0,Pastelería Crema,Pastel 3 Leches Cuadrado,futuro
2025-11-10 13:42:36,0.0,Pastelería Crema,Pastel 3 Leches Cuadrado,futuro
2025-11-11 13:42:36,0.0,Pastelería Crema,Pastel 3 Leches Cuadrado,futuro
2025-11-12 13:42:36,0.0,Pastelería Crema,Pastel 3 Leches Cuadrado,futuro
2025-11-13 13:42:36,0.0,Pastelería Crema,Pastel 3 Leches Cuadrado,futuro
2025-11-14 13:42:36,0.0,Pastelería Crema,Pastel 3 Leches Cuadrado,futuro
2025-11-15 13:42:36,0.0,Pastelería Crema,Pastel 3 Leches Cuadrado,futuro
2025-11-16 13:42:36,0.0,Pastelería Crema,Pastel 3 Leches Cuadrado,futuro
2025-11-17 13:42:36,0.0,Pastelería Crema,Pastel 3 Leches Cuadrado,futuro
2025-11-18 13:42:36,0.0,Pastelería Crema,Pastel 3 Leches Cuadrado,futuro
2025-11-19 13:42:36,0.0,Pastelería Crema,Pastel 3 Leches Cuadrado,futuro
2025-11-20 13:42:36,0.0,Pastelería Crema,Pastel 3 Leches Cuadrado,futuro
2025-11-21 13:42:36,0.0,Pastelería Crema,Pastel 3 Leches Cuadrado,futuro
2025-11-22 13:42:36,0.0,Pastelería Crema,Pastel 3 Leches Cuadrado,futuro
2025-11-23 13:42:36,0.0,Pastelería Crema,Pastel 3 Leches Cuadrado,futuro
2025-11-24 13:42:36,0.0,Pastelería Crema,Pastel 3 Leches Cuadrado,futuro
2025-11-25 13:42:36,0.0,Pastelería Crema,Pastel 3 Leches Cuadrado,futuro
2025-11-26 13:42:36,0.0,Pastelería Crema,Pastel 3 Leches Cuadrado,futuro
2025-11-27 13:42:36,0.0,Pastelería Crema,Pastel 3 Leches Cuadrado,futuro
2025-11-28 13:42:36,0.0,Pastelería Crema,Pastel 3 Leches Cuadrado,futuro
2025-11-29 13:42:36,0.0,Pastelería Crema,Pastel 3 Leches Cuadrado,futuro
2025-11-30 13:42:36,0.0,Pastelería Crema,Pastel 3 Leches Cuadrado,futuro
2025-12-01 13:42:36,0.0,Pastelería Crema,Pastel 3 Leches Cuadrado,futuro
2025-12-02 13:42:36,0.0,Pastelería Crema,Pastel 3 Leches Cuadrado,futuro
2025-12-03 13:42:36,0.0,Pastelería Crema,Pastel 3 Leches Cuadrado,futuro
2025-12-04 13:42:36,0.0,Pastelería Crema,Pastel 3 Leches Cuadrado,futuro
2025-12-05 13:42:36,0.0,Pastelería Crema,Pastel 3 Leches Cuadrado,futuro
2025-12-06 13:42:36,0.0,Pastelería Crema,Pastel 3 Leches Cuadrado,futuro
2025-12-07 13:42:36,0.0,Pastelería Crema,Pastel 3 Leches Cuadrado,futuro
2025-12-08 13:42:36,0.0,Pastelería Crema,Pastel 3 Leches Cuadrado,futuro
2025-12-09 13:42:36,0.0,Pastelería Crema,Pastel 3 Leches Cuadrado,futuro
2025-12-10 13:42:36,0.0,Pastelería Crema,Pastel 3 Leches Cuadrado,futuro
2025-12-11 13:42:36,0.0,Pastelería Crema,Pastel 3 Leches Cuadrado,futuro
2025-12-12 13:42:36,0.0,Pastelería Crema,Pastel 3 Leches Cuadrado,futuro
2025-12-13 13:42:36,0.0,Pastelería Crema,Pastel 3 Leches Cuadrado,futuro
2025-12-14 13:42:36,0.0,Pastelería Crema,Pastel 3 Leches Cuadrado,futuro
2025-12-15 13:42:36,0.0,Pastelería Crema,Pastel 3 Leches Cuadrado,futuro
2025-12-16 13:42:36,0.0,Pastelería Crema,Pastel 3 Leches Cuadrado,futuro
2025-12-17 13:42:36,0.0,Pastelería Crema,Pastel 3 Leches Cuadrado,futuro
2025-12-18 13:42:36,0.0,Pastelería Crema,Pastel 3 Leches Cuadrado,futuro
2025-12-19 13:42:36,0.0,Pastelería Crema,Pastel 3 Leches Cuadrado,futuro
2025-12-20 13:42:36,0.0,Pastelería Crema,Pastel 3 Leches Cuadrado,futuro
2025-12-21 13:42:36,0.0,Pastelería Crema,Pastel 3 Leches Cuadrado,futuro
2025-12-22 13:42:36,0.0,Pastelería Crema,Pastel 3 Leches Cuadrado,futuro
2025-12-23 13:42:36,0.0,Pastelería Crema,Pastel 3 Leches Cuadrado,futuro
2025-12-24 13:42:36,0.0,Pastelería Crema,Pastel 3 Leches Cuadrado,futuro
2025-12-25 13:42:36,0.0,Pastelería Crema,Pastel 3 Leches Cuadrado,futuro
2025-12-26 13:42:36,0.0,Pastelería Crema,Pastel 3 Leches Cuadrado,futuro
2025-12-27 13:42:36,0.0,Pastelería Crema,Pastel 3 Leches Cuadrado,futuro
2025-12-28 13:42:36,0.0,Pastelería Crema,Pastel 3 Leches Cuadrado,futuro
2025-12-29 13:42:36,0.0,Pastelería Crema,Pastel 3 Leches Cuadrado,futuro
2025-12-30 13:42:36,0.0,Pastelería Crema,Pastel 3 Leches Cuadrado,futuro
2025-12-31 13:42:36,0.0,Pastelería Crema,Pastel 3 Leches Cuadrado,futuro
2026-01-01 13:42:36,0.0,Pastelería Crema,Pastel 3 Leches Cuadrado,futuro
2026-01-02 13:42:36,0.0,Pastelería Crema,Pastel 3 Leches Cuadrado,futuro
2026-01-03 13:42:36,0.0,Pastelería Crema,Pastel 3 Leches Cuadrado,futuro
2026-01-04 13:42:36,0.0,Pastelería Crema,Pastel 3 Leches Cuadrado,futuro
2026-01-05 13:42:36,0.0,Pastelería Crema,Pastel 3 Leches Cuadrado,futuro
2026-01-06 13:42:36,0.0,Pastelería Crema,Pastel 3 Leches Cuadrado,futuro
2026-01-07 13:42:36,0.0,Pastelería Crema,Pastel 3 Leches Cuadrado,futuro
2026-01-08 13:42:36,0.0,Pastelería Crema,Pastel 3 Leches Cuadrado,futuro
2026-01-09 13:42:36,0.0,Pastelería Crema,Pastel 3 Leches Cuadrado,futuro
2026-01-10 13:42:36,0.0,Pastelería Crema,Pastel 3 Leches Cuadrado,futuro
2026-01-11 13:42:36,0.0,Pastelería Crema,Pastel 3 Leches Cuadrado,futuro
2026-01-12 13:42:36,0.0,Pastelería Crema,Pastel 3 Leches Cuadrado,futuro
2026-01-13 13:42:36,0.0,Pastelería Crema,Pastel 3 Leches Cuadrado,futuro
2026-01-14 13:42:36,0.0,Pastelería Crema,Pastel 3 Leches Cuadrado,futuro
2026-01-15 13:42:36,0.0,Pastelería Crema,Pastel 3 Leches Cuadrado,futuro
2026-01-16 13:42:36,0.0,Pastelería Crema,Pastel 3 Leches Cuadrado,futuro
2026-01-17 13:42:36,0.0,Pastelería Crema,Pastel 3 Leches Cuadrado,futuro
2026-01-18 13:42:36,0.0,Pastelería Crema,Pastel 3 Leches Cuadrado,futuro
2026-01-19 13:42:36,0.0,Pastelería Crema,Pastel 3 Leches Cuadrado,futuro
2026-01-20 13:42:36,0.0,Pastelería Crema,Pastel 3 Leches Cuadrado,futuro
2026-01-21 13:42:36,0.0,Pastelería Crema,Pastel 3 Leches Cuadrado,futuro
2026-01-22 13:42:36,0.0,Pastelería Crema,Pastel 3 Leches Cuadrado,futuro
2026-01-23 13:42:36,0.0,Pastelería Crema,Pastel 3 Leches Cuadrado,futuro
2026-01-24 13:42:36,0.0,Pastelería Crema,Pastel 3 Leches Cuadrado,futuro
2026-01-25 13:42:36,0.0,Pastelería Crema,Pastel 3 Leches Cuadrado,futuro
2026-01-26 13:42:36,0.0,Pastelería Crema,Pastel 3 Leches Cuadrado,futuro
2026-01-27 13:42:36,0.0,Pastelería Crema,Pastel 3 Leches Cuadrado,futuro
2026-01-28 13:42:36,0.0,Pastelería Crema,Pastel 3 Leches Cuadrado,futuro
2026-01-29 13:42:36,0.0,Pastelería Crema,Pastel 3 Leches Cuadrado,futuro
2026-01-30 13:42:36,0.0,Pastelería Crema,Pastel 3 Leches Cuadrado,futuro
2026-01-31 13:42:36,0.0,Pastelería Crema,Pastel 3 Leches Cuadrado,futuro
2026-02-01 13:42:36,0.0,Pastelería Crema,Pastel 3 Leches Cuadrado,futuro
2026-02-02 13:42:36,0.0,Pastelería Crema,Pastel 3 Leches Cuadrado,futuro
2026-02-03 13:42:36,0.0,Pastelería Crema,Pastel 3 Leches Cuadrado,futuro
2026-02-04 13:42:36,0.0,Pastelería Crema,Pastel 3 Leches Cuadrado,futuro
2025-11-06 12:14:19,0.0,Pastelería Crema,Pastel 3 Leches Redondo,futuro
2025-11-07 12:14:19,0.0,Pastelería Crema,Pastel 3 Leches Redondo,futuro
2025-11-08 12:14:19,0.0,Pastelería Crema,Pastel 3 Leches Redondo,futuro
2025-11-09 12:14:19,0.0,Pastelería Crema,Pastel 3 Leches Redondo,futuro
2025-11-10 12:14:19,0.0,Pastelería Crema,Pastel 3 Leches Redondo,futuro
2025-11-11 12:14:19,0.0,Pastelería Crema,Pastel 3 Leches Redondo,futuro
2025-11-12 12:14:19,0.0,Pastelería Crema,Pastel 3 Leches Redondo,futuro
2025-11-13 12:14:19,0.0,Pastelería Crema,Pastel 3 Leches Redondo,futuro
2025-11-14 12:14:19,0.0,Pastelería Crema,Pastel 3 Leches Redondo,futuro
2025-11-15 12:14:19,0.0,Pastelería Crema,Pastel 3 Leches Redondo,futuro
2025-11-16 12:14:19,0.0,Pastelería Crema,Pastel 3 Leches Redondo,futuro
2025-11-17 12:14:19,0.0,Pastelería Crema,Pastel 3 Leches Redondo,futuro
2025-11-18 12:14:19,0.0,Pastelería Crema,Pastel 3 Leches Redondo,futuro
2025-11-19 12:14:19,0.0,Pastelería Crema,Pastel 3 Leches Redondo,futuro
2025-11-20 12:14:19,0.0,Pastelería Crema,Pastel 3 Leches Redondo,futuro
2025-11-21 12:14:19,0.0,Pastelería Crema,Pastel 3 Leches Redondo,futuro
2025-11-22 12:14:19,0.0,Pastelería Crema,Pastel 3 Leches Redondo,futuro
2025-11-23 12:14:19,0.0,Pastelería Crema,Pastel 3 Leches Redondo,futuro
2025-11-24 12:14:19,0.0,Pastelería Crema,Pastel 3 Leches Redondo,futuro
2025-11-25 12:14:19,0.0,Pastelería Crema,Pastel 3 Leches Redondo,futuro
2025-11-26 12:14:19,0.0,Pastelería Crema,Pastel 3 Leches Redondo,futuro
2025-11-27 12:14:19,0.0,Pastelería Crema,Pastel 3 Leches Redondo,futuro
2025-11-28 12:14:19,0.0,Pastelería Crema,Pastel 3 Leches Redondo,futuro
2025-11-29 12:14:19,0.0,Pastelería Crema,Pastel 3 Leches Redondo,futuro
2025-11-30 12:14:19,0.0,Pastelería Crema,Pastel 3 Leches Redondo,futuro
2025-12-01 12:14:19,0.0,Pastelería Crema,Pastel 3 Leches Redondo,futuro
2025-12-02 12:14:19,0.0,Pastelería Crema,Pastel 3 Leches Redondo,futuro
2025-12-03 12:14:19,0.0,Pastelería Crema,Pastel 3 Leches Redondo,futuro
2025-12-04 12:14:19,0.0,Pastelería Crema,Pastel 3 Leches Redondo,futuro
2025-12-05 12:14:19,0.0,Pastelería Crema,Pastel 3 Leches Redondo,futuro
2025-12-06 12:14:19,0.0,Pastelería Crema,Pastel 3 Leches Redondo,futuro
2025-12-07 12:14:19,0.0,Pastelería Crema,Pastel 3 Leches Redondo,futuro
2025-12-08 12:14:19,0.0,Pastelería Crema,Pastel 3 Leches Redondo,futuro
2025-12-09 12:14:19,0.0,Pastelería Crema,Pastel 3 Leches Redondo,futuro
2025-12-10 12:14:19,0.0,Pastelería Crema,Pastel 3 Leches Redondo,futuro
2025-12-11 12:14:19,0.0,Pastelería Crema,Pastel 3 Leches Redondo,futuro
2025-12-12 12:14:19,0.0,Pastelería Crema,Pastel 3 Leches Redondo,futuro
2025-12-13 12:14:19,0.0,Pastelería Crema,Pastel 3 Leches Redondo,futuro
2025-12-14 12:14:19,0.0,Pastelería Crema,Pastel 3 Leches Redondo,futuro
2025-12-15 12:14:19,0.0,Pastelería Crema,Pastel 3 Leches Redondo,futuro
2025-12-16 12:14:19,0.0,Pastelería Crema,Pastel 3 Leches Redondo,futuro
2025-12-17 12:14:19,0.0,Pastelería Crema,Pastel 3 Leches Redondo,futuro
2025-12-18 12:14:19,0.0,Pastelería Crema,Pastel 3 Leches Redondo,futuro
2025-12-19 12:14:19,0.0,Pastelería Crema,Pastel 3 Leches Redondo,futuro
2025-12-20 12:14:19,0.0,Pastelería Crema,Pastel 3 Leches Redondo,futuro
2025-12-21 12:14:19,0.0,Pastelería Crema,Pastel 3 Leches Redondo,futuro
2025-12-22 12:14:19,0.0,Pastelería Crema,Pastel 3 Leches Redondo,futuro
2025-12-23 12:14:19,0.0,Pastelería Crema,Pastel 3 Leches Redondo,futuro
2025-12-24 12:14:19,0.0,Pastelería Crema,Pastel 3 Leches Redondo,futuro
2025-12-25 12:14:19,0.0,Pastelería Crema,Pastel 3 Leches Redondo,futuro
2025-12-26 12:14:19,0.0,Pastelería Crema,Pastel 3 Leches Redondo,futuro
2025-12-27 12:14:19,0.0,Pastelería Crema,Pastel 3 Leches Redondo,futuro
2025-12-28 12:14:19,0.0,Pastelería Crema,Pastel 3 Leches Redondo,futuro
2025-12-29 12:14:19,0.0,Pastelería Crema,Pastel 3 Leches Redondo,futuro
2025-12-30 12:14:19,0.0,Pastelería Crema,Pastel 3 Leches Redondo,futuro
2025-12-31 12:14:19,0.0,Pastelería Crema,Pastel 3 Leches Redondo,futuro
2026-01-01 12:14:19,0.0,Pastelería Crema,Pastel 3 Leches Redondo,futuro
2026-01-02 12:14:19,0.0,Pastelería Crema,Pastel 3 Leches Redondo,futuro
2026-01-03 12:14:19,0.0,Pastelería Crema,Pastel 3 Leches Redondo,futuro
2026-01-04 12:14:19,0.0,Pastelería Crema,Pastel 3 Leches Redondo,futuro
2026-01-05 12:14:19,0.0,Pastelería Crema,Pastel 3 Leches Redondo,futuro
2026-01-06 12:14:19,0.0,Pastelería Crema,Pastel 3 Leches Redondo,futuro
2026-01-07 12:14:19,0.0,Pastelería Crema,Pastel 3 Leches Redondo,futuro
2026-01-08 12:14:19,0.0,Pastelería Crema,Pastel 3 Leches Redondo,futuro
2026-01-09 12:14:19,0.0,Pastelería Crema,Pastel 3 Leches Redondo,futuro
2026-01-10 12:14:19,0.0,Pastelería Crema,Pastel 3 Leches Redondo,futuro
2026-01-11 12:14:19,0.0,Pastelería Crema,Pastel 3 Leches Redondo,futuro
2026-01-12 12:14:19,0.0,Pastelería Crema,Pastel 3 Leches Redondo,futuro
2026-01-13 12:14:19,0.0,Pastelería Crema,Pastel 3 Leches Redondo,futuro
2026-01-14 12:14:19,0.0,Pastelería Crema,Pastel 3 Leches Redondo,futuro
2026-01-15 12:14:19,0.0,Pastelería Crema,Pastel 3 Leches Redondo,futuro
2026-01-16 12:14:19,0.0,Pastelería Crema,Pastel 3 Leches Redondo,futuro
2026-01-17 12:14:19,0.0,Pastelería Crema,Pastel 3 Leches Redondo,futuro
2026-01-18 12:14:19,0.0,Pastelería Crema,Pastel 3 Leches Redondo,futuro
2026-01-19 12:14:19,0.0,Pastelería Crema,Pastel 3 Leches Redondo,futuro
2026-01-20 12:14:19,0.0,Pastelería Crema,Pastel 3 Leches Redondo,futuro
2026-01-21 12:14:19,0.0,Pastelería Crema,Pastel 3 Leches Redondo,futuro
2026-01-22 12:14:19,0.0,Pastelería Crema,Pastel 3 Leches Redondo,futuro
2026-01-23 12:14:19,0.0,Pastelería Crema,Pastel 3 Leches Redondo,futuro
2026-01-24 12:14:19,0.0,Pastelería Crema,Pastel 3 Leches Redondo,futuro
2026-01-25 12:14:19,0.0,Pastelería Crema,Pastel 3 Leches Redondo,futuro
2026-01-26 12:14:19,0.0,Pastelería Crema,Pastel 3 Leches Redondo,futuro
2026-01-27 12:14:19,0.0,Pastelería Crema,Pastel 3 Leches Redondo,futuro
2026-01-28 12:14:19,0.0,Pastelería Crema,Pastel 3 Leches Redondo,futuro
2026-01-29 12:14:19,0.0,Pastelería Crema,Pastel 3 Leches Redondo,futuro
2026-01-30 12:14:19,0.0,Pastelería Crema,Pastel 3 Leches Redondo,futuro
2026-01-31 12:14:19,0.0,Pastelería Crema,Pastel 3 Leches Redondo,futuro
2026-02-01 12:14:19,0.0,Pastelería Crema,Pastel 3 Leches Redondo,futuro
2026-02-02 12:14:19,0.0,Pastelería Crema,Pastel 3 Leches Redondo,futuro
2026-02-03 12:14:19,0.0,Pastelería Crema,Pastel 3 Leches Redondo,futuro
2023-06-18 13:06:15,0.0,Pastelería Crema,Pastel 3 leches baileys,futuro
2023-06-19 13:06:15,0.0,Pastelería Crema,Pastel 3 leches baileys,futuro
2023-06-20 13:06:15,0.0,Pastelería Crema,Pastel 3 leches baileys,futuro
2023-06-21 13:06:15,0.0,Pastelería Crema,Pastel 3 leches baileys,futuro
2023-06-22 13:06:15,0.0,Pastelería Crema,Pastel 3 leches baileys,futuro
2023-06-23 13:06:15,0.0,Pastelería Crema,Pastel 3 leches baileys,futuro
2023-06-24 13:06:15,0.0,Pastelería Crema,Pastel 3 leches baileys,futuro
2023-06-25 13:06:15,0.0,Pastelería Crema,Pastel 3 leches baileys,futuro
2023-06-26 13:06:15,0.0,Pastelería Crema,Pastel 3 leches baileys,futuro
2023-06-27 13:06:15,0.0,Pastelería Crema,Pastel 3 leches baileys,futuro
2023-06-28 13:06:15,0.0,Pastelería Crema,Pastel 3 leches baileys,futuro
2023-06-29 13:06:15,0.0,Pastelería Crema,Pastel 3 leches baileys,futuro
2023-06-30 13:06:15,0.0,Pastelería Crema,Pastel 3 leches baileys,futuro
2023-07-01 13:06:15,0.0,Pastelería Crema,Pastel 3 leches baileys,futuro
2023-07-02 13:06:15,0.0,Pastelería Crema,Pastel 3 leches baileys,futuro
2023-07-03 13:06:15,0.0,Pastelería Crema,Pastel 3 leches baileys,futuro
2023-07-04 13:06:15,0.0,Pastelería Crema,Pastel 3 leches baileys,futuro
2023-07-05 13:06:15,0.0,Pastelería Crema,Pastel 3 leches baileys,futuro
2023-07-06 13:06:15,0.0,Pastelería Crema,Pastel 3 leches baileys,futuro
2023-07-07 13:06:15,0.0,Pastelería Crema,Pastel 3 leches baileys,futuro
2023-07-08 13:06:15,0.0,Pastelería Crema,Pastel 3 leches baileys,futuro
2023-07-09 13:06:15,0.0,Pastelería Crema,Pastel 3 leches baileys,futuro
2023-07-10 13:06:15,0.0,Pastelería Crema,Pastel 3 leches baileys,futuro
2023-07-11 13:06:15,0.0,Pastelería Crema,Pastel 3 leches baileys,futuro
2023-07-12 13:06:15,0.0,Pastelería Crema,Pastel 3 leches baileys,futuro
2023-07-13 13:06:15,0.0,Pastelería Crema,Pastel 3 leches baileys,futuro
2023-07-14 13:06:15,0.0,Pastelería Crema,Pastel 3 leches baileys,futuro
2023-07-15 13:06:15,0.0,Pastelería Crema,Pastel 3 leches baileys,futuro
2023-07-16 13:06:15,0.0,Pastelería Crema,Pastel 3 leches baileys,futuro
2023-07-17 13:06:15,0.0,Pastelería Crema,Pastel 3 leches baileys,futuro
2023-07-18 13:06:15,0.0,Pastelería Crema,Pastel 3 leches baileys,futuro
2023-07-19 13:06:15,0.0,Pastelería Crema,Pastel 3 leches baileys,futuro
2023-07-20 13:06:15,0.0,Pastelería Crema,Pastel 3 leches baileys,futuro
2023-07-21 13:06:15,0.0,Pastelería Crema,Pastel 3 leches baileys,futuro
2023-07-22 13:06:15,0.0,Pastelería Crema,Pastel 3 leches baileys,futuro
2023-07-23 13:06:15,0.0,Pastelería Crema,Pastel 3 leches baileys,futuro
2023-07-24 13:06:15,0.0,Pastelería Crema,Pastel 3 leches baileys,futuro
2023-07-25 13:06:15,0.0,Pastelería Crema,Pastel 3 leches baileys,futuro
2023-07-26 13:06:15,0.0,Pastelería Crema,Pastel 3 leches baileys,futuro
2023-07-27 13:06:15,0.0,Pastelería Crema,Pastel 3 leches baileys,futuro
2023-07-28 13:06:15,0.0,Pastelería Crema,Pastel 3 leches baileys,futuro
2023-07-29 13:06:15,0.0,Pastelería Crema,Pastel 3 leches baileys,futuro
2023-07-30 13:06:15,0.0,Pastelería Crema,Pastel 3 leches baileys,futuro
2023-07-31 13:06:15,0.0,Pastelería Crema,Pastel 3 leches baileys,futuro
2023-08-01 13:06:15,0.0,Pastelería Crema,Pastel 3 leches baileys,futuro
2023-08-02 13:06:15,0.0,Pastelería Crema,Pastel 3 leches baileys,futuro
2023-08-03 13:06:15,0.0,Pastelería Crema,Pastel 3 leches baileys,futuro
2023-08-04 13:06:15,0.0,Pastelería Crema,Pastel 3 leches baileys,futuro
2023-08-05 13:06:15,0.0,Pastelería Crema,Pastel 3 leches baileys,futuro
2023-08-06 13:06:15,0.0,Pastelería Crema,Pastel 3 leches baileys,futuro
2023-08-07 13:06:15,0.0,Pastelería Crema,Pastel 3 leches baileys,futuro
2023-08-08 13:06:15,0.0,Pastelería Crema,Pastel 3 leches baileys,futuro
2023-08-09 13:06:15,0.0,Pastelería Crema,Pastel 3 leches baileys,futuro
2023-08-10 13:06:15,0.0,Pastelería Crema,Pastel 3 leches baileys,futuro
2023-08-11 13:06:15,0.0,Pastelería Crema,Pastel 3 leches baileys,futuro
2023-08-12 13:06:15,0.0,Pastelería Crema,Pastel 3 leches baileys,futuro
2023-08-13 13:06:15,0.0,Pastelería Crema,Pastel 3 leches baileys,futuro
2023-08-14 13:06:15,0.0,Pastelería Crema,Pastel 3 leches baileys,futuro
2023-08-15 13:06:15,0.0,Pastelería Crema,Pastel 3 leches baileys,futuro
2023-08-16 13:06:15,0.0,Pastelería Crema,Pastel 3 leches baileys,futuro
2023-08-17 13:06:15,0.0,Pastelería Crema,Pastel 3 leches baileys,futuro
2023-08-18 13:06:15,0.0,Pastelería Crema,Pastel 3 leches baileys,futuro
2023-08-19 13:06:15,0.0,Pastelería Crema,Pastel 3 leches baileys,futuro
2023-08-20 13:06:15,0.0,Pastelería Crema,Pastel 3 leches baileys,futuro
2023-08-21 13:06:15,0.0,Pastelería Crema,Pastel 3 leches baileys,futuro
2023-08-22 13:06:15,0.0,Pastelería Crema,Pastel 3 leches baileys,futuro
2023-08-23 13:06:15,0.0,Pastelería Crema,Pastel 3 leches baileys,futuro
2023-08-24 13:06:15,0.0,Pastelería Crema,Pastel 3 leches baileys,futuro
2023-08-25 13:06:15,0.0,Pastelería Crema,Pastel 3 leches baileys,futuro
2023-08-26 13:06:15,0.0,Pastelería Crema,Pastel 3 leches baileys,futuro
2023-08-27 13:06:15,0.0,Pastelería Crema,Pastel 3 leches baileys,futuro
2023-08-28 13:06:15,0.0,Pastelería Crema,Pastel 3 leches baileys,futuro
2023-08-29 13:06:15,0.0,Pastelería Crema,Pastel 3 leches baileys,futuro
2023-08-30 13:06:15,0.0,Pastelería Crema,Pastel 3 leches baileys,futuro
2023-08-31 13:06:15,0.0,Pastelería Crema,Pastel 3 leches baileys,futuro
2023-09-01 13:06:15,0.0,Pastelería Crema,Pastel 3 leches baileys,futuro
2023-09-02 13:06:15,0.0,Pastelería Crema,Pastel 3 leches baileys,futuro
2023-09-03 13:06:15,0.0,Pastelería Crema,Pastel 3 leches baileys,futuro
2023-09-04 13:06:15,0.0,Pastelería Crema,Pastel 3 leches baileys,futuro
2023-09-05 13:06:15,0.0,Pastelería Crema,Pastel 3 leches baileys,futuro
2023-09-06 13:06:15,0.0,Pastelería Crema,Pastel 3 leches baileys,futuro
2023-09-07 13:06:15,0.0,Pastelería Crema,Pastel 3 leches baileys,futuro
2023-09-08 13:06:15,0.0,Pastelería Crema,Pastel 3 leches baileys,futuro
2023-09-09 13:06:15,0.0,Pastelería Crema,Pastel 3 leches baileys,futuro
2023-09-10 13:06:15,0.0,Pastelería Crema,Pastel 3 leches baileys,futuro
2023-09-11 13:06:15,0.0,Pastelería Crema,Pastel 3 leches baileys,futuro
2023-09-12 13:06:15,0.0,Pastelería Crema,Pastel 3 leches baileys,futuro
2023-09-13 13:06:15,0.0,Pastelería Crema,Pastel 3 leches baileys,futuro
2023-09-14 13:06:15,0.0,Pastelería Crema,Pastel 3 leches baileys,futuro
2023-09-15 13:06:15,0.0,Pastelería Crema,Pastel 3 leches baileys,futuro
2025-11-07 14:34:00,0.0,Pastelería Crema,Pastel Capuchino,futuro
2025-11-08 14:34:00,0.0,Pastelería Crema,Pastel Capuchino,futuro
2025-11-09 14:34:00,0.0,Pastelería Crema,Pastel Capuchino,futuro
2025-11-10 14:34:00,0.0,Pastelería Crema,Pastel Capuchino,futuro
2025-11-11 14:34:00,0.0,Pastelería Crema,Pastel Capuchino,futuro
2025-11-12 14:34:00,0.0,Pastelería Crema,Pastel Capuchino,futuro
2025-11-13 14:34:00,0.0,Pastelería Crema,Pastel Capuchino,futuro
2025-11-14 14:34:00,0.0,Pastelería Crema,Pastel Capuchino,futuro
2025-11-15 14:34:00,0.0,Pastelería Crema,Pastel Capuchino,futuro
2025-11-16 14:34:00,0.0,Pastelería Crema,Pastel Capuchino,futuro
2025-11-17 14:34:00,0.0,Pastelería Crema,Pastel Capuchino,futuro
2025-11-18 14:34:00,0.0,Pastelería Crema,Pastel Capuchino,futuro
2025-11-19 14:34:00,0.0,Pastelería Crema,Pastel Capuchino,futuro
2025-11-20 14:34:00,0.0,Pastelería Crema,Pastel Capuchino,futuro
2025-11-21 14:34:00,0.0,Pastelería Crema,Pastel Capuchino,futuro
2025-11-22 14:34:00,0.0,Pastelería Crema,Pastel Capuchino,futuro
2025-11-23 14:34:00,0.0,Pastelería Crema,Pastel Capuchino,futuro
2025-11-24 14:34:00,0.0,Pastelería Crema,Pastel Capuchino,futuro
2025-11-25 14:34:00,0.0,Pastelería Crema,Pastel Capuchino,futuro
2025-11-26 14:34:00,0.0,Pastelería Crema,Pastel Capuchino,futuro
2025-11-27 14:34:00,0.0,Pastelería Crema,Pastel Capuchino,futuro
2025-11-28 14:34:00,0.0,Pastelería Crema,Pastel Capuchino,futuro
2025-11-29 14:34:00,0.0,Pastelería Crema,Pastel Capuchino,futuro
2025-11-30 14:34:00,0.0,Pastelería Crema,Pastel Capuchino,futuro
2025-12-01 14:34:00,0.0,Pastelería Crema,Pastel Capuchino,futuro
2025-12-02 14:34:00,0.0,Pastelería Crema,Pastel Capuchino,futuro
2025-12-03 14:34:00,0.0,Pastelería Crema,Pastel Capuchino,futuro
2025-12-04 14:34:00,0.0,Pastelería Crema,Pastel Capuchino,futuro
2025-12-05 14:34:00,0.0,Pastelería Crema,Pastel Capuchino,futuro
2025-12-06 14:34:00,0.0,Pastelería Crema,Pastel Capuchino,futuro
2025-12-07 14:34:00,0.0,Pastelería Crema,Pastel Capuchino,futuro
2025-12-08 14:34:00,0.0,Pastelería Crema,Pastel Capuchino,futuro
2025-12-09 14:34:00,0.0,Pastelería Crema,Pastel Capuchino,futuro
2025-12-10 14:34:00,0.0,Pastelería Crema,Pastel Capuchino,futuro
2025-12-11 14:34:00,0.0,Pastelería Crema,Pastel Capuchino,futuro
2025-12-12 14:34:00,0.0,Pastelería Crema,Pastel Capuchino,futuro
2025-12-13 14:34:00,0.0,Pastelería Crema,Pastel Capuchino,futuro
2025-12-14 14:34:00,0.0,Pastelería Crema,Pastel Capuchino,futuro
2025-12-15 14:34:00,0.0,Pastelería Crema,Pastel Capuchino,futuro
2025-12-16 14:34:00,0.0,Pastelería Crema,Pastel Capuchino,futuro
2025-12-17 14:34:00,0.0,Pastelería Crema,Pastel Capuchino,futuro
2025-12-18 14:34:00,0.0,Pastelería Crema,Pastel Capuchino,futuro
2025-12-19 14:34:00,0.0,Pastelería Crema,Pastel Capuchino,futuro
2025-12-20 14:34:00,0.0,Pastelería Crema,Pastel Capuchino,futuro
2025-12-21 14:34:00,0.0,Pastelería Crema,Pastel Capuchino,futuro
2025-12-22 14:34:00,0.0,Pastelería Crema,Pastel Capuchino,futuro
2025-12-23 14:34:00,0.0,Pastelería Crema,Pastel Capuchino,futuro
2025-12-24 14:34:00,0.0,Pastelería Crema,Pastel Capuchino,futuro
2025-12-25 14:34:00,0.0,Pastelería Crema,Pastel Capuchino,futuro
2025-12-26 14:34:00,0.0,Pastelería Crema,Pastel Capuchino,futuro
2025-12-27 14:34:00,0.0,Pastelería Crema,Pastel Capuchino,futuro
2025-12-28 14:34:00,0.0,Pastelería Crema,Pastel Capuchino,futuro
2025-12-29 14:34:00,0.0,Pastelería Crema,Pastel Capuchino,futuro
2025-12-30 14:34:00,0.0,Pastelería Crema,Pastel Capuchino,futuro
2025-12-31 14:34:00,0.0,Pastelería Crema,Pastel Capuchino,futuro
2026-01-01 14:34:00,0.0,Pastelería Crema,Pastel Capuchino,futuro
2026-01-02 14:34:00,0.0,Pastelería Crema,Pastel Capuchino,futuro
2026-01-03 14:34:00,0.0,Pastelería Crema,Pastel Capuchino,futuro
2026-01-04 14:34:00,0.0,Pastelería Crema,Pastel Capuchino,futuro
2026-01-05 14:34:00,0.0,Pastelería Crema,Pastel Capuchino,futuro
2026-01-06 14:34:00,0.0,Pastelería Crema,Pastel Capuchino,futuro
2026-01-07 14:34:00,0.0,Pastelería Crema,Pastel Capuchino,futuro
2026-01-08 14:34:00,0.0,Pastelería Crema,Pastel Capuchino,futuro
2026-01-09 14:34:00,0.0,Pastelería Crema,Pastel Capuchino,futuro
2026-01-10 14:34:00,0.0,Pastelería Crema,Pastel Capuchino,futuro
2026-01-11 14:34:00,0.0,Pastelería Crema,Pastel Capuchino,futuro
2026-01-12 14:34:00,0.0,Pastelería Crema,Pastel Capuchino,futuro
2026-01-13 14:34:00,0.0,Pastelería Crema,Pastel Capuchino,futuro
2026-01-14 14:34:00,0.0,Pastelería Crema,Pastel Capuchino,futuro
2026-01-15 14:34:00,0.0,Pastelería Crema,Pastel Capuchino,futuro
2026-01-16 14:34:00,0.0,Pastelería Crema,Pastel Capuchino,futuro
2026-01-17 14:34:00,0.0,Pastelería Crema,Pastel Capuchino,futuro
2026-01-18 14:34:00,0.0,Pastelería Crema,Pastel Capuchino,futuro
2026-01-19 14:34:00,0.0,Pastelería Crema,Pastel Capuchino,futuro
2026-01-20 14:34:00,0.0,Pastelería Crema,Pastel Capuchino,futuro
2026-01-21 14:34:00,0.0,Pastelería Crema,Pastel Capuchino,futuro
2026-01-22 14:34:00,0.0,Pastelería Crema,Pastel Capuchino,futuro
2026-01-23 14:34:00,0.0,Pastelería Crema,Pastel Capuchino,futuro
2026-01-24 14:34:00,0.0,Pastelería Crema,Pastel Capuchino,futuro
2026-01-25 14:34:00,0.0,Pastelería Crema,Pastel Capuchino,futuro
2026-01-26 14:34:00,0.0,Pastelería Crema,Pastel Capuchino,futuro
2026-01-27 14:34:00,0.0,Pastelería Crema,Pastel Capuchino,futuro
2026-01-28 14:34:00,0.0,Pastelería Crema,Pastel Capuchino,futuro
2026-01-29 14:34:00,0.0,Pastelería Crema,Pastel Capuchino,futuro
2026-01-30 14:34:00,0.0,Pastelería Crema,Pastel Capuchino,futuro
2026-01-31 14:34:00,0.0,Pastelería Crema,Pastel Capuchino,futuro
2026-02-01 14:34:00,0.0,Pastelería Crema,Pastel Capuchino,futuro
2026-02-02 14:34:00,0.0,Pastelería Crema,Pastel Capuchino,futuro
2026-02-03 14:34:00,0.0,Pastelería Crema,Pastel Capuchino,futuro
2026-02-04 14:34:00,0.0,Pastelería Crema,Pastel Capuchino,futuro
2025-11-07 12:49:19,0.0,Pastelería Crema,Pastel Capuchino Chico,futuro
2025-11-08 12:49:19,0.11,Pastelería Crema,Pastel Capuchino Chico,futuro
2025-11-09 12:49:19,0.0,Pastelería Crema,Pastel Capuchino Chico,futuro
2025-11-10 12:49:19,0.0,Pastelería Crema,Pastel Capuchino Chico,futuro
2025-11-11 12:49:19,0.0,Pastelería Crema,Pastel Capuchino Chico,futuro
2025-11-12 12:49:19,0.0,Pastelería Crema,Pastel Capuchino Chico,futuro
2025-11-13 12:49:19,0.0,Pastelería Crema,Pastel Capuchino Chico,futuro
2025-11-14 12:49:19,0.0,Pastelería Crema,Pastel Capuchino Chico,futuro
2025-11-15 12:49:19,0.11,Pastelería Crema,Pastel Capuchino Chico,futuro
2025-11-16 12:49:19,0.0,Pastelería Crema,Pastel Capuchino Chico,futuro
2025-11-17 12:49:19,0.0,Pastelería Crema,Pastel Capuchino Chico,futuro
2025-11-18 12:49:19,0.0,Pastelería Crema,Pastel Capuchino Chico,futuro
2025-11-19 12:49:19,0.0,Pastelería Crema,Pastel Capuchino Chico,futuro
2025-11-20 12:49:19,0.0,Pastelería Crema,Pastel Capuchino Chico,futuro
2025-11-21 12:49:19,0.0,Pastelería Crema,Pastel Capuchino Chico,futuro
2025-11-22 12:49:19,0.11,Pastelería Crema,Pastel Capuchino Chico,futuro
2025-11-23 12:49:19,0.0,Pastelería Crema,Pastel Capuchino Chico,futuro
2025-11-24 12:49:19,0.0,Pastelería Crema,Pastel Capuchino Chico,futuro
2025-11-25 12:49:19,0.0,Pastelería Crema,Pastel Capuchino Chico,futuro
2025-11-26 12:49:19,0.0,Pastelería Crema,Pastel Capuchino Chico,futuro
2025-11-27 12:49:19,0.0,Pastelería Crema,Pastel Capuchino Chico,futuro
2025-11-28 12:49:19,0.0,Pastelería Crema,Pastel Capuchino Chico,futuro
2025-11-29 12:49:19,0.11,Pastelería Crema,Pastel Capuchino Chico,futuro
2025-11-30 12:49:19,0.0,Pastelería Crema,Pastel Capuchino Chico,futuro
2025-12-01 12:49:19,0.0,Pastelería Crema,Pastel Capuchino Chico,futuro
2025-12-02 12:49:19,0.0,Pastelería Crema,Pastel Capuchino Chico,futuro
2025-12-03 12:49:19,0.0,Pastelería Crema,Pastel Capuchino Chico,futuro
2025-12-04 12:49:19,0.0,Pastelería Crema,Pastel Capuchino Chico,futuro
2025-12-05 12:49:19,0.0,Pastelería Crema,Pastel Capuchino Chico,futuro
2025-12-06 12:49:19,0.0,Pastelería Crema,Pastel Capuchino Chico,futuro
2025-12-07 12:49:19,0.0,Pastelería Crema,Pastel Capuchino Chico,futuro
2025-12-08 12:49:19,0.0,Pastelería Crema,Pastel Capuchino Chico,futuro
2025-12-09 12:49:19,0.0,Pastelería Crema,Pastel Capuchino Chico,futuro
2025-12-10 12:49:19,0.0,Pastelería Crema,Pastel Capuchino Chico,futuro
2025-12-11 12:49:19,0.0,Pastelería Crema,Pastel Capuchino Chico,futuro
2025-12-12 12:49:19,0.0,Pastelería Crema,Pastel Capuchino Chico,futuro
2025-12-13 12:49:19,0.0,Pastelería Crema,Pastel Capuchino Chico,futuro
2025-12-14 12:49:19,0.0,Pastelería Crema,Pastel Capuchino Chico,futuro
2025-12-15 12:49:19,0.0,Pastelería Crema,Pastel Capuchino Chico,futuro
2025-12-16 12:49:19,0.0,Pastelería Crema,Pastel Capuchino Chico,futuro
2025-12-17 12:49:19,0.0,Pastelería Crema,Pastel Capuchino Chico,futuro
2025-12-18 12:49:19,0.0,Pastelería Crema,Pastel Capuchino Chico,futuro
2025-12-19 12:49:19,0.0,Pastelería Crema,Pastel Capuchino Chico,futuro
2025-12-20 12:49:19,0.0,Pastelería Crema,Pastel Capuchino Chico,futuro
2025-12-21 12:49:19,0.0,Pastelería Crema,Pastel Capuchino Chico,futuro
2025-12-22 12:49:19,0.0,Pastelería Crema,Pastel Capuchino Chico,futuro
2025-12-23 12:49:19,0.0,Pastelería Crema,Pastel Capuchino Chico,futuro
2025-12-24 12:49:19,0.0,Pastelería Crema,Pastel Capuchino Chico,futuro
2025-12-25 12:49:19,0.0,Pastelería Crema,Pastel Capuchino Chico,futuro
2025-12-26 12:49:19,0.0,Pastelería Crema,Pastel Capuchino Chico,futuro
2025-12-27 12:49:19,0.0,Pastelería Crema,Pastel Capuchino Chico,futuro
2025-12-28 12:49:19,0.0,Pastelería Crema,Pastel Capuchino Chico,futuro
2025-12-29 12:49:19,0.0,Pastelería Crema,Pastel Capuchino Chico,futuro
2025-12-30 12:49:19,0.0,Pastelería Crema,Pastel Capuchino Chico,futuro
2025-12-31 12:49:19,0.0,Pastelería Crema,Pastel Capuchino Chico,futuro
2026-01-01 12:49:19,0.0,Pastelería Crema,Pastel Capuchino Chico,futuro
2026-01-02 12:49:19,0.0,Pastelería Crema,Pastel Capuchino Chico,futuro
2026-01-03 12:49:19,0.0,Pastelería Crema,Pastel Capuchino Chico,futuro
2026-01-04 12:49:19,0.0,Pastelería Crema,Pastel Capuchino Chico,futuro
2026-01-05 12:49:19,0.0,Pastelería Crema,Pastel Capuchino Chico,futuro
2026-01-06 12:49:19,0.0,Pastelería Crema,Pastel Capuchino Chico,futuro
2026-01-07 12:49:19,0.0,Pastelería Crema,Pastel Capuchino Chico,futuro
2026-01-08 12:49:19,0.0,Pastelería Crema,Pastel Capuchino Chico,futuro
2026-01-09 12:49:19,0.0,Pastelería Crema,Pastel Capuchino Chico,futuro
2026-01-10 12:49:19,0.0,Pastelería Crema,Pastel Capuchino Chico,futuro
2026-01-11 12:49:19,0.0,Pastelería Crema,Pastel Capuchino Chico,futuro
2026-01-12 12:49:19,0.0,Pastelería Crema,Pastel Capuchino Chico,futuro
2026-01-13 12:49:19,0.0,Pastelería Crema,Pastel Capuchino Chico,futuro
2026-01-14 12:49:19,0.0,Pastelería Crema,Pastel Capuchino Chico,futuro
2026-01-15 12:49:19,0.0,Pastelería Crema,Pastel Capuchino Chico,futuro
2026-01-16 12:49:19,0.0,Pastelería Crema,Pastel Capuchino Chico,futuro
2026-01-17 12:49:19,0.0,Pastelería Crema,Pastel Capuchino Chico,futuro
2026-01-18 12:49:19,0.0,Pastelería Crema,Pastel Capuchino Chico,futuro
2026-01-19 12:49:19,0.0,Pastelería Crema,Pastel Capuchino Chico,futuro
2026-01-20 12:49:19,0.0,Pastelería Crema,Pastel Capuchino Chico,futuro
2026-01-21 12:49:19,0.0,Pastelería Crema,Pastel Capuchino Chico,futuro
2026-01-22 12:49:19,0.0,Pastelería Crema,Pastel Capuchino Chico,futuro
2026-01-23 12:49:19,0.0,Pastelería Crema,Pastel Capuchino Chico,futuro
2026-01-24 12:49:19,0.0,Pastelería Crema,Pastel Capuchino Chico,futuro
2026-01-25 12:49:19,0.0,Pastelería Crema,Pastel Capuchino Chico,futuro
2026-01-26 12:49:19,0.0,Pastelería Crema,Pastel Capuchino Chico,futuro
2026-01-27 12:49:19,0.0,Pastelería Crema,Pastel Capuchino Chico,futuro
2026-01-28 12:49:19,0.0,Pastelería Crema,Pastel Capuchino Chico,futuro
2026-01-29 12:49:19,0.0,Pastelería Crema,Pastel Capuchino Chico,futuro
2026-01-30 12:49:19,0.0,Pastelería Crema,Pastel Capuchino Chico,futuro
2026-01-31 12:49:19,0.0,Pastelería Crema,Pastel Capuchino Chico,futuro
2026-02-01 12:49:19,0.0,Pastelería Crema,Pastel Capuchino Chico,futuro
2026-02-02 12:49:19,0.0,Pastelería Crema,Pastel Capuchino Chico,futuro
2026-02-03 12:49:19,0.0,Pastelería Crema,Pastel Capuchino Chico,futuro
2026-02-04 12:49:19,0.0,Pastelería Crema,Pastel Capuchino Chico,futuro
2024-04-30 21:28:02,0.0,Pastelería Crema,Pastel Choconejo,futuro
2024-05-01 21:28:02,0.0,Pastelería Crema,Pastel Choconejo,futuro
2024-05-02 21:28:02,0.0,Pastelería Crema,Pastel Choconejo,futuro
2024-05-03 21:28:02,0.0,Pastelería Crema,Pastel Choconejo,futuro
2024-05-04 21:28:02,0.0,Pastelería Crema,Pastel Choconejo,futuro
2024-05-05 21:28:02,0.0,Pastelería Crema,Pastel Choconejo,futuro
2024-05-06 21:28:02,0.0,Pastelería Crema,Pastel Choconejo,futuro
2024-05-07 21:28:02,0.0,Pastelería Crema,Pastel Choconejo,futuro
2024-05-08 21:28:02,0.0,Pastelería Crema,Pastel Choconejo,futuro
2024-05-09 21:28:02,0.0,Pastelería Crema,Pastel Choconejo,futuro
2024-05-10 21:28:02,0.0,Pastelería Crema,Pastel Choconejo,futuro
2024-05-11 21:28:02,0.0,Pastelería Crema,Pastel Choconejo,futuro
2024-05-12 21:28:02,0.0,Pastelería Crema,Pastel Choconejo,futuro
2024-05-13 21:28:02,0.0,Pastelería Crema,Pastel Choconejo,futuro
2024-05-14 21:28:02,0.0,Pastelería Crema,Pastel Choconejo,futuro
2024-05-15 21:28:02,0.0,Pastelería Crema,Pastel Choconejo,futuro
2024-05-16 21:28:02,0.0,Pastelería Crema,Pastel Choconejo,futuro
2024-05-17 21:28:02,0.0,Pastelería Crema,Pastel Choconejo,futuro
2024-05-18 21:28:02,0.0,Pastelería Crema,Pastel Choconejo,futuro
2024-05-19 21:28:02,0.0,Pastelería Crema,Pastel Choconejo,futuro
2024-05-20 21:28:02,0.0,Pastelería Crema,Pastel Choconejo,futuro
2024-05-21 21:28:02,0.0,Pastelería Crema,Pastel Choconejo,futuro
2024-05-22 21:28:02,0.0,Pastelería Crema,Pastel Choconejo,futuro
2024-05-23 21:28:02,0.0,Pastelería Crema,Pastel Choconejo,futuro
2024-05-24 21:28:02,0.0,Pastelería Crema,Pastel Choconejo,futuro
2024-05-25 21:28:02,0.0,Pastelería Crema,Pastel Choconejo,futuro
2024-05-26 21:28:02,0.0,Pastelería Crema,Pastel Choconejo,futuro
2024-05-27 21:28:02,0.0,Pastelería Crema,Pastel Choconejo,futuro
2024-05-28 21:28:02,0.0,Pastelería Crema,Pastel Choconejo,futuro
2024-05-29 21:28:02,0.0,Pastelería Crema,Pastel Choconejo,futuro
2024-05-30 21:28:02,0.0,Pastelería Crema,Pastel Choconejo,futuro
2024-05-31 21:28:02,0.0,Pastelería Crema,Pastel Choconejo,futuro
2024-06-01 21:28:02,0.0,Pastelería Crema,Pastel Choconejo,futuro
2024-06-02 21:28:02,0.0,Pastelería Crema,Pastel Choconejo,futuro
2024-06-03 21:28:02,0.0,Pastelería Crema,Pastel Choconejo,futuro
2024-06-04 21:28:02,0.0,Pastelería Crema,Pastel Choconejo,futuro
2024-06-05 21:28:02,0.0,Pastelería Crema,Pastel Choconejo,futuro
2024-06-06 21:28:02,0.0,Pastelería Crema,Pastel Choconejo,futuro
2024-06-07 21:28:02,0.0,Pastelería Crema,Pastel Choconejo,futuro
2024-06-08 21:28:02,0.0,Pastelería Crema,Pastel Choconejo,futuro
2024-06-09 21:28:02,0.0,Pastelería Crema,Pastel Choconejo,futuro
2024-06-10 21:28:02,0.0,Pastelería Crema,Pastel Choconejo,futuro
2024-06-11 21:28:02,0.0,Pastelería Crema,Pastel Choconejo,futuro
2024-06-12 21:28:02,0.0,Pastelería Crema,Pastel Choconejo,futuro
2024-06-13 21:28:02,0.0,Pastelería Crema,Pastel Choconejo,futuro
2024-06-14 21:28:02,0.0,Pastelería Crema,Pastel Choconejo,futuro
2024-06-15 21:28:02,0.0,Pastelería Crema,Pastel Choconejo,futuro
2024-06-16 21:28:02,0.0,Pastelería Crema,Pastel Choconejo,futuro
2024-06-17 21:28:02,0.0,Pastelería Crema,Pastel Choconejo,futuro
2024-06-18 21:28:02,0.0,Pastelería Crema,Pastel Choconejo,futuro
2024-06-19 21:28:02,0.0,Pastelería Crema,Pastel Choconejo,futuro
2024-06-20 21:28:02,0.0,Pastelería Crema,Pastel Choconejo,futuro
2024-06-21 21:28:02,0.0,Pastelería Crema,Pastel Choconejo,futuro
2024-06-22 21:28:02,0.0,Pastelería Crema,Pastel Choconejo,futuro
2024-06-23 21:28:02,0.0,Pastelería Crema,Pastel Choconejo,futuro
2024-06-24 21:28:02,0.0,Pastelería Crema,Pastel Choconejo,futuro
2024-06-25 21:28:02,0.0,Pastelería Crema,Pastel Choconejo,futuro
2024-06-26 21:28:02,0.0,Pastelería Crema,Pastel Choconejo,futuro
2024-06-27 21:28:02,0.0,Pastelería Crema,Pastel Choconejo,futuro
2024-06-28 21:28:02,0.0,Pastelería Crema,Pastel Choconejo,futuro
2024-06-29 21:28:02,0.0,Pastelería Crema,Pastel Choconejo,futuro
2024-06-30 21:28:02,0.0,Pastelería Crema,Pastel Choconejo,futuro
2024-07-01 21:28:02,0.0,Pastelería Crema,Pastel Choconejo,futuro
2024-07-02 21:28:02,0.0,Pastelería Crema,Pastel Choconejo,futuro
2024-07-03 21:28:02,0.0,Pastelería Crema,Pastel Choconejo,futuro
2024-07-04 21:28:02,0.0,Pastelería Crema,Pastel Choconejo,futuro
2024-07-05 21:28:02,0.0,Pastelería Crema,Pastel Choconejo,futuro
2024-07-06 21:28:02,0.0,Pastelería Crema,Pastel Choconejo,futuro
2024-07-07 21:28:02,0.0,Pastelería Crema,Pastel Choconejo,futuro
2024-07-08 21:28:02,0.0,Pastelería Crema,Pastel Choconejo,futuro
2024-07-09 21:28:02,0.0,Pastelería Crema,Pastel Choconejo,futuro
2024-07-10 21:28:02,0.0,Pastelería Crema,Pastel Choconejo,futuro
2024-07-11 21:28:02,0.0,Pastelería Crema,Pastel Choconejo,futuro
2024-07-12 21:28:02,0.0,Pastelería Crema,Pastel Choconejo,futuro
2024-07-13 21:28:02,0.0,Pastelería Crema,Pastel Choconejo,futuro
2024-07-14 21:28:02,0.0,Pastelería Crema,Pastel Choconejo,futuro
2024-07-15 21:28:02,0.0,Pastelería Crema,Pastel Choconejo,futuro
2024-07-16 21:28:02,0.0,Pastelería Crema,Pastel Choconejo,futuro
2024-07-17 21:28:02,0.0,Pastelería Crema,Pastel Choconejo,futuro
2024-07-18 21:28:02,0.0,Pastelería Crema,Pastel Choconejo,futuro
2024-07-19 21:28:02,0.0,Pastelería Crema,Pastel Choconejo,futuro
2024-07-20 21:28:02,0.0,Pastelería Crema,Pastel Choconejo,futuro
2024-07-21 21:28:02,0.0,Pastelería Crema,Pastel Choconejo,futuro
2024-07-22 21:28:02,0.0,Pastelería Crema,Pastel Choconejo,futuro
2024-07-23 21:28:02,0.0,Pastelería Crema,Pastel Choconejo,futuro
2024-07-24 21:28:02,0.0,Pastelería Crema,Pastel Choconejo,futuro
2024-07-25 21:28:02,0.0,Pastelería Crema,Pastel Choconejo,futuro
2024-07-26 21:28:02,0.0,Pastelería Crema,Pastel Choconejo,futuro
2024-07-27 21:28:02,0.0,Pastelería Crema,Pastel Choconejo,futuro
2024-07-28 21:28:02,0.0,Pastelería Crema,Pastel Choconejo,futuro
2025-11-07 14:06:12,0.0,Pastelería Crema,Pastel Delicias,futuro
2025-11-08 14:06:12,0.0,Pastelería Crema,Pastel Delicias,futuro
2025-11-09 14:06:12,0.0,Pastelería Crema,Pastel Delicias,futuro
2025-11-10 14:06:12,0.0,Pastelería Crema,Pastel Delicias,futuro
2025-11-11 14:06:12,0.0,Pastelería Crema,Pastel Delicias,futuro
2025-11-12 14:06:12,0.0,Pastelería Crema,Pastel Delicias,futuro
2025-11-13 14:06:12,0.0,Pastelería Crema,Pastel Delicias,futuro
2025-11-14 14:06:12,0.0,Pastelería Crema,Pastel Delicias,futuro
2025-11-15 14:06:12,0.0,Pastelería Crema,Pastel Delicias,futuro
2025-11-16 14:06:12,0.0,Pastelería Crema,Pastel Delicias,futuro
2025-11-17 14:06:12,0.0,Pastelería Crema,Pastel Delicias,futuro
2025-11-18 14:06:12,0.0,Pastelería Crema,Pastel Delicias,futuro
2025-11-19 14:06:12,0.0,Pastelería Crema,Pastel Delicias,futuro
2025-11-20 14:06:12,0.0,Pastelería Crema,Pastel Delicias,futuro
2025-11-21 14:06:12,0.0,Pastelería Crema,Pastel Delicias,futuro
2025-11-22 14:06:12,0.0,Pastelería Crema,Pastel Delicias,futuro
2025-11-23 14:06:12,0.0,Pastelería Crema,Pastel Delicias,futuro
2025-11-24 14:06:12,0.0,Pastelería Crema,Pastel Delicias,futuro
2025-11-25 14:06:12,0.0,Pastelería Crema,Pastel Delicias,futuro
2025-11-26 14:06:12,0.0,Pastelería Crema,Pastel Delicias,futuro
2025-11-27 14:06:12,0.0,Pastelería Crema,Pastel Delicias,futuro
2025-11-28 14:06:12,0.0,Pastelería Crema,Pastel Delicias,futuro
2025-11-29 14:06:12,0.0,Pastelería Crema,Pastel Delicias,futuro
2025-11-30 14:06:12,0.0,Pastelería Crema,Pastel Delicias,futuro
2025-12-01 14:06:12,0.0,Pastelería Crema,Pastel Delicias,futuro
2025-12-02 14:06:12,0.0,Pastelería Crema,Pastel Delicias,futuro
2025-12-03 14:06:12,0.0,Pastelería Crema,Pastel Delicias,futuro
2025-12-04 14:06:12,0.0,Pastelería Crema,Pastel Delicias,futuro
2025-12-05 14:06:12,0.0,Pastelería Crema,Pastel Delicias,futuro
2025-12-06 14:06:12,0.0,Pastelería Crema,Pastel Delicias,futuro
2025-12-07 14:06:12,0.0,Pastelería Crema,Pastel Delicias,futuro
2025-12-08 14:06:12,0.0,Pastelería Crema,Pastel Delicias,futuro
2025-12-09 14:06:12,0.0,Pastelería Crema,Pastel Delicias,futuro
2025-12-10 14:06:12,0.0,Pastelería Crema,Pastel Delicias,futuro
2025-12-11 14:06:12,0.0,Pastelería Crema,Pastel Delicias,futuro
2025-12-12 14:06:12,0.0,Pastelería Crema,Pastel Delicias,futuro
2025-12-13 14:06:12,0.0,Pastelería Crema,Pastel Delicias,futuro
2025-12-14 14:06:12,0.0,Pastelería Crema,Pastel Delicias,futuro
2025-12-15 14:06:12,0.0,Pastelería Crema,Pastel Delicias,futuro
2025-12-16 14:06:12,0.0,Pastelería Crema,Pastel Delicias,futuro
2025-12-17 14:06:12,0.0,Pastelería Crema,Pastel Delicias,futuro
2025-12-18 14:06:12,0.0,Pastelería Crema,Pastel Delicias,futuro
2025-12-19 14:06:12,0.0,Pastelería Crema,Pastel Delicias,futuro
2025-12-20 14:06:12,0.0,Pastelería Crema,Pastel Delicias,futuro
2025-12-21 14:06:12,0.0,Pastelería Crema,Pastel Delicias,futuro
2025-12-22 14:06:12,0.0,Pastelería Crema,Pastel Delicias,futuro
2025-12-23 14:06:12,0.0,Pastelería Crema,Pastel Delicias,futuro
2025-12-24 14:06:12,0.0,Pastelería Crema,Pastel Delicias,futuro
2025-12-25 14:06:12,0.0,Pastelería Crema,Pastel Delicias,futuro
2025-12-26 14:06:12,0.0,Pastelería Crema,Pastel Delicias,futuro
2025-12-27 14:06:12,0.0,Pastelería Crema,Pastel Delicias,futuro
2025-12-28 14:06:12,0.0,Pastelería Crema,Pastel Delicias,futuro
2025-12-29 14:06:12,0.0,Pastelería Crema,Pastel Delicias,futuro
2025-12-30 14:06:12,0.0,Pastelería Crema,Pastel Delicias,futuro
2025-12-31 14:06:12,0.0,Pastelería Crema,Pastel Delicias,futuro
2026-01-01 14:06:12,0.0,Pastelería Crema,Pastel Delicias,futuro
2026-01-02 14:06:12,0.0,Pastelería Crema,Pastel Delicias,futuro
2026-01-03 14:06:12,0.0,Pastelería Crema,Pastel Delicias,futuro
2026-01-04 14:06:12,0.0,Pastelería Crema,Pastel Delicias,futuro
2026-01-05 14:06:12,0.0,Pastelería Crema,Pastel Delicias,futuro
2026-01-06 14:06:12,0.0,Pastelería Crema,Pastel Delicias,futuro
2026-01-07 14:06:12,0.0,Pastelería Crema,Pastel Delicias,futuro
2026-01-08 14:06:12,0.0,Pastelería Crema,Pastel Delicias,futuro
2026-01-09 14:06:12,0.0,Pastelería Crema,Pastel Delicias,futuro
2026-01-10 14:06:12,0.0,Pastelería Crema,Pastel Delicias,futuro
2026-01-11 14:06:12,0.0,Pastelería Crema,Pastel Delicias,futuro
2026-01-12 14:06:12,0.0,Pastelería Crema,Pastel Delicias,futuro
2026-01-13 14:06:12,0.0,Pastelería Crema,Pastel Delicias,futuro
2026-01-14 14:06:12,0.0,Pastelería Crema,Pastel Delicias,futuro
2026-01-15 14:06:12,0.0,Pastelería Crema,Pastel Delicias,futuro
2026-01-16 14:06:12,0.0,Pastelería Crema,Pastel Delicias,futuro
2026-01-17 14:06:12,0.0,Pastelería Crema,Pastel Delicias,futuro
2026-01-18 14:06:12,0.0,Pastelería Crema,Pastel Delicias,futuro
2026-01-19 14:06:12,0.0,Pastelería Crema,Pastel Delicias,futuro
2026-01-20 14:06:12,0.0,Pastelería Crema,Pastel Delicias,futuro
2026-01-21 14:06:12,0.0,Pastelería Crema,Pastel Delicias,futuro
2026-01-22 14:06:12,0.0,Pastelería Crema,Pastel Delicias,futuro
2026-01-23 14:06:12,0.0,Pastelería Crema,Pastel Delicias,futuro
2026-01-24 14:06:12,0.0,Pastelería Crema,Pastel Delicias,futuro
2026-01-25 14:06:12,0.0,Pastelería Crema,Pastel Delicias,futuro
2026-01-26 14:06:12,0.0,Pastelería Crema,Pastel Delicias,futuro
2026-01-27 14:06:12,0.0,Pastelería Crema,Pastel Delicias,futuro
2026-01-28 14:06:12,0.0,Pastelería Crema,Pastel Delicias,futuro
2026-01-29 14:06:12,0.0,Pastelería Crema,Pastel Delicias,futuro
2026-01-30 14:06:12,0.0,Pastelería Crema,Pastel Delicias,futuro
2026-01-31 14:06:12,0.0,Pastelería Crema,Pastel Delicias,futuro
2026-02-01 14:06:12,0.0,Pastelería Crema,Pastel Delicias,futuro
2026-02-02 14:06:12,0.0,Pastelería Crema,Pastel Delicias,futuro
2026-02-03 14:06:12,0.0,Pastelería Crema,Pastel Delicias,futuro
2026-02-04 14:06:12,0.0,Pastelería Crema,Pastel Delicias,futuro
2025-11-07 19:19:40,0.0,Pastelería Crema,Pastel Espejo de Moras Grande,futuro
2025-11-08 19:19:40,0.0,Pastelería Crema,Pastel Espejo de Moras Grande,futuro
2025-11-09 19:19:40,0.0,Pastelería Crema,Pastel Espejo de Moras Grande,futuro
2025-11-10 19:19:40,0.0,Pastelería Crema,Pastel Espejo de Moras Grande,futuro
2025-11-11 19:19:40,0.0,Pastelería Crema,Pastel Espejo de Moras Grande,futuro
2025-11-12 19:19:40,0.0,Pastelería Crema,Pastel Espejo de Moras Grande,futuro
2025-11-13 19:19:40,0.0,Pastelería Crema,Pastel Espejo de Moras Grande,futuro
2025-11-14 19:19:40,0.0,Pastelería Crema,Pastel Espejo de Moras Grande,futuro
2025-11-15 19:19:40,0.0,Pastelería Crema,Pastel Espejo de Moras Grande,futuro
2025-11-16 19:19:40,0.0,Pastelería Crema,Pastel Espejo de Moras Grande,futuro
2025-11-17 19:19:40,0.0,Pastelería Crema,Pastel Espejo de Moras Grande,futuro
2025-11-18 19:19:40,0.0,Pastelería Crema,Pastel Espejo de Moras Grande,futuro
2025-11-19 19:19:40,0.0,Pastelería Crema,Pastel Espejo de Moras Grande,futuro
2025-11-20 19:19:40,0.0,Pastelería Crema,Pastel Espejo de Moras Grande,futuro
2025-11-21 19:19:40,0.0,Pastelería Crema,Pastel Espejo de Moras Grande,futuro
2025-11-22 19:19:40,0.0,Pastelería Crema,Pastel Espejo de Moras Grande,futuro
2025-11-23 19:19:40,0.0,Pastelería Crema,Pastel Espejo de Moras Grande,futuro
2025-11-24 19:19:40,0.0,Pastelería Crema,Pastel Espejo de Moras Grande,futuro
2025-11-25 19:19:40,0.0,Pastelería Crema,Pastel Espejo de Moras Grande,futuro
2025-11-26 19:19:40,0.0,Pastelería Crema,Pastel Espejo de Moras Grande,futuro
2025-11-27 19:19:40,0.0,Pastelería Crema,Pastel Espejo de Moras Grande,futuro
2025-11-28 19:19:40,0.0,Pastelería Crema,Pastel Espejo de Moras Grande,futuro
2025-11-29 19:19:40,0.0,Pastelería Crema,Pastel Espejo de Moras Grande,futuro
2025-11-30 19:19:40,0.0,Pastelería Crema,Pastel Espejo de Moras Grande,futuro
2025-12-01 19:19:40,0.0,Pastelería Crema,Pastel Espejo de Moras Grande,futuro
2025-12-02 19:19:40,0.0,Pastelería Crema,Pastel Espejo de Moras Grande,futuro
2025-12-03 19:19:40,0.0,Pastelería Crema,Pastel Espejo de Moras Grande,futuro
2025-12-04 19:19:40,0.0,Pastelería Crema,Pastel Espejo de Moras Grande,futuro
2025-12-05 19:19:40,0.0,Pastelería Crema,Pastel Espejo de Moras Grande,futuro
2025-12-06 19:19:40,0.0,Pastelería Crema,Pastel Espejo de Moras Grande,futuro
2025-12-07 19:19:40,0.0,Pastelería Crema,Pastel Espejo de Moras Grande,futuro
2025-12-08 19:19:40,0.0,Pastelería Crema,Pastel Espejo de Moras Grande,futuro
2025-12-09 19:19:40,0.0,Pastelería Crema,Pastel Espejo de Moras Grande,futuro
2025-12-10 19:19:40,0.0,Pastelería Crema,Pastel Espejo de Moras Grande,futuro
2025-12-11 19:19:40,0.0,Pastelería Crema,Pastel Espejo de Moras Grande,futuro
2025-12-12 19:19:40,0.0,Pastelería Crema,Pastel Espejo de Moras Grande,futuro
2025-12-13 19:19:40,0.0,Pastelería Crema,Pastel Espejo de Moras Grande,futuro
2025-12-14 19:19:40,0.0,Pastelería Crema,Pastel Espejo de Moras Grande,futuro
2025-12-15 19:19:40,0.0,Pastelería Crema,Pastel Espejo de Moras Grande,futuro
2025-12-16 19:19:40,0.0,Pastelería Crema,Pastel Espejo de Moras Grande,futuro
2025-12-17 19:19:40,0.0,Pastelería Crema,Pastel Espejo de Moras Grande,futuro
2025-12-18 19:19:40,0.0,Pastelería Crema,Pastel Espejo de Moras Grande,futuro
2025-12-19 19:19:40,0.0,Pastelería Crema,Pastel Espejo de Moras Grande,futuro
2025-12-20 19:19:40,0.0,Pastelería Crema,Pastel Espejo de Moras Grande,futuro
2025-12-21 19:19:40,0.0,Pastelería Crema,Pastel Espejo de Moras Grande,futuro
2025-12-22 19:19:40,0.0,Pastelería Crema,Pastel Espejo de Moras Grande,futuro
2025-12-23 19:19:40,0.0,Pastelería Crema,Pastel Espejo de Moras Grande,futuro
2025-12-24 19:19:40,0.0,Pastelería Crema,Pastel Espejo de Moras Grande,futuro
2025-12-25 19:19:40,0.0,Pastelería Crema,Pastel Espejo de Moras Grande,futuro
2025-12-26 19:19:40,0.0,Pastelería Crema,Pastel Espejo de Moras Grande,futuro
2025-12-27 19:19:40,0.0,Pastelería Crema,Pastel Espejo de Moras Grande,futuro
2025-12-28 19:19:40,0.0,Pastelería Crema,Pastel Espejo de Moras Grande,futuro
2025-12-29 19:19:40,0.0,Pastelería Crema,Pastel Espejo de Moras Grande,futuro
2025-12-30 19:19:40,0.0,Pastelería Crema,Pastel Espejo de Moras Grande,futuro
2025-12-31 19:19:40,0.0,Pastelería Crema,Pastel Espejo de Moras Grande,futuro
2026-01-01 19:19:40,0.0,Pastelería Crema,Pastel Espejo de Moras Grande,futuro
2026-01-02 19:19:40,0.0,Pastelería Crema,Pastel Espejo de Moras Grande,futuro
2026-01-03 19:19:40,0.0,Pastelería Crema,Pastel Espejo de Moras Grande,futuro
2026-01-04 19:19:40,0.0,Pastelería Crema,Pastel Espejo de Moras Grande,futuro
2026-01-05 19:19:40,0.0,Pastelería Crema,Pastel Espejo de Moras Grande,futuro
2026-01-06 19:19:40,0.0,Pastelería Crema,Pastel Espejo de Moras Grande,futuro
2026-01-07 19:19:40,0.0,Pastelería Crema,Pastel Espejo de Moras Grande,futuro
2026-01-08 19:19:40,0.0,Pastelería Crema,Pastel Espejo de Moras Grande,futuro
2026-01-09 19:19:40,0.0,Pastelería Crema,Pastel Espejo de Moras Grande,futuro
2026-01-10 19:19:40,0.0,Pastelería Crema,Pastel Espejo de Moras Grande,futuro
2026-01-11 19:19:40,0.0,Pastelería Crema,Pastel Espejo de Moras Grande,futuro
2026-01-12 19:19:40,0.0,Pastelería Crema,Pastel Espejo de Moras Grande,futuro
2026-01-13 19:19:40,0.0,Pastelería Crema,Pastel Espejo de Moras Grande,futuro
2026-01-14 19:19:40,0.0,Pastelería Crema,Pastel Espejo de Moras Grande,futuro
2026-01-15 19:19:40,0.0,Pastelería Crema,Pastel Espejo de Moras Grande,futuro
2026-01-16 19:19:40,0.0,Pastelería Crema,Pastel Espejo de Moras Grande,futuro
2026-01-17 19:19:40,0.0,Pastelería Crema,Pastel Espejo de Moras Grande,futuro
2026-01-18 19:19:40,0.0,Pastelería Crema,Pastel Espejo de Moras Grande,futuro
2026-01-19 19:19:40,0.0,Pastelería Crema,Pastel Espejo de Moras Grande,futuro
2026-01-20 19:19:40,0.0,Pastelería Crema,Pastel Espejo de Moras Grande,futuro
2026-01-21 19:19:40,0.0,Pastelería Crema,Pastel Espejo de Moras Grande,futuro
2026-01-22 19:19:40,0.0,Pastelería Crema,Pastel Espejo de Moras Grande,futuro
2026-01-23 19:19:40,0.0,Pastelería Crema,Pastel Espejo de Moras Grande,futuro
2026-01-24 19:19:40,0.0,Pastelería Crema,Pastel Espejo de Moras Grande,futuro
2026-01-25 19:19:40,0.0,Pastelería Crema,Pastel Espejo de Moras Grande,futuro
2026-01-26 19:19:40,0.0,Pastelería Crema,Pastel Espejo de Moras Grande,futuro
2026-01-27 19:19:40,0.0,Pastelería Crema,Pastel Espejo de Moras Grande,futuro
2026-01-28 19:19:40,0.0,Pastelería Crema,Pastel Espejo de Moras Grande,futuro
2026-01-29 19:19:40,0.0,Pastelería Crema,Pastel Espejo de Moras Grande,futuro
2026-01-30 19:19:40,0.0,Pastelería Crema,Pastel Espejo de Moras Grande,futuro
2026-01-31 19:19:40,0.0,Pastelería Crema,Pastel Espejo de Moras Grande,futuro
2026-02-01 19:19:40,0.0,Pastelería Crema,Pastel Espejo de Moras Grande,futuro
2026-02-02 19:19:40,0.0,Pastelería Crema,Pastel Espejo de Moras Grande,futuro
2026-02-03 19:19:40,0.0,Pastelería Crema,Pastel Espejo de Moras Grande,futuro
2026-02-04 19:19:40,0.0,Pastelería Crema,Pastel Espejo de Moras Grande,futuro
2025-11-07 18:22:25,0.0,Pastelería Crema,Pastel Fresas c/Crema Chico,futuro
2025-11-08 18:22:25,0.0,Pastelería Crema,Pastel Fresas c/Crema Chico,futuro
2025-11-09 18:22:25,0.0,Pastelería Crema,Pastel Fresas c/Crema Chico,futuro
2025-11-10 18:22:25,0.0,Pastelería Crema,Pastel Fresas c/Crema Chico,futuro
2025-11-11 18:22:25,0.0,Pastelería Crema,Pastel Fresas c/Crema Chico,futuro
2025-11-12 18:22:25,0.0,Pastelería Crema,Pastel Fresas c/Crema Chico,futuro
2025-11-13 18:22:25,0.0,Pastelería Crema,Pastel Fresas c/Crema Chico,futuro
2025-11-14 18:22:25,0.0,Pastelería Crema,Pastel Fresas c/Crema Chico,futuro
2025-11-15 18:22:25,0.0,Pastelería Crema,Pastel Fresas c/Crema Chico,futuro
2025-11-16 18:22:25,0.0,Pastelería Crema,Pastel Fresas c/Crema Chico,futuro
2025-11-17 18:22:25,0.0,Pastelería Crema,Pastel Fresas c/Crema Chico,futuro
2025-11-18 18:22:25,0.0,Pastelería Crema,Pastel Fresas c/Crema Chico,futuro
2025-11-19 18:22:25,0.0,Pastelería Crema,Pastel Fresas c/Crema Chico,futuro
2025-11-20 18:22:25,0.0,Pastelería Crema,Pastel Fresas c/Crema Chico,futuro
2025-11-21 18:22:25,0.0,Pastelería Crema,Pastel Fresas c/Crema Chico,futuro
2025-11-22 18:22:25,0.0,Pastelería Crema,Pastel Fresas c/Crema Chico,futuro
2025-11-23 18:22:25,0.0,Pastelería Crema,Pastel Fresas c/Crema Chico,futuro
2025-11-24 18:22:25,0.0,Pastelería Crema,Pastel Fresas c/Crema Chico,futuro
2025-11-25 18:22:25,0.0,Pastelería Crema,Pastel Fresas c/Crema Chico,futuro
2025-11-26 18:22:25,0.0,Pastelería Crema,Pastel Fresas c/Crema Chico,futuro
2025-11-27 18:22:25,0.0,Pastelería Crema,Pastel Fresas c/Crema Chico,futuro
2025-11-28 18:22:25,0.0,Pastelería Crema,Pastel Fresas c/Crema Chico,futuro
2025-11-29 18:22:25,0.0,Pastelería Crema,Pastel Fresas c/Crema Chico,futuro
2025-11-30 18:22:25,0.0,Pastelería Crema,Pastel Fresas c/Crema Chico,futuro
2025-12-01 18:22:25,0.0,Pastelería Crema,Pastel Fresas c/Crema Chico,futuro
2025-12-02 18:22:25,0.0,Pastelería Crema,Pastel Fresas c/Crema Chico,futuro
2025-12-03 18:22:25,0.0,Pastelería Crema,Pastel Fresas c/Crema Chico,futuro
2025-12-04 18:22:25,0.0,Pastelería Crema,Pastel Fresas c/Crema Chico,futuro
2025-12-05 18:22:25,0.0,Pastelería Crema,Pastel Fresas c/Crema Chico,futuro
2025-12-06 18:22:25,0.0,Pastelería Crema,Pastel Fresas c/Crema Chico,futuro
2025-12-07 18:22:25,0.0,Pastelería Crema,Pastel Fresas c/Crema Chico,futuro
2025-12-08 18:22:25,0.0,Pastelería Crema,Pastel Fresas c/Crema Chico,futuro
2025-12-09 18:22:25,0.0,Pastelería Crema,Pastel Fresas c/Crema Chico,futuro
2025-12-10 18:22:25,0.0,Pastelería Crema,Pastel Fresas c/Crema Chico,futuro
2025-12-11 18:22:25,0.0,Pastelería Crema,Pastel Fresas c/Crema Chico,futuro
2025-12-12 18:22:25,0.0,Pastelería Crema,Pastel Fresas c/Crema Chico,futuro
2025-12-13 18:22:25,0.0,Pastelería Crema,Pastel Fresas c/Crema Chico,futuro
2025-12-14 18:22:25,0.0,Pastelería Crema,Pastel Fresas c/Crema Chico,futuro
2025-12-15 18:22:25,0.0,Pastelería Crema,Pastel Fresas c/Crema Chico,futuro
2025-12-16 18:22:25,0.0,Pastelería Crema,Pastel Fresas c/Crema Chico,futuro
2025-12-17 18:22:25,0.0,Pastelería Crema,Pastel Fresas c/Crema Chico,futuro
2025-12-18 18:22:25,0.0,Pastelería Crema,Pastel Fresas c/Crema Chico,futuro
2025-12-19 18:22:25,0.0,Pastelería Crema,Pastel Fresas c/Crema Chico,futuro
2025-12-20 18:22:25,0.0,Pastelería Crema,Pastel Fresas c/Crema Chico,futuro
2025-12-21 18:22:25,0.0,Pastelería Crema,Pastel Fresas c/Crema Chico,futuro
2025-12-22 18:22:25,0.0,Pastelería Crema,Pastel Fresas c/Crema Chico,futuro
2025-12-23 18:22:25,0.0,Pastelería Crema,Pastel Fresas c/Crema Chico,futuro
2025-12-24 18:22:25,0.0,Pastelería Crema,Pastel Fresas c/Crema Chico,futuro
2025-12-25 18:22:25,0.0,Pastelería Crema,Pastel Fresas c/Crema Chico,futuro
2025-12-26 18:22:25,0.0,Pastelería Crema,Pastel Fresas c/Crema Chico,futuro
2025-12-27 18:22:25,0.0,Pastelería Crema,Pastel Fresas c/Crema Chico,futuro
2025-12-28 18:22:25,0.0,Pastelería Crema,Pastel Fresas c/Crema Chico,futuro
2025-12-29 18:22:25,0.0,Pastelería Crema,Pastel Fresas c/Crema Chico,futuro
2025-12-30 18:22:25,0.0,Pastelería Crema,Pastel Fresas c/Crema Chico,futuro
2025-12-31 18:22:25,0.0,Pastelería Crema,Pastel Fresas c/Crema Chico,futuro
2026-01-01 18:22:25,0.0,Pastelería Crema,Pastel Fresas c/Crema Chico,futuro
2026-01-02 18:22:25,0.0,Pastelería Crema,Pastel Fresas c/Crema Chico,futuro
2026-01-03 18:22:25,0.0,Pastelería Crema,Pastel Fresas c/Crema Chico,futuro
2026-01-04 18:22:25,0.0,Pastelería Crema,Pastel Fresas c/Crema Chico,futuro
2026-01-05 18:22:25,0.0,Pastelería Crema,Pastel Fresas c/Crema Chico,futuro
2026-01-06 18:22:25,0.0,Pastelería Crema,Pastel Fresas c/Crema Chico,futuro
2026-01-07 18:22:25,0.0,Pastelería Crema,Pastel Fresas c/Crema Chico,futuro
2026-01-08 18:22:25,0.0,Pastelería Crema,Pastel Fresas c/Crema Chico,futuro
2026-01-09 18:22:25,0.0,Pastelería Crema,Pastel Fresas c/Crema Chico,futuro
2026-01-10 18:22:25,0.0,Pastelería Crema,Pastel Fresas c/Crema Chico,futuro
2026-01-11 18:22:25,0.0,Pastelería Crema,Pastel Fresas c/Crema Chico,futuro
2026-01-12 18:22:25,0.0,Pastelería Crema,Pastel Fresas c/Crema Chico,futuro
2026-01-13 18:22:25,0.0,Pastelería Crema,Pastel Fresas c/Crema Chico,futuro
2026-01-14 18:22:25,0.0,Pastelería Crema,Pastel Fresas c/Crema Chico,futuro
2026-01-15 18:22:25,0.0,Pastelería Crema,Pastel Fresas c/Crema Chico,futuro
2026-01-16 18:22:25,0.0,Pastelería Crema,Pastel Fresas c/Crema Chico,futuro
2026-01-17 18:22:25,0.0,Pastelería Crema,Pastel Fresas c/Crema Chico,futuro
2026-01-18 18:22:25,0.0,Pastelería Crema,Pastel Fresas c/Crema Chico,futuro
2026-01-19 18:22:25,0.0,Pastelería Crema,Pastel Fresas c/Crema Chico,futuro
2026-01-20 18:22:25,0.0,Pastelería Crema,Pastel Fresas c/Crema Chico,futuro
2026-01-21 18:22:25,0.0,Pastelería Crema,Pastel Fresas c/Crema Chico,futuro
2026-01-22 18:22:25,0.0,Pastelería Crema,Pastel Fresas c/Crema Chico,futuro
2026-01-23 18:22:25,0.0,Pastelería Crema,Pastel Fresas c/Crema Chico,futuro
2026-01-24 18:22:25,0.0,Pastelería Crema,Pastel Fresas c/Crema Chico,futuro
2026-01-25 18:22:25,0.0,Pastelería Crema,Pastel Fresas c/Crema Chico,futuro
2026-01-26 18:22:25,0.0,Pastelería Crema,Pastel Fresas c/Crema Chico,futuro
2026-01-27 18:22:25,0.0,Pastelería Crema,Pastel Fresas c/Crema Chico,futuro
2026-01-28 18:22:25,0.0,Pastelería Crema,Pastel Fresas c/Crema Chico,futuro
2026-01-29 18:22:25,0.0,Pastelería Crema,Pastel Fresas c/Crema Chico,futuro
2026-01-30 18:22:25,0.0,Pastelería Crema,Pastel Fresas c/Crema Chico,futuro
2026-01-31 18:22:25,0.0,Pastelería Crema,Pastel Fresas c/Crema Chico,futuro
2026-02-01 18:22:25,0.0,Pastelería Crema,Pastel Fresas c/Crema Chico,futuro
2026-02-02 18:22:25,0.0,Pastelería Crema,Pastel Fresas c/Crema Chico,futuro
2026-02-03 18:22:25,0.0,Pastelería Crema,Pastel Fresas c/Crema Chico,futuro
2026-02-04 18:22:25,0.0,Pastelería Crema,Pastel Fresas c/Crema Chico,futuro
2025-11-07 12:12:01,0.0,Pastelería Crema,Pastel Fresas c/Crema Grande,futuro
2025-11-08 12:12:01,0.0,Pastelería Crema,Pastel Fresas c/Crema Grande,futuro
2025-11-09 12:12:01,0.0,Pastelería Crema,Pastel Fresas c/Crema Grande,futuro
2025-11-10 12:12:01,0.0,Pastelería Crema,Pastel Fresas c/Crema Grande,futuro
2025-11-11 12:12:01,0.0,Pastelería Crema,Pastel Fresas c/Crema Grande,futuro
2025-11-12 12:12:01,0.0,Pastelería Crema,Pastel Fresas c/Crema Grande,futuro
2025-11-13 12:12:01,0.0,Pastelería Crema,Pastel Fresas c/Crema Grande,futuro
2025-11-14 12:12:01,0.0,Pastelería Crema,Pastel Fresas c/Crema Grande,futuro
2025-11-15 12:12:01,0.0,Pastelería Crema,Pastel Fresas c/Crema Grande,futuro
2025-11-16 12:12:01,0.0,Pastelería Crema,Pastel Fresas c/Crema Grande,futuro
2025-11-17 12:12:01,0.0,Pastelería Crema,Pastel Fresas c/Crema Grande,futuro
2025-11-18 12:12:01,0.0,Pastelería Crema,Pastel Fresas c/Crema Grande,futuro
2025-11-19 12:12:01,0.0,Pastelería Crema,Pastel Fresas c/Crema Grande,futuro
2025-11-20 12:12:01,0.0,Pastelería Crema,Pastel Fresas c/Crema Grande,futuro
2025-11-21 12:12:01,0.0,Pastelería Crema,Pastel Fresas c/Crema Grande,futuro
2025-11-22 12:12:01,0.0,Pastelería Crema,Pastel Fresas c/Crema Grande,futuro
2025-11-23 12:12:01,0.0,Pastelería Crema,Pastel Fresas c/Crema Grande,futuro
2025-11-24 12:12:01,0.0,Pastelería Crema,Pastel Fresas c/Crema Grande,futuro
2025-11-25 12:12:01,0.0,Pastelería Crema,Pastel Fresas c/Crema Grande,futuro
2025-11-26 12:12:01,0.0,Pastelería Crema,Pastel Fresas c/Crema Grande,futuro
2025-11-27 12:12:01,0.0,Pastelería Crema,Pastel Fresas c/Crema Grande,futuro
2025-11-28 12:12:01,0.0,Pastelería Crema,Pastel Fresas c/Crema Grande,futuro
2025-11-29 12:12:01,0.0,Pastelería Crema,Pastel Fresas c/Crema Grande,futuro
2025-11-30 12:12:01,0.0,Pastelería Crema,Pastel Fresas c/Crema Grande,futuro
2025-12-01 12:12:01,0.0,Pastelería Crema,Pastel Fresas c/Crema Grande,futuro
2025-12-02 12:12:01,0.0,Pastelería Crema,Pastel Fresas c/Crema Grande,futuro
2025-12-03 12:12:01,0.0,Pastelería Crema,Pastel Fresas c/Crema Grande,futuro
2025-12-04 12:12:01,0.0,Pastelería Crema,Pastel Fresas c/Crema Grande,futuro
2025-12-05 12:12:01,0.0,Pastelería Crema,Pastel Fresas c/Crema Grande,futuro
2025-12-06 12:12:01,0.0,Pastelería Crema,Pastel Fresas c/Crema Grande,futuro
2025-12-07 12:12:01,0.0,Pastelería Crema,Pastel Fresas c/Crema Grande,futuro
2025-12-08 12:12:01,0.0,Pastelería Crema,Pastel Fresas c/Crema Grande,futuro
2025-12-09 12:12:01,0.0,Pastelería Crema,Pastel Fresas c/Crema Grande,futuro
2025-12-10 12:12:01,0.0,Pastelería Crema,Pastel Fresas c/Crema Grande,futuro
2025-12-11 12:12:01,0.0,Pastelería Crema,Pastel Fresas c/Crema Grande,futuro
2025-12-12 12:12:01,0.0,Pastelería Crema,Pastel Fresas c/Crema Grande,futuro
2025-12-13 12:12:01,0.0,Pastelería Crema,Pastel Fresas c/Crema Grande,futuro
2025-12-14 12:12:01,0.0,Pastelería Crema,Pastel Fresas c/Crema Grande,futuro
2025-12-15 12:12:01,0.0,Pastelería Crema,Pastel Fresas c/Crema Grande,futuro
2025-12-16 12:12:01,0.0,Pastelería Crema,Pastel Fresas c/Crema Grande,futuro
2025-12-17 12:12:01,0.0,Pastelería Crema,Pastel Fresas c/Crema Grande,futuro
2025-12-18 12:12:01,0.0,Pastelería Crema,Pastel Fresas c/Crema Grande,futuro
2025-12-19 12:12:01,0.0,Pastelería Crema,Pastel Fresas c/Crema Grande,futuro
2025-12-20 12:12:01,0.0,Pastelería Crema,Pastel Fresas c/Crema Grande,futuro
2025-12-21 12:12:01,0.0,Pastelería Crema,Pastel Fresas c/Crema Grande,futuro
2025-12-22 12:12:01,0.0,Pastelería Crema,Pastel Fresas c/Crema Grande,futuro
2025-12-23 12:12:01,0.0,Pastelería Crema,Pastel Fresas c/Crema Grande,futuro
2025-12-24 12:12:01,0.0,Pastelería Crema,Pastel Fresas c/Crema Grande,futuro
2025-12-25 12:12:01,0.0,Pastelería Crema,Pastel Fresas c/Crema Grande,futuro
2025-12-26 12:12:01,0.0,Pastelería Crema,Pastel Fresas c/Crema Grande,futuro
2025-12-27 12:12:01,0.0,Pastelería Crema,Pastel Fresas c/Crema Grande,futuro
2025-12-28 12:12:01,0.0,Pastelería Crema,Pastel Fresas c/Crema Grande,futuro
2025-12-29 12:12:01,0.0,Pastelería Crema,Pastel Fresas c/Crema Grande,futuro
2025-12-30 12:12:01,0.0,Pastelería Crema,Pastel Fresas c/Crema Grande,futuro
2025-12-31 12:12:01,0.0,Pastelería Crema,Pastel Fresas c/Crema Grande,futuro
2026-01-01 12:12:01,0.0,Pastelería Crema,Pastel Fresas c/Crema Grande,futuro
2026-01-02 12:12:01,0.0,Pastelería Crema,Pastel Fresas c/Crema Grande,futuro
2026-01-03 12:12:01,0.0,Pastelería Crema,Pastel Fresas c/Crema Grande,futuro
2026-01-04 12:12:01,0.0,Pastelería Crema,Pastel Fresas c/Crema Grande,futuro
2026-01-05 12:12:01,0.0,Pastelería Crema,Pastel Fresas c/Crema Grande,futuro
2026-01-06 12:12:01,0.0,Pastelería Crema,Pastel Fresas c/Crema Grande,futuro
2026-01-07 12:12:01,0.0,Pastelería Crema,Pastel Fresas c/Crema Grande,futuro
2026-01-08 12:12:01,0.0,Pastelería Crema,Pastel Fresas c/Crema Grande,futuro
2026-01-09 12:12:01,0.0,Pastelería Crema,Pastel Fresas c/Crema Grande,futuro
2026-01-10 12:12:01,0.0,Pastelería Crema,Pastel Fresas c/Crema Grande,futuro
2026-01-11 12:12:01,0.0,Pastelería Crema,Pastel Fresas c/Crema Grande,futuro
2026-01-12 12:12:01,0.0,Pastelería Crema,Pastel Fresas c/Crema Grande,futuro
2026-01-13 12:12:01,0.0,Pastelería Crema,Pastel Fresas c/Crema Grande,futuro
2026-01-14 12:12:01,0.0,Pastelería Crema,Pastel Fresas c/Crema Grande,futuro
2026-01-15 12:12:01,0.0,Pastelería Crema,Pastel Fresas c/Crema Grande,futuro
2026-01-16 12:12:01,0.0,Pastelería Crema,Pastel Fresas c/Crema Grande,futuro
2026-01-17 12:12:01,0.0,Pastelería Crema,Pastel Fresas c/Crema Grande,futuro
2026-01-18 12:12:01,0.0,Pastelería Crema,Pastel Fresas c/Crema Grande,futuro
2026-01-19 12:12:01,0.0,Pastelería Crema,Pastel Fresas c/Crema Grande,futuro
2026-01-20 12:12:01,0.0,Pastelería Crema,Pastel Fresas c/Crema Grande,futuro
2026-01-21 12:12:01,0.0,Pastelería Crema,Pastel Fresas c/Crema Grande,futuro
2026-01-22 12:12:01,0.0,Pastelería Crema,Pastel Fresas c/Crema Grande,futuro
2026-01-23 12:12:01,0.0,Pastelería Crema,Pastel Fresas c/Crema Grande,futuro
2026-01-24 12:12:01,0.0,Pastelería Crema,Pastel Fresas c/Crema Grande,futuro
2026-01-25 12:12:01,0.0,Pastelería Crema,Pastel Fresas c/Crema Grande,futuro
2026-01-26 12:12:01,0.0,Pastelería Crema,Pastel Fresas c/Crema Grande,futuro
2026-01-27 12:12:01,0.0,Pastelería Crema,Pastel Fresas c/Crema Grande,futuro
2026-01-28 12:12:01,0.0,Pastelería Crema,Pastel Fresas c/Crema Grande,futuro
2026-01-29 12:12:01,0.0,Pastelería Crema,Pastel Fresas c/Crema Grande,futuro
2026-01-30 12:12:01,0.0,Pastelería Crema,Pastel Fresas c/Crema Grande,futuro
2026-01-31 12:12:01,0.0,Pastelería Crema,Pastel Fresas c/Crema Grande,futuro
2026-02-01 12:12:01,0.0,Pastelería Crema,Pastel Fresas c/Crema Grande,futuro
2026-02-02 12:12:01,0.0,Pastelería Crema,Pastel Fresas c/Crema Grande,futuro
2026-02-03 12:12:01,0.0,Pastelería Crema,Pastel Fresas c/Crema Grande,futuro
2026-02-04 12:12:01,0.0,Pastelería Crema,Pastel Fresas c/Crema Grande,futuro
2025-11-07 18:20:01,0.0,Pastelería Crema,Pastel Fresas c/Crema Mediano,futuro
2025-11-08 18:20:01,0.0,Pastelería Crema,Pastel Fresas c/Crema Mediano,futuro
2025-11-09 18:20:01,0.0,Pastelería Crema,Pastel Fresas c/Crema Mediano,futuro
2025-11-10 18:20:01,0.0,Pastelería Crema,Pastel Fresas c/Crema Mediano,futuro
2025-11-11 18:20:01,0.0,Pastelería Crema,Pastel Fresas c/Crema Mediano,futuro
2025-11-12 18:20:01,0.0,Pastelería Crema,Pastel Fresas c/Crema Mediano,futuro
2025-11-13 18:20:01,0.0,Pastelería Crema,Pastel Fresas c/Crema Mediano,futuro
2025-11-14 18:20:01,0.0,Pastelería Crema,Pastel Fresas c/Crema Mediano,futuro
2025-11-15 18:20:01,0.0,Pastelería Crema,Pastel Fresas c/Crema Mediano,futuro
2025-11-16 18:20:01,0.0,Pastelería Crema,Pastel Fresas c/Crema Mediano,futuro
2025-11-17 18:20:01,0.0,Pastelería Crema,Pastel Fresas c/Crema Mediano,futuro
2025-11-18 18:20:01,0.0,Pastelería Crema,Pastel Fresas c/Crema Mediano,futuro
2025-11-19 18:20:01,0.0,Pastelería Crema,Pastel Fresas c/Crema Mediano,futuro
2025-11-20 18:20:01,0.0,Pastelería Crema,Pastel Fresas c/Crema Mediano,futuro
2025-11-21 18:20:01,0.0,Pastelería Crema,Pastel Fresas c/Crema Mediano,futuro
2025-11-22 18:20:01,0.0,Pastelería Crema,Pastel Fresas c/Crema Mediano,futuro
2025-11-23 18:20:01,0.0,Pastelería Crema,Pastel Fresas c/Crema Mediano,futuro
2025-11-24 18:20:01,0.0,Pastelería Crema,Pastel Fresas c/Crema Mediano,futuro
2025-11-25 18:20:01,0.0,Pastelería Crema,Pastel Fresas c/Crema Mediano,futuro
2025-11-26 18:20:01,0.0,Pastelería Crema,Pastel Fresas c/Crema Mediano,futuro
2025-11-27 18:20:01,0.0,Pastelería Crema,Pastel Fresas c/Crema Mediano,futuro
2025-11-28 18:20:01,0.0,Pastelería Crema,Pastel Fresas c/Crema Mediano,futuro
2025-11-29 18:20:01,0.0,Pastelería Crema,Pastel Fresas c/Crema Mediano,futuro
2025-11-30 18:20:01,0.0,Pastelería Crema,Pastel Fresas c/Crema Mediano,futuro
2025-12-01 18:20:01,0.0,Pastelería Crema,Pastel Fresas c/Crema Mediano,futuro
2025-12-02 18:20:01,0.0,Pastelería Crema,Pastel Fresas c/Crema Mediano,futuro
2025-12-03 18:20:01,0.0,Pastelería Crema,Pastel Fresas c/Crema Mediano,futuro
2025-12-04 18:20:01,0.0,Pastelería Crema,Pastel Fresas c/Crema Mediano,futuro
2025-12-05 18:20:01,0.0,Pastelería Crema,Pastel Fresas c/Crema Mediano,futuro
2025-12-06 18:20:01,0.0,Pastelería Crema,Pastel Fresas c/Crema Mediano,futuro
2025-12-07 18:20:01,0.0,Pastelería Crema,Pastel Fresas c/Crema Mediano,futuro
2025-12-08 18:20:01,0.0,Pastelería Crema,Pastel Fresas c/Crema Mediano,futuro
2025-12-09 18:20:01,0.0,Pastelería Crema,Pastel Fresas c/Crema Mediano,futuro
2025-12-10 18:20:01,0.0,Pastelería Crema,Pastel Fresas c/Crema Mediano,futuro
2025-12-11 18:20:01,0.0,Pastelería Crema,Pastel Fresas c/Crema Mediano,futuro
2025-12-12 18:20:01,0.0,Pastelería Crema,Pastel Fresas c/Crema Mediano,futuro
2025-12-13 18:20:01,0.0,Pastelería Crema,Pastel Fresas c/Crema Mediano,futuro
2025-12-14 18:20:01,0.0,Pastelería Crema,Pastel Fresas c/Crema Mediano,futuro
2025-12-15 18:20:01,0.0,Pastelería Crema,Pastel Fresas c/Crema Mediano,futuro
2025-12-16 18:20:01,0.0,Pastelería Crema,Pastel Fresas c/Crema Mediano,futuro
2025-12-17 18:20:01,0.0,Pastelería Crema,Pastel Fresas c/Crema Mediano,futuro
2025-12-18 18:20:01,0.0,Pastelería Crema,Pastel Fresas c/Crema Mediano,futuro
2025-12-19 18:20:01,0.0,Pastelería Crema,Pastel Fresas c/Crema Mediano,futuro
2025-12-20 18:20:01,0.0,Pastelería Crema,Pastel Fresas c/Crema Mediano,futuro
2025-12-21 18:20:01,0.0,Pastelería Crema,Pastel Fresas c/Crema Mediano,futuro
2025-12-22 18:20:01,0.0,Pastelería Crema,Pastel Fresas c/Crema Mediano,futuro
2025-12-23 18:20:01,0.0,Pastelería Crema,Pastel Fresas c/Crema Mediano,futuro
2025-12-24 18:20:01,0.0,Pastelería Crema,Pastel Fresas c/Crema Mediano,futuro
2025-12-25 18:20:01,0.0,Pastelería Crema,Pastel Fresas c/Crema Mediano,futuro
2025-12-26 18:20:01,0.0,Pastelería Crema,Pastel Fresas c/Crema Mediano,futuro
2025-12-27 18:20:01,0.0,Pastelería Crema,Pastel Fresas c/Crema Mediano,futuro
2025-12-28 18:20:01,0.0,Pastelería Crema,Pastel Fresas c/Crema Mediano,futuro
2025-12-29 18:20:01,0.0,Pastelería Crema,Pastel Fresas c/Crema Mediano,futuro
2025-12-30 18:20:01,0.0,Pastelería Crema,Pastel Fresas c/Crema Mediano,futuro
2025-12-31 18:20:01,0.0,Pastelería Crema,Pastel Fresas c/Crema Mediano,futuro
2026-01-01 18:20:01,0.0,Pastelería Crema,Pastel Fresas c/Crema Mediano,futuro
2026-01-02 18:20:01,0.0,Pastelería Crema,Pastel Fresas c/Crema Mediano,futuro
2026-01-03 18:20:01,0.0,Pastelería Crema,Pastel Fresas c/Crema Mediano,futuro
2026-01-04 18:20:01,0.0,Pastelería Crema,Pastel Fresas c/Crema Mediano,futuro
2026-01-05 18:20:01,0.0,Pastelería Crema,Pastel Fresas c/Crema Mediano,futuro
2026-01-06 18:20:01,0.0,Pastelería Crema,Pastel Fresas c/Crema Mediano,futuro
2026-01-07 18:20:01,0.0,Pastelería Crema,Pastel Fresas c/Crema Mediano,futuro
2026-01-08 18:20:01,0.0,Pastelería Crema,Pastel Fresas c/Crema Mediano,futuro
2026-01-09 18:20:01,0.0,Pastelería Crema,Pastel Fresas c/Crema Mediano,futuro
2026-01-10 18:20:01,0.0,Pastelería Crema,Pastel Fresas c/Crema Mediano,futuro
2026-01-11 18:20:01,0.0,Pastelería Crema,Pastel Fresas c/Crema Mediano,futuro
2026-01-12 18:20:01,0.0,Pastelería Crema,Pastel Fresas c/Crema Mediano,futuro
2026-01-13 18:20:01,0.0,Pastelería Crema,Pastel Fresas c/Crema Mediano,futuro
2026-01-14 18:20:01,0.0,Pastelería Crema,Pastel Fresas c/Crema Mediano,futuro
2026-01-15 18:20:01,0.0,Pastelería Crema,Pastel Fresas c/Crema Mediano,futuro
2026-01-16 18:20:01,0.0,Pastelería Crema,Pastel Fresas c/Crema Mediano,futuro
2026-01-17 18:20:01,0.0,Pastelería Crema,Pastel Fresas c/Crema Mediano,futuro
2026-01-18 18:20:01,0.0,Pastelería Crema,Pastel Fresas c/Crema Mediano,futuro
2026-01-19 18:20:01,0.0,Pastelería Crema,Pastel Fresas c/Crema Mediano,futuro
2026-01-20 18:20:01,0.0,Pastelería Crema,Pastel Fresas c/Crema Mediano,futuro
2026-01-21 18:20:01,0.0,Pastelería Crema,Pastel Fresas c/Crema Mediano,futuro
2026-01-22 18:20:01,0.0,Pastelería Crema,Pastel Fresas c/Crema Mediano,futuro
2026-01-23 18:20:01,0.0,Pastelería Crema,Pastel Fresas c/Crema Mediano,futuro
2026-01-24 18:20:01,0.0,Pastelería Crema,Pastel Fresas c/Crema Mediano,futuro
2026-01-25 18:20:01,0.0,Pastelería Crema,Pastel Fresas c/Crema Mediano,futuro
2026-01-26 18:20:01,0.0,Pastelería Crema,Pastel Fresas c/Crema Mediano,futuro
2026-01-27 18:20:01,0.0,Pastelería Crema,Pastel Fresas c/Crema Mediano,futuro
2026-01-28 18:20:01,0.0,Pastelería Crema,Pastel Fresas c/Crema Mediano,futuro
2026-01-29 18:20:01,0.0,Pastelería Crema,Pastel Fresas c/Crema Mediano,futuro
2026-01-30 18:20:01,0.0,Pastelería Crema,Pastel Fresas c/Crema Mediano,futuro
2026-01-31 18:20:01,0.0,Pastelería Crema,Pastel Fresas c/Crema Mediano,futuro
2026-02-01 18:20:01,0.0,Pastelería Crema,Pastel Fresas c/Crema Mediano,futuro
2026-02-02 18:20:01,0.0,Pastelería Crema,Pastel Fresas c/Crema Mediano,futuro
2026-02-03 18:20:01,0.0,Pastelería Crema,Pastel Fresas c/Crema Mediano,futuro
2026-02-04 18:20:01,0.0,Pastelería Crema,Pastel Fresas c/Crema Mediano,futuro
2025-11-07 15:04:43,0.0,Pastelería Crema,Pastel Frutal Chia Redondo,futuro
2025-11-08 15:04:43,0.0,Pastelería Crema,Pastel Frutal Chia Redondo,futuro
2025-11-09 15:04:43,0.0,Pastelería Crema,Pastel Frutal Chia Redondo,futuro
2025-11-10 15:04:43,0.0,Pastelería Crema,Pastel Frutal Chia Redondo,futuro
2025-11-11 15:04:43,0.0,Pastelería Crema,Pastel Frutal Chia Redondo,futuro
2025-11-12 15:04:43,0.0,Pastelería Crema,Pastel Frutal Chia Redondo,futuro
2025-11-13 15:04:43,0.0,Pastelería Crema,Pastel Frutal Chia Redondo,futuro
2025-11-14 15:04:43,0.0,Pastelería Crema,Pastel Frutal Chia Redondo,futuro
2025-11-15 15:04:43,0.0,Pastelería Crema,Pastel Frutal Chia Redondo,futuro
2025-11-16 15:04:43,0.0,Pastelería Crema,Pastel Frutal Chia Redondo,futuro
2025-11-17 15:04:43,0.0,Pastelería Crema,Pastel Frutal Chia Redondo,futuro
2025-11-18 15:04:43,0.0,Pastelería Crema,Pastel Frutal Chia Redondo,futuro
2025-11-19 15:04:43,0.0,Pastelería Crema,Pastel Frutal Chia Redondo,futuro
2025-11-20 15:04:43,0.0,Pastelería Crema,Pastel Frutal Chia Redondo,futuro
2025-11-21 15:04:43,0.0,Pastelería Crema,Pastel Frutal Chia Redondo,futuro
2025-11-22 15:04:43,0.0,Pastelería Crema,Pastel Frutal Chia Redondo,futuro
2025-11-23 15:04:43,0.0,Pastelería Crema,Pastel Frutal Chia Redondo,futuro
2025-11-24 15:04:43,0.0,Pastelería Crema,Pastel Frutal Chia Redondo,futuro
2025-11-25 15:04:43,0.0,Pastelería Crema,Pastel Frutal Chia Redondo,futuro
2025-11-26 15:04:43,0.0,Pastelería Crema,Pastel Frutal Chia Redondo,futuro
2025-11-27 15:04:43,0.0,Pastelería Crema,Pastel Frutal Chia Redondo,futuro
2025-11-28 15:04:43,0.0,Pastelería Crema,Pastel Frutal Chia Redondo,futuro
2025-11-29 15:04:43,0.0,Pastelería Crema,Pastel Frutal Chia Redondo,futuro
2025-11-30 15:04:43,0.0,Pastelería Crema,Pastel Frutal Chia Redondo,futuro
2025-12-01 15:04:43,0.0,Pastelería Crema,Pastel Frutal Chia Redondo,futuro
2025-12-02 15:04:43,0.0,Pastelería Crema,Pastel Frutal Chia Redondo,futuro
2025-12-03 15:04:43,0.0,Pastelería Crema,Pastel Frutal Chia Redondo,futuro
2025-12-04 15:04:43,0.0,Pastelería Crema,Pastel Frutal Chia Redondo,futuro
2025-12-05 15:04:43,0.0,Pastelería Crema,Pastel Frutal Chia Redondo,futuro
2025-12-06 15:04:43,0.0,Pastelería Crema,Pastel Frutal Chia Redondo,futuro
2025-12-07 15:04:43,0.0,Pastelería Crema,Pastel Frutal Chia Redondo,futuro
2025-12-08 15:04:43,0.0,Pastelería Crema,Pastel Frutal Chia Redondo,futuro
2025-12-09 15:04:43,0.0,Pastelería Crema,Pastel Frutal Chia Redondo,futuro
2025-12-10 15:04:43,0.0,Pastelería Crema,Pastel Frutal Chia Redondo,futuro
2025-12-11 15:04:43,0.0,Pastelería Crema,Pastel Frutal Chia Redondo,futuro
2025-12-12 15:04:43,0.0,Pastelería Crema,Pastel Frutal Chia Redondo,futuro
2025-12-13 15:04:43,0.0,Pastelería Crema,Pastel Frutal Chia Redondo,futuro
2025-12-14 15:04:43,0.0,Pastelería Crema,Pastel Frutal Chia Redondo,futuro
2025-12-15 15:04:43,0.0,Pastelería Crema,Pastel Frutal Chia Redondo,futuro
2025-12-16 15:04:43,0.0,Pastelería Crema,Pastel Frutal Chia Redondo,futuro
2025-12-17 15:04:43,0.0,Pastelería Crema,Pastel Frutal Chia Redondo,futuro
2025-12-18 15:04:43,0.0,Pastelería Crema,Pastel Frutal Chia Redondo,futuro
2025-12-19 15:04:43,0.0,Pastelería Crema,Pastel Frutal Chia Redondo,futuro
2025-12-20 15:04:43,0.0,Pastelería Crema,Pastel Frutal Chia Redondo,futuro
2025-12-21 15:04:43,0.0,Pastelería Crema,Pastel Frutal Chia Redondo,futuro
2025-12-22 15:04:43,0.0,Pastelería Crema,Pastel Frutal Chia Redondo,futuro
2025-12-23 15:04:43,0.0,Pastelería Crema,Pastel Frutal Chia Redondo,futuro
2025-12-24 15:04:43,0.0,Pastelería Crema,Pastel Frutal Chia Redondo,futuro
2025-12-25 15:04:43,0.0,Pastelería Crema,Pastel Frutal Chia Redondo,futuro
2025-12-26 15:04:43,0.0,Pastelería Crema,Pastel Frutal Chia Redondo,futuro
2025-12-27 15:04:43,0.0,Pastelería Crema,Pastel Frutal Chia Redondo,futuro
2025-12-28 15:04:43,0.0,Pastelería Crema,Pastel Frutal Chia Redondo,futuro
2025-12-29 15:04:43,0.0,Pastelería Crema,Pastel Frutal Chia Redondo,futuro
2025-12-30 15:04:43,0.0,Pastelería Crema,Pastel Frutal Chia Redondo,futuro
2025-12-31 15:04:43,0.0,Pastelería Crema,Pastel Frutal Chia Redondo,futuro
2026-01-01 15:04:43,0.0,Pastelería Crema,Pastel Frutal Chia Redondo,futuro
2026-01-02 15:04:43,0.0,Pastelería Crema,Pastel Frutal Chia Redondo,futuro
2026-01-03 15:04:43,0.0,Pastelería Crema,Pastel Frutal Chia Redondo,futuro
2026-01-04 15:04:43,0.0,Pastelería Crema,Pastel Frutal Chia Redondo,futuro
2026-01-05 15:04:43,0.0,Pastelería Crema,Pastel Frutal Chia Redondo,futuro
2026-01-06 15:04:43,0.0,Pastelería Crema,Pastel Frutal Chia Redondo,futuro
2026-01-07 15:04:43,0.0,Pastelería Crema,Pastel Frutal Chia Redondo,futuro
2026-01-08 15:04:43,0.0,Pastelería Crema,Pastel Frutal Chia Redondo,futuro
2026-01-09 15:04:43,0.0,Pastelería Crema,Pastel Frutal Chia Redondo,futuro
2026-01-10 15:04:43,0.0,Pastelería Crema,Pastel Frutal Chia Redondo,futuro
2026-01-11 15:04:43,0.0,Pastelería Crema,Pastel Frutal Chia Redondo,futuro
2026-01-12 15:04:43,0.0,Pastelería Crema,Pastel Frutal Chia Redondo,futuro
2026-01-13 15:04:43,0.0,Pastelería Crema,Pastel Frutal Chia Redondo,futuro
2026-01-14 15:04:43,0.0,Pastelería Crema,Pastel Frutal Chia Redondo,futuro
2026-01-15 15:04:43,0.0,Pastelería Crema,Pastel Frutal Chia Redondo,futuro
2026-01-16 15:04:43,0.0,Pastelería Crema,Pastel Frutal Chia Redondo,futuro
2026-01-17 15:04:43,0.0,Pastelería Crema,Pastel Frutal Chia Redondo,futuro
2026-01-18 15:04:43,0.0,Pastelería Crema,Pastel Frutal Chia Redondo,futuro
2026-01-19 15:04:43,0.0,Pastelería Crema,Pastel Frutal Chia Redondo,futuro
2026-01-20 15:04:43,0.0,Pastelería Crema,Pastel Frutal Chia Redondo,futuro
2026-01-21 15:04:43,0.0,Pastelería Crema,Pastel Frutal Chia Redondo,futuro
2026-01-22 15:04:43,0.0,Pastelería Crema,Pastel Frutal Chia Redondo,futuro
2026-01-23 15:04:43,0.0,Pastelería Crema,Pastel Frutal Chia Redondo,futuro
2026-01-24 15:04:43,0.0,Pastelería Crema,Pastel Frutal Chia Redondo,futuro
2026-01-25 15:04:43,0.0,Pastelería Crema,Pastel Frutal Chia Redondo,futuro
2026-01-26 15:04:43,0.0,Pastelería Crema,Pastel Frutal Chia Redondo,futuro
2026-01-27 15:04:43,0.0,Pastelería Crema,Pastel Frutal Chia Redondo,futuro
2026-01-28 15:04:43,0.0,Pastelería Crema,Pastel Frutal Chia Redondo,futuro
2026-01-29 15:04:43,0.0,Pastelería Crema,Pastel Frutal Chia Redondo,futuro
2026-01-30 15:04:43,0.0,Pastelería Crema,Pastel Frutal Chia Redondo,futuro
2026-01-31 15:04:43,0.0,Pastelería Crema,Pastel Frutal Chia Redondo,futuro
2026-02-01 15:04:43,0.0,Pastelería Crema,Pastel Frutal Chia Redondo,futuro
2026-02-02 15:04:43,0.0,Pastelería Crema,Pastel Frutal Chia Redondo,futuro
2026-02-03 15:04:43,0.0,Pastelería Crema,Pastel Frutal Chia Redondo,futuro
2026-02-04 15:04:43,0.0,Pastelería Crema,Pastel Frutal Chia Redondo,futuro
2025-11-06 18:42:26,0.0,Pastelería Crema,Pastel Mil Hojas Mediano,futuro
2025-11-07 18:42:26,0.0,Pastelería Crema,Pastel Mil Hojas Mediano,futuro
2025-11-08 18:42:26,0.0,Pastelería Crema,Pastel Mil Hojas Mediano,futuro
2025-11-09 18:42:26,0.0,Pastelería Crema,Pastel Mil Hojas Mediano,futuro
2025-11-10 18:42:26,0.0,Pastelería Crema,Pastel Mil Hojas Mediano,futuro
2025-11-11 18:42:26,0.0,Pastelería Crema,Pastel Mil Hojas Mediano,futuro
2025-11-12 18:42:26,0.0,Pastelería Crema,Pastel Mil Hojas Mediano,futuro
2025-11-13 18:42:26,0.0,Pastelería Crema,Pastel Mil Hojas Mediano,futuro
2025-11-14 18:42:26,0.0,Pastelería Crema,Pastel Mil Hojas Mediano,futuro
2025-11-15 18:42:26,0.0,Pastelería Crema,Pastel Mil Hojas Mediano,futuro
2025-11-16 18:42:26,0.0,Pastelería Crema,Pastel Mil Hojas Mediano,futuro
2025-11-17 18:42:26,0.0,Pastelería Crema,Pastel Mil Hojas Mediano,futuro
2025-11-18 18:42:26,0.0,Pastelería Crema,Pastel Mil Hojas Mediano,futuro
2025-11-19 18:42:26,0.0,Pastelería Crema,Pastel Mil Hojas Mediano,futuro
2025-11-20 18:42:26,0.0,Pastelería Crema,Pastel Mil Hojas Mediano,futuro
2025-11-21 18:42:26,0.0,Pastelería Crema,Pastel Mil Hojas Mediano,futuro
2025-11-22 18:42:26,0.0,Pastelería Crema,Pastel Mil Hojas Mediano,futuro
2025-11-23 18:42:26,0.0,Pastelería Crema,Pastel Mil Hojas Mediano,futuro
2025-11-24 18:42:26,0.0,Pastelería Crema,Pastel Mil Hojas Mediano,futuro
2025-11-25 18:42:26,0.0,Pastelería Crema,Pastel Mil Hojas Mediano,futuro
2025-11-26 18:42:26,0.0,Pastelería Crema,Pastel Mil Hojas Mediano,futuro
2025-11-27 18:42:26,0.0,Pastelería Crema,Pastel Mil Hojas Mediano,futuro
2025-11-28 18:42:26,0.0,Pastelería Crema,Pastel Mil Hojas Mediano,futuro
2025-11-29 18:42:26,0.0,Pastelería Crema,Pastel Mil Hojas Mediano,futuro
2025-11-30 18:42:26,0.0,Pastelería Crema,Pastel Mil Hojas Mediano,futuro
2025-12-01 18:42:26,0.0,Pastelería Crema,Pastel Mil Hojas Mediano,futuro
2025-12-02 18:42:26,0.0,Pastelería Crema,Pastel Mil Hojas Mediano,futuro
2025-12-03 18:42:26,0.0,Pastelería Crema,Pastel Mil Hojas Mediano,futuro
2025-12-04 18:42:26,0.0,Pastelería Crema,Pastel Mil Hojas Mediano,futuro
2025-12-05 18:42:26,0.0,Pastelería Crema,Pastel Mil Hojas Mediano,futuro
2025-12-06 18:42:26,0.0,Pastelería Crema,Pastel Mil Hojas Mediano,futuro
2025-12-07 18:42:26,0.0,Pastelería Crema,Pastel Mil Hojas Mediano,futuro
2025-12-08 18:42:26,0.0,Pastelería Crema,Pastel Mil Hojas Mediano,futuro
2025-12-09 18:42:26,0.0,Pastelería Crema,Pastel Mil Hojas Mediano,futuro
2025-12-10 18:42:26,0.0,Pastelería Crema,Pastel Mil Hojas Mediano,futuro
2025-12-11 18:42:26,0.0,Pastelería Crema,Pastel Mil Hojas Mediano,futuro
2025-12-12 18:42:26,0.0,Pastelería Crema,Pastel Mil Hojas Mediano,futuro
2025-12-13 18:42:26,0.0,Pastelería Crema,Pastel Mil Hojas Mediano,futuro
2025-12-14 18:42:26,0.0,Pastelería Crema,Pastel Mil Hojas Mediano,futuro
2025-12-15 18:42:26,0.0,Pastelería Crema,Pastel Mil Hojas Mediano,futuro
2025-12-16 18:42:26,0.0,Pastelería Crema,Pastel Mil Hojas Mediano,futuro
2025-12-17 18:42:26,0.0,Pastelería Crema,Pastel Mil Hojas Mediano,futuro
2025-12-18 18:42:26,0.0,Pastelería Crema,Pastel Mil Hojas Mediano,futuro
2025-12-19 18:42:26,0.0,Pastelería Crema,Pastel Mil Hojas Mediano,futuro
2025-12-20 18:42:26,0.0,Pastelería Crema,Pastel Mil Hojas Mediano,futuro
2025-12-21 18:42:26,0.0,Pastelería Crema,Pastel Mil Hojas Mediano,futuro
2025-12-22 18:42:26,0.0,Pastelería Crema,Pastel Mil Hojas Mediano,futuro
2025-12-23 18:42:26,0.0,Pastelería Crema,Pastel Mil Hojas Mediano,futuro
2025-12-24 18:42:26,0.0,Pastelería Crema,Pastel Mil Hojas Mediano,futuro
2025-12-25 18:42:26,0.0,Pastelería Crema,Pastel Mil Hojas Mediano,futuro
2025-12-26 18:42:26,0.0,Pastelería Crema,Pastel Mil Hojas Mediano,futuro
2025-12-27 18:42:26,0.0,Pastelería Crema,Pastel Mil Hojas Mediano,futuro
2025-12-28 18:42:26,0.0,Pastelería Crema,Pastel Mil Hojas Mediano,futuro
2025-12-29 18:42:26,0.0,Pastelería Crema,Pastel Mil Hojas Mediano,futuro
2025-12-30 18:42:26,0.0,Pastelería Crema,Pastel Mil Hojas Mediano,futuro
2025-12-31 18:42:26,0.0,Pastelería Crema,Pastel Mil Hojas Mediano,futuro
2026-01-01 18:42:26,0.0,Pastelería Crema,Pastel Mil Hojas Mediano,futuro
2026-01-02 18:42:26,0.0,Pastelería Crema,Pastel Mil Hojas Mediano,futuro
2026-01-03 18:42:26,0.0,Pastelería Crema,Pastel Mil Hojas Mediano,futuro
2026-01-04 18:42:26,0.0,Pastelería Crema,Pastel Mil Hojas Mediano,futuro
2026-01-05 18:42:26,0.0,Pastelería Crema,Pastel Mil Hojas Mediano,futuro
2026-01-06 18:42:26,0.0,Pastelería Crema,Pastel Mil Hojas Mediano,futuro
2026-01-07 18:42:26,0.0,Pastelería Crema,Pastel Mil Hojas Mediano,futuro
2026-01-08 18:42:26,0.0,Pastelería Crema,Pastel Mil Hojas Mediano,futuro
2026-01-09 18:42:26,0.0,Pastelería Crema,Pastel Mil Hojas Mediano,futuro
2026-01-10 18:42:26,0.0,Pastelería Crema,Pastel Mil Hojas Mediano,futuro
2026-01-11 18:42:26,0.0,Pastelería Crema,Pastel Mil Hojas Mediano,futuro
2026-01-12 18:42:26,0.0,Pastelería Crema,Pastel Mil Hojas Mediano,futuro
2026-01-13 18:42:26,0.0,Pastelería Crema,Pastel Mil Hojas Mediano,futuro
2026-01-14 18:42:26,0.0,Pastelería Crema,Pastel Mil Hojas Mediano,futuro
2026-01-15 18:42:26,0.0,Pastelería Crema,Pastel Mil Hojas Mediano,futuro
2026-01-16 18:42:26,0.0,Pastelería Crema,Pastel Mil Hojas Mediano,futuro
2026-01-17 18:42:26,0.0,Pastelería Crema,Pastel Mil Hojas Mediano,futuro
2026-01-18 18:42:26,0.0,Pastelería Crema,Pastel Mil Hojas Mediano,futuro
2026-01-19 18:42:26,0.0,Pastelería Crema,Pastel Mil Hojas Mediano,futuro
2026-01-20 18:42:26,0.0,Pastelería Crema,Pastel Mil Hojas Mediano,futuro
2026-01-21 18:42:26,0.0,Pastelería Crema,Pastel Mil Hojas Mediano,futuro
2026-01-22 18:42:26,0.0,Pastelería Crema,Pastel Mil Hojas Mediano,futuro
2026-01-23 18:42:26,0.0,Pastelería Crema,Pastel Mil Hojas Mediano,futuro
2026-01-24 18:42:26,0.0,Pastelería Crema,Pastel Mil Hojas Mediano,futuro
2026-01-25 18:42:26,0.0,Pastelería Crema,Pastel Mil Hojas Mediano,futuro
2026-01-26 18:42:26,0.0,Pastelería Crema,Pastel Mil Hojas Mediano,futuro
2026-01-27 18:42:26,0.0,Pastelería Crema,Pastel Mil Hojas Mediano,futuro
2026-01-28 18:42:26,0.0,Pastelería Crema,Pastel Mil Hojas Mediano,futuro
2026-01-29 18:42:26,0.0,Pastelería Crema,Pastel Mil Hojas Mediano,futuro
2026-01-30 18:42:26,0.0,Pastelería Crema,Pastel Mil Hojas Mediano,futuro
2026-01-31 18:42:26,0.0,Pastelería Crema,Pastel Mil Hojas Mediano,futuro
2026-02-01 18:42:26,0.0,Pastelería Crema,Pastel Mil Hojas Mediano,futuro
2026-02-02 18:42:26,0.0,Pastelería Crema,Pastel Mil Hojas Mediano,futuro
2026-02-03 18:42:26,0.0,Pastelería Crema,Pastel Mil Hojas Mediano,futuro
2025-11-06 16:46:33,0.0,Pastelería Crema,Pastel Mini Mil Hojas,futuro
2025-11-07 16:46:33,0.0,Pastelería Crema,Pastel Mini Mil Hojas,futuro
2025-11-08 16:46:33,0.0,Pastelería Crema,Pastel Mini Mil Hojas,futuro
2025-11-09 16:46:33,0.0,Pastelería Crema,Pastel Mini Mil Hojas,futuro
2025-11-10 16:46:33,0.0,Pastelería Crema,Pastel Mini Mil Hojas,futuro
2025-11-11 16:46:33,0.0,Pastelería Crema,Pastel Mini Mil Hojas,futuro
2025-11-12 16:46:33,0.0,Pastelería Crema,Pastel Mini Mil Hojas,futuro
2025-11-13 16:46:33,0.0,Pastelería Crema,Pastel Mini Mil Hojas,futuro
2025-11-14 16:46:33,0.0,Pastelería Crema,Pastel Mini Mil Hojas,futuro
2025-11-15 16:46:33,0.0,Pastelería Crema,Pastel Mini Mil Hojas,futuro
2025-11-16 16:46:33,0.0,Pastelería Crema,Pastel Mini Mil Hojas,futuro
2025-11-17 16:46:33,0.0,Pastelería Crema,Pastel Mini Mil Hojas,futuro
2025-11-18 16:46:33,0.0,Pastelería Crema,Pastel Mini Mil Hojas,futuro
2025-11-19 16:46:33,0.0,Pastelería Crema,Pastel Mini Mil Hojas,futuro
2025-11-20 16:46:33,0.0,Pastelería Crema,Pastel Mini Mil Hojas,futuro
2025-11-21 16:46:33,0.0,Pastelería Crema,Pastel Mini Mil Hojas,futuro
2025-11-22 16:46:33,0.0,Pastelería Crema,Pastel Mini Mil Hojas,futuro
2025-11-23 16:46:33,0.0,Pastelería Crema,Pastel Mini Mil Hojas,futuro
2025-11-24 16:46:33,0.0,Pastelería Crema,Pastel Mini Mil Hojas,futuro
2025-11-25 16:46:33,0.0,Pastelería Crema,Pastel Mini Mil Hojas,futuro
2025-11-26 16:46:33,0.0,Pastelería Crema,Pastel Mini Mil Hojas,futuro
2025-11-27 16:46:33,0.0,Pastelería Crema,Pastel Mini Mil Hojas,futuro
2025-11-28 16:46:33,0.0,Pastelería Crema,Pastel Mini Mil Hojas,futuro
2025-11-29 16:46:33,0.0,Pastelería Crema,Pastel Mini Mil Hojas,futuro
2025-11-30 16:46:33,0.0,Pastelería Crema,Pastel Mini Mil Hojas,futuro
2025-12-01 16:46:33,0.0,Pastelería Crema,Pastel Mini Mil Hojas,futuro
2025-12-02 16:46:33,0.0,Pastelería Crema,Pastel Mini Mil Hojas,futuro
2025-12-03 16:46:33,0.0,Pastelería Crema,Pastel Mini Mil Hojas,futuro
2025-12-04 16:46:33,0.0,Pastelería Crema,Pastel Mini Mil Hojas,futuro
2025-12-05 16:46:33,0.0,Pastelería Crema,Pastel Mini Mil Hojas,futuro
2025-12-06 16:46:33,0.0,Pastelería Crema,Pastel Mini Mil Hojas,futuro
2025-12-07 16:46:33,0.0,Pastelería Crema,Pastel Mini Mil Hojas,futuro
2025-12-08 16:46:33,0.0,Pastelería Crema,Pastel Mini Mil Hojas,futuro
2025-12-09 16:46:33,0.0,Pastelería Crema,Pastel Mini Mil Hojas,futuro
2025-12-10 16:46:33,0.0,Pastelería Crema,Pastel Mini Mil Hojas,futuro
2025-12-11 16:46:33,0.0,Pastelería Crema,Pastel Mini Mil Hojas,futuro
2025-12-12 16:46:33,0.0,Pastelería Crema,Pastel Mini Mil Hojas,futuro
2025-12-13 16:46:33,0.0,Pastelería Crema,Pastel Mini Mil Hojas,futuro
2025-12-14 16:46:33,0.0,Pastelería Crema,Pastel Mini Mil Hojas,futuro
2025-12-15 16:46:33,0.0,Pastelería Crema,Pastel Mini Mil Hojas,futuro
2025-12-16 16:46:33,0.0,Pastelería Crema,Pastel Mini Mil Hojas,futuro
2025-12-17 16:46:33,0.0,Pastelería Crema,Pastel Mini Mil Hojas,futuro
2025-12-18 16:46:33,0.0,Pastelería Crema,Pastel Mini Mil Hojas,futuro
2025-12-19 16:46:33,0.0,Pastelería Crema,Pastel Mini Mil Hojas,futuro
2025-12-20 16:46:33,0.0,Pastelería Crema,Pastel Mini Mil Hojas,futuro
2025-12-21 16:46:33,0.0,Pastelería Crema,Pastel Mini Mil Hojas,futuro
2025-12-22 16:46:33,0.0,Pastelería Crema,Pastel Mini Mil Hojas,futuro
2025-12-23 16:46:33,0.0,Pastelería Crema,Pastel Mini Mil Hojas,futuro
2025-12-24 16:46:33,0.0,Pastelería Crema,Pastel Mini Mil Hojas,futuro
2025-12-25 16:46:33,0.0,Pastelería Crema,Pastel Mini Mil Hojas,futuro
2025-12-26 16:46:33,0.0,Pastelería Crema,Pastel Mini Mil Hojas,futuro
2025-12-27 16:46:33,0.0,Pastelería Crema,Pastel Mini Mil Hojas,futuro
2025-12-28 16:46:33,0.0,Pastelería Crema,Pastel Mini Mil Hojas,futuro
2025-12-29 16:46:33,0.0,Pastelería Crema,Pastel Mini Mil Hojas,futuro
2025-12-30 16:46:33,0.0,Pastelería Crema,Pastel Mini Mil Hojas,futuro
2025-12-31 16:46:33,0.0,Pastelería Crema,Pastel Mini Mil Hojas,futuro
2026-01-01 16:46:33,0.0,Pastelería Crema,Pastel Mini Mil Hojas,futuro
2026-01-02 16:46:33,0.0,Pastelería Crema,Pastel Mini Mil Hojas,futuro
2026-01-03 16:46:33,0.0,Pastelería Crema,Pastel Mini Mil Hojas,futuro
2026-01-04 16:46:33,0.0,Pastelería Crema,Pastel Mini Mil Hojas,futuro
2026-01-05 16:46:33,0.0,Pastelería Crema,Pastel Mini Mil Hojas,futuro
2026-01-06 16:46:33,0.0,Pastelería Crema,Pastel Mini Mil Hojas,futuro
2026-01-07 16:46:33,0.0,Pastelería Crema,Pastel Mini Mil Hojas,futuro
2026-01-08 16:46:33,0.0,Pastelería Crema,Pastel Mini Mil Hojas,futuro
2026-01-09 16:46:33,0.0,Pastelería Crema,Pastel Mini Mil Hojas,futuro
2026-01-10 16:46:33,0.0,Pastelería Crema,Pastel Mini Mil Hojas,futuro
2026-01-11 16:46:33,0.0,Pastelería Crema,Pastel Mini Mil Hojas,futuro
2026-01-12 16:46:33,0.0,Pastelería Crema,Pastel Mini Mil Hojas,futuro
2026-01-13 16:46:33,0.0,Pastelería Crema,Pastel Mini Mil Hojas,futuro
2026-01-14 16:46:33,0.0,Pastelería Crema,Pastel Mini Mil Hojas,futuro
2026-01-15 16:46:33,0.0,Pastelería Crema,Pastel Mini Mil Hojas,futuro
2026-01-16 16:46:33,0.0,Pastelería Crema,Pastel Mini Mil Hojas,futuro
2026-01-17 16:46:33,0.0,Pastelería Crema,Pastel Mini Mil Hojas,futuro
2026-01-18 16:46:33,0.0,Pastelería Crema,Pastel Mini Mil Hojas,futuro
2026-01-19 16:46:33,0.0,Pastelería Crema,Pastel Mini Mil Hojas,futuro
2026-01-20 16:46:33,0.0,Pastelería Crema,Pastel Mini Mil Hojas,futuro
2026-01-21 16:46:33,0.0,Pastelería Crema,Pastel Mini Mil Hojas,futuro
2026-01-22 16:46:33,0.0,Pastelería Crema,Pastel Mini Mil Hojas,futuro
2026-01-23 16:46:33,0.0,Pastelería Crema,Pastel Mini Mil Hojas,futuro
2026-01-24 16:46:33,0.0,Pastelería Crema,Pastel Mini Mil Hojas,futuro
2026-01-25 16:46:33,0.0,Pastelería Crema,Pastel Mini Mil Hojas,futuro
2026-01-26 16:46:33,0.0,Pastelería Crema,Pastel Mini Mil Hojas,futuro
2026-01-27 16:46:33,0.0,Pastelería Crema,Pastel Mini Mil Hojas,futuro
2026-01-28 16:46:33,0.0,Pastelería Crema,Pastel Mini Mil Hojas,futuro
2026-01-29 16:46:33,0.0,Pastelería Crema,Pastel Mini Mil Hojas,futuro
2026-01-30 16:46:33,0.0,Pastelería Crema,Pastel Mini Mil Hojas,futuro
2026-01-31 16:46:33,0.0,Pastelería Crema,Pastel Mini Mil Hojas,futuro
2026-02-01 16:46:33,0.0,Pastelería Crema,Pastel Mini Mil Hojas,futuro
2026-02-02 16:46:33,0.0,Pastelería Crema,Pastel Mini Mil Hojas,futuro
2026-02-03 16:46:33,0.0,Pastelería Crema,Pastel Mini Mil Hojas,futuro
2025-11-05 11:25:55,0.0,Pastelería Crema,Pastel Philadelphia Cheese Cake,futuro
2025-11-06 11:25:55,0.0,Pastelería Crema,Pastel Philadelphia Cheese Cake,futuro
2025-11-07 11:25:55,0.0,Pastelería Crema,Pastel Philadelphia Cheese Cake,futuro
2025-11-08 11:25:55,0.0,Pastelería Crema,Pastel Philadelphia Cheese Cake,futuro
2025-11-09 11:25:55,0.0,Pastelería Crema,Pastel Philadelphia Cheese Cake,futuro
2025-11-10 11:25:55,0.0,Pastelería Crema,Pastel Philadelphia Cheese Cake,futuro
2025-11-11 11:25:55,0.0,Pastelería Crema,Pastel Philadelphia Cheese Cake,futuro
2025-11-12 11:25:55,0.0,Pastelería Crema,Pastel Philadelphia Cheese Cake,futuro
2025-11-13 11:25:55,0.0,Pastelería Crema,Pastel Philadelphia Cheese Cake,futuro
2025-11-14 11:25:55,0.0,Pastelería Crema,Pastel Philadelphia Cheese Cake,futuro
2025-11-15 11:25:55,0.0,Pastelería Crema,Pastel Philadelphia Cheese Cake,futuro
2025-11-16 11:25:55,0.0,Pastelería Crema,Pastel Philadelphia Cheese Cake,futuro
2025-11-17 11:25:55,0.0,Pastelería Crema,Pastel Philadelphia Cheese Cake,futuro
2025-11-18 11:25:55,0.0,Pastelería Crema,Pastel Philadelphia Cheese Cake,futuro
2025-11-19 11:25:55,0.0,Pastelería Crema,Pastel Philadelphia Cheese Cake,futuro
2025-11-20 11:25:55,0.0,Pastelería Crema,Pastel Philadelphia Cheese Cake,futuro
2025-11-21 11:25:55,0.0,Pastelería Crema,Pastel Philadelphia Cheese Cake,futuro
2025-11-22 11:25:55,0.0,Pastelería Crema,Pastel Philadelphia Cheese Cake,futuro
2025-11-23 11:25:55,0.0,Pastelería Crema,Pastel Philadelphia Cheese Cake,futuro
2025-11-24 11:25:55,0.0,Pastelería Crema,Pastel Philadelphia Cheese Cake,futuro
2025-11-25 11:25:55,0.0,Pastelería Crema,Pastel Philadelphia Cheese Cake,futuro
2025-11-26 11:25:55,0.0,Pastelería Crema,Pastel Philadelphia Cheese Cake,futuro
2025-11-27 11:25:55,0.0,Pastelería Crema,Pastel Philadelphia Cheese Cake,futuro
2025-11-28 11:25:55,0.0,Pastelería Crema,Pastel Philadelphia Cheese Cake,futuro
2025-11-29 11:25:55,0.0,Pastelería Crema,Pastel Philadelphia Cheese Cake,futuro
2025-11-30 11:25:55,0.0,Pastelería Crema,Pastel Philadelphia Cheese Cake,futuro
2025-12-01 11:25:55,0.0,Pastelería Crema,Pastel Philadelphia Cheese Cake,futuro
2025-12-02 11:25:55,0.0,Pastelería Crema,Pastel Philadelphia Cheese Cake,futuro
2025-12-03 11:25:55,0.0,Pastelería Crema,Pastel Philadelphia Cheese Cake,futuro
2025-12-04 11:25:55,0.0,Pastelería Crema,Pastel Philadelphia Cheese Cake,futuro
2025-12-05 11:25:55,0.0,Pastelería Crema,Pastel Philadelphia Cheese Cake,futuro
2025-12-06 11:25:55,0.0,Pastelería Crema,Pastel Philadelphia Cheese Cake,futuro
2025-12-07 11:25:55,0.0,Pastelería Crema,Pastel Philadelphia Cheese Cake,futuro
2025-12-08 11:25:55,0.0,Pastelería Crema,Pastel Philadelphia Cheese Cake,futuro
2025-12-09 11:25:55,0.0,Pastelería Crema,Pastel Philadelphia Cheese Cake,futuro
2025-12-10 11:25:55,0.0,Pastelería Crema,Pastel Philadelphia Cheese Cake,futuro
2025-12-11 11:25:55,0.0,Pastelería Crema,Pastel Philadelphia Cheese Cake,futuro
2025-12-12 11:25:55,0.0,Pastelería Crema,Pastel Philadelphia Cheese Cake,futuro
2025-12-13 11:25:55,0.0,Pastelería Crema,Pastel Philadelphia Cheese Cake,futuro
2025-12-14 11:25:55,0.0,Pastelería Crema,Pastel Philadelphia Cheese Cake,futuro
2025-12-15 11:25:55,0.0,Pastelería Crema,Pastel Philadelphia Cheese Cake,futuro
2025-12-16 11:25:55,0.0,Pastelería Crema,Pastel Philadelphia Cheese Cake,futuro
2025-12-17 11:25:55,0.0,Pastelería Crema,Pastel Philadelphia Cheese Cake,futuro
2025-12-18 11:25:55,0.0,Pastelería Crema,Pastel Philadelphia Cheese Cake,futuro
2025-12-19 11:25:55,0.0,Pastelería Crema,Pastel Philadelphia Cheese Cake,futuro
2025-12-20 11:25:55,0.0,Pastelería Crema,Pastel Philadelphia Cheese Cake,futuro
2025-12-21 11:25:55,0.0,Pastelería Crema,Pastel Philadelphia Cheese Cake,futuro
2025-12-22 11:25:55,0.0,Pastelería Crema,Pastel Philadelphia Cheese Cake,futuro
2025-12-23 11:25:55,0.0,Pastelería Crema,Pastel Philadelphia Cheese Cake,futuro
2025-12-24 11:25:55,0.0,Pastelería Crema,Pastel Philadelphia Cheese Cake,futuro
2025-12-25 11:25:55,0.0,Pastelería Crema,Pastel Philadelphia Cheese Cake,futuro
2025-12-26 11:25:55,0.0,Pastelería Crema,Pastel Philadelphia Cheese Cake,futuro
2025-12-27 11:25:55,0.0,Pastelería Crema,Pastel Philadelphia Cheese Cake,futuro
2025-12-28 11:25:55,0.0,Pastelería Crema,Pastel Philadelphia Cheese Cake,futuro
2025-12-29 11:25:55,0.0,Pastelería Crema,Pastel Philadelphia Cheese Cake,futuro
2025-12-30 11:25:55,0.0,Pastelería Crema,Pastel Philadelphia Cheese Cake,futuro
2025-12-31 11:25:55,0.0,Pastelería Crema,Pastel Philadelphia Cheese Cake,futuro
2026-01-01 11:25:55,0.0,Pastelería Crema,Pastel Philadelphia Cheese Cake,futuro
2026-01-02 11:25:55,0.0,Pastelería Crema,Pastel Philadelphia Cheese Cake,futuro
2026-01-03 11:25:55,0.0,Pastelería Crema,Pastel Philadelphia Cheese Cake,futuro
2026-01-04 11:25:55,0.0,Pastelería Crema,Pastel Philadelphia Cheese Cake,futuro
2026-01-05 11:25:55,0.0,Pastelería Crema,Pastel Philadelphia Cheese Cake,futuro
2026-01-06 11:25:55,0.0,Pastelería Crema,Pastel Philadelphia Cheese Cake,futuro
2026-01-07 11:25:55,0.0,Pastelería Crema,Pastel Philadelphia Cheese Cake,futuro
2026-01-08 11:25:55,0.0,Pastelería Crema,Pastel Philadelphia Cheese Cake,futuro
2026-01-09 11:25:55,0.0,Pastelería Crema,Pastel Philadelphia Cheese Cake,futuro
2026-01-10 11:25:55,0.0,Pastelería Crema,Pastel Philadelphia Cheese Cake,futuro
2026-01-11 11:25:55,0.0,Pastelería Crema,Pastel Philadelphia Cheese Cake,futuro
2026-01-12 11:25:55,0.0,Pastelería Crema,Pastel Philadelphia Cheese Cake,futuro
2026-01-13 11:25:55,0.0,Pastelería Crema,Pastel Philadelphia Cheese Cake,futuro
2026-01-14 11:25:55,0.0,Pastelería Crema,Pastel Philadelphia Cheese Cake,futuro
2026-01-15 11:25:55,0.0,Pastelería Crema,Pastel Philadelphia Cheese Cake,futuro
2026-01-16 11:25:55,0.0,Pastelería Crema,Pastel Philadelphia Cheese Cake,futuro
2026-01-17 11:25:55,0.0,Pastelería Crema,Pastel Philadelphia Cheese Cake,futuro
2026-01-18 11:25:55,0.0,Pastelería Crema,Pastel Philadelphia Cheese Cake,futuro
2026-01-19 11:25:55,0.0,Pastelería Crema,Pastel Philadelphia Cheese Cake,futuro
2026-01-20 11:25:55,0.0,Pastelería Crema,Pastel Philadelphia Cheese Cake,futuro
2026-01-21 11:25:55,0.0,Pastelería Crema,Pastel Philadelphia Cheese Cake,futuro
2026-01-22 11:25:55,0.0,Pastelería Crema,Pastel Philadelphia Cheese Cake,futuro
2026-01-23 11:25:55,0.0,Pastelería Crema,Pastel Philadelphia Cheese Cake,futuro
2026-01-24 11:25:55,0.0,Pastelería Crema,Pastel Philadelphia Cheese Cake,futuro
2026-01-25 11:25:55,0.0,Pastelería Crema,Pastel Philadelphia Cheese Cake,futuro
2026-01-26 11:25:55,0.0,Pastelería Crema,Pastel Philadelphia Cheese Cake,futuro
2026-01-27 11:25:55,0.0,Pastelería Crema,Pastel Philadelphia Cheese Cake,futuro
2026-01-28 11:25:55,0.0,Pastelería Crema,Pastel Philadelphia Cheese Cake,futuro
2026-01-29 11:25:55,0.0,Pastelería Crema,Pastel Philadelphia Cheese Cake,futuro
2026-01-30 11:25:55,0.0,Pastelería Crema,Pastel Philadelphia Cheese Cake,futuro
2026-01-31 11:25:55,0.0,Pastelería Crema,Pastel Philadelphia Cheese Cake,futuro
2026-02-01 11:25:55,0.0,Pastelería Crema,Pastel Philadelphia Cheese Cake,futuro
2026-02-02 11:25:55,0.0,Pastelería Crema,Pastel Philadelphia Cheese Cake,futuro
2025-11-07 17:52:56,0.0,Pastelería Crema,Pastel Rollito de Fresas,futuro
2025-11-08 17:52:56,0.0,Pastelería Crema,Pastel Rollito de Fresas,futuro
2025-11-09 17:52:56,0.0,Pastelería Crema,Pastel Rollito de Fresas,futuro
2025-11-10 17:52:56,0.0,Pastelería Crema,Pastel Rollito de Fresas,futuro
2025-11-11 17:52:56,0.0,Pastelería Crema,Pastel Rollito de Fresas,futuro
2025-11-12 17:52:56,0.0,Pastelería Crema,Pastel Rollito de Fresas,futuro
2025-11-13 17:52:56,0.0,Pastelería Crema,Pastel Rollito de Fresas,futuro
2025-11-14 17:52:56,0.0,Pastelería Crema,Pastel Rollito de Fresas,futuro
2025-11-15 17:52:56,0.0,Pastelería Crema,Pastel Rollito de Fresas,futuro
2025-11-16 17:52:56,0.0,Pastelería Crema,Pastel Rollito de Fresas,futuro
2025-11-17 17:52:56,0.0,Pastelería Crema,Pastel Rollito de Fresas,futuro
2025-11-18 17:52:56,0.0,Pastelería Crema,Pastel Rollito de Fresas,futuro
2025-11-19 17:52:56,0.0,Pastelería Crema,Pastel Rollito de Fresas,futuro
2025-11-20 17:52:56,0.0,Pastelería Crema,Pastel Rollito de Fresas,futuro
2025-11-21 17:52:56,0.0,Pastelería Crema,Pastel Rollito de Fresas,futuro
2025-11-22 17:52:56,0.0,Pastelería Crema,Pastel Rollito de Fresas,futuro
2025-11-23 17:52:56,0.0,Pastelería Crema,Pastel Rollito de Fresas,futuro
2025-11-24 17:52:56,0.0,Pastelería Crema,Pastel Rollito de Fresas,futuro
2025-11-25 17:52:56,0.0,Pastelería Crema,Pastel Rollito de Fresas,futuro
2025-11-26 17:52:56,0.0,Pastelería Crema,Pastel Rollito de Fresas,futuro
2025-11-27 17:52:56,0.0,Pastelería Crema,Pastel Rollito de Fresas,futuro
2025-11-28 17:52:56,0.0,Pastelería Crema,Pastel Rollito de Fresas,futuro
2025-11-29 17:52:56,0.0,Pastelería Crema,Pastel Rollito de Fresas,futuro
2025-11-30 17:52:56,0.0,Pastelería Crema,Pastel Rollito de Fresas,futuro
2025-12-01 17:52:56,0.0,Pastelería Crema,Pastel Rollito de Fresas,futuro
2025-12-02 17:52:56,0.0,Pastelería Crema,Pastel Rollito de Fresas,futuro
2025-12-03 17:52:56,0.0,Pastelería Crema,Pastel Rollito de Fresas,futuro
2025-12-04 17:52:56,0.0,Pastelería Crema,Pastel Rollito de Fresas,futuro
2025-12-05 17:52:56,0.0,Pastelería Crema,Pastel Rollito de Fresas,futuro
2025-12-06 17:52:56,0.0,Pastelería Crema,Pastel Rollito de Fresas,futuro
2025-12-07 17:52:56,0.0,Pastelería Crema,Pastel Rollito de Fresas,futuro
2025-12-08 17:52:56,0.0,Pastelería Crema,Pastel Rollito de Fresas,futuro
2025-12-09 17:52:56,0.0,Pastelería Crema,Pastel Rollito de Fresas,futuro
2025-12-10 17:52:56,0.0,Pastelería Crema,Pastel Rollito de Fresas,futuro
2025-12-11 17:52:56,0.0,Pastelería Crema,Pastel Rollito de Fresas,futuro
2025-12-12 17:52:56,0.0,Pastelería Crema,Pastel Rollito de Fresas,futuro
2025-12-13 17:52:56,0.0,Pastelería Crema,Pastel Rollito de Fresas,futuro
2025-12-14 17:52:56,0.0,Pastelería Crema,Pastel Rollito de Fresas,futuro
2025-12-15 17:52:56,0.0,Pastelería Crema,Pastel Rollito de Fresas,futuro
2025-12-16 17:52:56,0.0,Pastelería Crema,Pastel Rollito de Fresas,futuro
2025-12-17 17:52:56,0.0,Pastelería Crema,Pastel Rollito de Fresas,futuro
2025-12-18 17:52:56,0.0,Pastelería Crema,Pastel Rollito de Fresas,futuro
2025-12-19 17:52:56,0.0,Pastelería Crema,Pastel Rollito de Fresas,futuro
2025-12-20 17:52:56,0.0,Pastelería Crema,Pastel Rollito de Fresas,futuro
2025-12-21 17:52:56,0.0,Pastelería Crema,Pastel Rollito de Fresas,futuro
2025-12-22 17:52:56,0.0,Pastelería Crema,Pastel Rollito de Fresas,futuro
2025-12-23 17:52:56,0.0,Pastelería Crema,Pastel Rollito de Fresas,futuro
2025-12-24 17:52:56,0.0,Pastelería Crema,Pastel Rollito de Fresas,futuro
2025-12-25 17:52:56,0.0,Pastelería Crema,Pastel Rollito de Fresas,futuro
2025-12-26 17:52:56,0.0,Pastelería Crema,Pastel Rollito de Fresas,futuro
2025-12-27 17:52:56,0.0,Pastelería Crema,Pastel Rollito de Fresas,futuro
2025-12-28 17:52:56,0.0,Pastelería Crema,Pastel Rollito de Fresas,futuro
2025-12-29 17:52:56,0.0,Pastelería Crema,Pastel Rollito de Fresas,futuro
2025-12-30 17:52:56,0.0,Pastelería Crema,Pastel Rollito de Fresas,futuro
2025-12-31 17:52:56,0.0,Pastelería Crema,Pastel Rollito de Fresas,futuro
2026-01-01 17:52:56,0.0,Pastelería Crema,Pastel Rollito de Fresas,futuro
2026-01-02 17:52:56,0.0,Pastelería Crema,Pastel Rollito de Fresas,futuro
2026-01-03 17:52:56,0.0,Pastelería Crema,Pastel Rollito de Fresas,futuro
2026-01-04 17:52:56,0.0,Pastelería Crema,Pastel Rollito de Fresas,futuro
2026-01-05 17:52:56,0.0,Pastelería Crema,Pastel Rollito de Fresas,futuro
2026-01-06 17:52:56,0.0,Pastelería Crema,Pastel Rollito de Fresas,futuro
2026-01-07 17:52:56,0.0,Pastelería Crema,Pastel Rollito de Fresas,futuro
2026-01-08 17:52:56,0.0,Pastelería Crema,Pastel Rollito de Fresas,futuro
2026-01-09 17:52:56,0.0,Pastelería Crema,Pastel Rollito de Fresas,futuro
2026-01-10 17:52:56,0.0,Pastelería Crema,Pastel Rollito de Fresas,futuro
2026-01-11 17:52:56,0.0,Pastelería Crema,Pastel Rollito de Fresas,futuro
2026-01-12 17:52:56,0.0,Pastelería Crema,Pastel Rollito de Fresas,futuro
2026-01-13 17:52:56,0.0,Pastelería Crema,Pastel Rollito de Fresas,futuro
2026-01-14 17:52:56,0.0,Pastelería Crema,Pastel Rollito de Fresas,futuro
2026-01-15 17:52:56,0.0,Pastelería Crema,Pastel Rollito de Fresas,futuro
2026-01-16 17:52:56,0.0,Pastelería Crema,Pastel Rollito de Fresas,futuro
2026-01-17 17:52:56,0.0,Pastelería Crema,Pastel Rollito de Fresas,futuro
2026-01-18 17:52:56,0.0,Pastelería Crema,Pastel Rollito de Fresas,futuro
2026-01-19 17:52:56,0.0,Pastelería Crema,Pastel Rollito de Fresas,futuro
2026-01-20 17:52:56,0.0,Pastelería Crema,Pastel Rollito de Fresas,futuro
2026-01-21 17:52:56,0.0,Pastelería Crema,Pastel Rollito de Fresas,futuro
2026-01-22 17:52:56,0.0,Pastelería Crema,Pastel Rollito de Fresas,futuro
2026-01-23 17:52:56,0.0,Pastelería Crema,Pastel Rollito de Fresas,futuro
2026-01-24 17:52:56,0.0,Pastelería Crema,Pastel Rollito de Fresas,futuro
2026-01-25 17:52:56,0.0,Pastelería Crema,Pastel Rollito de Fresas,futuro
2026-01-26 17:52:56,0.0,Pastelería Crema,Pastel Rollito de Fresas,futuro
2026-01-27 17:52:56,0.0,Pastelería Crema,Pastel Rollito de Fresas,futuro
2026-01-28 17:52:56,0.0,Pastelería Crema,Pastel Rollito de Fresas,futuro
2026-01-29 17:52:56,0.0,Pastelería Crema,Pastel Rollito de Fresas,futuro
2026-01-30 17:52:56,0.0,Pastelería Crema,Pastel Rollito de Fresas,futuro
2026-01-31 17:52:56,0.0,Pastelería Crema,Pastel Rollito de Fresas,futuro
2026-02-01 17:52:56,0.0,Pastelería Crema,Pastel Rollito de Fresas,futuro
2026-02-02 17:52:56,0.0,Pastelería Crema,Pastel Rollito de Fresas,futuro
2026-02-03 17:52:56,0.0,Pastelería Crema,Pastel Rollito de Fresas,futuro
2026-02-04 17:52:56,0.0,Pastelería Crema,Pastel Rollito de Fresas,futuro
2024-06-17 12:41:45,0.0,Pastelería Crema,Pastel Tiramisu Grande,futuro
2024-06-18 12:41:45,0.0,Pastelería Crema,Pastel Tiramisu Grande,futuro
2024-06-19 12:41:45,0.0,Pastelería Crema,Pastel Tiramisu Grande,futuro
2024-06-20 12:41:45,0.0,Pastelería Crema,Pastel Tiramisu Grande,futuro
2024-06-21 12:41:45,0.0,Pastelería Crema,Pastel Tiramisu Grande,futuro
2024-06-22 12:41:45,0.0,Pastelería Crema,Pastel Tiramisu Grande,futuro
2024-06-23 12:41:45,0.0,Pastelería Crema,Pastel Tiramisu Grande,futuro
2024-06-24 12:41:45,0.0,Pastelería Crema,Pastel Tiramisu Grande,futuro
2024-06-25 12:41:45,0.0,Pastelería Crema,Pastel Tiramisu Grande,futuro
2024-06-26 12:41:45,0.0,Pastelería Crema,Pastel Tiramisu Grande,futuro
2024-06-27 12:41:45,0.0,Pastelería Crema,Pastel Tiramisu Grande,futuro
2024-06-28 12:41:45,0.0,Pastelería Crema,Pastel Tiramisu Grande,futuro
2024-06-29 12:41:45,0.0,Pastelería Crema,Pastel Tiramisu Grande,futuro
2024-06-30 12:41:45,0.0,Pastelería Crema,Pastel Tiramisu Grande,futuro
2024-07-01 12:41:45,0.0,Pastelería Crema,Pastel Tiramisu Grande,futuro
2024-07-02 12:41:45,0.0,Pastelería Crema,Pastel Tiramisu Grande,futuro
2024-07-03 12:41:45,0.0,Pastelería Crema,Pastel Tiramisu Grande,futuro
2024-07-04 12:41:45,0.0,Pastelería Crema,Pastel Tiramisu Grande,futuro
2024-07-05 12:41:45,0.0,Pastelería Crema,Pastel Tiramisu Grande,futuro
2024-07-06 12:41:45,0.0,Pastelería Crema,Pastel Tiramisu Grande,futuro
2024-07-07 12:41:45,0.0,Pastelería Crema,Pastel Tiramisu Grande,futuro
2024-07-08 12:41:45,0.0,Pastelería Crema,Pastel Tiramisu Grande,futuro
2024-07-09 12:41:45,0.0,Pastelería Crema,Pastel Tiramisu Grande,futuro
2024-07-10 12:41:45,0.0,Pastelería Crema,Pastel Tiramisu Grande,futuro
2024-07-11 12:41:45,0.0,Pastelería Crema,Pastel Tiramisu Grande,futuro
2024-07-12 12:41:45,0.0,Pastelería Crema,Pastel Tiramisu Grande,futuro
2024-07-13 12:41:45,0.0,Pastelería Crema,Pastel Tiramisu Grande,futuro
2024-07-14 12:41:45,0.0,Pastelería Crema,Pastel Tiramisu Grande,futuro
2024-07-15 12:41:45,0.0,Pastelería Crema,Pastel Tiramisu Grande,futuro
2024-07-16 12:41:45,0.0,Pastelería Crema,Pastel Tiramisu Grande,futuro
2024-07-17 12:41:45,0.0,Pastelería Crema,Pastel Tiramisu Grande,futuro
2024-07-18 12:41:45,0.0,Pastelería Crema,Pastel Tiramisu Grande,futuro
2024-07-19 12:41:45,0.0,Pastelería Crema,Pastel Tiramisu Grande,futuro
2024-07-20 12:41:45,0.0,Pastelería Crema,Pastel Tiramisu Grande,futuro
2024-07-21 12:41:45,0.0,Pastelería Crema,Pastel Tiramisu Grande,futuro
2024-07-22 12:41:45,0.0,Pastelería Crema,Pastel Tiramisu Grande,futuro
2024-07-23 12:41:45,0.0,Pastelería Crema,Pastel Tiramisu Grande,futuro
2024-07-24 12:41:45,0.0,Pastelería Crema,Pastel Tiramisu Grande,futuro
2024-07-25 12:41:45,0.0,Pastelería Crema,Pastel Tiramisu Grande,futuro
2024-07-26 12:41:45,0.0,Pastelería Crema,Pastel Tiramisu Grande,futuro
2024-07-27 12:41:45,0.0,Pastelería Crema,Pastel Tiramisu Grande,futuro
2024-07-28 12:41:45,0.0,Pastelería Crema,Pastel Tiramisu Grande,futuro
2024-07-29 12:41:45,0.0,Pastelería Crema,Pastel Tiramisu Grande,futuro
2024-07-30 12:41:45,0.0,Pastelería Crema,Pastel Tiramisu Grande,futuro
2024-07-31 12:41:45,0.0,Pastelería Crema,Pastel Tiramisu Grande,futuro
2024-08-01 12:41:45,0.0,Pastelería Crema,Pastel Tiramisu Grande,futuro
2024-08-02 12:41:45,0.0,Pastelería Crema,Pastel Tiramisu Grande,futuro
2024-08-03 12:41:45,0.0,Pastelería Crema,Pastel Tiramisu Grande,futuro
2024-08-04 12:41:45,0.0,Pastelería Crema,Pastel Tiramisu Grande,futuro
2024-08-05 12:41:45,0.0,Pastelería Crema,Pastel Tiramisu Grande,futuro
2024-08-06 12:41:45,0.0,Pastelería Crema,Pastel Tiramisu Grande,futuro
2024-08-07 12:41:45,0.0,Pastelería Crema,Pastel Tiramisu Grande,futuro
2024-08-08 12:41:45,0.0,Pastelería Crema,Pastel Tiramisu Grande,futuro
2024-08-09 12:41:45,0.0,Pastelería Crema,Pastel Tiramisu Grande,futuro
2024-08-10 12:41:45,0.0,Pastelería Crema,Pastel Tiramisu Grande,futuro
2024-08-11 12:41:45,0.0,Pastelería Crema,Pastel Tiramisu Grande,futuro
2024-08-12 12:41:45,0.0,Pastelería Crema,Pastel Tiramisu Grande,futuro
2024-08-13 12:41:45,0.0,Pastelería Crema,Pastel Tiramisu Grande,futuro
2024-08-14 12:41:45,0.0,Pastelería Crema,Pastel Tiramisu Grande,futuro
2024-08-15 12:41:45,0.0,Pastelería Crema,Pastel Tiramisu Grande,futuro
2024-08-16 12:41:45,0.0,Pastelería Crema,Pastel Tiramisu Grande,futuro
2024-08-17 12:41:45,0.0,Pastelería Crema,Pastel Tiramisu Grande,futuro
2024-08-18 12:41:45,0.0,Pastelería Crema,Pastel Tiramisu Grande,futuro
2024-08-19 12:41:45,0.0,Pastelería Crema,Pastel Tiramisu Grande,futuro
2024-08-20 12:41:45,0.0,Pastelería Crema,Pastel Tiramisu Grande,futuro
2024-08-21 12:41:45,0.0,Pastelería Crema,Pastel Tiramisu Grande,futuro
2024-08-22 12:41:45,0.0,Pastelería Crema,Pastel Tiramisu Grande,futuro
2024-08-23 12:41:45,0.0,Pastelería Crema,Pastel Tiramisu Grande,futuro
2024-08-24 12:41:45,0.0,Pastelería Crema,Pastel Tiramisu Grande,futuro
2024-08-25 12:41:45,0.0,Pastelería Crema,Pastel Tiramisu Grande,futuro
2024-08-26 12:41:45,0.0,Pastelería Crema,Pastel Tiramisu Grande,futuro
2024-08-27 12:41:45,0.0,Pastelería Crema,Pastel Tiramisu Grande,futuro
2024-08-28 12:41:45,0.0,Pastelería Crema,Pastel Tiramisu Grande,futuro
2024-08-29 12:41:45,0.0,Pastelería Crema,Pastel Tiramisu Grande,futuro
2024-08-30 12:41:45,0.0,Pastelería Crema,Pastel Tiramisu Grande,futuro
2024-08-31 12:41:45,0.0,Pastelería Crema,Pastel Tiramisu Grande,futuro
2024-09-01 12:41:45,0.0,Pastelería Crema,Pastel Tiramisu Grande,futuro
2024-09-02 12:41:45,0.0,Pastelería Crema,Pastel Tiramisu Grande,futuro
2024-09-03 12:41:45,0.0,Pastelería Crema,Pastel Tiramisu Grande,futuro
2024-09-04 12:41:45,0.0,Pastelería Crema,Pastel Tiramisu Grande,futuro
2024-09-05 12:41:45,0.0,Pastelería Crema,Pastel Tiramisu Grande,futuro
2024-09-06 12:41:45,0.0,Pastelería Crema,Pastel Tiramisu Grande,futuro
2024-09-07 12:41:45,0.0,Pastelería Crema,Pastel Tiramisu Grande,futuro
2024-09-08 12:41:45,0.0,Pastelería Crema,Pastel Tiramisu Grande,futuro
2024-09-09 12:41:45,0.0,Pastelería Crema,Pastel Tiramisu Grande,futuro
2024-09-10 12:41:45,0.0,Pastelería Crema,Pastel Tiramisu Grande,futuro
2024-09-11 12:41:45,0.0,Pastelería Crema,Pastel Tiramisu Grande,futuro
2024-09-12 12:41:45,0.0,Pastelería Crema,Pastel Tiramisu Grande,futuro
2024-09-13 12:41:45,0.0,Pastelería Crema,Pastel Tiramisu Grande,futuro
2024-09-14 12:41:45,0.0,Pastelería Crema,Pastel Tiramisu Grande,futuro
2024-05-17 14:51:33,0.0,Pastelería Crema,Pastel chocomenta chico,futuro
2024-05-18 14:51:33,0.0,Pastelería Crema,Pastel chocomenta chico,futuro
2024-05-19 14:51:33,0.0,Pastelería Crema,Pastel chocomenta chico,futuro
2024-05-20 14:51:33,0.0,Pastelería Crema,Pastel chocomenta chico,futuro
2024-05-21 14:51:33,0.0,Pastelería Crema,Pastel chocomenta chico,futuro
2024-05-22 14:51:33,0.0,Pastelería Crema,Pastel chocomenta chico,futuro
2024-05-23 14:51:33,0.0,Pastelería Crema,Pastel chocomenta chico,futuro
2024-05-24 14:51:33,0.0,Pastelería Crema,Pastel chocomenta chico,futuro
2024-05-25 14:51:33,0.0,Pastelería Crema,Pastel chocomenta chico,futuro
2024-05-26 14:51:33,0.0,Pastelería Crema,Pastel chocomenta chico,futuro
2024-05-27 14:51:33,0.0,Pastelería Crema,Pastel chocomenta chico,futuro
2024-05-28 14:51:33,0.0,Pastelería Crema,Pastel chocomenta chico,futuro
2024-05-29 14:51:33,0.0,Pastelería Crema,Pastel chocomenta chico,futuro
2024-05-30 14:51:33,0.0,Pastelería Crema,Pastel chocomenta chico,futuro
2024-05-31 14:51:33,0.0,Pastelería Crema,Pastel chocomenta chico,futuro
2024-06-01 14:51:33,0.0,Pastelería Crema,Pastel chocomenta chico,futuro
2024-06-02 14:51:33,0.0,Pastelería Crema,Pastel chocomenta chico,futuro
2024-06-03 14:51:33,0.0,Pastelería Crema,Pastel chocomenta chico,futuro
2024-06-04 14:51:33,0.0,Pastelería Crema,Pastel chocomenta chico,futuro
2024-06-05 14:51:33,0.0,Pastelería Crema,Pastel chocomenta chico,futuro
2024-06-06 14:51:33,0.0,Pastelería Crema,Pastel chocomenta chico,futuro
2024-06-07 14:51:33,0.0,Pastelería Crema,Pastel chocomenta chico,futuro
2024-06-08 14:51:33,0.0,Pastelería Crema,Pastel chocomenta chico,futuro
2024-06-09 14:51:33,0.0,Pastelería Crema,Pastel chocomenta chico,futuro
2024-06-10 14:51:33,0.0,Pastelería Crema,Pastel chocomenta chico,futuro
2024-06-11 14:51:33,0.0,Pastelería Crema,Pastel chocomenta chico,futuro
2024-06-12 14:51:33,0.0,Pastelería Crema,Pastel chocomenta chico,futuro
2024-06-13 14:51:33,0.0,Pastelería Crema,Pastel chocomenta chico,futuro
2024-06-14 14:51:33,0.0,Pastelería Crema,Pastel chocomenta chico,futuro
2024-06-15 14:51:33,0.0,Pastelería Crema,Pastel chocomenta chico,futuro
2024-06-16 14:51:33,0.0,Pastelería Crema,Pastel chocomenta chico,futuro
2024-06-17 14:51:33,0.0,Pastelería Crema,Pastel chocomenta chico,futuro
2024-06-18 14:51:33,0.0,Pastelería Crema,Pastel chocomenta chico,futuro
2024-06-19 14:51:33,0.0,Pastelería Crema,Pastel chocomenta chico,futuro
2024-06-20 14:51:33,0.0,Pastelería Crema,Pastel chocomenta chico,futuro
2024-06-21 14:51:33,0.0,Pastelería Crema,Pastel chocomenta chico,futuro
2024-06-22 14:51:33,0.0,Pastelería Crema,Pastel chocomenta chico,futuro
2024-06-23 14:51:33,0.0,Pastelería Crema,Pastel chocomenta chico,futuro
2024-06-24 14:51:33,0.0,Pastelería Crema,Pastel chocomenta chico,futuro
2024-06-25 14:51:33,0.0,Pastelería Crema,Pastel chocomenta chico,futuro
2024-06-26 14:51:33,0.0,Pastelería Crema,Pastel chocomenta chico,futuro
2024-06-27 14:51:33,0.0,Pastelería Crema,Pastel chocomenta chico,futuro
2024-06-28 14:51:33,0.0,Pastelería Crema,Pastel chocomenta chico,futuro
2024-06-29 14:51:33,0.0,Pastelería Crema,Pastel chocomenta chico,futuro
2024-06-30 14:51:33,0.0,Pastelería Crema,Pastel chocomenta chico,futuro
2024-07-01 14:51:33,0.0,Pastelería Crema,Pastel chocomenta chico,futuro
2024-07-02 14:51:33,0.0,Pastelería Crema,Pastel chocomenta chico,futuro
2024-07-03 14:51:33,0.0,Pastelería Crema,Pastel chocomenta chico,futuro
2024-07-04 14:51:33,0.0,Pastelería Crema,Pastel chocomenta chico,futuro
2024-07-05 14:51:33,0.0,Pastelería Crema,Pastel chocomenta chico,futuro
2024-07-06 14:51:33,0.0,Pastelería Crema,Pastel chocomenta chico,futuro
2024-07-07 14:51:33,0.0,Pastelería Crema,Pastel chocomenta chico,futuro
2024-07-08 14:51:33,0.0,Pastelería Crema,Pastel chocomenta chico,futuro
2024-07-09 14:51:33,0.0,Pastelería Crema,Pastel chocomenta chico,futuro
2024-07-10 14:51:33,0.0,Pastelería Crema,Pastel chocomenta chico,futuro
2024-07-11 14:51:33,0.0,Pastelería Crema,Pastel chocomenta chico,futuro
2024-07-12 14:51:33,0.0,Pastelería Crema,Pastel chocomenta chico,futuro
2024-07-13 14:51:33,0.0,Pastelería Crema,Pastel chocomenta chico,futuro
2024-07-14 14:51:33,0.0,Pastelería Crema,Pastel chocomenta chico,futuro
2024-07-15 14:51:33,0.0,Pastelería Crema,Pastel chocomenta chico,futuro
2024-07-16 14:51:33,0.0,Pastelería Crema,Pastel chocomenta chico,futuro
2024-07-17 14:51:33,0.0,Pastelería Crema,Pastel chocomenta chico,futuro
2024-07-18 14:51:33,0.0,Pastelería Crema,Pastel chocomenta chico,futuro
2024-07-19 14:51:33,0.0,Pastelería Crema,Pastel chocomenta chico,futuro
2024-07-20 14:51:33,0.0,Pastelería Crema,Pastel chocomenta chico,futuro
2024-07-21 14:51:33,0.0,Pastelería Crema,Pastel chocomenta chico,futuro
2024-07-22 14:51:33,0.0,Pastelería Crema,Pastel chocomenta chico,futuro
2024-07-23 14:51:33,0.0,Pastelería Crema,Pastel chocomenta chico,futuro
2024-07-24 14:51:33,0.0,Pastelería Crema,Pastel chocomenta chico,futuro
2024-07-25 14:51:33,0.0,Pastelería Crema,Pastel chocomenta chico,futuro
2024-07-26 14:51:33,0.0,Pastelería Crema,Pastel chocomenta chico,futuro
2024-07-27 14:51:33,0.0,Pastelería Crema,Pastel chocomenta chico,futuro
2024-07-28 14:51:33,0.0,Pastelería Crema,Pastel chocomenta chico,futuro
2024-07-29 14:51:33,0.0,Pastelería Crema,Pastel chocomenta chico,futuro
2024-07-30 14:51:33,0.0,Pastelería Crema,Pastel chocomenta chico,futuro
2024-07-31 14:51:33,0.0,Pastelería Crema,Pastel chocomenta chico,futuro
2024-08-01 14:51:33,0.0,Pastelería Crema,Pastel chocomenta chico,futuro
2024-08-02 14:51:33,0.0,Pastelería Crema,Pastel chocomenta chico,futuro
2024-08-03 14:51:33,0.0,Pastelería Crema,Pastel chocomenta chico,futuro
2024-08-04 14:51:33,0.0,Pastelería Crema,Pastel chocomenta chico,futuro
2024-08-05 14:51:33,0.0,Pastelería Crema,Pastel chocomenta chico,futuro
2024-08-06 14:51:33,0.0,Pastelería Crema,Pastel chocomenta chico,futuro
2024-08-07 14:51:33,0.0,Pastelería Crema,Pastel chocomenta chico,futuro
2024-08-08 14:51:33,0.0,Pastelería Crema,Pastel chocomenta chico,futuro
2024-08-09 14:51:33,0.0,Pastelería Crema,Pastel chocomenta chico,futuro
2024-08-10 14:51:33,0.0,Pastelería Crema,Pastel chocomenta chico,futuro
2024-08-11 14:51:33,0.0,Pastelería Crema,Pastel chocomenta chico,futuro
2024-08-12 14:51:33,0.0,Pastelería Crema,Pastel chocomenta chico,futuro
2024-08-13 14:51:33,0.0,Pastelería Crema,Pastel chocomenta chico,futuro
2024-08-14 14:51:33,0.0,Pastelería Crema,Pastel chocomenta chico,futuro
2025-02-23 19:30:21,0.0,Pastelería Crema,Pastel lotus,futuro
2025-02-24 19:30:21,0.0,Pastelería Crema,Pastel lotus,futuro
2025-02-25 19:30:21,0.0,Pastelería Crema,Pastel lotus,futuro
2025-02-26 19:30:21,0.0,Pastelería Crema,Pastel lotus,futuro
2025-02-27 19:30:21,0.0,Pastelería Crema,Pastel lotus,futuro
2025-02-28 19:30:21,0.0,Pastelería Crema,Pastel lotus,futuro
2025-03-01 19:30:21,0.0,Pastelería Crema,Pastel lotus,futuro
2025-03-02 19:30:21,0.0,Pastelería Crema,Pastel lotus,futuro
2025-03-03 19:30:21,0.0,Pastelería Crema,Pastel lotus,futuro
2025-03-04 19:30:21,0.0,Pastelería Crema,Pastel lotus,futuro
2025-03-05 19:30:21,0.0,Pastelería Crema,Pastel lotus,futuro
2025-03-06 19:30:21,0.0,Pastelería Crema,Pastel lotus,futuro
2025-03-07 19:30:21,0.0,Pastelería Crema,Pastel lotus,futuro
2025-03-08 19:30:21,0.0,Pastelería Crema,Pastel lotus,futuro
2025-03-09 19:30:21,0.0,Pastelería Crema,Pastel lotus,futuro
2025-03-10 19:30:21,0.0,Pastelería Crema,Pastel lotus,futuro
2025-03-11 19:30:21,0.0,Pastelería Crema,Pastel lotus,futuro
2025-03-12 19:30:21,0.0,Pastelería Crema,Pastel lotus,futuro
2025-03-13 19:30:21,0.0,Pastelería Crema,Pastel lotus,futuro
2025-03-14 19:30:21,0.0,Pastelería Crema,Pastel lotus,futuro
2025-03-15 19:30:21,0.0,Pastelería Crema,Pastel lotus,futuro
2025-03-16 19:30:21,0.0,Pastelería Crema,Pastel lotus,futuro
2025-03-17 19:30:21,0.0,Pastelería Crema,Pastel lotus,futuro
2025-03-18 19:30:21,0.0,Pastelería Crema,Pastel lotus,futuro
2025-03-19 19:30:21,0.0,Pastelería Crema,Pastel lotus,futuro
2025-03-20 19:30:21,0.0,Pastelería Crema,Pastel lotus,futuro
2025-03-21 19:30:21,0.0,Pastelería Crema,Pastel lotus,futuro
2025-03-22 19:30:21,0.0,Pastelería Crema,Pastel lotus,futuro
2025-03-23 19:30:21,0.0,Pastelería Crema,Pastel lotus,futuro
2025-03-24 19:30:21,0.0,Pastelería Crema,Pastel lotus,futuro
2025-03-25 19:30:21,0.0,Pastelería Crema,Pastel lotus,futuro
2025-03-26 19:30:21,0.0,Pastelería Crema,Pastel lotus,futuro
2025-03-27 19:30:21,0.0,Pastelería Crema,Pastel lotus,futuro
2025-03-28 19:30:21,0.0,Pastelería Crema,Pastel lotus,futuro
2025-03-29 19:30:21,0.0,Pastelería Crema,Pastel lotus,futuro
2025-03-30 19:30:21,0.0,Pastelería Crema,Pastel lotus,futuro
2025-03-31 19:30:21,0.0,Pastelería Crema,Pastel lotus,futuro
2025-04-01 19:30:21,0.0,Pastelería Crema,Pastel lotus,futuro
2025-04-02 19:30:21,0.0,Pastelería Crema,Pastel lotus,futuro
2025-04-03 19:30:21,0.0,Pastelería Crema,Pastel lotus,futuro
2025-04-04 19:30:21,0.0,Pastelería Crema,Pastel lotus,futuro
2025-04-05 19:30:21,0.0,Pastelería Crema,Pastel lotus,futuro
2025-04-06 19:30:21,0.0,Pastelería Crema,Pastel lotus,futuro
2025-04-07 19:30:21,0.0,Pastelería Crema,Pastel lotus,futuro
2025-04-08 19:30:21,0.0,Pastelería Crema,Pastel lotus,futuro
2025-04-09 19:30:21,0.0,Pastelería Crema,Pastel lotus,futuro
2025-04-10 19:30:21,0.0,Pastelería Crema,Pastel lotus,futuro
2025-04-11 19:30:21,0.0,Pastelería Crema,Pastel lotus,futuro
2025-04-12 19:30:21,0.0,Pastelería Crema,Pastel lotus,futuro
2025-04-13 19:30:21,0.0,Pastelería Crema,Pastel lotus,futuro
2025-04-14 19:30:21,0.0,Pastelería Crema,Pastel lotus,futuro
2025-04-15 19:30:21,0.0,Pastelería Crema,Pastel lotus,futuro
2025-04-16 19:30:21,0.0,Pastelería Crema,Pastel lotus,futuro
2025-04-17 19:30:21,0.0,Pastelería Crema,Pastel lotus,futuro
2025-04-18 19:30:21,0.0,Pastelería Crema,Pastel lotus,futuro
2025-04-19 19:30:21,0.0,Pastelería Crema,Pastel lotus,futuro
2025-04-20 19:30:21,0.0,Pastelería Crema,Pastel lotus,futuro
2025-04-21 19:30:21,0.0,Pastelería Crema,Pastel lotus,futuro
2025-04-22 19:30:21,0.0,Pastelería Crema,Pastel lotus,futuro
2025-04-23 19:30:21,0.0,Pastelería Crema,Pastel lotus,futuro
2025-04-24 19:30:21,0.0,Pastelería Crema,Pastel lotus,futuro
2025-04-25 19:30:21,0.0,Pastelería Crema,Pastel lotus,futuro
2025-04-26 19:30:21,0.0,Pastelería Crema,Pastel lotus,futuro
2025-04-27 19:30:21,0.0,Pastelería Crema,Pastel lotus,futuro
2025-04-28 19:30:21,0.0,Pastelería Crema,Pastel lotus,futuro
2025-04-29 19:30:21,0.0,Pastelería Crema,Pastel lotus,futuro
2025-04-30 19:30:21,0.0,Pastelería Crema,Pastel lotus,futuro
2025-05-01 19:30:21,0.0,Pastelería Crema,Pastel lotus,futuro
2025-05-02 19:30:21,0.0,Pastelería Crema,Pastel lotus,futuro
2025-05-03 19:30:21,0.0,Pastelería Crema,Pastel lotus,futuro
2025-05-04 19:30:21,0.0,Pastelería Crema,Pastel lotus,futuro
2025-05-05 19:30:21,0.0,Pastelería Crema,Pastel lotus,futuro
2025-05-06 19:30:21,0.0,Pastelería Crema,Pastel lotus,futuro
2025-05-07 19:30:21,0.0,Pastelería Crema,Pastel lotus,futuro
2025-05-08 19:30:21,0.0,Pastelería Crema,Pastel lotus,futuro
2025-05-09 19:30:21,0.0,Pastelería Crema,Pastel lotus,futuro
2025-05-10 19:30:21,0.0,Pastelería Crema,Pastel lotus,futuro
2025-05-11 19:30:21,0.0,Pastelería Crema,Pastel lotus,futuro
2025-05-12 19:30:21,0.0,Pastelería Crema,Pastel lotus,futuro
2025-05-13 19:30:21,0.0,Pastelería Crema,Pastel lotus,futuro
2025-05-14 19:30:21,0.0,Pastelería Crema,Pastel lotus,futuro
2025-05-15 19:30:21,0.0,Pastelería Crema,Pastel lotus,futuro
2025-05-16 19:30:21,0.0,Pastelería Crema,Pastel lotus,futuro
2025-05-17 19:30:21,0.0,Pastelería Crema,Pastel lotus,futuro
2025-05-18 19:30:21,0.0,Pastelería Crema,Pastel lotus,futuro
2025-05-19 19:30:21,0.0,Pastelería Crema,Pastel lotus,futuro
2025-05-20 19:30:21,0.0,Pastelería Crema,Pastel lotus,futuro
2025-05-21 19:30:21,0.0,Pastelería Crema,Pastel lotus,futuro
2025-05-22 19:30:21,0.0,Pastelería Crema,Pastel lotus,futuro
2025-05-23 19:30:21,0.0,Pastelería Crema,Pastel lotus,futuro
2025-07-07 15:38:20,0.0,Pastelería Crema,Pastel zanahoria chico,futuro
2025-07-08 15:38:20,0.0,Pastelería Crema,Pastel zanahoria chico,futuro
2025-07-09 15:38:20,0.0,Pastelería Crema,Pastel zanahoria chico,futuro
2025-07-10 15:38:20,0.0,Pastelería Crema,Pastel zanahoria chico,futuro
2025-07-11 15:38:20,0.0,Pastelería Crema,Pastel zanahoria chico,futuro
2025-07-12 15:38:20,0.0,Pastelería Crema,Pastel zanahoria chico,futuro
2025-07-13 15:38:20,0.0,Pastelería Crema,Pastel zanahoria chico,futuro
2025-07-14 15:38:20,0.0,Pastelería Crema,Pastel zanahoria chico,futuro
2025-07-15 15:38:20,0.0,Pastelería Crema,Pastel zanahoria chico,futuro
2025-07-16 15:38:20,0.0,Pastelería Crema,Pastel zanahoria chico,futuro
2025-07-17 15:38:20,0.0,Pastelería Crema,Pastel zanahoria chico,futuro
2025-07-18 15:38:20,0.0,Pastelería Crema,Pastel zanahoria chico,futuro
2025-07-19 15:38:20,0.0,Pastelería Crema,Pastel zanahoria chico,futuro
2025-07-20 15:38:20,0.0,Pastelería Crema,Pastel zanahoria chico,futuro
2025-07-21 15:38:20,0.0,Pastelería Crema,Pastel zanahoria chico,futuro
2025-07-22 15:38:20,0.0,Pastelería Crema,Pastel zanahoria chico,futuro
2025-07-23 15:38:20,0.0,Pastelería Crema,Pastel zanahoria chico,futuro
2025-07-24 15:38:20,0.0,Pastelería Crema,Pastel zanahoria chico,futuro
2025-07-25 15:38:20,0.0,Pastelería Crema,Pastel zanahoria chico,futuro
2025-07-26 15:38:20,0.0,Pastelería Crema,Pastel zanahoria chico,futuro
2025-07-27 15:38:20,0.0,Pastelería Crema,Pastel zanahoria chico,futuro
2025-07-28 15:38:20,0.0,Pastelería Crema,Pastel zanahoria chico,futuro
2025-07-29 15:38:20,0.0,Pastelería Crema,Pastel zanahoria chico,futuro
2025-07-30 15:38:20,0.0,Pastelería Crema,Pastel zanahoria chico,futuro
2025-07-31 15:38:20,0.0,Pastelería Crema,Pastel zanahoria chico,futuro
2025-08-01 15:38:20,0.0,Pastelería Crema,Pastel zanahoria chico,futuro
2025-08-02 15:38:20,0.0,Pastelería Crema,Pastel zanahoria chico,futuro
2025-08-03 15:38:20,0.0,Pastelería Crema,Pastel zanahoria chico,futuro
2025-08-04 15:38:20,0.0,Pastelería Crema,Pastel zanahoria chico,futuro
2025-08-05 15:38:20,0.0,Pastelería Crema,Pastel zanahoria chico,futuro
2025-08-06 15:38:20,0.0,Pastelería Crema,Pastel zanahoria chico,futuro
2025-08-07 15:38:20,0.0,Pastelería Crema,Pastel zanahoria chico,futuro
2025-08-08 15:38:20,0.0,Pastelería Crema,Pastel zanahoria chico,futuro
2025-08-09 15:38:20,0.0,Pastelería Crema,Pastel zanahoria chico,futuro
2025-08-10 15:38:20,0.0,Pastelería Crema,Pastel zanahoria chico,futuro
2025-08-11 15:38:20,0.0,Pastelería Crema,Pastel zanahoria chico,futuro
2025-08-12 15:38:20,0.0,Pastelería Crema,Pastel zanahoria chico,futuro
2025-08-13 15:38:20,0.0,Pastelería Crema,Pastel zanahoria chico,futuro
2025-08-14 15:38:20,0.0,Pastelería Crema,Pastel zanahoria chico,futuro
2025-08-15 15:38:20,0.0,Pastelería Crema,Pastel zanahoria chico,futuro
2025-08-16 15:38:20,0.0,Pastelería Crema,Pastel zanahoria chico,futuro
2025-08-17 15:38:20,0.0,Pastelería Crema,Pastel zanahoria chico,futuro
2025-08-18 15:38:20,0.0,Pastelería Crema,Pastel zanahoria chico,futuro
2025-08-19 15:38:20,0.0,Pastelería Crema,Pastel zanahoria chico,futuro
2025-08-20 15:38:20,0.0,Pastelería Crema,Pastel zanahoria chico,futuro
2025-08-21 15:38:20,0.0,Pastelería Crema,Pastel zanahoria chico,futuro
2025-08-22 15:38:20,0.0,Pastelería Crema,Pastel zanahoria chico,futuro
2025-08-23 15:38:20,0.0,Pastelería Crema,Pastel zanahoria chico,futuro
2025-08-24 15:38:20,0.0,Pastelería Crema,Pastel zanahoria chico,futuro
2025-08-25 15:38:20,0.0,Pastelería Crema,Pastel zanahoria chico,futuro
2025-08-26 15:38:20,0.0,Pastelería Crema,Pastel zanahoria chico,futuro
2025-08-27 15:38:20,0.0,Pastelería Crema,Pastel zanahoria chico,futuro
2025-08-28 15:38:20,0.0,Pastelería Crema,Pastel zanahoria chico,futuro
2025-08-29 15:38:20,0.0,Pastelería Crema,Pastel zanahoria chico,futuro
2025-08-30 15:38:20,0.0,Pastelería Crema,Pastel zanahoria chico,futuro
2025-08-31 15:38:20,0.0,Pastelería Crema,Pastel zanahoria chico,futuro
2025-09-01 15:38:20,0.0,Pastelería Crema,Pastel zanahoria chico,futuro
2025-09-02 15:38:20,0.0,Pastelería Crema,Pastel zanahoria chico,futuro
2025-09-03 15:38:20,0.0,Pastelería Crema,Pastel zanahoria chico,futuro
2025-09-04 15:38:20,0.0,Pastelería Crema,Pastel zanahoria chico,futuro
2025-09-05 15:38:20,0.0,Pastelería Crema,Pastel zanahoria chico,futuro
2025-09-06 15:38:20,0.0,Pastelería Crema,Pastel zanahoria chico,futuro
2025-09-07 15:38:20,0.0,Pastelería Crema,Pastel zanahoria chico,futuro
2025-09-08 15:38:20,0.0,Pastelería Crema,Pastel zanahoria chico,futuro
2025-09-09 15:38:20,0.0,Pastelería Crema,Pastel zanahoria chico,futuro
2025-09-10 15:38:20,0.0,Pastelería Crema,Pastel zanahoria chico,futuro
2025-09-11 15:38:20,0.0,Pastelería Crema,Pastel zanahoria chico,futuro
2025-09-12 15:38:20,0.0,Pastelería Crema,Pastel zanahoria chico,futuro
2025-09-13 15:38:20,0.0,Pastelería Crema,Pastel zanahoria chico,futuro
2025-09-14 15:38:20,0.0,Pastelería Crema,Pastel zanahoria chico,futuro
2025-09-15 15:38:20,0.0,Pastelería Crema,Pastel zanahoria chico,futuro
2025-09-16 15:38:20,0.0,Pastelería Crema,Pastel zanahoria chico,futuro
2025-09-17 15:38:20,0.0,Pastelería Crema,Pastel zanahoria chico,futuro
2025-09-18 15:38:20,0.0,Pastelería Crema,Pastel zanahoria chico,futuro
2025-09-19 15:38:20,0.0,Pastelería Crema,Pastel zanahoria chico,futuro
2025-09-20 15:38:20,0.0,Pastelería Crema,Pastel zanahoria chico,futuro
2025-09-21 15:38:20,0.0,Pastelería Crema,Pastel zanahoria chico,futuro
2025-09-22 15:38:20,0.0,Pastelería Crema,Pastel zanahoria chico,futuro
2025-09-23 15:38:20,0.0,Pastelería Crema,Pastel zanahoria chico,futuro
2025-09-24 15:38:20,0.0,Pastelería Crema,Pastel zanahoria chico,futuro
2025-09-25 15:38:20,0.0,Pastelería Crema,Pastel zanahoria chico,futuro
2025-09-26 15:38:20,0.0,Pastelería Crema,Pastel zanahoria chico,futuro
2025-09-27 15:38:20,0.0,Pastelería Crema,Pastel zanahoria chico,futuro
2025-09-28 15:38:20,0.0,Pastelería Crema,Pastel zanahoria chico,futuro
2025-09-29 15:38:20,0.0,Pastelería Crema,Pastel zanahoria chico,futuro
2025-09-30 15:38:20,0.0,Pastelería Crema,Pastel zanahoria chico,futuro
2025-10-01 15:38:20,0.0,Pastelería Crema,Pastel zanahoria chico,futuro
2025-10-02 15:38:20,0.0,Pastelería Crema,Pastel zanahoria chico,futuro
2025-10-03 15:38:20,0.0,Pastelería Crema,Pastel zanahoria chico,futuro
2025-10-04 15:38:20,0.0,Pastelería Crema,Pastel zanahoria chico,futuro
2024-06-09 20:15:20,0.0,Pastelería Crema,Pay de Limón,futuro
2024-06-10 20:15:20,0.0,Pastelería Crema,Pay de Limón,futuro
2024-06-11 20:15:20,0.0,Pastelería Crema,Pay de Limón,futuro
2024-06-12 20:15:20,0.0,Pastelería Crema,Pay de Limón,futuro
2024-06-13 20:15:20,0.0,Pastelería Crema,Pay de Limón,futuro
2024-06-14 20:15:20,0.0,Pastelería Crema,Pay de Limón,futuro
2024-06-15 20:15:20,0.0,Pastelería Crema,Pay de Limón,futuro
2024-06-16 20:15:20,0.0,Pastelería Crema,Pay de Limón,futuro
2024-06-17 20:15:20,0.0,Pastelería Crema,Pay de Limón,futuro
2024-06-18 20:15:20,0.0,Pastelería Crema,Pay de Limón,futuro
2024-06-19 20:15:20,0.0,Pastelería Crema,Pay de Limón,futuro
2024-06-20 20:15:20,0.0,Pastelería Crema,Pay de Limón,futuro
2024-06-21 20:15:20,0.0,Pastelería Crema,Pay de Limón,futuro
2024-06-22 20:15:20,0.0,Pastelería Crema,Pay de Limón,futuro
2024-06-23 20:15:20,0.0,Pastelería Crema,Pay de Limón,futuro
2024-06-24 20:15:20,0.0,Pastelería Crema,Pay de Limón,futuro
2024-06-25 20:15:20,0.0,Pastelería Crema,Pay de Limón,futuro
2024-06-26 20:15:20,0.0,Pastelería Crema,Pay de Limón,futuro
2024-06-27 20:15:20,0.0,Pastelería Crema,Pay de Limón,futuro
2024-06-28 20:15:20,0.0,Pastelería Crema,Pay de Limón,futuro
2024-06-29 20:15:20,0.0,Pastelería Crema,Pay de Limón,futuro
2024-06-30 20:15:20,0.0,Pastelería Crema,Pay de Limón,futuro
2024-07-01 20:15:20,0.0,Pastelería Crema,Pay de Limón,futuro
2024-07-02 20:15:20,0.0,Pastelería Crema,Pay de Limón,futuro
2024-07-03 20:15:20,0.0,Pastelería Crema,Pay de Limón,futuro
2024-07-04 20:15:20,0.0,Pastelería Crema,Pay de Limón,futuro
2024-07-05 20:15:20,0.0,Pastelería Crema,Pay de Limón,futuro
2024-07-06 20:15:20,0.0,Pastelería Crema,Pay de Limón,futuro
2024-07-07 20:15:20,0.0,Pastelería Crema,Pay de Limón,futuro
2024-07-08 20:15:20,0.0,Pastelería Crema,Pay de Limón,futuro
2024-07-09 20:15:20,0.0,Pastelería Crema,Pay de Limón,futuro
2024-07-10 20:15:20,0.0,Pastelería Crema,Pay de Limón,futuro
2024-07-11 20:15:20,0.0,Pastelería Crema,Pay de Limón,futuro
2024-07-12 20:15:20,0.0,Pastelería Crema,Pay de Limón,futuro
2024-07-13 20:15:20,0.0,Pastelería Crema,Pay de Limón,futuro
2024-07-14 20:15:20,0.0,Pastelería Crema,Pay de Limón,futuro
2024-07-15 20:15:20,0.0,Pastelería Crema,Pay de Limón,futuro
2024-07-16 20:15:20,0.0,Pastelería Crema,Pay de Limón,futuro
2024-07-17 20:15:20,0.0,Pastelería Crema,Pay de Limón,futuro
2024-07-18 20:15:20,0.0,Pastelería Crema,Pay de Limón,futuro
2024-07-19 20:15:20,0.0,Pastelería Crema,Pay de Limón,futuro
2024-07-20 20:15:20,0.0,Pastelería Crema,Pay de Limón,futuro
2024-07-21 20:15:20,0.0,Pastelería Crema,Pay de Limón,futuro
2024-07-22 20:15:20,0.0,Pastelería Crema,Pay de Limón,futuro
2024-07-23 20:15:20,0.0,Pastelería Crema,Pay de Limón,futuro
2024-07-24 20:15:20,0.0,Pastelería Crema,Pay de Limón,futuro
2024-07-25 20:15:20,0.0,Pastelería Crema,Pay de Limón,futuro
2024-07-26 20:15:20,0.0,Pastelería Crema,Pay de Limón,futuro
2024-07-27 20:15:20,0.0,Pastelería Crema,Pay de Limón,futuro
2024-07-28 20:15:20,0.0,Pastelería Crema,Pay de Limón,futuro
2024-07-29 20:15:20,0.0,Pastelería Crema,Pay de Limón,futuro
2024-07-30 20:15:20,0.0,Pastelería Crema,Pay de Limón,futuro
2024-07-31 20:15:20,0.0,Pastelería Crema,Pay de Limón,futuro
2024-08-01 20:15:20,0.0,Pastelería Crema,Pay de Limón,futuro
2024-08-02 20:15:20,0.0,Pastelería Crema,Pay de Limón,futuro
2024-08-03 20:15:20,0.0,Pastelería Crema,Pay de Limón,futuro
2024-08-04 20:15:20,0.0,Pastelería Crema,Pay de Limón,futuro
2024-08-05 20:15:20,0.0,Pastelería Crema,Pay de Limón,futuro
2024-08-06 20:15:20,0.0,Pastelería Crema,Pay de Limón,futuro
2024-08-07 20:15:20,0.0,Pastelería Crema,Pay de Limón,futuro
2024-08-08 20:15:20,0.0,Pastelería Crema,Pay de Limón,futuro
2024-08-09 20:15:20,0.0,Pastelería Crema,Pay de Limón,futuro
2024-08-10 20:15:20,0.0,Pastelería Crema,Pay de Limón,futuro
2024-08-11 20:15:20,0.0,Pastelería Crema,Pay de Limón,futuro
2024-08-12 20:15:20,0.0,Pastelería Crema,Pay de Limón,futuro
2024-08-13 20:15:20,0.0,Pastelería Crema,Pay de Limón,futuro
2024-08-14 20:15:20,0.0,Pastelería Crema,Pay de Limón,futuro
2024-08-15 20:15:20,0.0,Pastelería Crema,Pay de Limón,futuro
2024-08-16 20:15:20,0.0,Pastelería Crema,Pay de Limón,futuro
2024-08-17 20:15:20,0.0,Pastelería Crema,Pay de Limón,futuro
2024-08-18 20:15:20,0.0,Pastelería Crema,Pay de Limón,futuro
2024-08-19 20:15:20,0.0,Pastelería Crema,Pay de Limón,futuro
2024-08-20 20:15:20,0.0,Pastelería Crema,Pay de Limón,futuro
2024-08-21 20:15:20,0.0,Pastelería Crema,Pay de Limón,futuro
2024-08-22 20:15:20,0.0,Pastelería Crema,Pay de Limón,futuro
2024-08-23 20:15:20,0.0,Pastelería Crema,Pay de Limón,futuro
2024-08-24 20:15:20,0.0,Pastelería Crema,Pay de Limón,futuro
2024-08-25 20:15:20,0.0,Pastelería Crema,Pay de Limón,futuro
2024-08-26 20:15:20,0.0,Pastelería Crema,Pay de Limón,futuro
2024-08-27 20:15:20,0.0,Pastelería Crema,Pay de Limón,futuro
2024-08-28 20:15:20,0.0,Pastelería Crema,Pay de Limón,futuro
2024-08-29 20:15:20,0.0,Pastelería Crema,Pay de Limón,futuro
2024-08-30 20:15:20,0.0,Pastelería Crema,Pay de Limón,futuro
2024-08-31 20:15:20,0.0,Pastelería Crema,Pay de Limón,futuro
2024-09-01 20:15:20,0.0,Pastelería Crema,Pay de Limón,futuro
2024-09-02 20:15:20,0.0,Pastelería Crema,Pay de Limón,futuro
2024-09-03 20:15:20,0.0,Pastelería Crema,Pay de Limón,futuro
2024-09-04 20:15:20,0.0,Pastelería Crema,Pay de Limón,futuro
2024-09-05 20:15:20,0.0,Pastelería Crema,Pay de Limón,futuro
2024-09-06 20:15:20,0.0,Pastelería Crema,Pay de Limón,futuro
2025-11-07 10:42:05,0.0,Pastelería Mantequilla,Moka Grande,futuro
2025-11-08 10:42:05,0.0,Pastelería Mantequilla,Moka Grande,futuro
2025-11-09 10:42:05,0.0,Pastelería Mantequilla,Moka Grande,futuro
2025-11-10 10:42:05,0.0,Pastelería Mantequilla,Moka Grande,futuro
2025-11-11 10:42:05,0.0,Pastelería Mantequilla,Moka Grande,futuro
2025-11-12 10:42:05,0.0,Pastelería Mantequilla,Moka Grande,futuro
2025-11-13 10:42:05,0.0,Pastelería Mantequilla,Moka Grande,futuro
2025-11-14 10:42:05,0.0,Pastelería Mantequilla,Moka Grande,futuro
2025-11-15 10:42:05,0.0,Pastelería Mantequilla,Moka Grande,futuro
2025-11-16 10:42:05,0.0,Pastelería Mantequilla,Moka Grande,futuro
2025-11-17 10:42:05,0.0,Pastelería Mantequilla,Moka Grande,futuro
2025-11-18 10:42:05,0.0,Pastelería Mantequilla,Moka Grande,futuro
2025-11-19 10:42:05,0.0,Pastelería Mantequilla,Moka Grande,futuro
2025-11-20 10:42:05,0.0,Pastelería Mantequilla,Moka Grande,futuro
2025-11-21 10:42:05,0.0,Pastelería Mantequilla,Moka Grande,futuro
2025-11-22 10:42:05,0.0,Pastelería Mantequilla,Moka Grande,futuro
2025-11-23 10:42:05,0.0,Pastelería Mantequilla,Moka Grande,futuro
2025-11-24 10:42:05,0.0,Pastelería Mantequilla,Moka Grande,futuro
2025-11-25 10:42:05,0.0,Pastelería Mantequilla,Moka Grande,futuro
2025-11-26 10:42:05,0.0,Pastelería Mantequilla,Moka Grande,futuro
2025-11-27 10:42:05,0.0,Pastelería Mantequilla,Moka Grande,futuro
2025-11-28 10:42:05,0.0,Pastelería Mantequilla,Moka Grande,futuro
2025-11-29 10:42:05,0.0,Pastelería Mantequilla,Moka Grande,futuro
2025-11-30 10:42:05,0.0,Pastelería Mantequilla,Moka Grande,futuro
2025-12-01 10:42:05,0.0,Pastelería Mantequilla,Moka Grande,futuro
2025-12-02 10:42:05,0.0,Pastelería Mantequilla,Moka Grande,futuro
2025-12-03 10:42:05,0.0,Pastelería Mantequilla,Moka Grande,futuro
2025-12-04 10:42:05,0.0,Pastelería Mantequilla,Moka Grande,futuro
2025-12-05 10:42:05,0.0,Pastelería Mantequilla,Moka Grande,futuro
2025-12-06 10:42:05,0.0,Pastelería Mantequilla,Moka Grande,futuro
2025-12-07 10:42:05,0.0,Pastelería Mantequilla,Moka Grande,futuro
2025-12-08 10:42:05,0.0,Pastelería Mantequilla,Moka Grande,futuro
2025-12-09 10:42:05,0.0,Pastelería Mantequilla,Moka Grande,futuro
2025-12-10 10:42:05,0.0,Pastelería Mantequilla,Moka Grande,futuro
2025-12-11 10:42:05,0.0,Pastelería Mantequilla,Moka Grande,futuro
2025-12-12 10:42:05,0.0,Pastelería Mantequilla,Moka Grande,futuro
2025-12-13 10:42:05,0.0,Pastelería Mantequilla,Moka Grande,futuro
2025-12-14 10:42:05,0.0,Pastelería Mantequilla,Moka Grande,futuro
2025-12-15 10:42:05,0.0,Pastelería Mantequilla,Moka Grande,futuro
2025-12-16 10:42:05,0.0,Pastelería Mantequilla,Moka Grande,futuro
2025-12-17 10:42:05,0.0,Pastelería Mantequilla,Moka Grande,futuro
2025-12-18 10:42:05,0.0,Pastelería Mantequilla,Moka Grande,futuro
2025-12-19 10:42:05,0.0,Pastelería Mantequilla,Moka Grande,futuro
2025-12-20 10:42:05,0.0,Pastelería Mantequilla,Moka Grande,futuro
2025-12-21 10:42:05,0.0,Pastelería Mantequilla,Moka Grande,futuro
2025-12-22 10:42:05,0.0,Pastelería Mantequilla,Moka Grande,futuro
2025-12-23 10:42:05,0.0,Pastelería Mantequilla,Moka Grande,futuro
2025-12-24 10:42:05,0.0,Pastelería Mantequilla,Moka Grande,futuro
2025-12-25 10:42:05,0.0,Pastelería Mantequilla,Moka Grande,futuro
2025-12-26 10:42:05,0.0,Pastelería Mantequilla,Moka Grande,futuro
2025-12-27 10:42:05,0.0,Pastelería Mantequilla,Moka Grande,futuro
2025-12-28 10:42:05,0.0,Pastelería Mantequilla,Moka Grande,futuro
2025-12-29 10:42:05,0.0,Pastelería Mantequilla,Moka Grande,futuro
2025-12-30 10:42:05,0.0,Pastelería Mantequilla,Moka Grande,futuro
2025-12-31 10:42:05,0.0,Pastelería Mantequilla,Moka Grande,futuro
2026-01-01 10:42:05,0.0,Pastelería Mantequilla,Moka Grande,futuro
2026-01-02 10:42:05,0.0,Pastelería Mantequilla,Moka Grande,futuro
2026-01-03 10:42:05,0.0,Pastelería Mantequilla,Moka Grande,futuro
2026-01-04 10:42:05,0.0,Pastelería Mantequilla,Moka Grande,futuro
2026-01-05 10:42:05,0.0,Pastelería Mantequilla,Moka Grande,futuro
2026-01-06 10:42:05,0.0,Pastelería Mantequilla,Moka Grande,futuro
2026-01-07 10:42:05,0.0,Pastelería Mantequilla,Moka Grande,futuro
2026-01-08 10:42:05,0.0,Pastelería Mantequilla,Moka Grande,futuro
2026-01-09 10:42:05,0.0,Pastelería Mantequilla,Moka Grande,futuro
2026-01-10 10:42:05,0.0,Pastelería Mantequilla,Moka Grande,futuro
2026-01-11 10:42:05,0.0,Pastelería Mantequilla,Moka Grande,futuro
2026-01-12 10:42:05,0.0,Pastelería Mantequilla,Moka Grande,futuro
2026-01-13 10:42:05,0.0,Pastelería Mantequilla,Moka Grande,futuro
2026-01-14 10:42:05,0.0,Pastelería Mantequilla,Moka Grande,futuro
2026-01-15 10:42:05,0.0,Pastelería Mantequilla,Moka Grande,futuro
2026-01-16 10:42:05,0.0,Pastelería Mantequilla,Moka Grande,futuro
2026-01-17 10:42:05,0.0,Pastelería Mantequilla,Moka Grande,futuro
2026-01-18 10:42:05,0.0,Pastelería Mantequilla,Moka Grande,futuro
2026-01-19 10:42:05,0.0,Pastelería Mantequilla,Moka Grande,futuro
2026-01-20 10:42:05,0.0,Pastelería Mantequilla,Moka Grande,futuro
2026-01-21 10:42:05,0.0,Pastelería Mantequilla,Moka Grande,futuro
2026-01-22 10:42:05,0.0,Pastelería Mantequilla,Moka Grande,futuro
2026-01-23 10:42:05,0.0,Pastelería Mantequilla,Moka Grande,futuro
2026-01-24 10:42:05,0.0,Pastelería Mantequilla,Moka Grande,futuro
2026-01-25 10:42:05,0.0,Pastelería Mantequilla,Moka Grande,futuro
2026-01-26 10:42:05,0.0,Pastelería Mantequilla,Moka Grande,futuro
2026-01-27 10:42:05,0.0,Pastelería Mantequilla,Moka Grande,futuro
2026-01-28 10:42:05,0.0,Pastelería Mantequilla,Moka Grande,futuro
2026-01-29 10:42:05,0.0,Pastelería Mantequilla,Moka Grande,futuro
2026-01-30 10:42:05,0.0,Pastelería Mantequilla,Moka Grande,futuro
2026-01-31 10:42:05,0.0,Pastelería Mantequilla,Moka Grande,futuro
2026-02-01 10:42:05,0.0,Pastelería Mantequilla,Moka Grande,futuro
2026-02-02 10:42:05,0.0,Pastelería Mantequilla,Moka Grande,futuro
2026-02-03 10:42:05,0.0,Pastelería Mantequilla,Moka Grande,futuro
2026-02-04 10:42:05,0.0,Pastelería Mantequilla,Moka Grande,futuro
2025-11-07 12:03:30,0.0,Pastelería Mantequilla,Pastel Alemán,futuro
2025-11-08 12:03:30,0.0,Pastelería Mantequilla,Pastel Alemán,futuro
2025-11-09 12:03:30,0.0,Pastelería Mantequilla,Pastel Alemán,futuro
2025-11-10 12:03:30,0.0,Pastelería Mantequilla,Pastel Alemán,futuro
2025-11-11 12:03:30,0.0,Pastelería Mantequilla,Pastel Alemán,futuro
2025-11-12 12:03:30,0.0,Pastelería Mantequilla,Pastel Alemán,futuro
2025-11-13 12:03:30,0.0,Pastelería Mantequilla,Pastel Alemán,futuro
2025-11-14 12:03:30,0.0,Pastelería Mantequilla,Pastel Alemán,futuro
2025-11-15 12:03:30,0.0,Pastelería Mantequilla,Pastel Alemán,futuro
2025-11-16 12:03:30,0.0,Pastelería Mantequilla,Pastel Alemán,futuro
2025-11-17 12:03:30,0.0,Pastelería Mantequilla,Pastel Alemán,futuro
2025-11-18 12:03:30,0.0,Pastelería Mantequilla,Pastel Alemán,futuro
2025-11-19 12:03:30,0.0,Pastelería Mantequilla,Pastel Alemán,futuro
2025-11-20 12:03:30,0.0,Pastelería Mantequilla,Pastel Alemán,futuro
2025-11-21 12:03:30,0.0,Pastelería Mantequilla,Pastel Alemán,futuro
2025-11-22 12:03:30,0.0,Pastelería Mantequilla,Pastel Alemán,futuro
2025-11-23 12:03:30,0.0,Pastelería Mantequilla,Pastel Alemán,futuro
2025-11-24 12:03:30,0.0,Pastelería Mantequilla,Pastel Alemán,futuro
2025-11-25 12:03:30,0.0,Pastelería Mantequilla,Pastel Alemán,futuro
2025-11-26 12:03:30,0.0,Pastelería Mantequilla,Pastel Alemán,futuro
2025-11-27 12:03:30,0.0,Pastelería Mantequilla,Pastel Alemán,futuro
2025-11-28 12:03:30,0.0,Pastelería Mantequilla,Pastel Alemán,futuro
2025-11-29 12:03:30,0.0,Pastelería Mantequilla,Pastel Alemán,futuro
2025-11-30 12:03:30,0.0,Pastelería Mantequilla,Pastel Alemán,futuro
2025-12-01 12:03:30,0.0,Pastelería Mantequilla,Pastel Alemán,futuro
2025-12-02 12:03:30,0.0,Pastelería Mantequilla,Pastel Alemán,futuro
2025-12-03 12:03:30,0.0,Pastelería Mantequilla,Pastel Alemán,futuro
2025-12-04 12:03:30,0.0,Pastelería Mantequilla,Pastel Alemán,futuro
2025-12-05 12:03:30,0.0,Pastelería Mantequilla,Pastel Alemán,futuro
2025-12-06 12:03:30,0.0,Pastelería Mantequilla,Pastel Alemán,futuro
2025-12-07 12:03:30,0.0,Pastelería Mantequilla,Pastel Alemán,futuro
2025-12-08 12:03:30,0.0,Pastelería Mantequilla,Pastel Alemán,futuro
2025-12-09 12:03:30,0.0,Pastelería Mantequilla,Pastel Alemán,futuro
2025-12-10 12:03:30,0.0,Pastelería Mantequilla,Pastel Alemán,futuro
2025-12-11 12:03:30,0.0,Pastelería Mantequilla,Pastel Alemán,futuro
2025-12-12 12:03:30,0.0,Pastelería Mantequilla,Pastel Alemán,futuro
2025-12-13 12:03:30,0.0,Pastelería Mantequilla,Pastel Alemán,futuro
2025-12-14 12:03:30,0.0,Pastelería Mantequilla,Pastel Alemán,futuro
2025-12-15 12:03:30,0.0,Pastelería Mantequilla,Pastel Alemán,futuro
2025-12-16 12:03:30,0.0,Pastelería Mantequilla,Pastel Alemán,futuro
2025-12-17 12:03:30,0.0,Pastelería Mantequilla,Pastel Alemán,futuro
2025-12-18 12:03:30,0.0,Pastelería Mantequilla,Pastel Alemán,futuro
2025-12-19 12:03:30,0.0,Pastelería Mantequilla,Pastel Alemán,futuro
2025-12-20 12:03:30,0.0,Pastelería Mantequilla,Pastel Alemán,futuro
2025-12-21 12:03:30,0.0,Pastelería Mantequilla,Pastel Alemán,futuro
2025-12-22 12:03:30,0.0,Pastelería Mantequilla,Pastel Alemán,futuro
2025-12-23 12:03:30,0.0,Pastelería Mantequilla,Pastel Alemán,futuro
2025-12-24 12:03:30,0.0,Pastelería Mantequilla,Pastel Alemán,futuro
2025-12-25 12:03:30,0.0,Pastelería Mantequilla,Pastel Alemán,futuro
2025-12-26 12:03:30,0.0,Pastelería Mantequilla,Pastel Alemán,futuro
2025-12-27 12:03:30,0.0,Pastelería Mantequilla,Pastel Alemán,futuro
2025-12-28 12:03:30,0.0,Pastelería Mantequilla,Pastel Alemán,futuro
2025-12-29 12:03:30,0.0,Pastelería Mantequilla,Pastel Alemán,futuro
2025-12-30 12:03:30,0.0,Pastelería Mantequilla,Pastel Alemán,futuro
2025-12-31 12:03:30,0.0,Pastelería Mantequilla,Pastel Alemán,futuro
2026-01-01 12:03:30,0.0,Pastelería Mantequilla,Pastel Alemán,futuro
2026-01-02 12:03:30,0.0,Pastelería Mantequilla,Pastel Alemán,futuro
2026-01-03 12:03:30,0.0,Pastelería Mantequilla,Pastel Alemán,futuro
2026-01-04 12:03:30,0.0,Pastelería Mantequilla,Pastel Alemán,futuro
2026-01-05 12:03:30,0.0,Pastelería Mantequilla,Pastel Alemán,futuro
2026-01-06 12:03:30,0.0,Pastelería Mantequilla,Pastel Alemán,futuro
2026-01-07 12:03:30,0.0,Pastelería Mantequilla,Pastel Alemán,futuro
2026-01-08 12:03:30,0.0,Pastelería Mantequilla,Pastel Alemán,futuro
2026-01-09 12:03:30,0.0,Pastelería Mantequilla,Pastel Alemán,futuro
2026-01-10 12:03:30,0.0,Pastelería Mantequilla,Pastel Alemán,futuro
2026-01-11 12:03:30,0.0,Pastelería Mantequilla,Pastel Alemán,futuro
2026-01-12 12:03:30,0.0,Pastelería Mantequilla,Pastel Alemán,futuro
2026-01-13 12:03:30,0.0,Pastelería Mantequilla,Pastel Alemán,futuro
2026-01-14 12:03:30,0.0,Pastelería Mantequilla,Pastel Alemán,futuro
2026-01-15 12:03:30,0.0,Pastelería Mantequilla,Pastel Alemán,futuro
2026-01-16 12:03:30,0.0,Pastelería Mantequilla,Pastel Alemán,futuro
2026-01-17 12:03:30,0.0,Pastelería Mantequilla,Pastel Alemán,futuro
2026-01-18 12:03:30,0.0,Pastelería Mantequilla,Pastel Alemán,futuro
2026-01-19 12:03:30,0.0,Pastelería Mantequilla,Pastel Alemán,futuro
2026-01-20 12:03:30,0.0,Pastelería Mantequilla,Pastel Alemán,futuro
2026-01-21 12:03:30,0.0,Pastelería Mantequilla,Pastel Alemán,futuro
2026-01-22 12:03:30,0.0,Pastelería Mantequilla,Pastel Alemán,futuro
2026-01-23 12:03:30,0.0,Pastelería Mantequilla,Pastel Alemán,futuro
2026-01-24 12:03:30,0.0,Pastelería Mantequilla,Pastel Alemán,futuro
2026-01-25 12:03:30,0.0,Pastelería Mantequilla,Pastel Alemán,futuro
2026-01-26 12:03:30,0.0,Pastelería Mantequilla,Pastel Alemán,futuro
2026-01-27 12:03:30,0.0,Pastelería Mantequilla,Pastel Alemán,futuro
2026-01-28 12:03:30,0.0,Pastelería Mantequilla,Pastel Alemán,futuro
2026-01-29 12:03:30,0.0,Pastelería Mantequilla,Pastel Alemán,futuro
2026-01-30 12:03:30,0.0,Pastelería Mantequilla,Pastel Alemán,futuro
2026-01-31 12:03:30,0.0,Pastelería Mantequilla,Pastel Alemán,futuro
2026-02-01 12:03:30,0.0,Pastelería Mantequilla,Pastel Alemán,futuro
2026-02-02 12:03:30,0.0,Pastelería Mantequilla,Pastel Alemán,futuro
2026-02-03 12:03:30,0.0,Pastelería Mantequilla,Pastel Alemán,futuro
2026-02-04 12:03:30,0.0,Pastelería Mantequilla,Pastel Alemán,futuro
2025-07-02 16:35:40,0.0,Pastelería Mantequilla,Pastel Cheesecake con mermelada de fresa,futuro
2025-07-03 16:35:40,0.0,Pastelería Mantequilla,Pastel Cheesecake con mermelada de fresa,futuro
2025-07-04 16:35:40,0.0,Pastelería Mantequilla,Pastel Cheesecake con mermelada de fresa,futuro
2025-07-05 16:35:40,0.0,Pastelería Mantequilla,Pastel Cheesecake con mermelada de fresa,futuro
2025-07-06 16:35:40,0.0,Pastelería Mantequilla,Pastel Cheesecake con mermelada de fresa,futuro
2025-07-07 16:35:40,0.0,Pastelería Mantequilla,Pastel Cheesecake con mermelada de fresa,futuro
2025-07-08 16:35:40,0.0,Pastelería Mantequilla,Pastel Cheesecake con mermelada de fresa,futuro
2025-07-09 16:35:40,0.0,Pastelería Mantequilla,Pastel Cheesecake con mermelada de fresa,futuro
2025-07-10 16:35:40,0.0,Pastelería Mantequilla,Pastel Cheesecake con mermelada de fresa,futuro
2025-07-11 16:35:40,0.0,Pastelería Mantequilla,Pastel Cheesecake con mermelada de fresa,futuro
2025-07-12 16:35:40,0.0,Pastelería Mantequilla,Pastel Cheesecake con mermelada de fresa,futuro
2025-07-13 16:35:40,0.0,Pastelería Mantequilla,Pastel Cheesecake con mermelada de fresa,futuro
2025-07-14 16:35:40,0.0,Pastelería Mantequilla,Pastel Cheesecake con mermelada de fresa,futuro
2025-07-15 16:35:40,0.0,Pastelería Mantequilla,Pastel Cheesecake con mermelada de fresa,futuro
2025-07-16 16:35:40,0.0,Pastelería Mantequilla,Pastel Cheesecake con mermelada de fresa,futuro
2025-07-17 16:35:40,0.0,Pastelería Mantequilla,Pastel Cheesecake con mermelada de fresa,futuro
2025-07-18 16:35:40,0.0,Pastelería Mantequilla,Pastel Cheesecake con mermelada de fresa,futuro
2025-07-19 16:35:40,0.0,Pastelería Mantequilla,Pastel Cheesecake con mermelada de fresa,futuro
2025-07-20 16:35:40,0.0,Pastelería Mantequilla,Pastel Cheesecake con mermelada de fresa,futuro
2025-07-21 16:35:40,0.0,Pastelería Mantequilla,Pastel Cheesecake con mermelada de fresa,futuro
2025-07-22 16:35:40,0.0,Pastelería Mantequilla,Pastel Cheesecake con mermelada de fresa,futuro
2025-07-23 16:35:40,0.0,Pastelería Mantequilla,Pastel Cheesecake con mermelada de fresa,futuro
2025-07-24 16:35:40,0.0,Pastelería Mantequilla,Pastel Cheesecake con mermelada de fresa,futuro
2025-07-25 16:35:40,0.0,Pastelería Mantequilla,Pastel Cheesecake con mermelada de fresa,futuro
2025-07-26 16:35:40,0.0,Pastelería Mantequilla,Pastel Cheesecake con mermelada de fresa,futuro
2025-07-27 16:35:40,0.0,Pastelería Mantequilla,Pastel Cheesecake con mermelada de fresa,futuro
2025-07-28 16:35:40,0.0,Pastelería Mantequilla,Pastel Cheesecake con mermelada de fresa,futuro
2025-07-29 16:35:40,0.0,Pastelería Mantequilla,Pastel Cheesecake con mermelada de fresa,futuro
2025-07-30 16:35:40,0.0,Pastelería Mantequilla,Pastel Cheesecake con mermelada de fresa,futuro
2025-07-31 16:35:40,0.0,Pastelería Mantequilla,Pastel Cheesecake con mermelada de fresa,futuro
2025-08-01 16:35:40,0.0,Pastelería Mantequilla,Pastel Cheesecake con mermelada de fresa,futuro
2025-08-02 16:35:40,0.0,Pastelería Mantequilla,Pastel Cheesecake con mermelada de fresa,futuro
2025-08-03 16:35:40,0.0,Pastelería Mantequilla,Pastel Cheesecake con mermelada de fresa,futuro
2025-08-04 16:35:40,0.0,Pastelería Mantequilla,Pastel Cheesecake con mermelada de fresa,futuro
2025-08-05 16:35:40,0.0,Pastelería Mantequilla,Pastel Cheesecake con mermelada de fresa,futuro
2025-08-06 16:35:40,0.0,Pastelería Mantequilla,Pastel Cheesecake con mermelada de fresa,futuro
2025-08-07 16:35:40,0.0,Pastelería Mantequilla,Pastel Cheesecake con mermelada de fresa,futuro
2025-08-08 16:35:40,0.0,Pastelería Mantequilla,Pastel Cheesecake con mermelada de fresa,futuro
2025-08-09 16:35:40,0.0,Pastelería Mantequilla,Pastel Cheesecake con mermelada de fresa,futuro
2025-08-10 16:35:40,0.0,Pastelería Mantequilla,Pastel Cheesecake con mermelada de fresa,futuro
2025-08-11 16:35:40,0.0,Pastelería Mantequilla,Pastel Cheesecake con mermelada de fresa,futuro
2025-08-12 16:35:40,0.0,Pastelería Mantequilla,Pastel Cheesecake con mermelada de fresa,futuro
2025-08-13 16:35:40,0.0,Pastelería Mantequilla,Pastel Cheesecake con mermelada de fresa,futuro
2025-08-14 16:35:40,0.0,Pastelería Mantequilla,Pastel Cheesecake con mermelada de fresa,futuro
2025-08-15 16:35:40,0.0,Pastelería Mantequilla,Pastel Cheesecake con mermelada de fresa,futuro
2025-08-16 16:35:40,0.0,Pastelería Mantequilla,Pastel Cheesecake con mermelada de fresa,futuro
2025-08-17 16:35:40,0.0,Pastelería Mantequilla,Pastel Cheesecake con mermelada de fresa,futuro
2025-08-18 16:35:40,0.0,Pastelería Mantequilla,Pastel Cheesecake con mermelada de fresa,futuro
2025-08-19 16:35:40,0.0,Pastelería Mantequilla,Pastel Cheesecake con mermelada de fresa,futuro
2025-08-20 16:35:40,0.0,Pastelería Mantequilla,Pastel Cheesecake con mermelada de fresa,futuro
2025-08-21 16:35:40,0.0,Pastelería Mantequilla,Pastel Cheesecake con mermelada de fresa,futuro
2025-08-22 16:35:40,0.0,Pastelería Mantequilla,Pastel Cheesecake con mermelada de fresa,futuro
2025-08-23 16:35:40,0.0,Pastelería Mantequilla,Pastel Cheesecake con mermelada de fresa,futuro
2025-08-24 16:35:40,0.0,Pastelería Mantequilla,Pastel Cheesecake con mermelada de fresa,futuro
2025-08-25 16:35:40,0.0,Pastelería Mantequilla,Pastel Cheesecake con mermelada de fresa,futuro
2025-08-26 16:35:40,0.0,Pastelería Mantequilla,Pastel Cheesecake con mermelada de fresa,futuro
2025-08-27 16:35:40,0.0,Pastelería Mantequilla,Pastel Cheesecake con mermelada de fresa,futuro
2025-08-28 16:35:40,0.0,Pastelería Mantequilla,Pastel Cheesecake con mermelada de fresa,futuro
2025-08-29 16:35:40,0.0,Pastelería Mantequilla,Pastel Cheesecake con mermelada de fresa,futuro
2025-08-30 16:35:40,0.0,Pastelería Mantequilla,Pastel Cheesecake con mermelada de fresa,futuro
2025-08-31 16:35:40,0.0,Pastelería Mantequilla,Pastel Cheesecake con mermelada de fresa,futuro
2025-09-01 16:35:40,0.0,Pastelería Mantequilla,Pastel Cheesecake con mermelada de fresa,futuro
2025-09-02 16:35:40,0.0,Pastelería Mantequilla,Pastel Cheesecake con mermelada de fresa,futuro
2025-09-03 16:35:40,0.0,Pastelería Mantequilla,Pastel Cheesecake con mermelada de fresa,futuro
2025-09-04 16:35:40,0.0,Pastelería Mantequilla,Pastel Cheesecake con mermelada de fresa,futuro
2025-09-05 16:35:40,0.0,Pastelería Mantequilla,Pastel Cheesecake con mermelada de fresa,futuro
2025-09-06 16:35:40,0.0,Pastelería Mantequilla,Pastel Cheesecake con mermelada de fresa,futuro
2025-09-07 16:35:40,0.0,Pastelería Mantequilla,Pastel Cheesecake con mermelada de fresa,futuro
2025-09-08 16:35:40,0.0,Pastelería Mantequilla,Pastel Cheesecake con mermelada de fresa,futuro
2025-09-09 16:35:40,0.0,Pastelería Mantequilla,Pastel Cheesecake con mermelada de fresa,futuro
2025-09-10 16:35:40,0.0,Pastelería Mantequilla,Pastel Cheesecake con mermelada de fresa,futuro
2025-09-11 16:35:40,0.0,Pastelería Mantequilla,Pastel Cheesecake con mermelada de fresa,futuro
2025-09-12 16:35:40,0.0,Pastelería Mantequilla,Pastel Cheesecake con mermelada de fresa,futuro
2025-09-13 16:35:40,0.0,Pastelería Mantequilla,Pastel Cheesecake con mermelada de fresa,futuro
2025-09-14 16:35:40,0.0,Pastelería Mantequilla,Pastel Cheesecake con mermelada de fresa,futuro
2025-09-15 16:35:40,0.0,Pastelería Mantequilla,Pastel Cheesecake con mermelada de fresa,futuro
2025-09-16 16:35:40,0.0,Pastelería Mantequilla,Pastel Cheesecake con mermelada de fresa,futuro
2025-09-17 16:35:40,0.0,Pastelería Mantequilla,Pastel Cheesecake con mermelada de fresa,futuro
2025-09-18 16:35:40,0.0,Pastelería Mantequilla,Pastel Cheesecake con mermelada de fresa,futuro
2025-09-19 16:35:40,0.0,Pastelería Mantequilla,Pastel Cheesecake con mermelada de fresa,futuro
2025-09-20 16:35:40,0.0,Pastelería Mantequilla,Pastel Cheesecake con mermelada de fresa,futuro
2025-09-21 16:35:40,0.0,Pastelería Mantequilla,Pastel Cheesecake con mermelada de fresa,futuro
2025-09-22 16:35:40,0.0,Pastelería Mantequilla,Pastel Cheesecake con mermelada de fresa,futuro
2025-09-23 16:35:40,0.0,Pastelería Mantequilla,Pastel Cheesecake con mermelada de fresa,futuro
2025-09-24 16:35:40,0.0,Pastelería Mantequilla,Pastel Cheesecake con mermelada de fresa,futuro
2025-09-25 16:35:40,0.0,Pastelería Mantequilla,Pastel Cheesecake con mermelada de fresa,futuro
2025-09-26 16:35:40,0.0,Pastelería Mantequilla,Pastel Cheesecake con mermelada de fresa,futuro
2025-09-27 16:35:40,0.0,Pastelería Mantequilla,Pastel Cheesecake con mermelada de fresa,futuro
2025-09-28 16:35:40,0.0,Pastelería Mantequilla,Pastel Cheesecake con mermelada de fresa,futuro
2025-09-29 16:35:40,0.0,Pastelería Mantequilla,Pastel Cheesecake con mermelada de fresa,futuro
2025-11-07 10:38:56,0.0,Pastelería Mantequilla,Pastel Cookies and cream,futuro
2025-11-08 10:38:56,0.0,Pastelería Mantequilla,Pastel Cookies and cream,futuro
2025-11-09 10:38:56,0.0,Pastelería Mantequilla,Pastel Cookies and cream,futuro
2025-11-10 10:38:56,0.0,Pastelería Mantequilla,Pastel Cookies and cream,futuro
2025-11-11 10:38:56,0.0,Pastelería Mantequilla,Pastel Cookies and cream,futuro
2025-11-12 10:38:56,0.0,Pastelería Mantequilla,Pastel Cookies and cream,futuro
2025-11-13 10:38:56,0.0,Pastelería Mantequilla,Pastel Cookies and cream,futuro
2025-11-14 10:38:56,0.0,Pastelería Mantequilla,Pastel Cookies and cream,futuro
2025-11-15 10:38:56,0.0,Pastelería Mantequilla,Pastel Cookies and cream,futuro
2025-11-16 10:38:56,0.0,Pastelería Mantequilla,Pastel Cookies and cream,futuro
2025-11-17 10:38:56,0.0,Pastelería Mantequilla,Pastel Cookies and cream,futuro
2025-11-18 10:38:56,0.0,Pastelería Mantequilla,Pastel Cookies and cream,futuro
2025-11-19 10:38:56,0.0,Pastelería Mantequilla,Pastel Cookies and cream,futuro
2025-11-20 10:38:56,0.0,Pastelería Mantequilla,Pastel Cookies and cream,futuro
2025-11-21 10:38:56,0.0,Pastelería Mantequilla,Pastel Cookies and cream,futuro
2025-11-22 10:38:56,0.0,Pastelería Mantequilla,Pastel Cookies and cream,futuro
2025-11-23 10:38:56,0.0,Pastelería Mantequilla,Pastel Cookies and cream,futuro
2025-11-24 10:38:56,0.0,Pastelería Mantequilla,Pastel Cookies and cream,futuro
2025-11-25 10:38:56,0.0,Pastelería Mantequilla,Pastel Cookies and cream,futuro
2025-11-26 10:38:56,0.0,Pastelería Mantequilla,Pastel Cookies and cream,futuro
2025-11-27 10:38:56,0.0,Pastelería Mantequilla,Pastel Cookies and cream,futuro
2025-11-28 10:38:56,0.0,Pastelería Mantequilla,Pastel Cookies and cream,futuro
2025-11-29 10:38:56,0.0,Pastelería Mantequilla,Pastel Cookies and cream,futuro
2025-11-30 10:38:56,0.0,Pastelería Mantequilla,Pastel Cookies and cream,futuro
2025-12-01 10:38:56,0.0,Pastelería Mantequilla,Pastel Cookies and cream,futuro
2025-12-02 10:38:56,0.0,Pastelería Mantequilla,Pastel Cookies and cream,futuro
2025-12-03 10:38:56,0.0,Pastelería Mantequilla,Pastel Cookies and cream,futuro
2025-12-04 10:38:56,0.0,Pastelería Mantequilla,Pastel Cookies and cream,futuro
2025-12-05 10:38:56,0.0,Pastelería Mantequilla,Pastel Cookies and cream,futuro
2025-12-06 10:38:56,0.0,Pastelería Mantequilla,Pastel Cookies and cream,futuro
2025-12-07 10:38:56,0.0,Pastelería Mantequilla,Pastel Cookies and cream,futuro
2025-12-08 10:38:56,0.0,Pastelería Mantequilla,Pastel Cookies and cream,futuro
2025-12-09 10:38:56,0.0,Pastelería Mantequilla,Pastel Cookies and cream,futuro
2025-12-10 10:38:56,0.0,Pastelería Mantequilla,Pastel Cookies and cream,futuro
2025-12-11 10:38:56,0.0,Pastelería Mantequilla,Pastel Cookies and cream,futuro
2025-12-12 10:38:56,0.0,Pastelería Mantequilla,Pastel Cookies and cream,futuro
2025-12-13 10:38:56,0.0,Pastelería Mantequilla,Pastel Cookies and cream,futuro
2025-12-14 10:38:56,0.0,Pastelería Mantequilla,Pastel Cookies and cream,futuro
2025-12-15 10:38:56,0.0,Pastelería Mantequilla,Pastel Cookies and cream,futuro
2025-12-16 10:38:56,0.0,Pastelería Mantequilla,Pastel Cookies and cream,futuro
2025-12-17 10:38:56,0.0,Pastelería Mantequilla,Pastel Cookies and cream,futuro
2025-12-18 10:38:56,0.0,Pastelería Mantequilla,Pastel Cookies and cream,futuro
2025-12-19 10:38:56,0.0,Pastelería Mantequilla,Pastel Cookies and cream,futuro
2025-12-20 10:38:56,0.0,Pastelería Mantequilla,Pastel Cookies and cream,futuro
2025-12-21 10:38:56,0.0,Pastelería Mantequilla,Pastel Cookies and cream,futuro
2025-12-22 10:38:56,0.0,Pastelería Mantequilla,Pastel Cookies and cream,futuro
2025-12-23 10:38:56,0.0,Pastelería Mantequilla,Pastel Cookies and cream,futuro
2025-12-24 10:38:56,0.0,Pastelería Mantequilla,Pastel Cookies and cream,futuro
2025-12-25 10:38:56,0.0,Pastelería Mantequilla,Pastel Cookies and cream,futuro
2025-12-26 10:38:56,0.0,Pastelería Mantequilla,Pastel Cookies and cream,futuro
2025-12-27 10:38:56,0.0,Pastelería Mantequilla,Pastel Cookies and cream,futuro
2025-12-28 10:38:56,0.0,Pastelería Mantequilla,Pastel Cookies and cream,futuro
2025-12-29 10:38:56,0.0,Pastelería Mantequilla,Pastel Cookies and cream,futuro
2025-12-30 10:38:56,0.0,Pastelería Mantequilla,Pastel Cookies and cream,futuro
2025-12-31 10:38:56,0.0,Pastelería Mantequilla,Pastel Cookies and cream,futuro
2026-01-01 10:38:56,0.0,Pastelería Mantequilla,Pastel Cookies and cream,futuro
2026-01-02 10:38:56,0.0,Pastelería Mantequilla,Pastel Cookies and cream,futuro
2026-01-03 10:38:56,0.0,Pastelería Mantequilla,Pastel Cookies and cream,futuro
2026-01-04 10:38:56,0.0,Pastelería Mantequilla,Pastel Cookies and cream,futuro
2026-01-05 10:38:56,0.0,Pastelería Mantequilla,Pastel Cookies and cream,futuro
2026-01-06 10:38:56,0.0,Pastelería Mantequilla,Pastel Cookies and cream,futuro
2026-01-07 10:38:56,0.0,Pastelería Mantequilla,Pastel Cookies and cream,futuro
2026-01-08 10:38:56,0.0,Pastelería Mantequilla,Pastel Cookies and cream,futuro
2026-01-09 10:38:56,0.0,Pastelería Mantequilla,Pastel Cookies and cream,futuro
2026-01-10 10:38:56,0.0,Pastelería Mantequilla,Pastel Cookies and cream,futuro
2026-01-11 10:38:56,0.0,Pastelería Mantequilla,Pastel Cookies and cream,futuro
2026-01-12 10:38:56,0.0,Pastelería Mantequilla,Pastel Cookies and cream,futuro
2026-01-13 10:38:56,0.0,Pastelería Mantequilla,Pastel Cookies and cream,futuro
2026-01-14 10:38:56,0.0,Pastelería Mantequilla,Pastel Cookies and cream,futuro
2026-01-15 10:38:56,0.0,Pastelería Mantequilla,Pastel Cookies and cream,futuro
2026-01-16 10:38:56,0.0,Pastelería Mantequilla,Pastel Cookies and cream,futuro
2026-01-17 10:38:56,0.0,Pastelería Mantequilla,Pastel Cookies and cream,futuro
2026-01-18 10:38:56,0.0,Pastelería Mantequilla,Pastel Cookies and cream,futuro
2026-01-19 10:38:56,0.0,Pastelería Mantequilla,Pastel Cookies and cream,futuro
2026-01-20 10:38:56,0.0,Pastelería Mantequilla,Pastel Cookies and cream,futuro
2026-01-21 10:38:56,0.0,Pastelería Mantequilla,Pastel Cookies and cream,futuro
2026-01-22 10:38:56,0.0,Pastelería Mantequilla,Pastel Cookies and cream,futuro
2026-01-23 10:38:56,0.0,Pastelería Mantequilla,Pastel Cookies and cream,futuro
2026-01-24 10:38:56,0.0,Pastelería Mantequilla,Pastel Cookies and cream,futuro
2026-01-25 10:38:56,0.0,Pastelería Mantequilla,Pastel Cookies and cream,futuro
2026-01-26 10:38:56,0.0,Pastelería Mantequilla,Pastel Cookies and cream,futuro
2026-01-27 10:38:56,0.0,Pastelería Mantequilla,Pastel Cookies and cream,futuro
2026-01-28 10:38:56,0.0,Pastelería Mantequilla,Pastel Cookies and cream,futuro
2026-01-29 10:38:56,0.0,Pastelería Mantequilla,Pastel Cookies and cream,futuro
2026-01-30 10:38:56,0.0,Pastelería Mantequilla,Pastel Cookies and cream,futuro
2026-01-31 10:38:56,0.0,Pastelería Mantequilla,Pastel Cookies and cream,futuro
2026-02-01 10:38:56,0.0,Pastelería Mantequilla,Pastel Cookies and cream,futuro
2026-02-02 10:38:56,0.0,Pastelería Mantequilla,Pastel Cookies and cream,futuro
2026-02-03 10:38:56,0.0,Pastelería Mantequilla,Pastel Cookies and cream,futuro
2026-02-04 10:38:56,0.0,Pastelería Mantequilla,Pastel Cookies and cream,futuro
2025-06-27 19:08:27,0.0,Pastelería Mantequilla,Pastel Imposible,futuro
2025-06-28 19:08:27,0.0,Pastelería Mantequilla,Pastel Imposible,futuro
2025-06-29 19:08:27,0.0,Pastelería Mantequilla,Pastel Imposible,futuro
2025-06-30 19:08:27,0.0,Pastelería Mantequilla,Pastel Imposible,futuro
2025-07-01 19:08:27,0.0,Pastelería Mantequilla,Pastel Imposible,futuro
2025-07-02 19:08:27,0.0,Pastelería Mantequilla,Pastel Imposible,futuro
2025-07-03 19:08:27,0.0,Pastelería Mantequilla,Pastel Imposible,futuro
2025-07-04 19:08:27,0.0,Pastelería Mantequilla,Pastel Imposible,futuro
2025-07-05 19:08:27,0.0,Pastelería Mantequilla,Pastel Imposible,futuro
2025-07-06 19:08:27,0.0,Pastelería Mantequilla,Pastel Imposible,futuro
2025-07-07 19:08:27,0.0,Pastelería Mantequilla,Pastel Imposible,futuro
2025-07-08 19:08:27,0.0,Pastelería Mantequilla,Pastel Imposible,futuro
2025-07-09 19:08:27,0.0,Pastelería Mantequilla,Pastel Imposible,futuro
2025-07-10 19:08:27,0.0,Pastelería Mantequilla,Pastel Imposible,futuro
2025-07-11 19:08:27,0.0,Pastelería Mantequilla,Pastel Imposible,futuro
2025-07-12 19:08:27,0.0,Pastelería Mantequilla,Pastel Imposible,futuro
2025-07-13 19:08:27,0.0,Pastelería Mantequilla,Pastel Imposible,futuro
2025-07-14 19:08:27,0.0,Pastelería Mantequilla,Pastel Imposible,futuro
2025-07-15 19:08:27,0.0,Pastelería Mantequilla,Pastel Imposible,futuro
2025-07-16 19:08:27,0.0,Pastelería Mantequilla,Pastel Imposible,futuro
2025-07-17 19:08:27,0.0,Pastelería Mantequilla,Pastel Imposible,futuro
2025-07-18 19:08:27,0.0,Pastelería Mantequilla,Pastel Imposible,futuro
2025-07-19 19:08:27,0.0,Pastelería Mantequilla,Pastel Imposible,futuro
2025-07-20 19:08:27,0.0,Pastelería Mantequilla,Pastel Imposible,futuro
2025-07-21 19:08:27,0.0,Pastelería Mantequilla,Pastel Imposible,futuro
2025-07-22 19:08:27,0.0,Pastelería Mantequilla,Pastel Imposible,futuro
2025-07-23 19:08:27,0.0,Pastelería Mantequilla,Pastel Imposible,futuro
2025-07-24 19:08:27,0.0,Pastelería Mantequilla,Pastel Imposible,futuro
2025-07-25 19:08:27,0.0,Pastelería Mantequilla,Pastel Imposible,futuro
2025-07-26 19:08:27,0.0,Pastelería Mantequilla,Pastel Imposible,futuro
2025-07-27 19:08:27,0.0,Pastelería Mantequilla,Pastel Imposible,futuro
2025-07-28 19:08:27,0.0,Pastelería Mantequilla,Pastel Imposible,futuro
2025-07-29 19:08:27,0.0,Pastelería Mantequilla,Pastel Imposible,futuro
2025-07-30 19:08:27,0.0,Pastelería Mantequilla,Pastel Imposible,futuro
2025-07-31 19:08:27,0.0,Pastelería Mantequilla,Pastel Imposible,futuro
2025-08-01 19:08:27,0.0,Pastelería Mantequilla,Pastel Imposible,futuro
2025-08-02 19:08:27,0.0,Pastelería Mantequilla,Pastel Imposible,futuro
2025-08-03 19:08:27,0.0,Pastelería Mantequilla,Pastel Imposible,futuro
2025-08-04 19:08:27,0.0,Pastelería Mantequilla,Pastel Imposible,futuro
2025-08-05 19:08:27,0.0,Pastelería Mantequilla,Pastel Imposible,futuro
2025-08-06 19:08:27,0.0,Pastelería Mantequilla,Pastel Imposible,futuro
2025-08-07 19:08:27,0.0,Pastelería Mantequilla,Pastel Imposible,futuro
2025-08-08 19:08:27,0.0,Pastelería Mantequilla,Pastel Imposible,futuro
2025-08-09 19:08:27,0.0,Pastelería Mantequilla,Pastel Imposible,futuro
2025-08-10 19:08:27,0.0,Pastelería Mantequilla,Pastel Imposible,futuro
2025-08-11 19:08:27,0.0,Pastelería Mantequilla,Pastel Imposible,futuro
2025-08-12 19:08:27,0.0,Pastelería Mantequilla,Pastel Imposible,futuro
2025-08-13 19:08:27,0.0,Pastelería Mantequilla,Pastel Imposible,futuro
2025-08-14 19:08:27,0.0,Pastelería Mantequilla,Pastel Imposible,futuro
2025-08-15 19:08:27,0.0,Pastelería Mantequilla,Pastel Imposible,futuro
2025-08-16 19:08:27,0.0,Pastelería Mantequilla,Pastel Imposible,futuro
2025-08-17 19:08:27,0.0,Pastelería Mantequilla,Pastel Imposible,futuro
2025-08-18 19:08:27,0.0,Pastelería Mantequilla,Pastel Imposible,futuro
2025-08-19 19:08:27,0.0,Pastelería Mantequilla,Pastel Imposible,futuro
2025-08-20 19:08:27,0.0,Pastelería Mantequilla,Pastel Imposible,futuro
2025-08-21 19:08:27,0.0,Pastelería Mantequilla,Pastel Imposible,futuro
2025-08-22 19:08:27,0.0,Pastelería Mantequilla,Pastel Imposible,futuro
2025-08-23 19:08:27,0.0,Pastelería Mantequilla,Pastel Imposible,futuro
2025-08-24 19:08:27,0.0,Pastelería Mantequilla,Pastel Imposible,futuro
2025-08-25 19:08:27,0.0,Pastelería Mantequilla,Pastel Imposible,futuro
2025-08-26 19:08:27,0.0,Pastelería Mantequilla,Pastel Imposible,futuro
2025-08-27 19:08:27,0.0,Pastelería Mantequilla,Pastel Imposible,futuro
2025-08-28 19:08:27,0.0,Pastelería Mantequilla,Pastel Imposible,futuro
2025-08-29 19:08:27,0.0,Pastelería Mantequilla,Pastel Imposible,futuro
2025-08-30 19:08:27,0.0,Pastelería Mantequilla,Pastel Imposible,futuro
2025-08-31 19:08:27,0.0,Pastelería Mantequilla,Pastel Imposible,futuro
2025-09-01 19:08:27,0.0,Pastelería Mantequilla,Pastel Imposible,futuro
2025-09-02 19:08:27,0.0,Pastelería Mantequilla,Pastel Imposible,futuro
2025-09-03 19:08:27,0.0,Pastelería Mantequilla,Pastel Imposible,futuro
2025-09-04 19:08:27,0.0,Pastelería Mantequilla,Pastel Imposible,futuro
2025-09-05 19:08:27,0.0,Pastelería Mantequilla,Pastel Imposible,futuro
2025-09-06 19:08:27,0.0,Pastelería Mantequilla,Pastel Imposible,futuro
2025-09-07 19:08:27,0.0,Pastelería Mantequilla,Pastel Imposible,futuro
2025-09-08 19:08:27,0.0,Pastelería Mantequilla,Pastel Imposible,futuro
2025-09-09 19:08:27,0.0,Pastelería Mantequilla,Pastel Imposible,futuro
2025-09-10 19:08:27,0.0,Pastelería Mantequilla,Pastel Imposible,futuro
2025-09-11 19:08:27,0.0,Pastelería Mantequilla,Pastel Imposible,futuro
2025-09-12 19:08:27,0.0,Pastelería Mantequilla,Pastel Imposible,futuro
2025-09-13 19:08:27,0.0,Pastelería Mantequilla,Pastel Imposible,futuro
2025-09-14 19:08:27,0.0,Pastelería Mantequilla,Pastel Imposible,futuro
2025-09-15 19:08:27,0.0,Pastelería Mantequilla,Pastel Imposible,futuro
2025-09-16 19:08:27,0.0,Pastelería Mantequilla,Pastel Imposible,futuro
2025-09-17 19:08:27,0.0,Pastelería Mantequilla,Pastel Imposible,futuro
2025-09-18 19:08:27,0.0,Pastelería Mantequilla,Pastel Imposible,futuro
2025-09-19 19:08:27,0.0,Pastelería Mantequilla,Pastel Imposible,futuro
2025-09-20 19:08:27,0.0,Pastelería Mantequilla,Pastel Imposible,futuro
2025-09-21 19:08:27,0.0,Pastelería Mantequilla,Pastel Imposible,futuro
2025-09-22 19:08:27,0.0,Pastelería Mantequilla,Pastel Imposible,futuro
2025-09-23 19:08:27,0.0,Pastelería Mantequilla,Pastel Imposible,futuro
2025-09-24 19:08:27,0.0,Pastelería Mantequilla,Pastel Imposible,futuro
2024-04-14 15:48:49,0.0,Pastelería Mantequilla,Pastel Imposible Capuchino,futuro
2024-04-15 15:48:49,0.0,Pastelería Mantequilla,Pastel Imposible Capuchino,futuro
2024-04-16 15:48:49,0.0,Pastelería Mantequilla,Pastel Imposible Capuchino,futuro
2024-04-17 15:48:49,0.0,Pastelería Mantequilla,Pastel Imposible Capuchino,futuro
2024-04-18 15:48:49,0.0,Pastelería Mantequilla,Pastel Imposible Capuchino,futuro
2024-04-19 15:48:49,0.0,Pastelería Mantequilla,Pastel Imposible Capuchino,futuro
2024-04-20 15:48:49,0.0,Pastelería Mantequilla,Pastel Imposible Capuchino,futuro
2024-04-21 15:48:49,0.0,Pastelería Mantequilla,Pastel Imposible Capuchino,futuro
2024-04-22 15:48:49,0.0,Pastelería Mantequilla,Pastel Imposible Capuchino,futuro
2024-04-23 15:48:49,0.0,Pastelería Mantequilla,Pastel Imposible Capuchino,futuro
2024-04-24 15:48:49,0.0,Pastelería Mantequilla,Pastel Imposible Capuchino,futuro
2024-04-25 15:48:49,0.0,Pastelería Mantequilla,Pastel Imposible Capuchino,futuro
2024-04-26 15:48:49,0.0,Pastelería Mantequilla,Pastel Imposible Capuchino,futuro
2024-04-27 15:48:49,0.0,Pastelería Mantequilla,Pastel Imposible Capuchino,futuro
2024-04-28 15:48:49,0.0,Pastelería Mantequilla,Pastel Imposible Capuchino,futuro
2024-04-29 15:48:49,0.0,Pastelería Mantequilla,Pastel Imposible Capuchino,futuro
2024-04-30 15:48:49,0.0,Pastelería Mantequilla,Pastel Imposible Capuchino,futuro
2024-05-01 15:48:49,0.0,Pastelería Mantequilla,Pastel Imposible Capuchino,futuro
2024-05-02 15:48:49,0.0,Pastelería Mantequilla,Pastel Imposible Capuchino,futuro
2024-05-03 15:48:49,0.0,Pastelería Mantequilla,Pastel Imposible Capuchino,futuro
2024-05-04 15:48:49,0.0,Pastelería Mantequilla,Pastel Imposible Capuchino,futuro
2024-05-05 15:48:49,0.0,Pastelería Mantequilla,Pastel Imposible Capuchino,futuro
2024-05-06 15:48:49,0.0,Pastelería Mantequilla,Pastel Imposible Capuchino,futuro
2024-05-07 15:48:49,0.0,Pastelería Mantequilla,Pastel Imposible Capuchino,futuro
2024-05-08 15:48:49,0.0,Pastelería Mantequilla,Pastel Imposible Capuchino,futuro
2024-05-09 15:48:49,0.0,Pastelería Mantequilla,Pastel Imposible Capuchino,futuro
2024-05-10 15:48:49,0.0,Pastelería Mantequilla,Pastel Imposible Capuchino,futuro
2024-05-11 15:48:49,0.0,Pastelería Mantequilla,Pastel Imposible Capuchino,futuro
2024-05-12 15:48:49,0.0,Pastelería Mantequilla,Pastel Imposible Capuchino,futuro
2024-05-13 15:48:49,0.0,Pastelería Mantequilla,Pastel Imposible Capuchino,futuro
2024-05-14 15:48:49,0.0,Pastelería Mantequilla,Pastel Imposible Capuchino,futuro
2024-05-15 15:48:49,0.0,Pastelería Mantequilla,Pastel Imposible Capuchino,futuro
2024-05-16 15:48:49,0.0,Pastelería Mantequilla,Pastel Imposible Capuchino,futuro
2024-05-17 15:48:49,0.0,Pastelería Mantequilla,Pastel Imposible Capuchino,futuro
2024-05-18 15:48:49,0.0,Pastelería Mantequilla,Pastel Imposible Capuchino,futuro
2024-05-19 15:48:49,0.0,Pastelería Mantequilla,Pastel Imposible Capuchino,futuro
2024-05-20 15:48:49,0.0,Pastelería Mantequilla,Pastel Imposible Capuchino,futuro
2024-05-21 15:48:49,0.0,Pastelería Mantequilla,Pastel Imposible Capuchino,futuro
2024-05-22 15:48:49,0.0,Pastelería Mantequilla,Pastel Imposible Capuchino,futuro
2024-05-23 15:48:49,0.0,Pastelería Mantequilla,Pastel Imposible Capuchino,futuro
2024-05-24 15:48:49,0.0,Pastelería Mantequilla,Pastel Imposible Capuchino,futuro
2024-05-25 15:48:49,0.0,Pastelería Mantequilla,Pastel Imposible Capuchino,futuro
2024-05-26 15:48:49,0.0,Pastelería Mantequilla,Pastel Imposible Capuchino,futuro
2024-05-27 15:48:49,0.0,Pastelería Mantequilla,Pastel Imposible Capuchino,futuro
2024-05-28 15:48:49,0.0,Pastelería Mantequilla,Pastel Imposible Capuchino,futuro
2024-05-29 15:48:49,0.0,Pastelería Mantequilla,Pastel Imposible Capuchino,futuro
2024-05-30 15:48:49,0.0,Pastelería Mantequilla,Pastel Imposible Capuchino,futuro
2024-05-31 15:48:49,0.0,Pastelería Mantequilla,Pastel Imposible Capuchino,futuro
2024-06-01 15:48:49,0.0,Pastelería Mantequilla,Pastel Imposible Capuchino,futuro
2024-06-02 15:48:49,0.0,Pastelería Mantequilla,Pastel Imposible Capuchino,futuro
2024-06-03 15:48:49,0.0,Pastelería Mantequilla,Pastel Imposible Capuchino,futuro
2024-06-04 15:48:49,0.0,Pastelería Mantequilla,Pastel Imposible Capuchino,futuro
2024-06-05 15:48:49,0.0,Pastelería Mantequilla,Pastel Imposible Capuchino,futuro
2024-06-06 15:48:49,0.0,Pastelería Mantequilla,Pastel Imposible Capuchino,futuro
2024-06-07 15:48:49,0.0,Pastelería Mantequilla,Pastel Imposible Capuchino,futuro
2024-06-08 15:48:49,0.0,Pastelería Mantequilla,Pastel Imposible Capuchino,futuro
2024-06-09 15:48:49,0.0,Pastelería Mantequilla,Pastel Imposible Capuchino,futuro
2024-06-10 15:48:49,0.0,Pastelería Mantequilla,Pastel Imposible Capuchino,futuro
2024-06-11 15:48:49,0.0,Pastelería Mantequilla,Pastel Imposible Capuchino,futuro
2024-06-12 15:48:49,0.0,Pastelería Mantequilla,Pastel Imposible Capuchino,futuro
2024-06-13 15:48:49,0.0,Pastelería Mantequilla,Pastel Imposible Capuchino,futuro
2024-06-14 15:48:49,0.0,Pastelería Mantequilla,Pastel Imposible Capuchino,futuro
2024-06-15 15:48:49,0.0,Pastelería Mantequilla,Pastel Imposible Capuchino,futuro
2024-06-16 15:48:49,0.0,Pastelería Mantequilla,Pastel Imposible Capuchino,futuro
2024-06-17 15:48:49,0.0,Pastelería Mantequilla,Pastel Imposible Capuchino,futuro
2024-06-18 15:48:49,0.0,Pastelería Mantequilla,Pastel Imposible Capuchino,futuro
2024-06-19 15:48:49,0.0,Pastelería Mantequilla,Pastel Imposible Capuchino,futuro
2024-06-20 15:48:49,0.0,Pastelería Mantequilla,Pastel Imposible Capuchino,futuro
2024-06-21 15:48:49,0.0,Pastelería Mantequilla,Pastel Imposible Capuchino,futuro
2024-06-22 15:48:49,0.0,Pastelería Mantequilla,Pastel Imposible Capuchino,futuro
2024-06-23 15:48:49,0.0,Pastelería Mantequilla,Pastel Imposible Capuchino,futuro
2024-06-24 15:48:49,0.0,Pastelería Mantequilla,Pastel Imposible Capuchino,futuro
2024-06-25 15:48:49,0.0,Pastelería Mantequilla,Pastel Imposible Capuchino,futuro
2024-06-26 15:48:49,0.0,Pastelería Mantequilla,Pastel Imposible Capuchino,futuro
2024-06-27 15:48:49,0.0,Pastelería Mantequilla,Pastel Imposible Capuchino,futuro
2024-06-28 15:48:49,0.0,Pastelería Mantequilla,Pastel Imposible Capuchino,futuro
2024-06-29 15:48:49,0.0,Pastelería Mantequilla,Pastel Imposible Capuchino,futuro
2024-06-30 15:48:49,0.0,Pastelería Mantequilla,Pastel Imposible Capuchino,futuro
2024-07-01 15:48:49,0.0,Pastelería Mantequilla,Pastel Imposible Capuchino,futuro
2024-07-02 15:48:49,0.0,Pastelería Mantequilla,Pastel Imposible Capuchino,futuro
2024-07-03 15:48:49,0.0,Pastelería Mantequilla,Pastel Imposible Capuchino,futuro
2024-07-04 15:48:49,0.0,Pastelería Mantequilla,Pastel Imposible Capuchino,futuro
2024-07-05 15:48:49,0.0,Pastelería Mantequilla,Pastel Imposible Capuchino,futuro
2024-07-06 15:48:49,0.0,Pastelería Mantequilla,Pastel Imposible Capuchino,futuro
2024-07-07 15:48:49,0.0,Pastelería Mantequilla,Pastel Imposible Capuchino,futuro
2024-07-08 15:48:49,0.0,Pastelería Mantequilla,Pastel Imposible Capuchino,futuro
2024-07-09 15:48:49,0.0,Pastelería Mantequilla,Pastel Imposible Capuchino,futuro
2024-07-10 15:48:49,0.0,Pastelería Mantequilla,Pastel Imposible Capuchino,futuro
2024-07-11 15:48:49,0.0,Pastelería Mantequilla,Pastel Imposible Capuchino,futuro
2024-07-12 15:48:49,0.0,Pastelería Mantequilla,Pastel Imposible Capuchino,futuro
2024-09-28 18:26:30,0.0,Pastelería Mantequilla,Pastel Marmoleado,futuro
2024-09-29 18:26:30,0.0,Pastelería Mantequilla,Pastel Marmoleado,futuro
2024-09-30 18:26:30,0.0,Pastelería Mantequilla,Pastel Marmoleado,futuro
2024-10-01 18:26:30,0.0,Pastelería Mantequilla,Pastel Marmoleado,futuro
2024-10-02 18:26:30,0.0,Pastelería Mantequilla,Pastel Marmoleado,futuro
2024-10-03 18:26:30,0.0,Pastelería Mantequilla,Pastel Marmoleado,futuro
2024-10-04 18:26:30,0.0,Pastelería Mantequilla,Pastel Marmoleado,futuro
2024-10-05 18:26:30,0.0,Pastelería Mantequilla,Pastel Marmoleado,futuro
2024-10-06 18:26:30,0.0,Pastelería Mantequilla,Pastel Marmoleado,futuro
2024-10-07 18:26:30,0.0,Pastelería Mantequilla,Pastel Marmoleado,futuro
2024-10-08 18:26:30,0.0,Pastelería Mantequilla,Pastel Marmoleado,futuro
2024-10-09 18:26:30,0.0,Pastelería Mantequilla,Pastel Marmoleado,futuro
2024-10-10 18:26:30,0.0,Pastelería Mantequilla,Pastel Marmoleado,futuro
2024-10-11 18:26:30,0.0,Pastelería Mantequilla,Pastel Marmoleado,futuro
2024-10-12 18:26:30,0.0,Pastelería Mantequilla,Pastel Marmoleado,futuro
2024-10-13 18:26:30,0.0,Pastelería Mantequilla,Pastel Marmoleado,futuro
2024-10-14 18:26:30,0.0,Pastelería Mantequilla,Pastel Marmoleado,futuro
2024-10-15 18:26:30,0.0,Pastelería Mantequilla,Pastel Marmoleado,futuro
2024-10-16 18:26:30,0.0,Pastelería Mantequilla,Pastel Marmoleado,futuro
2024-10-17 18:26:30,0.0,Pastelería Mantequilla,Pastel Marmoleado,futuro
2024-10-18 18:26:30,0.0,Pastelería Mantequilla,Pastel Marmoleado,futuro
2024-10-19 18:26:30,0.0,Pastelería Mantequilla,Pastel Marmoleado,futuro
2024-10-20 18:26:30,0.0,Pastelería Mantequilla,Pastel Marmoleado,futuro
2024-10-21 18:26:30,0.0,Pastelería Mantequilla,Pastel Marmoleado,futuro
2024-10-22 18:26:30,0.0,Pastelería Mantequilla,Pastel Marmoleado,futuro
2024-10-23 18:26:30,0.0,Pastelería Mantequilla,Pastel Marmoleado,futuro
2024-10-24 18:26:30,0.0,Pastelería Mantequilla,Pastel Marmoleado,futuro
2024-10-25 18:26:30,0.0,Pastelería Mantequilla,Pastel Marmoleado,futuro
2024-10-26 18:26:30,0.0,Pastelería Mantequilla,Pastel Marmoleado,futuro
2024-10-27 18:26:30,0.0,Pastelería Mantequilla,Pastel Marmoleado,futuro
2024-10-28 18:26:30,0.0,Pastelería Mantequilla,Pastel Marmoleado,futuro
2024-10-29 18:26:30,0.0,Pastelería Mantequilla,Pastel Marmoleado,futuro
2024-10-30 18:26:30,0.0,Pastelería Mantequilla,Pastel Marmoleado,futuro
2024-10-31 18:26:30,0.0,Pastelería Mantequilla,Pastel Marmoleado,futuro
2024-11-01 18:26:30,0.0,Pastelería Mantequilla,Pastel Marmoleado,futuro
2024-11-02 18:26:30,0.0,Pastelería Mantequilla,Pastel Marmoleado,futuro
2024-11-03 18:26:30,0.0,Pastelería Mantequilla,Pastel Marmoleado,futuro
2024-11-04 18:26:30,0.0,Pastelería Mantequilla,Pastel Marmoleado,futuro
2024-11-05 18:26:30,0.0,Pastelería Mantequilla,Pastel Marmoleado,futuro
2024-11-06 18:26:30,0.0,Pastelería Mantequilla,Pastel Marmoleado,futuro
2024-11-07 18:26:30,0.0,Pastelería Mantequilla,Pastel Marmoleado,futuro
2024-11-08 18:26:30,0.0,Pastelería Mantequilla,Pastel Marmoleado,futuro
2024-11-09 18:26:30,0.0,Pastelería Mantequilla,Pastel Marmoleado,futuro
2024-11-10 18:26:30,0.0,Pastelería Mantequilla,Pastel Marmoleado,futuro
2024-11-11 18:26:30,0.0,Pastelería Mantequilla,Pastel Marmoleado,futuro
2024-11-12 18:26:30,0.0,Pastelería Mantequilla,Pastel Marmoleado,futuro
2024-11-13 18:26:30,0.0,Pastelería Mantequilla,Pastel Marmoleado,futuro
2024-11-14 18:26:30,0.0,Pastelería Mantequilla,Pastel Marmoleado,futuro
2024-11-15 18:26:30,0.0,Pastelería Mantequilla,Pastel Marmoleado,futuro
2024-11-16 18:26:30,0.0,Pastelería Mantequilla,Pastel Marmoleado,futuro
2024-11-17 18:26:30,0.0,Pastelería Mantequilla,Pastel Marmoleado,futuro
2024-11-18 18:26:30,0.0,Pastelería Mantequilla,Pastel Marmoleado,futuro
2024-11-19 18:26:30,0.0,Pastelería Mantequilla,Pastel Marmoleado,futuro
2024-11-20 18:26:30,0.0,Pastelería Mantequilla,Pastel Marmoleado,futuro
2024-11-21 18:26:30,0.0,Pastelería Mantequilla,Pastel Marmoleado,futuro
2024-11-22 18:26:30,0.0,Pastelería Mantequilla,Pastel Marmoleado,futuro
2024-11-23 18:26:30,0.0,Pastelería Mantequilla,Pastel Marmoleado,futuro
2024-11-24 18:26:30,0.0,Pastelería Mantequilla,Pastel Marmoleado,futuro
2024-11-25 18:26:30,0.0,Pastelería Mantequilla,Pastel Marmoleado,futuro
2024-11-26 18:26:30,0.0,Pastelería Mantequilla,Pastel Marmoleado,futuro
2024-11-27 18:26:30,0.0,Pastelería Mantequilla,Pastel Marmoleado,futuro
2024-11-28 18:26:30,0.0,Pastelería Mantequilla,Pastel Marmoleado,futuro
2024-11-29 18:26:30,0.0,Pastelería Mantequilla,Pastel Marmoleado,futuro
2024-11-30 18:26:30,0.0,Pastelería Mantequilla,Pastel Marmoleado,futuro
2024-12-01 18:26:30,0.0,Pastelería Mantequilla,Pastel Marmoleado,futuro
2024-12-02 18:26:30,0.0,Pastelería Mantequilla,Pastel Marmoleado,futuro
2024-12-03 18:26:30,0.0,Pastelería Mantequilla,Pastel Marmoleado,futuro
2024-12-04 18:26:30,0.0,Pastelería Mantequilla,Pastel Marmoleado,futuro
2024-12-05 18:26:30,0.0,Pastelería Mantequilla,Pastel Marmoleado,futuro
2024-12-06 18:26:30,0.0,Pastelería Mantequilla,Pastel Marmoleado,futuro
2024-12-07 18:26:30,0.0,Pastelería Mantequilla,Pastel Marmoleado,futuro
2024-12-08 18:26:30,0.0,Pastelería Mantequilla,Pastel Marmoleado,futuro
2024-12-09 18:26:30,0.0,Pastelería Mantequilla,Pastel Marmoleado,futuro
2024-12-10 18:26:30,0.0,Pastelería Mantequilla,Pastel Marmoleado,futuro
2024-12-11 18:26:30,0.0,Pastelería Mantequilla,Pastel Marmoleado,futuro
2024-12-12 18:26:30,0.0,Pastelería Mantequilla,Pastel Marmoleado,futuro
2024-12-13 18:26:30,0.0,Pastelería Mantequilla,Pastel Marmoleado,futuro
2024-12-14 18:26:30,0.0,Pastelería Mantequilla,Pastel Marmoleado,futuro
2024-12-15 18:26:30,0.0,Pastelería Mantequilla,Pastel Marmoleado,futuro
2024-12-16 18:26:30,0.0,Pastelería Mantequilla,Pastel Marmoleado,futuro
2024-12-17 18:26:30,0.0,Pastelería Mantequilla,Pastel Marmoleado,futuro
2024-12-18 18:26:30,0.0,Pastelería Mantequilla,Pastel Marmoleado,futuro
2024-12-19 18:26:30,0.0,Pastelería Mantequilla,Pastel Marmoleado,futuro
2024-12-20 18:26:30,0.0,Pastelería Mantequilla,Pastel Marmoleado,futuro
2024-12-21 18:26:30,0.0,Pastelería Mantequilla,Pastel Marmoleado,futuro
2024-12-22 18:26:30,0.0,Pastelería Mantequilla,Pastel Marmoleado,futuro
2024-12-23 18:26:30,0.0,Pastelería Mantequilla,Pastel Marmoleado,futuro
2024-12-24 18:26:30,0.0,Pastelería Mantequilla,Pastel Marmoleado,futuro
2024-12-25 18:26:30,0.0,Pastelería Mantequilla,Pastel Marmoleado,futuro
2024-12-26 18:26:30,0.0,Pastelería Mantequilla,Pastel Marmoleado,futuro
2025-11-07 18:53:07,0.0,Pastelería Mantequilla,Pastel Matilda,futuro
2025-11-08 18:53:07,0.0,Pastelería Mantequilla,Pastel Matilda,futuro
2025-11-09 18:53:07,0.0,Pastelería Mantequilla,Pastel Matilda,futuro
2025-11-10 18:53:07,0.0,Pastelería Mantequilla,Pastel Matilda,futuro
2025-11-11 18:53:07,0.0,Pastelería Mantequilla,Pastel Matilda,futuro
2025-11-12 18:53:07,0.0,Pastelería Mantequilla,Pastel Matilda,futuro
2025-11-13 18:53:07,0.0,Pastelería Mantequilla,Pastel Matilda,futuro
2025-11-14 18:53:07,0.0,Pastelería Mantequilla,Pastel Matilda,futuro
2025-11-15 18:53:07,0.0,Pastelería Mantequilla,Pastel Matilda,futuro
2025-11-16 18:53:07,0.0,Pastelería Mantequilla,Pastel Matilda,futuro
2025-11-17 18:53:07,0.0,Pastelería Mantequilla,Pastel Matilda,futuro
2025-11-18 18:53:07,0.0,Pastelería Mantequilla,Pastel Matilda,futuro
2025-11-19 18:53:07,0.0,Pastelería Mantequilla,Pastel Matilda,futuro
2025-11-20 18:53:07,0.0,Pastelería Mantequilla,Pastel Matilda,futuro
2025-11-21 18:53:07,0.0,Pastelería Mantequilla,Pastel Matilda,futuro
2025-11-22 18:53:07,0.0,Pastelería Mantequilla,Pastel Matilda,futuro
2025-11-23 18:53:07,0.0,Pastelería Mantequilla,Pastel Matilda,futuro
2025-11-24 18:53:07,0.0,Pastelería Mantequilla,Pastel Matilda,futuro
2025-11-25 18:53:07,0.0,Pastelería Mantequilla,Pastel Matilda,futuro
2025-11-26 18:53:07,0.0,Pastelería Mantequilla,Pastel Matilda,futuro
2025-11-27 18:53:07,0.0,Pastelería Mantequilla,Pastel Matilda,futuro
2025-11-28 18:53:07,0.0,Pastelería Mantequilla,Pastel Matilda,futuro
2025-11-29 18:53:07,0.0,Pastelería Mantequilla,Pastel Matilda,futuro
2025-11-30 18:53:07,0.0,Pastelería Mantequilla,Pastel Matilda,futuro
2025-12-01 18:53:07,0.0,Pastelería Mantequilla,Pastel Matilda,futuro
2025-12-02 18:53:07,0.0,Pastelería Mantequilla,Pastel Matilda,futuro
2025-12-03 18:53:07,0.0,Pastelería Mantequilla,Pastel Matilda,futuro
2025-12-04 18:53:07,0.0,Pastelería Mantequilla,Pastel Matilda,futuro
2025-12-05 18:53:07,0.0,Pastelería Mantequilla,Pastel Matilda,futuro
2025-12-06 18:53:07,0.0,Pastelería Mantequilla,Pastel Matilda,futuro
2025-12-07 18:53:07,0.0,Pastelería Mantequilla,Pastel Matilda,futuro
2025-12-08 18:53:07,0.0,Pastelería Mantequilla,Pastel Matilda,futuro
2025-12-09 18:53:07,0.0,Pastelería Mantequilla,Pastel Matilda,futuro
2025-12-10 18:53:07,0.0,Pastelería Mantequilla,Pastel Matilda,futuro
2025-12-11 18:53:07,0.0,Pastelería Mantequilla,Pastel Matilda,futuro
2025-12-12 18:53:07,0.0,Pastelería Mantequilla,Pastel Matilda,futuro
2025-12-13 18:53:07,0.0,Pastelería Mantequilla,Pastel Matilda,futuro
2025-12-14 18:53:07,0.0,Pastelería Mantequilla,Pastel Matilda,futuro
2025-12-15 18:53:07,0.0,Pastelería Mantequilla,Pastel Matilda,futuro
2025-12-16 18:53:07,0.0,Pastelería Mantequilla,Pastel Matilda,futuro
2025-12-17 18:53:07,0.0,Pastelería Mantequilla,Pastel Matilda,futuro
2025-12-18 18:53:07,0.0,Pastelería Mantequilla,Pastel Matilda,futuro
2025-12-19 18:53:07,0.0,Pastelería Mantequilla,Pastel Matilda,futuro
2025-12-20 18:53:07,0.0,Pastelería Mantequilla,Pastel Matilda,futuro
2025-12-21 18:53:07,0.0,Pastelería Mantequilla,Pastel Matilda,futuro
2025-12-22 18:53:07,0.0,Pastelería Mantequilla,Pastel Matilda,futuro
2025-12-23 18:53:07,0.0,Pastelería Mantequilla,Pastel Matilda,futuro
2025-12-24 18:53:07,0.0,Pastelería Mantequilla,Pastel Matilda,futuro
2025-12-25 18:53:07,0.0,Pastelería Mantequilla,Pastel Matilda,futuro
2025-12-26 18:53:07,0.0,Pastelería Mantequilla,Pastel Matilda,futuro
2025-12-27 18:53:07,0.0,Pastelería Mantequilla,Pastel Matilda,futuro
2025-12-28 18:53:07,0.0,Pastelería Mantequilla,Pastel Matilda,futuro
2025-12-29 18:53:07,0.0,Pastelería Mantequilla,Pastel Matilda,futuro
2025-12-30 18:53:07,0.0,Pastelería Mantequilla,Pastel Matilda,futuro
2025-12-31 18:53:07,0.0,Pastelería Mantequilla,Pastel Matilda,futuro
2026-01-01 18:53:07,0.0,Pastelería Mantequilla,Pastel Matilda,futuro
2026-01-02 18:53:07,0.0,Pastelería Mantequilla,Pastel Matilda,futuro
2026-01-03 18:53:07,0.0,Pastelería Mantequilla,Pastel Matilda,futuro
2026-01-04 18:53:07,0.0,Pastelería Mantequilla,Pastel Matilda,futuro
2026-01-05 18:53:07,0.0,Pastelería Mantequilla,Pastel Matilda,futuro
2026-01-06 18:53:07,0.0,Pastelería Mantequilla,Pastel Matilda,futuro
2026-01-07 18:53:07,0.0,Pastelería Mantequilla,Pastel Matilda,futuro
2026-01-08 18:53:07,0.0,Pastelería Mantequilla,Pastel Matilda,futuro
2026-01-09 18:53:07,0.0,Pastelería Mantequilla,Pastel Matilda,futuro
2026-01-10 18:53:07,0.0,Pastelería Mantequilla,Pastel Matilda,futuro
2026-01-11 18:53:07,0.0,Pastelería Mantequilla,Pastel Matilda,futuro
2026-01-12 18:53:07,0.0,Pastelería Mantequilla,Pastel Matilda,futuro
2026-01-13 18:53:07,0.0,Pastelería Mantequilla,Pastel Matilda,futuro
2026-01-14 18:53:07,0.0,Pastelería Mantequilla,Pastel Matilda,futuro
2026-01-15 18:53:07,0.0,Pastelería Mantequilla,Pastel Matilda,futuro
2026-01-16 18:53:07,0.0,Pastelería Mantequilla,Pastel Matilda,futuro
2026-01-17 18:53:07,0.0,Pastelería Mantequilla,Pastel Matilda,futuro
2026-01-18 18:53:07,0.0,Pastelería Mantequilla,Pastel Matilda,futuro
2026-01-19 18:53:07,0.0,Pastelería Mantequilla,Pastel Matilda,futuro
2026-01-20 18:53:07,0.0,Pastelería Mantequilla,Pastel Matilda,futuro
2026-01-21 18:53:07,0.0,Pastelería Mantequilla,Pastel Matilda,futuro
2026-01-22 18:53:07,0.0,Pastelería Mantequilla,Pastel Matilda,futuro
2026-01-23 18:53:07,0.0,Pastelería Mantequilla,Pastel Matilda,futuro
2026-01-24 18:53:07,0.0,Pastelería Mantequilla,Pastel Matilda,futuro
2026-01-25 18:53:07,0.0,Pastelería Mantequilla,Pastel Matilda,futuro
2026-01-26 18:53:07,0.0,Pastelería Mantequilla,Pastel Matilda,futuro
2026-01-27 18:53:07,0.0,Pastelería Mantequilla,Pastel Matilda,futuro
2026-01-28 18:53:07,0.0,Pastelería Mantequilla,Pastel Matilda,futuro
2026-01-29 18:53:07,0.0,Pastelería Mantequilla,Pastel Matilda,futuro
2026-01-30 18:53:07,0.0,Pastelería Mantequilla,Pastel Matilda,futuro
2026-01-31 18:53:07,0.0,Pastelería Mantequilla,Pastel Matilda,futuro
2026-02-01 18:53:07,0.0,Pastelería Mantequilla,Pastel Matilda,futuro
2026-02-02 18:53:07,0.0,Pastelería Mantequilla,Pastel Matilda,futuro
2026-02-03 18:53:07,0.0,Pastelería Mantequilla,Pastel Matilda,futuro
2026-02-04 18:53:07,0.0,Pastelería Mantequilla,Pastel Matilda,futuro
2025-11-06 15:46:09,0.0,Pastelería Mantequilla,Pastel Mini Cajeta,futuro
2025-11-07 15:46:09,0.0,Pastelería Mantequilla,Pastel Mini Cajeta,futuro
2025-11-08 15:46:09,0.0,Pastelería Mantequilla,Pastel Mini Cajeta,futuro
2025-11-09 15:46:09,0.0,Pastelería Mantequilla,Pastel Mini Cajeta,futuro
2025-11-10 15:46:09,0.0,Pastelería Mantequilla,Pastel Mini Cajeta,futuro
2025-11-11 15:46:09,0.0,Pastelería Mantequilla,Pastel Mini Cajeta,futuro
2025-11-12 15:46:09,0.0,Pastelería Mantequilla,Pastel Mini Cajeta,futuro
2025-11-13 15:46:09,0.0,Pastelería Mantequilla,Pastel Mini Cajeta,futuro
2025-11-14 15:46:09,0.0,Pastelería Mantequilla,Pastel Mini Cajeta,futuro
2025-11-15 15:46:09,0.0,Pastelería Mantequilla,Pastel Mini Cajeta,futuro
2025-11-16 15:46:09,0.0,Pastelería Mantequilla,Pastel Mini Cajeta,futuro
2025-11-17 15:46:09,0.0,Pastelería Mantequilla,Pastel Mini Cajeta,futuro
2025-11-18 15:46:09,0.0,Pastelería Mantequilla,Pastel Mini Cajeta,futuro
2025-11-19 15:46:09,0.0,Pastelería Mantequilla,Pastel Mini Cajeta,futuro
2025-11-20 15:46:09,0.0,Pastelería Mantequilla,Pastel Mini Cajeta,futuro
2025-11-21 15:46:09,0.0,Pastelería Mantequilla,Pastel Mini Cajeta,futuro
2025-11-22 15:46:09,0.0,Pastelería Mantequilla,Pastel Mini Cajeta,futuro
2025-11-23 15:46:09,0.0,Pastelería Mantequilla,Pastel Mini Cajeta,futuro
2025-11-24 15:46:09,0.0,Pastelería Mantequilla,Pastel Mini Cajeta,futuro
2025-11-25 15:46:09,0.0,Pastelería Mantequilla,Pastel Mini Cajeta,futuro
2025-11-26 15:46:09,0.0,Pastelería Mantequilla,Pastel Mini Cajeta,futuro
2025-11-27 15:46:09,0.0,Pastelería Mantequilla,Pastel Mini Cajeta,futuro
2025-11-28 15:46:09,0.0,Pastelería Mantequilla,Pastel Mini Cajeta,futuro
2025-11-29 15:46:09,0.0,Pastelería Mantequilla,Pastel Mini Cajeta,futuro
2025-11-30 15:46:09,0.0,Pastelería Mantequilla,Pastel Mini Cajeta,futuro
2025-12-01 15:46:09,0.0,Pastelería Mantequilla,Pastel Mini Cajeta,futuro
2025-12-02 15:46:09,0.0,Pastelería Mantequilla,Pastel Mini Cajeta,futuro
2025-12-03 15:46:09,0.0,Pastelería Mantequilla,Pastel Mini Cajeta,futuro
2025-12-04 15:46:09,0.0,Pastelería Mantequilla,Pastel Mini Cajeta,futuro
2025-12-05 15:46:09,0.0,Pastelería Mantequilla,Pastel Mini Cajeta,futuro
2025-12-06 15:46:09,0.0,Pastelería Mantequilla,Pastel Mini Cajeta,futuro
2025-12-07 15:46:09,0.0,Pastelería Mantequilla,Pastel Mini Cajeta,futuro
2025-12-08 15:46:09,0.0,Pastelería Mantequilla,Pastel Mini Cajeta,futuro
2025-12-09 15:46:09,0.0,Pastelería Mantequilla,Pastel Mini Cajeta,futuro
2025-12-10 15:46:09,0.0,Pastelería Mantequilla,Pastel Mini Cajeta,futuro
2025-12-11 15:46:09,0.0,Pastelería Mantequilla,Pastel Mini Cajeta,futuro
2025-12-12 15:46:09,0.0,Pastelería Mantequilla,Pastel Mini Cajeta,futuro
2025-12-13 15:46:09,0.0,Pastelería Mantequilla,Pastel Mini Cajeta,futuro
2025-12-14 15:46:09,0.0,Pastelería Mantequilla,Pastel Mini Cajeta,futuro
2025-12-15 15:46:09,0.0,Pastelería Mantequilla,Pastel Mini Cajeta,futuro
2025-12-16 15:46:09,0.0,Pastelería Mantequilla,Pastel Mini Cajeta,futuro
2025-12-17 15:46:09,0.0,Pastelería Mantequilla,Pastel Mini Cajeta,futuro
2025-12-18 15:46:09,0.0,Pastelería Mantequilla,Pastel Mini Cajeta,futuro
2025-12-19 15:46:09,0.0,Pastelería Mantequilla,Pastel Mini Cajeta,futuro
2025-12-20 15:46:09,0.0,Pastelería Mantequilla,Pastel Mini Cajeta,futuro
2025-12-21 15:46:09,0.0,Pastelería Mantequilla,Pastel Mini Cajeta,futuro
2025-12-22 15:46:09,0.0,Pastelería Mantequilla,Pastel Mini Cajeta,futuro
2025-12-23 15:46:09,0.0,Pastelería Mantequilla,Pastel Mini Cajeta,futuro
2025-12-24 15:46:09,0.0,Pastelería Mantequilla,Pastel Mini Cajeta,futuro
2025-12-25 15:46:09,0.0,Pastelería Mantequilla,Pastel Mini Cajeta,futuro
2025-12-26 15:46:09,0.0,Pastelería Mantequilla,Pastel Mini Cajeta,futuro
2025-12-27 15:46:09,0.0,Pastelería Mantequilla,Pastel Mini Cajeta,futuro
2025-12-28 15:46:09,0.0,Pastelería Mantequilla,Pastel Mini Cajeta,futuro
2025-12-29 15:46:09,0.0,Pastelería Mantequilla,Pastel Mini Cajeta,futuro
2025-12-30 15:46:09,0.0,Pastelería Mantequilla,Pastel Mini Cajeta,futuro
2025-12-31 15:46:09,0.0,Pastelería Mantequilla,Pastel Mini Cajeta,futuro
2026-01-01 15:46:09,0.0,Pastelería Mantequilla,Pastel Mini Cajeta,futuro
2026-01-02 15:46:09,0.0,Pastelería Mantequilla,Pastel Mini Cajeta,futuro
2026-01-03 15:46:09,0.0,Pastelería Mantequilla,Pastel Mini Cajeta,futuro
2026-01-04 15:46:09,0.0,Pastelería Mantequilla,Pastel Mini Cajeta,futuro
2026-01-05 15:46:09,0.0,Pastelería Mantequilla,Pastel Mini Cajeta,futuro
2026-01-06 15:46:09,0.0,Pastelería Mantequilla,Pastel Mini Cajeta,futuro
2026-01-07 15:46:09,0.0,Pastelería Mantequilla,Pastel Mini Cajeta,futuro
2026-01-08 15:46:09,0.0,Pastelería Mantequilla,Pastel Mini Cajeta,futuro
2026-01-09 15:46:09,0.0,Pastelería Mantequilla,Pastel Mini Cajeta,futuro
2026-01-10 15:46:09,0.0,Pastelería Mantequilla,Pastel Mini Cajeta,futuro
2026-01-11 15:46:09,0.0,Pastelería Mantequilla,Pastel Mini Cajeta,futuro
2026-01-12 15:46:09,0.0,Pastelería Mantequilla,Pastel Mini Cajeta,futuro
2026-01-13 15:46:09,0.0,Pastelería Mantequilla,Pastel Mini Cajeta,futuro
2026-01-14 15:46:09,0.0,Pastelería Mantequilla,Pastel Mini Cajeta,futuro
2026-01-15 15:46:09,0.0,Pastelería Mantequilla,Pastel Mini Cajeta,futuro
2026-01-16 15:46:09,0.0,Pastelería Mantequilla,Pastel Mini Cajeta,futuro
2026-01-17 15:46:09,0.0,Pastelería Mantequilla,Pastel Mini Cajeta,futuro
2026-01-18 15:46:09,0.0,Pastelería Mantequilla,Pastel Mini Cajeta,futuro
2026-01-19 15:46:09,0.0,Pastelería Mantequilla,Pastel Mini Cajeta,futuro
2026-01-20 15:46:09,0.0,Pastelería Mantequilla,Pastel Mini Cajeta,futuro
2026-01-21 15:46:09,0.0,Pastelería Mantequilla,Pastel Mini Cajeta,futuro
2026-01-22 15:46:09,0.0,Pastelería Mantequilla,Pastel Mini Cajeta,futuro
2026-01-23 15:46:09,0.0,Pastelería Mantequilla,Pastel Mini Cajeta,futuro
2026-01-24 15:46:09,0.0,Pastelería Mantequilla,Pastel Mini Cajeta,futuro
2026-01-25 15:46:09,0.0,Pastelería Mantequilla,Pastel Mini Cajeta,futuro
2026-01-26 15:46:09,0.0,Pastelería Mantequilla,Pastel Mini Cajeta,futuro
2026-01-27 15:46:09,0.0,Pastelería Mantequilla,Pastel Mini Cajeta,futuro
2026-01-28 15:46:09,0.0,Pastelería Mantequilla,Pastel Mini Cajeta,futuro
2026-01-29 15:46:09,0.0,Pastelería Mantequilla,Pastel Mini Cajeta,futuro
2026-01-30 15:46:09,0.0,Pastelería Mantequilla,Pastel Mini Cajeta,futuro
2026-01-31 15:46:09,0.0,Pastelería Mantequilla,Pastel Mini Cajeta,futuro
2026-02-01 15:46:09,0.0,Pastelería Mantequilla,Pastel Mini Cajeta,futuro
2026-02-02 15:46:09,0.0,Pastelería Mantequilla,Pastel Mini Cajeta,futuro
2026-02-03 15:46:09,0.0,Pastelería Mantequilla,Pastel Mini Cajeta,futuro
2025-11-07 14:51:12,0.0,Pastelería Mantequilla,Pastel Mini Moka,futuro
2025-11-08 14:51:12,0.0,Pastelería Mantequilla,Pastel Mini Moka,futuro
2025-11-09 14:51:12,0.0,Pastelería Mantequilla,Pastel Mini Moka,futuro
2025-11-10 14:51:12,0.0,Pastelería Mantequilla,Pastel Mini Moka,futuro
2025-11-11 14:51:12,0.0,Pastelería Mantequilla,Pastel Mini Moka,futuro
2025-11-12 14:51:12,0.0,Pastelería Mantequilla,Pastel Mini Moka,futuro
2025-11-13 14:51:12,0.0,Pastelería Mantequilla,Pastel Mini Moka,futuro
2025-11-14 14:51:12,0.0,Pastelería Mantequilla,Pastel Mini Moka,futuro
2025-11-15 14:51:12,0.0,Pastelería Mantequilla,Pastel Mini Moka,futuro
2025-11-16 14:51:12,0.0,Pastelería Mantequilla,Pastel Mini Moka,futuro
2025-11-17 14:51:12,0.0,Pastelería Mantequilla,Pastel Mini Moka,futuro
2025-11-18 14:51:12,0.0,Pastelería Mantequilla,Pastel Mini Moka,futuro
2025-11-19 14:51:12,0.0,Pastelería Mantequilla,Pastel Mini Moka,futuro
2025-11-20 14:51:12,0.0,Pastelería Mantequilla,Pastel Mini Moka,futuro
2025-11-21 14:51:12,0.0,Pastelería Mantequilla,Pastel Mini Moka,futuro
2025-11-22 14:51:12,0.0,Pastelería Mantequilla,Pastel Mini Moka,futuro
2025-11-23 14:51:12,0.0,Pastelería Mantequilla,Pastel Mini Moka,futuro
2025-11-24 14:51:12,0.0,Pastelería Mantequilla,Pastel Mini Moka,futuro
2025-11-25 14:51:12,0.0,Pastelería Mantequilla,Pastel Mini Moka,futuro
2025-11-26 14:51:12,0.0,Pastelería Mantequilla,Pastel Mini Moka,futuro
2025-11-27 14:51:12,0.0,Pastelería Mantequilla,Pastel Mini Moka,futuro
2025-11-28 14:51:12,0.0,Pastelería Mantequilla,Pastel Mini Moka,futuro
2025-11-29 14:51:12,0.0,Pastelería Mantequilla,Pastel Mini Moka,futuro
2025-11-30 14:51:12,0.0,Pastelería Mantequilla,Pastel Mini Moka,futuro
2025-12-01 14:51:12,0.0,Pastelería Mantequilla,Pastel Mini Moka,futuro
2025-12-02 14:51:12,0.0,Pastelería Mantequilla,Pastel Mini Moka,futuro
2025-12-03 14:51:12,0.0,Pastelería Mantequilla,Pastel Mini Moka,futuro
2025-12-04 14:51:12,0.0,Pastelería Mantequilla,Pastel Mini Moka,futuro
2025-12-05 14:51:12,0.0,Pastelería Mantequilla,Pastel Mini Moka,futuro
2025-12-06 14:51:12,0.0,Pastelería Mantequilla,Pastel Mini Moka,futuro
2025-12-07 14:51:12,0.0,Pastelería Mantequilla,Pastel Mini Moka,futuro
2025-12-08 14:51:12,0.0,Pastelería Mantequilla,Pastel Mini Moka,futuro
2025-12-09 14:51:12,0.0,Pastelería Mantequilla,Pastel Mini Moka,futuro
2025-12-10 14:51:12,0.0,Pastelería Mantequilla,Pastel Mini Moka,futuro
2025-12-11 14:51:12,0.0,Pastelería Mantequilla,Pastel Mini Moka,futuro
2025-12-12 14:51:12,0.0,Pastelería Mantequilla,Pastel Mini Moka,futuro
2025-12-13 14:51:12,0.0,Pastelería Mantequilla,Pastel Mini Moka,futuro
2025-12-14 14:51:12,0.0,Pastelería Mantequilla,Pastel Mini Moka,futuro
2025-12-15 14:51:12,0.0,Pastelería Mantequilla,Pastel Mini Moka,futuro
2025-12-16 14:51:12,0.0,Pastelería Mantequilla,Pastel Mini Moka,futuro
2025-12-17 14:51:12,0.0,Pastelería Mantequilla,Pastel Mini Moka,futuro
2025-12-18 14:51:12,0.0,Pastelería Mantequilla,Pastel Mini Moka,futuro
2025-12-19 14:51:12,0.0,Pastelería Mantequilla,Pastel Mini Moka,futuro
2025-12-20 14:51:12,0.0,Pastelería Mantequilla,Pastel Mini Moka,futuro
2025-12-21 14:51:12,0.0,Pastelería Mantequilla,Pastel Mini Moka,futuro
2025-12-22 14:51:12,0.0,Pastelería Mantequilla,Pastel Mini Moka,futuro
2025-12-23 14:51:12,0.0,Pastelería Mantequilla,Pastel Mini Moka,futuro
2025-12-24 14:51:12,0.0,Pastelería Mantequilla,Pastel Mini Moka,futuro
2025-12-25 14:51:12,0.0,Pastelería Mantequilla,Pastel Mini Moka,futuro
2025-12-26 14:51:12,0.0,Pastelería Mantequilla,Pastel Mini Moka,futuro
2025-12-27 14:51:12,0.0,Pastelería Mantequilla,Pastel Mini Moka,futuro
2025-12-28 14:51:12,0.0,Pastelería Mantequilla,Pastel Mini Moka,futuro
2025-12-29 14:51:12,0.0,Pastelería Mantequilla,Pastel Mini Moka,futuro
2025-12-30 14:51:12,0.0,Pastelería Mantequilla,Pastel Mini Moka,futuro
2025-12-31 14:51:12,0.0,Pastelería Mantequilla,Pastel Mini Moka,futuro
2026-01-01 14:51:12,0.0,Pastelería Mantequilla,Pastel Mini Moka,futuro
2026-01-02 14:51:12,0.0,Pastelería Mantequilla,Pastel Mini Moka,futuro
2026-01-03 14:51:12,0.0,Pastelería Mantequilla,Pastel Mini Moka,futuro
2026-01-04 14:51:12,0.0,Pastelería Mantequilla,Pastel Mini Moka,futuro
2026-01-05 14:51:12,0.0,Pastelería Mantequilla,Pastel Mini Moka,futuro
2026-01-06 14:51:12,0.0,Pastelería Mantequilla,Pastel Mini Moka,futuro
2026-01-07 14:51:12,0.0,Pastelería Mantequilla,Pastel Mini Moka,futuro
2026-01-08 14:51:12,0.0,Pastelería Mantequilla,Pastel Mini Moka,futuro
2026-01-09 14:51:12,0.0,Pastelería Mantequilla,Pastel Mini Moka,futuro
2026-01-10 14:51:12,0.0,Pastelería Mantequilla,Pastel Mini Moka,futuro
2026-01-11 14:51:12,0.0,Pastelería Mantequilla,Pastel Mini Moka,futuro
2026-01-12 14:51:12,0.0,Pastelería Mantequilla,Pastel Mini Moka,futuro
2026-01-13 14:51:12,0.0,Pastelería Mantequilla,Pastel Mini Moka,futuro
2026-01-14 14:51:12,0.0,Pastelería Mantequilla,Pastel Mini Moka,futuro
2026-01-15 14:51:12,0.0,Pastelería Mantequilla,Pastel Mini Moka,futuro
2026-01-16 14:51:12,0.0,Pastelería Mantequilla,Pastel Mini Moka,futuro
2026-01-17 14:51:12,0.0,Pastelería Mantequilla,Pastel Mini Moka,futuro
2026-01-18 14:51:12,0.0,Pastelería Mantequilla,Pastel Mini Moka,futuro
2026-01-19 14:51:12,0.0,Pastelería Mantequilla,Pastel Mini Moka,futuro
2026-01-20 14:51:12,0.0,Pastelería Mantequilla,Pastel Mini Moka,futuro
2026-01-21 14:51:12,0.0,Pastelería Mantequilla,Pastel Mini Moka,futuro
2026-01-22 14:51:12,0.0,Pastelería Mantequilla,Pastel Mini Moka,futuro
2026-01-23 14:51:12,0.0,Pastelería Mantequilla,Pastel Mini Moka,futuro
2026-01-24 14:51:12,0.0,Pastelería Mantequilla,Pastel Mini Moka,futuro
2026-01-25 14:51:12,0.0,Pastelería Mantequilla,Pastel Mini Moka,futuro
2026-01-26 14:51:12,0.0,Pastelería Mantequilla,Pastel Mini Moka,futuro
2026-01-27 14:51:12,0.0,Pastelería Mantequilla,Pastel Mini Moka,futuro
2026-01-28 14:51:12,0.0,Pastelería Mantequilla,Pastel Mini Moka,futuro
2026-01-29 14:51:12,0.0,Pastelería Mantequilla,Pastel Mini Moka,futuro
2026-01-30 14:51:12,0.0,Pastelería Mantequilla,Pastel Mini Moka,futuro
2026-01-31 14:51:12,0.0,Pastelería Mantequilla,Pastel Mini Moka,futuro
2026-02-01 14:51:12,0.0,Pastelería Mantequilla,Pastel Mini Moka,futuro
2026-02-02 14:51:12,0.0,Pastelería Mantequilla,Pastel Mini Moka,futuro
2026-02-03 14:51:12,0.0,Pastelería Mantequilla,Pastel Mini Moka,futuro
2026-02-04 14:51:12,0.0,Pastelería Mantequilla,Pastel Mini Moka,futuro
2025-11-07 18:16:11,0.0,Pastelería Mantequilla,Pastel Moka Chico,futuro
2025-11-08 18:16:11,0.0,Pastelería Mantequilla,Pastel Moka Chico,futuro
2025-11-09 18:16:11,0.0,Pastelería Mantequilla,Pastel Moka Chico,futuro
2025-11-10 18:16:11,0.0,Pastelería Mantequilla,Pastel Moka Chico,futuro
2025-11-11 18:16:11,0.0,Pastelería Mantequilla,Pastel Moka Chico,futuro
2025-11-12 18:16:11,0.0,Pastelería Mantequilla,Pastel Moka Chico,futuro
2025-11-13 18:16:11,0.0,Pastelería Mantequilla,Pastel Moka Chico,futuro
2025-11-14 18:16:11,0.0,Pastelería Mantequilla,Pastel Moka Chico,futuro
2025-11-15 18:16:11,0.0,Pastelería Mantequilla,Pastel Moka Chico,futuro
2025-11-16 18:16:11,0.0,Pastelería Mantequilla,Pastel Moka Chico,futuro
2025-11-17 18:16:11,0.0,Pastelería Mantequilla,Pastel Moka Chico,futuro
2025-11-18 18:16:11,0.0,Pastelería Mantequilla,Pastel Moka Chico,futuro
2025-11-19 18:16:11,0.0,Pastelería Mantequilla,Pastel Moka Chico,futuro
2025-11-20 18:16:11,0.0,Pastelería Mantequilla,Pastel Moka Chico,futuro
2025-11-21 18:16:11,0.0,Pastelería Mantequilla,Pastel Moka Chico,futuro
2025-11-22 18:16:11,0.0,Pastelería Mantequilla,Pastel Moka Chico,futuro
2025-11-23 18:16:11,0.0,Pastelería Mantequilla,Pastel Moka Chico,futuro
2025-11-24 18:16:11,0.0,Pastelería Mantequilla,Pastel Moka Chico,futuro
2025-11-25 18:16:11,0.0,Pastelería Mantequilla,Pastel Moka Chico,futuro
2025-11-26 18:16:11,0.0,Pastelería Mantequilla,Pastel Moka Chico,futuro
2025-11-27 18:16:11,0.0,Pastelería Mantequilla,Pastel Moka Chico,futuro
2025-11-28 18:16:11,0.0,Pastelería Mantequilla,Pastel Moka Chico,futuro
2025-11-29 18:16:11,0.0,Pastelería Mantequilla,Pastel Moka Chico,futuro
2025-11-30 18:16:11,0.0,Pastelería Mantequilla,Pastel Moka Chico,futuro
2025-12-01 18:16:11,0.0,Pastelería Mantequilla,Pastel Moka Chico,futuro
2025-12-02 18:16:11,0.0,Pastelería Mantequilla,Pastel Moka Chico,futuro
2025-12-03 18:16:11,0.0,Pastelería Mantequilla,Pastel Moka Chico,futuro
2025-12-04 18:16:11,0.0,Pastelería Mantequilla,Pastel Moka Chico,futuro
2025-12-05 18:16:11,0.0,Pastelería Mantequilla,Pastel Moka Chico,futuro
2025-12-06 18:16:11,0.0,Pastelería Mantequilla,Pastel Moka Chico,futuro
2025-12-07 18:16:11,0.0,Pastelería Mantequilla,Pastel Moka Chico,futuro
2025-12-08 18:16:11,0.0,Pastelería Mantequilla,Pastel Moka Chico,futuro
2025-12-09 18:16:11,0.0,Pastelería Mantequilla,Pastel Moka Chico,futuro
2025-12-10 18:16:11,0.0,Pastelería Mantequilla,Pastel Moka Chico,futuro
2025-12-11 18:16:11,0.0,Pastelería Mantequilla,Pastel Moka Chico,futuro
2025-12-12 18:16:11,0.0,Pastelería Mantequilla,Pastel Moka Chico,futuro
2025-12-13 18:16:11,0.0,Pastelería Mantequilla,Pastel Moka Chico,futuro
2025-12-14 18:16:11,0.0,Pastelería Mantequilla,Pastel Moka Chico,futuro
2025-12-15 18:16:11,0.0,Pastelería Mantequilla,Pastel Moka Chico,futuro
2025-12-16 18:16:11,0.0,Pastelería Mantequilla,Pastel Moka Chico,futuro
2025-12-17 18:16:11,0.0,Pastelería Mantequilla,Pastel Moka Chico,futuro
2025-12-18 18:16:11,0.0,Pastelería Mantequilla,Pastel Moka Chico,futuro
2025-12-19 18:16:11,0.0,Pastelería Mantequilla,Pastel Moka Chico,futuro
2025-12-20 18:16:11,0.0,Pastelería Mantequilla,Pastel Moka Chico,futuro
2025-12-21 18:16:11,0.0,Pastelería Mantequilla,Pastel Moka Chico,futuro
2025-12-22 18:16:11,0.0,Pastelería Mantequilla,Pastel Moka Chico,futuro
2025-12-23 18:16:11,0.0,Pastelería Mantequilla,Pastel Moka Chico,futuro
2025-12-24 18:16:11,0.0,Pastelería Mantequilla,Pastel Moka Chico,futuro
2025-12-25 18:16:11,0.0,Pastelería Mantequilla,Pastel Moka Chico,futuro
2025-12-26 18:16:11,0.0,Pastelería Mantequilla,Pastel Moka Chico,futuro
2025-12-27 18:16:11,0.0,Pastelería Mantequilla,Pastel Moka Chico,futuro
2025-12-28 18:16:11,0.0,Pastelería Mantequilla,Pastel Moka Chico,futuro
2025-12-29 18:16:11,0.0,Pastelería Mantequilla,Pastel Moka Chico,futuro
2025-12-30 18:16:11,0.0,Pastelería Mantequilla,Pastel Moka Chico,futuro
2025-12-31 18:16:11,0.0,Pastelería Mantequilla,Pastel Moka Chico,futuro
2026-01-01 18:16:11,0.0,Pastelería Mantequilla,Pastel Moka Chico,futuro
2026-01-02 18:16:11,0.0,Pastelería Mantequilla,Pastel Moka Chico,futuro
2026-01-03 18:16:11,0.0,Pastelería Mantequilla,Pastel Moka Chico,futuro
2026-01-04 18:16:11,0.0,Pastelería Mantequilla,Pastel Moka Chico,futuro
2026-01-05 18:16:11,0.0,Pastelería Mantequilla,Pastel Moka Chico,futuro
2026-01-06 18:16:11,0.0,Pastelería Mantequilla,Pastel Moka Chico,futuro
2026-01-07 18:16:11,0.0,Pastelería Mantequilla,Pastel Moka Chico,futuro
2026-01-08 18:16:11,0.0,Pastelería Mantequilla,Pastel Moka Chico,futuro
2026-01-09 18:16:11,0.0,Pastelería Mantequilla,Pastel Moka Chico,futuro
2026-01-10 18:16:11,0.0,Pastelería Mantequilla,Pastel Moka Chico,futuro
2026-01-11 18:16:11,0.0,Pastelería Mantequilla,Pastel Moka Chico,futuro
2026-01-12 18:16:11,0.0,Pastelería Mantequilla,Pastel Moka Chico,futuro
2026-01-13 18:16:11,0.0,Pastelería Mantequilla,Pastel Moka Chico,futuro
2026-01-14 18:16:11,0.0,Pastelería Mantequilla,Pastel Moka Chico,futuro
2026-01-15 18:16:11,0.0,Pastelería Mantequilla,Pastel Moka Chico,futuro
2026-01-16 18:16:11,0.0,Pastelería Mantequilla,Pastel Moka Chico,futuro
2026-01-17 18:16:11,0.0,Pastelería Mantequilla,Pastel Moka Chico,futuro
2026-01-18 18:16:11,0.0,Pastelería Mantequilla,Pastel Moka Chico,futuro
2026-01-19 18:16:11,0.0,Pastelería Mantequilla,Pastel Moka Chico,futuro
2026-01-20 18:16:11,0.0,Pastelería Mantequilla,Pastel Moka Chico,futuro
2026-01-21 18:16:11,0.0,Pastelería Mantequilla,Pastel Moka Chico,futuro
2026-01-22 18:16:11,0.0,Pastelería Mantequilla,Pastel Moka Chico,futuro
2026-01-23 18:16:11,0.0,Pastelería Mantequilla,Pastel Moka Chico,futuro
2026-01-24 18:16:11,0.0,Pastelería Mantequilla,Pastel Moka Chico,futuro
2026-01-25 18:16:11,0.0,Pastelería Mantequilla,Pastel Moka Chico,futuro
2026-01-26 18:16:11,0.0,Pastelería Mantequilla,Pastel Moka Chico,futuro
2026-01-27 18:16:11,0.0,Pastelería Mantequilla,Pastel Moka Chico,futuro
2026-01-28 18:16:11,0.0,Pastelería Mantequilla,Pastel Moka Chico,futuro
2026-01-29 18:16:11,0.0,Pastelería Mantequilla,Pastel Moka Chico,futuro
2026-01-30 18:16:11,0.0,Pastelería Mantequilla,Pastel Moka Chico,futuro
2026-01-31 18:16:11,0.0,Pastelería Mantequilla,Pastel Moka Chico,futuro
2026-02-01 18:16:11,0.0,Pastelería Mantequilla,Pastel Moka Chico,futuro
2026-02-02 18:16:11,0.0,Pastelería Mantequilla,Pastel Moka Chico,futuro
2026-02-03 18:16:11,0.0,Pastelería Mantequilla,Pastel Moka Chico,futuro
2026-02-04 18:16:11,0.0,Pastelería Mantequilla,Pastel Moka Chico,futuro
2024-09-28 14:54:00,0.0,Pastelería Mantequilla,Pastel Monserrat,futuro
2024-09-29 14:54:00,0.0,Pastelería Mantequilla,Pastel Monserrat,futuro
2024-09-30 14:54:00,0.0,Pastelería Mantequilla,Pastel Monserrat,futuro
2024-10-01 14:54:00,0.0,Pastelería Mantequilla,Pastel Monserrat,futuro
2024-10-02 14:54:00,0.0,Pastelería Mantequilla,Pastel Monserrat,futuro
2024-10-03 14:54:00,0.0,Pastelería Mantequilla,Pastel Monserrat,futuro
2024-10-04 14:54:00,0.0,Pastelería Mantequilla,Pastel Monserrat,futuro
2024-10-05 14:54:00,0.0,Pastelería Mantequilla,Pastel Monserrat,futuro
2024-10-06 14:54:00,0.0,Pastelería Mantequilla,Pastel Monserrat,futuro
2024-10-07 14:54:00,0.0,Pastelería Mantequilla,Pastel Monserrat,futuro
2024-10-08 14:54:00,0.0,Pastelería Mantequilla,Pastel Monserrat,futuro
2024-10-09 14:54:00,0.0,Pastelería Mantequilla,Pastel Monserrat,futuro
2024-10-10 14:54:00,0.0,Pastelería Mantequilla,Pastel Monserrat,futuro
2024-10-11 14:54:00,0.0,Pastelería Mantequilla,Pastel Monserrat,futuro
2024-10-12 14:54:00,0.0,Pastelería Mantequilla,Pastel Monserrat,futuro
2024-10-13 14:54:00,0.0,Pastelería Mantequilla,Pastel Monserrat,futuro
2024-10-14 14:54:00,0.0,Pastelería Mantequilla,Pastel Monserrat,futuro
2024-10-15 14:54:00,0.0,Pastelería Mantequilla,Pastel Monserrat,futuro
2024-10-16 14:54:00,0.0,Pastelería Mantequilla,Pastel Monserrat,futuro
2024-10-17 14:54:00,0.0,Pastelería Mantequilla,Pastel Monserrat,futuro
2024-10-18 14:54:00,0.0,Pastelería Mantequilla,Pastel Monserrat,futuro
2024-10-19 14:54:00,0.0,Pastelería Mantequilla,Pastel Monserrat,futuro
2024-10-20 14:54:00,0.0,Pastelería Mantequilla,Pastel Monserrat,futuro
2024-10-21 14:54:00,0.0,Pastelería Mantequilla,Pastel Monserrat,futuro
2024-10-22 14:54:00,0.0,Pastelería Mantequilla,Pastel Monserrat,futuro
2024-10-23 14:54:00,0.0,Pastelería Mantequilla,Pastel Monserrat,futuro
2024-10-24 14:54:00,0.0,Pastelería Mantequilla,Pastel Monserrat,futuro
2024-10-25 14:54:00,0.0,Pastelería Mantequilla,Pastel Monserrat,futuro
2024-10-26 14:54:00,0.0,Pastelería Mantequilla,Pastel Monserrat,futuro
2024-10-27 14:54:00,0.0,Pastelería Mantequilla,Pastel Monserrat,futuro
2024-10-28 14:54:00,0.0,Pastelería Mantequilla,Pastel Monserrat,futuro
2024-10-29 14:54:00,0.0,Pastelería Mantequilla,Pastel Monserrat,futuro
2024-10-30 14:54:00,0.0,Pastelería Mantequilla,Pastel Monserrat,futuro
2024-10-31 14:54:00,0.0,Pastelería Mantequilla,Pastel Monserrat,futuro
2024-11-01 14:54:00,0.0,Pastelería Mantequilla,Pastel Monserrat,futuro
2024-11-02 14:54:00,0.0,Pastelería Mantequilla,Pastel Monserrat,futuro
2024-11-03 14:54:00,0.0,Pastelería Mantequilla,Pastel Monserrat,futuro
2024-11-04 14:54:00,0.0,Pastelería Mantequilla,Pastel Monserrat,futuro
2024-11-05 14:54:00,0.0,Pastelería Mantequilla,Pastel Monserrat,futuro
2024-11-06 14:54:00,0.0,Pastelería Mantequilla,Pastel Monserrat,futuro
2024-11-07 14:54:00,0.0,Pastelería Mantequilla,Pastel Monserrat,futuro
2024-11-08 14:54:00,0.0,Pastelería Mantequilla,Pastel Monserrat,futuro
2024-11-09 14:54:00,0.0,Pastelería Mantequilla,Pastel Monserrat,futuro
2024-11-10 14:54:00,0.0,Pastelería Mantequilla,Pastel Monserrat,futuro
2024-11-11 14:54:00,0.0,Pastelería Mantequilla,Pastel Monserrat,futuro
2024-11-12 14:54:00,0.0,Pastelería Mantequilla,Pastel Monserrat,futuro
2024-11-13 14:54:00,0.0,Pastelería Mantequilla,Pastel Monserrat,futuro
2024-11-14 14:54:00,0.0,Pastelería Mantequilla,Pastel Monserrat,futuro
2024-11-15 14:54:00,0.0,Pastelería Mantequilla,Pastel Monserrat,futuro
2024-11-16 14:54:00,0.0,Pastelería Mantequilla,Pastel Monserrat,futuro
2024-11-17 14:54:00,0.0,Pastelería Mantequilla,Pastel Monserrat,futuro
2024-11-18 14:54:00,0.0,Pastelería Mantequilla,Pastel Monserrat,futuro
2024-11-19 14:54:00,0.0,Pastelería Mantequilla,Pastel Monserrat,futuro
2024-11-20 14:54:00,0.0,Pastelería Mantequilla,Pastel Monserrat,futuro
2024-11-21 14:54:00,0.0,Pastelería Mantequilla,Pastel Monserrat,futuro
2024-11-22 14:54:00,0.0,Pastelería Mantequilla,Pastel Monserrat,futuro
2024-11-23 14:54:00,0.0,Pastelería Mantequilla,Pastel Monserrat,futuro
2024-11-24 14:54:00,0.0,Pastelería Mantequilla,Pastel Monserrat,futuro
2024-11-25 14:54:00,0.0,Pastelería Mantequilla,Pastel Monserrat,futuro
2024-11-26 14:54:00,0.0,Pastelería Mantequilla,Pastel Monserrat,futuro
2024-11-27 14:54:00,0.0,Pastelería Mantequilla,Pastel Monserrat,futuro
2024-11-28 14:54:00,0.0,Pastelería Mantequilla,Pastel Monserrat,futuro
2024-11-29 14:54:00,0.0,Pastelería Mantequilla,Pastel Monserrat,futuro
2024-11-30 14:54:00,0.0,Pastelería Mantequilla,Pastel Monserrat,futuro
2024-12-01 14:54:00,0.0,Pastelería Mantequilla,Pastel Monserrat,futuro
2024-12-02 14:54:00,0.0,Pastelería Mantequilla,Pastel Monserrat,futuro
2024-12-03 14:54:00,0.0,Pastelería Mantequilla,Pastel Monserrat,futuro
2024-12-04 14:54:00,0.0,Pastelería Mantequilla,Pastel Monserrat,futuro
2024-12-05 14:54:00,0.0,Pastelería Mantequilla,Pastel Monserrat,futuro
2024-12-06 14:54:00,0.0,Pastelería Mantequilla,Pastel Monserrat,futuro
2024-12-07 14:54:00,0.0,Pastelería Mantequilla,Pastel Monserrat,futuro
2024-12-08 14:54:00,0.0,Pastelería Mantequilla,Pastel Monserrat,futuro
2024-12-09 14:54:00,0.0,Pastelería Mantequilla,Pastel Monserrat,futuro
2024-12-10 14:54:00,0.0,Pastelería Mantequilla,Pastel Monserrat,futuro
2024-12-11 14:54:00,0.0,Pastelería Mantequilla,Pastel Monserrat,futuro
2024-12-12 14:54:00,0.0,Pastelería Mantequilla,Pastel Monserrat,futuro
2024-12-13 14:54:00,0.0,Pastelería Mantequilla,Pastel Monserrat,futuro
2024-12-14 14:54:00,0.0,Pastelería Mantequilla,Pastel Monserrat,futuro
2024-12-15 14:54:00,0.0,Pastelería Mantequilla,Pastel Monserrat,futuro
2024-12-16 14:54:00,0.0,Pastelería Mantequilla,Pastel Monserrat,futuro
2024-12-17 14:54:00,0.0,Pastelería Mantequilla,Pastel Monserrat,futuro
2024-12-18 14:54:00,0.0,Pastelería Mantequilla,Pastel Monserrat,futuro
2024-12-19 14:54:00,0.0,Pastelería Mantequilla,Pastel Monserrat,futuro
2024-12-20 14:54:00,0.0,Pastelería Mantequilla,Pastel Monserrat,futuro
2024-12-21 14:54:00,0.0,Pastelería Mantequilla,Pastel Monserrat,futuro
2024-12-22 14:54:00,0.0,Pastelería Mantequilla,Pastel Monserrat,futuro
2024-12-23 14:54:00,0.0,Pastelería Mantequilla,Pastel Monserrat,futuro
2024-12-24 14:54:00,0.0,Pastelería Mantequilla,Pastel Monserrat,futuro
2024-12-25 14:54:00,0.0,Pastelería Mantequilla,Pastel Monserrat,futuro
2024-12-26 14:54:00,0.0,Pastelería Mantequilla,Pastel Monserrat,futuro
2025-11-06 16:05:36,0.0,Pastelería Mantequilla,Pastel aleman redondo grande,futuro
2025-11-07 16:05:36,0.0,Pastelería Mantequilla,Pastel aleman redondo grande,futuro
2025-11-08 16:05:36,0.0,Pastelería Mantequilla,Pastel aleman redondo grande,futuro
2025-11-09 16:05:36,0.0,Pastelería Mantequilla,Pastel aleman redondo grande,futuro
2025-11-10 16:05:36,0.0,Pastelería Mantequilla,Pastel aleman redondo grande,futuro
2025-11-11 16:05:36,0.0,Pastelería Mantequilla,Pastel aleman redondo grande,futuro
2025-11-12 16:05:36,0.0,Pastelería Mantequilla,Pastel aleman redondo grande,futuro
2025-11-13 16:05:36,0.0,Pastelería Mantequilla,Pastel aleman redondo grande,futuro
2025-11-14 16:05:36,0.0,Pastelería Mantequilla,Pastel aleman redondo grande,futuro
2025-11-15 16:05:36,0.0,Pastelería Mantequilla,Pastel aleman redondo grande,futuro
2025-11-16 16:05:36,0.0,Pastelería Mantequilla,Pastel aleman redondo grande,futuro
2025-11-17 16:05:36,0.0,Pastelería Mantequilla,Pastel aleman redondo grande,futuro
2025-11-18 16:05:36,0.0,Pastelería Mantequilla,Pastel aleman redondo grande,futuro
2025-11-19 16:05:36,0.0,Pastelería Mantequilla,Pastel aleman redondo grande,futuro
2025-11-20 16:05:36,0.0,Pastelería Mantequilla,Pastel aleman redondo grande,futuro
2025-11-21 16:05:36,0.0,Pastelería Mantequilla,Pastel aleman redondo grande,futuro
2025-11-22 16:05:36,0.0,Pastelería Mantequilla,Pastel aleman redondo grande,futuro
2025-11-23 16:05:36,0.0,Pastelería Mantequilla,Pastel aleman redondo grande,futuro
2025-11-24 16:05:36,0.0,Pastelería Mantequilla,Pastel aleman redondo grande,futuro
2025-11-25 16:05:36,0.0,Pastelería Mantequilla,Pastel aleman redondo grande,futuro
2025-11-26 16:05:36,0.0,Pastelería Mantequilla,Pastel aleman redondo grande,futuro
2025-11-27 16:05:36,0.0,Pastelería Mantequilla,Pastel aleman redondo grande,futuro
2025-11-28 16:05:36,0.0,Pastelería Mantequilla,Pastel aleman redondo grande,futuro
2025-11-29 16:05:36,0.0,Pastelería Mantequilla,Pastel aleman redondo grande,futuro
2025-11-30 16:05:36,0.0,Pastelería Mantequilla,Pastel aleman redondo grande,futuro
2025-12-01 16:05:36,0.0,Pastelería Mantequilla,Pastel aleman redondo grande,futuro
2025-12-02 16:05:36,0.0,Pastelería Mantequilla,Pastel aleman redondo grande,futuro
2025-12-03 16:05:36,0.0,Pastelería Mantequilla,Pastel aleman redondo grande,futuro
2025-12-04 16:05:36,0.0,Pastelería Mantequilla,Pastel aleman redondo grande,futuro
2025-12-05 16:05:36,0.0,Pastelería Mantequilla,Pastel aleman redondo grande,futuro
2025-12-06 16:05:36,0.0,Pastelería Mantequilla,Pastel aleman redondo grande,futuro
2025-12-07 16:05:36,0.0,Pastelería Mantequilla,Pastel aleman redondo grande,futuro
2025-12-08 16:05:36,0.0,Pastelería Mantequilla,Pastel aleman redondo grande,futuro
2025-12-09 16:05:36,0.0,Pastelería Mantequilla,Pastel aleman redondo grande,futuro
2025-12-10 16:05:36,0.0,Pastelería Mantequilla,Pastel aleman redondo grande,futuro
2025-12-11 16:05:36,0.0,Pastelería Mantequilla,Pastel aleman redondo grande,futuro
2025-12-12 16:05:36,0.0,Pastelería Mantequilla,Pastel aleman redondo grande,futuro
2025-12-13 16:05:36,0.0,Pastelería Mantequilla,Pastel aleman redondo grande,futuro
2025-12-14 16:05:36,0.0,Pastelería Mantequilla,Pastel aleman redondo grande,futuro
2025-12-15 16:05:36,0.0,Pastelería Mantequilla,Pastel aleman redondo grande,futuro
2025-12-16 16:05:36,0.0,Pastelería Mantequilla,Pastel aleman redondo grande,futuro
2025-12-17 16:05:36,0.0,Pastelería Mantequilla,Pastel aleman redondo grande,futuro
2025-12-18 16:05:36,0.0,Pastelería Mantequilla,Pastel aleman redondo grande,futuro
2025-12-19 16:05:36,0.0,Pastelería Mantequilla,Pastel aleman redondo grande,futuro
2025-12-20 16:05:36,0.0,Pastelería Mantequilla,Pastel aleman redondo grande,futuro
2025-12-21 16:05:36,0.0,Pastelería Mantequilla,Pastel aleman redondo grande,futuro
2025-12-22 16:05:36,0.0,Pastelería Mantequilla,Pastel aleman redondo grande,futuro
2025-12-23 16:05:36,0.0,Pastelería Mantequilla,Pastel aleman redondo grande,futuro
2025-12-24 16:05:36,0.0,Pastelería Mantequilla,Pastel aleman redondo grande,futuro
2025-12-25 16:05:36,0.0,Pastelería Mantequilla,Pastel aleman redondo grande,futuro
2025-12-26 16:05:36,0.0,Pastelería Mantequilla,Pastel aleman redondo grande,futuro
2025-12-27 16:05:36,0.0,Pastelería Mantequilla,Pastel aleman redondo grande,futuro
2025-12-28 16:05:36,0.0,Pastelería Mantequilla,Pastel aleman redondo grande,futuro
2025-12-29 16:05:36,0.0,Pastelería Mantequilla,Pastel aleman redondo grande,futuro
2025-12-30 16:05:36,0.0,Pastelería Mantequilla,Pastel aleman redondo grande,futuro
2025-12-31 16:05:36,0.0,Pastelería Mantequilla,Pastel aleman redondo grande,futuro
2026-01-01 16:05:36,0.0,Pastelería Mantequilla,Pastel aleman redondo grande,futuro
2026-01-02 16:05:36,0.0,Pastelería Mantequilla,Pastel aleman redondo grande,futuro
2026-01-03 16:05:36,0.0,Pastelería Mantequilla,Pastel aleman redondo grande,futuro
2026-01-04 16:05:36,0.0,Pastelería Mantequilla,Pastel aleman redondo grande,futuro
2026-01-05 16:05:36,0.0,Pastelería Mantequilla,Pastel aleman redondo grande,futuro
2026-01-06 16:05:36,0.0,Pastelería Mantequilla,Pastel aleman redondo grande,futuro
2026-01-07 16:05:36,0.0,Pastelería Mantequilla,Pastel aleman redondo grande,futuro
2026-01-08 16:05:36,0.0,Pastelería Mantequilla,Pastel aleman redondo grande,futuro
2026-01-09 16:05:36,0.0,Pastelería Mantequilla,Pastel aleman redondo grande,futuro
2026-01-10 16:05:36,0.0,Pastelería Mantequilla,Pastel aleman redondo grande,futuro
2026-01-11 16:05:36,0.0,Pastelería Mantequilla,Pastel aleman redondo grande,futuro
2026-01-12 16:05:36,0.0,Pastelería Mantequilla,Pastel aleman redondo grande,futuro
2026-01-13 16:05:36,0.0,Pastelería Mantequilla,Pastel aleman redondo grande,futuro
2026-01-14 16:05:36,0.0,Pastelería Mantequilla,Pastel aleman redondo grande,futuro
2026-01-15 16:05:36,0.0,Pastelería Mantequilla,Pastel aleman redondo grande,futuro
2026-01-16 16:05:36,0.0,Pastelería Mantequilla,Pastel aleman redondo grande,futuro
2026-01-17 16:05:36,0.0,Pastelería Mantequilla,Pastel aleman redondo grande,futuro
2026-01-18 16:05:36,0.0,Pastelería Mantequilla,Pastel aleman redondo grande,futuro
2026-01-19 16:05:36,0.0,Pastelería Mantequilla,Pastel aleman redondo grande,futuro
2026-01-20 16:05:36,0.0,Pastelería Mantequilla,Pastel aleman redondo grande,futuro
2026-01-21 16:05:36,0.0,Pastelería Mantequilla,Pastel aleman redondo grande,futuro
2026-01-22 16:05:36,0.0,Pastelería Mantequilla,Pastel aleman redondo grande,futuro
2026-01-23 16:05:36,0.0,Pastelería Mantequilla,Pastel aleman redondo grande,futuro
2026-01-24 16:05:36,0.0,Pastelería Mantequilla,Pastel aleman redondo grande,futuro
2026-01-25 16:05:36,0.0,Pastelería Mantequilla,Pastel aleman redondo grande,futuro
2026-01-26 16:05:36,0.0,Pastelería Mantequilla,Pastel aleman redondo grande,futuro
2026-01-27 16:05:36,0.0,Pastelería Mantequilla,Pastel aleman redondo grande,futuro
2026-01-28 16:05:36,0.0,Pastelería Mantequilla,Pastel aleman redondo grande,futuro
2026-01-29 16:05:36,0.0,Pastelería Mantequilla,Pastel aleman redondo grande,futuro
2026-01-30 16:05:36,0.0,Pastelería Mantequilla,Pastel aleman redondo grande,futuro
2026-01-31 16:05:36,0.0,Pastelería Mantequilla,Pastel aleman redondo grande,futuro
2026-02-01 16:05:36,0.0,Pastelería Mantequilla,Pastel aleman redondo grande,futuro
2026-02-02 16:05:36,0.0,Pastelería Mantequilla,Pastel aleman redondo grande,futuro
2026-02-03 16:05:36,0.0,Pastelería Mantequilla,Pastel aleman redondo grande,futuro
2025-11-07 12:32:04,0.0,Pastelería Mantequilla,Pastel cajeta redondo,futuro
2025-11-08 12:32:04,0.0,Pastelería Mantequilla,Pastel cajeta redondo,futuro
2025-11-09 12:32:04,0.0,Pastelería Mantequilla,Pastel cajeta redondo,futuro
2025-11-10 12:32:04,0.0,Pastelería Mantequilla,Pastel cajeta redondo,futuro
2025-11-11 12:32:04,0.0,Pastelería Mantequilla,Pastel cajeta redondo,futuro
2025-11-12 12:32:04,0.0,Pastelería Mantequilla,Pastel cajeta redondo,futuro
2025-11-13 12:32:04,0.0,Pastelería Mantequilla,Pastel cajeta redondo,futuro
2025-11-14 12:32:04,0.0,Pastelería Mantequilla,Pastel cajeta redondo,futuro
2025-11-15 12:32:04,0.0,Pastelería Mantequilla,Pastel cajeta redondo,futuro
2025-11-16 12:32:04,0.0,Pastelería Mantequilla,Pastel cajeta redondo,futuro
2025-11-17 12:32:04,0.0,Pastelería Mantequilla,Pastel cajeta redondo,futuro
2025-11-18 12:32:04,0.0,Pastelería Mantequilla,Pastel cajeta redondo,futuro
2025-11-19 12:32:04,0.0,Pastelería Mantequilla,Pastel cajeta redondo,futuro
2025-11-20 12:32:04,0.0,Pastelería Mantequilla,Pastel cajeta redondo,futuro
2025-11-21 12:32:04,0.0,Pastelería Mantequilla,Pastel cajeta redondo,futuro
2025-11-22 12:32:04,0.0,Pastelería Mantequilla,Pastel cajeta redondo,futuro
2025-11-23 12:32:04,0.0,Pastelería Mantequilla,Pastel cajeta redondo,futuro
2025-11-24 12:32:04,0.0,Pastelería Mantequilla,Pastel cajeta redondo,futuro
2025-11-25 12:32:04,0.0,Pastelería Mantequilla,Pastel cajeta redondo,futuro
2025-11-26 12:32:04,0.0,Pastelería Mantequilla,Pastel cajeta redondo,futuro
2025-11-27 12:32:04,0.0,Pastelería Mantequilla,Pastel cajeta redondo,futuro
2025-11-28 12:32:04,0.0,Pastelería Mantequilla,Pastel cajeta redondo,futuro
2025-11-29 12:32:04,0.0,Pastelería Mantequilla,Pastel cajeta redondo,futuro
2025-11-30 12:32:04,0.0,Pastelería Mantequilla,Pastel cajeta redondo,futuro
2025-12-01 12:32:04,0.0,Pastelería Mantequilla,Pastel cajeta redondo,futuro
2025-12-02 12:32:04,0.0,Pastelería Mantequilla,Pastel cajeta redondo,futuro
2025-12-03 12:32:04,0.0,Pastelería Mantequilla,Pastel cajeta redondo,futuro
2025-12-04 12:32:04,0.0,Pastelería Mantequilla,Pastel cajeta redondo,futuro
2025-12-05 12:32:04,0.0,Pastelería Mantequilla,Pastel cajeta redondo,futuro
2025-12-06 12:32:04,0.0,Pastelería Mantequilla,Pastel cajeta redondo,futuro
2025-12-07 12:32:04,0.0,Pastelería Mantequilla,Pastel cajeta redondo,futuro
2025-12-08 12:32:04,0.0,Pastelería Mantequilla,Pastel cajeta redondo,futuro
2025-12-09 12:32:04,0.0,Pastelería Mantequilla,Pastel cajeta redondo,futuro
2025-12-10 12:32:04,0.0,Pastelería Mantequilla,Pastel cajeta redondo,futuro
2025-12-11 12:32:04,0.0,Pastelería Mantequilla,Pastel cajeta redondo,futuro
2025-12-12 12:32:04,0.0,Pastelería Mantequilla,Pastel cajeta redondo,futuro
2025-12-13 12:32:04,0.0,Pastelería Mantequilla,Pastel cajeta redondo,futuro
2025-12-14 12:32:04,0.0,Pastelería Mantequilla,Pastel cajeta redondo,futuro
2025-12-15 12:32:04,0.0,Pastelería Mantequilla,Pastel cajeta redondo,futuro
2025-12-16 12:32:04,0.0,Pastelería Mantequilla,Pastel cajeta redondo,futuro
2025-12-17 12:32:04,0.0,Pastelería Mantequilla,Pastel cajeta redondo,futuro
2025-12-18 12:32:04,0.0,Pastelería Mantequilla,Pastel cajeta redondo,futuro
2025-12-19 12:32:04,0.0,Pastelería Mantequilla,Pastel cajeta redondo,futuro
2025-12-20 12:32:04,0.0,Pastelería Mantequilla,Pastel cajeta redondo,futuro
2025-12-21 12:32:04,0.0,Pastelería Mantequilla,Pastel cajeta redondo,futuro
2025-12-22 12:32:04,0.0,Pastelería Mantequilla,Pastel cajeta redondo,futuro
2025-12-23 12:32:04,0.0,Pastelería Mantequilla,Pastel cajeta redondo,futuro
2025-12-24 12:32:04,0.0,Pastelería Mantequilla,Pastel cajeta redondo,futuro
2025-12-25 12:32:04,0.0,Pastelería Mantequilla,Pastel cajeta redondo,futuro
2025-12-26 12:32:04,0.0,Pastelería Mantequilla,Pastel cajeta redondo,futuro
2025-12-27 12:32:04,0.0,Pastelería Mantequilla,Pastel cajeta redondo,futuro
2025-12-28 12:32:04,0.0,Pastelería Mantequilla,Pastel cajeta redondo,futuro
2025-12-29 12:32:04,0.0,Pastelería Mantequilla,Pastel cajeta redondo,futuro
2025-12-30 12:32:04,0.0,Pastelería Mantequilla,Pastel cajeta redondo,futuro
2025-12-31 12:32:04,0.0,Pastelería Mantequilla,Pastel cajeta redondo,futuro
2026-01-01 12:32:04,0.0,Pastelería Mantequilla,Pastel cajeta redondo,futuro
2026-01-02 12:32:04,0.0,Pastelería Mantequilla,Pastel cajeta redondo,futuro
2026-01-03 12:32:04,0.0,Pastelería Mantequilla,Pastel cajeta redondo,futuro
2026-01-04 12:32:04,0.0,Pastelería Mantequilla,Pastel cajeta redondo,futuro
2026-01-05 12:32:04,0.0,Pastelería Mantequilla,Pastel cajeta redondo,futuro
2026-01-06 12:32:04,0.0,Pastelería Mantequilla,Pastel cajeta redondo,futuro
2026-01-07 12:32:04,0.0,Pastelería Mantequilla,Pastel cajeta redondo,futuro
2026-01-08 12:32:04,0.0,Pastelería Mantequilla,Pastel cajeta redondo,futuro
2026-01-09 12:32:04,0.0,Pastelería Mantequilla,Pastel cajeta redondo,futuro
2026-01-10 12:32:04,0.0,Pastelería Mantequilla,Pastel cajeta redondo,futuro
2026-01-11 12:32:04,0.0,Pastelería Mantequilla,Pastel cajeta redondo,futuro
2026-01-12 12:32:04,0.0,Pastelería Mantequilla,Pastel cajeta redondo,futuro
2026-01-13 12:32:04,0.0,Pastelería Mantequilla,Pastel cajeta redondo,futuro
2026-01-14 12:32:04,0.0,Pastelería Mantequilla,Pastel cajeta redondo,futuro
2026-01-15 12:32:04,0.0,Pastelería Mantequilla,Pastel cajeta redondo,futuro
2026-01-16 12:32:04,0.0,Pastelería Mantequilla,Pastel cajeta redondo,futuro
2026-01-17 12:32:04,0.0,Pastelería Mantequilla,Pastel cajeta redondo,futuro
2026-01-18 12:32:04,0.0,Pastelería Mantequilla,Pastel cajeta redondo,futuro
2026-01-19 12:32:04,0.0,Pastelería Mantequilla,Pastel cajeta redondo,futuro
2026-01-20 12:32:04,0.0,Pastelería Mantequilla,Pastel cajeta redondo,futuro
2026-01-21 12:32:04,0.0,Pastelería Mantequilla,Pastel cajeta redondo,futuro
2026-01-22 12:32:04,0.0,Pastelería Mantequilla,Pastel cajeta redondo,futuro
2026-01-23 12:32:04,0.0,Pastelería Mantequilla,Pastel cajeta redondo,futuro
2026-01-24 12:32:04,0.0,Pastelería Mantequilla,Pastel cajeta redondo,futuro
2026-01-25 12:32:04,0.0,Pastelería Mantequilla,Pastel cajeta redondo,futuro
2026-01-26 12:32:04,0.0,Pastelería Mantequilla,Pastel cajeta redondo,futuro
2026-01-27 12:32:04,0.0,Pastelería Mantequilla,Pastel cajeta redondo,futuro
2026-01-28 12:32:04,0.0,Pastelería Mantequilla,Pastel cajeta redondo,futuro
2026-01-29 12:32:04,0.0,Pastelería Mantequilla,Pastel cajeta redondo,futuro
2026-01-30 12:32:04,0.0,Pastelería Mantequilla,Pastel cajeta redondo,futuro
2026-01-31 12:32:04,0.0,Pastelería Mantequilla,Pastel cajeta redondo,futuro
2026-02-01 12:32:04,0.0,Pastelería Mantequilla,Pastel cajeta redondo,futuro
2026-02-02 12:32:04,0.0,Pastelería Mantequilla,Pastel cajeta redondo,futuro
2026-02-03 12:32:04,0.0,Pastelería Mantequilla,Pastel cajeta redondo,futuro
2026-02-04 12:32:04,0.0,Pastelería Mantequilla,Pastel cajeta redondo,futuro
2024-06-16 20:05:12,0.0,Pastelería Mantequilla,Pastel de nuez redondo,futuro
2024-06-17 20:05:12,0.0,Pastelería Mantequilla,Pastel de nuez redondo,futuro
2024-06-18 20:05:12,0.0,Pastelería Mantequilla,Pastel de nuez redondo,futuro
2024-06-19 20:05:12,0.0,Pastelería Mantequilla,Pastel de nuez redondo,futuro
2024-06-20 20:05:12,0.0,Pastelería Mantequilla,Pastel de nuez redondo,futuro
2024-06-21 20:05:12,0.0,Pastelería Mantequilla,Pastel de nuez redondo,futuro
2024-06-22 20:05:12,0.0,Pastelería Mantequilla,Pastel de nuez redondo,futuro
2024-06-23 20:05:12,0.0,Pastelería Mantequilla,Pastel de nuez redondo,futuro
2024-06-24 20:05:12,0.0,Pastelería Mantequilla,Pastel de nuez redondo,futuro
2024-06-25 20:05:12,0.0,Pastelería Mantequilla,Pastel de nuez redondo,futuro
2024-06-26 20:05:12,0.0,Pastelería Mantequilla,Pastel de nuez redondo,futuro
2024-06-27 20:05:12,0.0,Pastelería Mantequilla,Pastel de nuez redondo,futuro
2024-06-28 20:05:12,0.0,Pastelería Mantequilla,Pastel de nuez redondo,futuro
2024-06-29 20:05:12,0.0,Pastelería Mantequilla,Pastel de nuez redondo,futuro
2024-06-30 20:05:12,0.0,Pastelería Mantequilla,Pastel de nuez redondo,futuro
2024-07-01 20:05:12,0.0,Pastelería Mantequilla,Pastel de nuez redondo,futuro
2024-07-02 20:05:12,0.0,Pastelería Mantequilla,Pastel de nuez redondo,futuro
2024-07-03 20:05:12,0.0,Pastelería Mantequilla,Pastel de nuez redondo,futuro
2024-07-04 20:05:12,0.0,Pastelería Mantequilla,Pastel de nuez redondo,futuro
2024-07-05 20:05:12,0.0,Pastelería Mantequilla,Pastel de nuez redondo,futuro
2024-07-06 20:05:12,0.0,Pastelería Mantequilla,Pastel de nuez redondo,futuro
2024-07-07 20:05:12,0.0,Pastelería Mantequilla,Pastel de nuez redondo,futuro
2024-07-08 20:05:12,0.0,Pastelería Mantequilla,Pastel de nuez redondo,futuro
2024-07-09 20:05:12,0.0,Pastelería Mantequilla,Pastel de nuez redondo,futuro
2024-07-10 20:05:12,0.0,Pastelería Mantequilla,Pastel de nuez redondo,futuro
2024-07-11 20:05:12,0.0,Pastelería Mantequilla,Pastel de nuez redondo,futuro
2024-07-12 20:05:12,0.0,Pastelería Mantequilla,Pastel de nuez redondo,futuro
2024-07-13 20:05:12,0.0,Pastelería Mantequilla,Pastel de nuez redondo,futuro
2024-07-14 20:05:12,0.0,Pastelería Mantequilla,Pastel de nuez redondo,futuro
2024-07-15 20:05:12,0.0,Pastelería Mantequilla,Pastel de nuez redondo,futuro
2024-07-16 20:05:12,0.0,Pastelería Mantequilla,Pastel de nuez redondo,futuro
2024-07-17 20:05:12,0.0,Pastelería Mantequilla,Pastel de nuez redondo,futuro
2024-07-18 20:05:12,0.0,Pastelería Mantequilla,Pastel de nuez redondo,futuro
2024-07-19 20:05:12,0.0,Pastelería Mantequilla,Pastel de nuez redondo,futuro
2024-07-20 20:05:12,0.0,Pastelería Mantequilla,Pastel de nuez redondo,futuro
2024-07-21 20:05:12,0.0,Pastelería Mantequilla,Pastel de nuez redondo,futuro
2024-07-22 20:05:12,0.0,Pastelería Mantequilla,Pastel de nuez redondo,futuro
2024-07-23 20:05:12,0.0,Pastelería Mantequilla,Pastel de nuez redondo,futuro
2024-07-24 20:05:12,0.0,Pastelería Mantequilla,Pastel de nuez redondo,futuro
2024-07-25 20:05:12,0.0,Pastelería Mantequilla,Pastel de nuez redondo,futuro
2024-07-26 20:05:12,0.0,Pastelería Mantequilla,Pastel de nuez redondo,futuro
2024-07-27 20:05:12,0.0,Pastelería Mantequilla,Pastel de nuez redondo,futuro
2024-07-28 20:05:12,0.0,Pastelería Mantequilla,Pastel de nuez redondo,futuro
2024-07-29 20:05:12,0.0,Pastelería Mantequilla,Pastel de nuez redondo,futuro
2024-07-30 20:05:12,0.0,Pastelería Mantequilla,Pastel de nuez redondo,futuro
2024-07-31 20:05:12,0.0,Pastelería Mantequilla,Pastel de nuez redondo,futuro
2024-08-01 20:05:12,0.0,Pastelería Mantequilla,Pastel de nuez redondo,futuro
2024-08-02 20:05:12,0.0,Pastelería Mantequilla,Pastel de nuez redondo,futuro
2024-08-03 20:05:12,0.0,Pastelería Mantequilla,Pastel de nuez redondo,futuro
2024-08-04 20:05:12,0.0,Pastelería Mantequilla,Pastel de nuez redondo,futuro
2024-08-05 20:05:12,0.0,Pastelería Mantequilla,Pastel de nuez redondo,futuro
2024-08-06 20:05:12,0.0,Pastelería Mantequilla,Pastel de nuez redondo,futuro
2024-08-07 20:05:12,0.0,Pastelería Mantequilla,Pastel de nuez redondo,futuro
2024-08-08 20:05:12,0.0,Pastelería Mantequilla,Pastel de nuez redondo,futuro
2024-08-09 20:05:12,0.0,Pastelería Mantequilla,Pastel de nuez redondo,futuro
2024-08-10 20:05:12,0.0,Pastelería Mantequilla,Pastel de nuez redondo,futuro
2024-08-11 20:05:12,0.0,Pastelería Mantequilla,Pastel de nuez redondo,futuro
2024-08-12 20:05:12,0.0,Pastelería Mantequilla,Pastel de nuez redondo,futuro
2024-08-13 20:05:12,0.0,Pastelería Mantequilla,Pastel de nuez redondo,futuro
2024-08-14 20:05:12,0.0,Pastelería Mantequilla,Pastel de nuez redondo,futuro
2024-08-15 20:05:12,0.0,Pastelería Mantequilla,Pastel de nuez redondo,futuro
2024-08-16 20:05:12,0.0,Pastelería Mantequilla,Pastel de nuez redondo,futuro
2024-08-17 20:05:12,0.0,Pastelería Mantequilla,Pastel de nuez redondo,futuro
2024-08-18 20:05:12,0.0,Pastelería Mantequilla,Pastel de nuez redondo,futuro
2024-08-19 20:05:12,0.0,Pastelería Mantequilla,Pastel de nuez redondo,futuro
2024-08-20 20:05:12,0.0,Pastelería Mantequilla,Pastel de nuez redondo,futuro
2024-08-21 20:05:12,0.0,Pastelería Mantequilla,Pastel de nuez redondo,futuro
2024-08-22 20:05:12,0.0,Pastelería Mantequilla,Pastel de nuez redondo,futuro
2024-08-23 20:05:12,0.0,Pastelería Mantequilla,Pastel de nuez redondo,futuro
2024-08-24 20:05:12,0.0,Pastelería Mantequilla,Pastel de nuez redondo,futuro
2024-08-25 20:05:12,0.0,Pastelería Mantequilla,Pastel de nuez redondo,futuro
2024-08-26 20:05:12,0.0,Pastelería Mantequilla,Pastel de nuez redondo,futuro
2024-08-27 20:05:12,0.0,Pastelería Mantequilla,Pastel de nuez redondo,futuro
2024-08-28 20:05:12,0.0,Pastelería Mantequilla,Pastel de nuez redondo,futuro
2024-08-29 20:05:12,0.0,Pastelería Mantequilla,Pastel de nuez redondo,futuro
2024-08-30 20:05:12,0.0,Pastelería Mantequilla,Pastel de nuez redondo,futuro
2024-08-31 20:05:12,0.0,Pastelería Mantequilla,Pastel de nuez redondo,futuro
2024-09-01 20:05:12,0.0,Pastelería Mantequilla,Pastel de nuez redondo,futuro
2024-09-02 20:05:12,0.0,Pastelería Mantequilla,Pastel de nuez redondo,futuro
2024-09-03 20:05:12,0.0,Pastelería Mantequilla,Pastel de nuez redondo,futuro
2024-09-04 20:05:12,0.0,Pastelería Mantequilla,Pastel de nuez redondo,futuro
2024-09-05 20:05:12,0.0,Pastelería Mantequilla,Pastel de nuez redondo,futuro
2024-09-06 20:05:12,0.0,Pastelería Mantequilla,Pastel de nuez redondo,futuro
2024-09-07 20:05:12,0.0,Pastelería Mantequilla,Pastel de nuez redondo,futuro
2024-09-08 20:05:12,0.0,Pastelería Mantequilla,Pastel de nuez redondo,futuro
2024-09-09 20:05:12,0.0,Pastelería Mantequilla,Pastel de nuez redondo,futuro
2024-09-10 20:05:12,0.0,Pastelería Mantequilla,Pastel de nuez redondo,futuro
2024-09-11 20:05:12,0.0,Pastelería Mantequilla,Pastel de nuez redondo,futuro
2024-09-12 20:05:12,0.0,Pastelería Mantequilla,Pastel de nuez redondo,futuro
2024-09-13 20:05:12,0.0,Pastelería Mantequilla,Pastel de nuez redondo,futuro
2025-11-07 10:18:23,0.0,Pastelería Mantequilla,Pastel mini matilda,futuro
2025-11-08 10:18:23,0.0,Pastelería Mantequilla,Pastel mini matilda,futuro
2025-11-09 10:18:23,0.0,Pastelería Mantequilla,Pastel mini matilda,futuro
2025-11-10 10:18:23,0.0,Pastelería Mantequilla,Pastel mini matilda,futuro
2025-11-11 10:18:23,0.0,Pastelería Mantequilla,Pastel mini matilda,futuro
2025-11-12 10:18:23,0.0,Pastelería Mantequilla,Pastel mini matilda,futuro
2025-11-13 10:18:23,0.0,Pastelería Mantequilla,Pastel mini matilda,futuro
2025-11-14 10:18:23,0.0,Pastelería Mantequilla,Pastel mini matilda,futuro
2025-11-15 10:18:23,0.0,Pastelería Mantequilla,Pastel mini matilda,futuro
2025-11-16 10:18:23,0.0,Pastelería Mantequilla,Pastel mini matilda,futuro
2025-11-17 10:18:23,0.0,Pastelería Mantequilla,Pastel mini matilda,futuro
2025-11-18 10:18:23,0.0,Pastelería Mantequilla,Pastel mini matilda,futuro
2025-11-19 10:18:23,0.0,Pastelería Mantequilla,Pastel mini matilda,futuro
2025-11-20 10:18:23,0.0,Pastelería Mantequilla,Pastel mini matilda,futuro
2025-11-21 10:18:23,0.0,Pastelería Mantequilla,Pastel mini matilda,futuro
2025-11-22 10:18:23,0.0,Pastelería Mantequilla,Pastel mini matilda,futuro
2025-11-23 10:18:23,0.0,Pastelería Mantequilla,Pastel mini matilda,futuro
2025-11-24 10:18:23,0.0,Pastelería Mantequilla,Pastel mini matilda,futuro
2025-11-25 10:18:23,0.0,Pastelería Mantequilla,Pastel mini matilda,futuro
2025-11-26 10:18:23,0.0,Pastelería Mantequilla,Pastel mini matilda,futuro
2025-11-27 10:18:23,0.0,Pastelería Mantequilla,Pastel mini matilda,futuro
2025-11-28 10:18:23,0.0,Pastelería Mantequilla,Pastel mini matilda,futuro
2025-11-29 10:18:23,0.0,Pastelería Mantequilla,Pastel mini matilda,futuro
2025-11-30 10:18:23,0.0,Pastelería Mantequilla,Pastel mini matilda,futuro
2025-12-01 10:18:23,0.0,Pastelería Mantequilla,Pastel mini matilda,futuro
2025-12-02 10:18:23,0.0,Pastelería Mantequilla,Pastel mini matilda,futuro
2025-12-03 10:18:23,0.0,Pastelería Mantequilla,Pastel mini matilda,futuro
2025-12-04 10:18:23,0.0,Pastelería Mantequilla,Pastel mini matilda,futuro
2025-12-05 10:18:23,0.0,Pastelería Mantequilla,Pastel mini matilda,futuro
2025-12-06 10:18:23,0.0,Pastelería Mantequilla,Pastel mini matilda,futuro
2025-12-07 10:18:23,0.0,Pastelería Mantequilla,Pastel mini matilda,futuro
2025-12-08 10:18:23,0.0,Pastelería Mantequilla,Pastel mini matilda,futuro
2025-12-09 10:18:23,0.0,Pastelería Mantequilla,Pastel mini matilda,futuro
2025-12-10 10:18:23,0.0,Pastelería Mantequilla,Pastel mini matilda,futuro
2025-12-11 10:18:23,0.0,Pastelería Mantequilla,Pastel mini matilda,futuro
2025-12-12 10:18:23,0.0,Pastelería Mantequilla,Pastel mini matilda,futuro
2025-12-13 10:18:23,0.0,Pastelería Mantequilla,Pastel mini matilda,futuro
2025-12-14 10:18:23,0.0,Pastelería Mantequilla,Pastel mini matilda,futuro
2025-12-15 10:18:23,0.0,Pastelería Mantequilla,Pastel mini matilda,futuro
2025-12-16 10:18:23,0.0,Pastelería Mantequilla,Pastel mini matilda,futuro
2025-12-17 10:18:23,0.0,Pastelería Mantequilla,Pastel mini matilda,futuro
2025-12-18 10:18:23,0.0,Pastelería Mantequilla,Pastel mini matilda,futuro
2025-12-19 10:18:23,0.0,Pastelería Mantequilla,Pastel mini matilda,futuro
2025-12-20 10:18:23,0.0,Pastelería Mantequilla,Pastel mini matilda,futuro
2025-12-21 10:18:23,0.0,Pastelería Mantequilla,Pastel mini matilda,futuro
2025-12-22 10:18:23,0.0,Pastelería Mantequilla,Pastel mini matilda,futuro
2025-12-23 10:18:23,0.0,Pastelería Mantequilla,Pastel mini matilda,futuro
2025-12-24 10:18:23,0.0,Pastelería Mantequilla,Pastel mini matilda,futuro
2025-12-25 10:18:23,0.0,Pastelería Mantequilla,Pastel mini matilda,futuro
2025-12-26 10:18:23,0.0,Pastelería Mantequilla,Pastel mini matilda,futuro
2025-12-27 10:18:23,0.0,Pastelería Mantequilla,Pastel mini matilda,futuro
2025-12-28 10:18:23,0.0,Pastelería Mantequilla,Pastel mini matilda,futuro
2025-12-29 10:18:23,0.0,Pastelería Mantequilla,Pastel mini matilda,futuro
2025-12-30 10:18:23,0.0,Pastelería Mantequilla,Pastel mini matilda,futuro
2025-12-31 10:18:23,0.0,Pastelería Mantequilla,Pastel mini matilda,futuro
2026-01-01 10:18:23,0.0,Pastelería Mantequilla,Pastel mini matilda,futuro
2026-01-02 10:18:23,0.0,Pastelería Mantequilla,Pastel mini matilda,futuro
2026-01-03 10:18:23,0.0,Pastelería Mantequilla,Pastel mini matilda,futuro
2026-01-04 10:18:23,0.0,Pastelería Mantequilla,Pastel mini matilda,futuro
2026-01-05 10:18:23,0.0,Pastelería Mantequilla,Pastel mini matilda,futuro
2026-01-06 10:18:23,0.0,Pastelería Mantequilla,Pastel mini matilda,futuro
2026-01-07 10:18:23,0.0,Pastelería Mantequilla,Pastel mini matilda,futuro
2026-01-08 10:18:23,0.0,Pastelería Mantequilla,Pastel mini matilda,futuro
2026-01-09 10:18:23,0.0,Pastelería Mantequilla,Pastel mini matilda,futuro
2026-01-10 10:18:23,0.0,Pastelería Mantequilla,Pastel mini matilda,futuro
2026-01-11 10:18:23,0.0,Pastelería Mantequilla,Pastel mini matilda,futuro
2026-01-12 10:18:23,0.0,Pastelería Mantequilla,Pastel mini matilda,futuro
2026-01-13 10:18:23,0.0,Pastelería Mantequilla,Pastel mini matilda,futuro
2026-01-14 10:18:23,0.0,Pastelería Mantequilla,Pastel mini matilda,futuro
2026-01-15 10:18:23,0.0,Pastelería Mantequilla,Pastel mini matilda,futuro
2026-01-16 10:18:23,0.0,Pastelería Mantequilla,Pastel mini matilda,futuro
2026-01-17 10:18:23,0.0,Pastelería Mantequilla,Pastel mini matilda,futuro
2026-01-18 10:18:23,0.0,Pastelería Mantequilla,Pastel mini matilda,futuro
2026-01-19 10:18:23,0.0,Pastelería Mantequilla,Pastel mini matilda,futuro
2026-01-20 10:18:23,0.0,Pastelería Mantequilla,Pastel mini matilda,futuro
2026-01-21 10:18:23,0.0,Pastelería Mantequilla,Pastel mini matilda,futuro
2026-01-22 10:18:23,0.0,Pastelería Mantequilla,Pastel mini matilda,futuro
2026-01-23 10:18:23,0.0,Pastelería Mantequilla,Pastel mini matilda,futuro
2026-01-24 10:18:23,0.0,Pastelería Mantequilla,Pastel mini matilda,futuro
2026-01-25 10:18:23,0.0,Pastelería Mantequilla,Pastel mini matilda,futuro
2026-01-26 10:18:23,0.0,Pastelería Mantequilla,Pastel mini matilda,futuro
2026-01-27 10:18:23,0.0,Pastelería Mantequilla,Pastel mini matilda,futuro
2026-01-28 10:18:23,0.0,Pastelería Mantequilla,Pastel mini matilda,futuro
2026-01-29 10:18:23,0.0,Pastelería Mantequilla,Pastel mini matilda,futuro
2026-01-30 10:18:23,0.0,Pastelería Mantequilla,Pastel mini matilda,futuro
2026-01-31 10:18:23,0.0,Pastelería Mantequilla,Pastel mini matilda,futuro
2026-02-01 10:18:23,0.0,Pastelería Mantequilla,Pastel mini matilda,futuro
2026-02-02 10:18:23,0.0,Pastelería Mantequilla,Pastel mini matilda,futuro
2026-02-03 10:18:23,0.0,Pastelería Mantequilla,Pastel mini matilda,futuro
2026-02-04 10:18:23,0.0,Pastelería Mantequilla,Pastel mini matilda,futuro
2025-11-07 17:10:38,0.0,Pastelería Mantequilla,Pastel moka individual,futuro
2025-11-08 17:10:38,0.0,Pastelería Mantequilla,Pastel moka individual,futuro
2025-11-09 17:10:38,0.0,Pastelería Mantequilla,Pastel moka individual,futuro
2025-11-10 17:10:38,0.0,Pastelería Mantequilla,Pastel moka individual,futuro
2025-11-11 17:10:38,0.0,Pastelería Mantequilla,Pastel moka individual,futuro
2025-11-12 17:10:38,0.0,Pastelería Mantequilla,Pastel moka individual,futuro
2025-11-13 17:10:38,0.0,Pastelería Mantequilla,Pastel moka individual,futuro
2025-11-14 17:10:38,0.0,Pastelería Mantequilla,Pastel moka individual,futuro
2025-11-15 17:10:38,0.0,Pastelería Mantequilla,Pastel moka individual,futuro
2025-11-16 17:10:38,0.0,Pastelería Mantequilla,Pastel moka individual,futuro
2025-11-17 17:10:38,0.0,Pastelería Mantequilla,Pastel moka individual,futuro
2025-11-18 17:10:38,0.0,Pastelería Mantequilla,Pastel moka individual,futuro
2025-11-19 17:10:38,0.0,Pastelería Mantequilla,Pastel moka individual,futuro
2025-11-20 17:10:38,0.0,Pastelería Mantequilla,Pastel moka individual,futuro
2025-11-21 17:10:38,0.0,Pastelería Mantequilla,Pastel moka individual,futuro
2025-11-22 17:10:38,0.0,Pastelería Mantequilla,Pastel moka individual,futuro
2025-11-23 17:10:38,0.0,Pastelería Mantequilla,Pastel moka individual,futuro
2025-11-24 17:10:38,0.0,Pastelería Mantequilla,Pastel moka individual,futuro
2025-11-25 17:10:38,0.0,Pastelería Mantequilla,Pastel moka individual,futuro
2025-11-26 17:10:38,0.0,Pastelería Mantequilla,Pastel moka individual,futuro
2025-11-27 17:10:38,0.0,Pastelería Mantequilla,Pastel moka individual,futuro
2025-11-28 17:10:38,0.0,Pastelería Mantequilla,Pastel moka individual,futuro
2025-11-29 17:10:38,0.0,Pastelería Mantequilla,Pastel moka individual,futuro
2025-11-30 17:10:38,0.0,Pastelería Mantequilla,Pastel moka individual,futuro
2025-12-01 17:10:38,0.0,Pastelería Mantequilla,Pastel moka individual,futuro
2025-12-02 17:10:38,0.0,Pastelería Mantequilla,Pastel moka individual,futuro
2025-12-03 17:10:38,0.0,Pastelería Mantequilla,Pastel moka individual,futuro
2025-12-04 17:10:38,0.0,Pastelería Mantequilla,Pastel moka individual,futuro
2025-12-05 17:10:38,0.0,Pastelería Mantequilla,Pastel moka individual,futuro
2025-12-06 17:10:38,0.0,Pastelería Mantequilla,Pastel moka individual,futuro
2025-12-07 17:10:38,0.0,Pastelería Mantequilla,Pastel moka individual,futuro
2025-12-08 17:10:38,0.0,Pastelería Mantequilla,Pastel moka individual,futuro
2025-12-09 17:10:38,0.0,Pastelería Mantequilla,Pastel moka individual,futuro
2025-12-10 17:10:38,0.0,Pastelería Mantequilla,Pastel moka individual,futuro
2025-12-11 17:10:38,0.0,Pastelería Mantequilla,Pastel moka individual,futuro
2025-12-12 17:10:38,0.0,Pastelería Mantequilla,Pastel moka individual,futuro
2025-12-13 17:10:38,0.0,Pastelería Mantequilla,Pastel moka individual,futuro
2025-12-14 17:10:38,0.0,Pastelería Mantequilla,Pastel moka individual,futuro
2025-12-15 17:10:38,0.0,Pastelería Mantequilla,Pastel moka individual,futuro
2025-12-16 17:10:38,0.0,Pastelería Mantequilla,Pastel moka individual,futuro
2025-12-17 17:10:38,0.0,Pastelería Mantequilla,Pastel moka individual,futuro
2025-12-18 17:10:38,0.0,Pastelería Mantequilla,Pastel moka individual,futuro
2025-12-19 17:10:38,0.0,Pastelería Mantequilla,Pastel moka individual,futuro
2025-12-20 17:10:38,0.0,Pastelería Mantequilla,Pastel moka individual,futuro
2025-12-21 17:10:38,0.0,Pastelería Mantequilla,Pastel moka individual,futuro
2025-12-22 17:10:38,0.0,Pastelería Mantequilla,Pastel moka individual,futuro
2025-12-23 17:10:38,0.0,Pastelería Mantequilla,Pastel moka individual,futuro
2025-12-24 17:10:38,0.0,Pastelería Mantequilla,Pastel moka individual,futuro
2025-12-25 17:10:38,0.0,Pastelería Mantequilla,Pastel moka individual,futuro
2025-12-26 17:10:38,0.0,Pastelería Mantequilla,Pastel moka individual,futuro
2025-12-27 17:10:38,0.0,Pastelería Mantequilla,Pastel moka individual,futuro
2025-12-28 17:10:38,0.0,Pastelería Mantequilla,Pastel moka individual,futuro
2025-12-29 17:10:38,0.0,Pastelería Mantequilla,Pastel moka individual,futuro
2025-12-30 17:10:38,0.0,Pastelería Mantequilla,Pastel moka individual,futuro
2025-12-31 17:10:38,0.0,Pastelería Mantequilla,Pastel moka individual,futuro
2026-01-01 17:10:38,0.0,Pastelería Mantequilla,Pastel moka individual,futuro
2026-01-02 17:10:38,0.0,Pastelería Mantequilla,Pastel moka individual,futuro
2026-01-03 17:10:38,0.0,Pastelería Mantequilla,Pastel moka individual,futuro
2026-01-04 17:10:38,0.0,Pastelería Mantequilla,Pastel moka individual,futuro
2026-01-05 17:10:38,0.0,Pastelería Mantequilla,Pastel moka individual,futuro
2026-01-06 17:10:38,0.0,Pastelería Mantequilla,Pastel moka individual,futuro
2026-01-07 17:10:38,0.0,Pastelería Mantequilla,Pastel moka individual,futuro
2026-01-08 17:10:38,0.0,Pastelería Mantequilla,Pastel moka individual,futuro
2026-01-09 17:10:38,0.0,Pastelería Mantequilla,Pastel moka individual,futuro
2026-01-10 17:10:38,0.0,Pastelería Mantequilla,Pastel moka individual,futuro
2026-01-11 17:10:38,0.0,Pastelería Mantequilla,Pastel moka individual,futuro
2026-01-12 17:10:38,0.0,Pastelería Mantequilla,Pastel moka individual,futuro
2026-01-13 17:10:38,0.0,Pastelería Mantequilla,Pastel moka individual,futuro
2026-01-14 17:10:38,0.0,Pastelería Mantequilla,Pastel moka individual,futuro
2026-01-15 17:10:38,0.0,Pastelería Mantequilla,Pastel moka individual,futuro
2026-01-16 17:10:38,0.0,Pastelería Mantequilla,Pastel moka individual,futuro
2026-01-17 17:10:38,0.0,Pastelería Mantequilla,Pastel moka individual,futuro
2026-01-18 17:10:38,0.0,Pastelería Mantequilla,Pastel moka individual,futuro
2026-01-19 17:10:38,0.0,Pastelería Mantequilla,Pastel moka individual,futuro
2026-01-20 17:10:38,0.0,Pastelería Mantequilla,Pastel moka individual,futuro
2026-01-21 17:10:38,0.0,Pastelería Mantequilla,Pastel moka individual,futuro
2026-01-22 17:10:38,0.0,Pastelería Mantequilla,Pastel moka individual,futuro
2026-01-23 17:10:38,0.0,Pastelería Mantequilla,Pastel moka individual,futuro
2026-01-24 17:10:38,0.0,Pastelería Mantequilla,Pastel moka individual,futuro
2026-01-25 17:10:38,0.0,Pastelería Mantequilla,Pastel moka individual,futuro
2026-01-26 17:10:38,0.0,Pastelería Mantequilla,Pastel moka individual,futuro
2026-01-27 17:10:38,0.0,Pastelería Mantequilla,Pastel moka individual,futuro
2026-01-28 17:10:38,0.0,Pastelería Mantequilla,Pastel moka individual,futuro
2026-01-29 17:10:38,0.0,Pastelería Mantequilla,Pastel moka individual,futuro
2026-01-30 17:10:38,0.0,Pastelería Mantequilla,Pastel moka individual,futuro
2026-01-31 17:10:38,0.0,Pastelería Mantequilla,Pastel moka individual,futuro
2026-02-01 17:10:38,0.0,Pastelería Mantequilla,Pastel moka individual,futuro
2026-02-02 17:10:38,0.0,Pastelería Mantequilla,Pastel moka individual,futuro
2026-02-03 17:10:38,0.0,Pastelería Mantequilla,Pastel moka individual,futuro
2026-02-04 17:10:38,0.0,Pastelería Mantequilla,Pastel moka individual,futuro
2025-07-02 18:12:23,0.0,Pastelería Mantequilla,Volteadito doble piña,futuro
2025-07-03 18:12:23,0.0,Pastelería Mantequilla,Volteadito doble piña,futuro
2025-07-04 18:12:23,0.0,Pastelería Mantequilla,Volteadito doble piña,futuro
2025-07-05 18:12:23,0.0,Pastelería Mantequilla,Volteadito doble piña,futuro
2025-07-06 18:12:23,0.0,Pastelería Mantequilla,Volteadito doble piña,futuro
2025-07-07 18:12:23,0.0,Pastelería Mantequilla,Volteadito doble piña,futuro
2025-07-08 18:12:23,0.0,Pastelería Mantequilla,Volteadito doble piña,futuro
2025-07-09 18:12:23,0.0,Pastelería Mantequilla,Volteadito doble piña,futuro
2025-07-10 18:12:23,0.0,Pastelería Mantequilla,Volteadito doble piña,futuro
2025-07-11 18:12:23,0.0,Pastelería Mantequilla,Volteadito doble piña,futuro
2025-07-12 18:12:23,0.0,Pastelería Mantequilla,Volteadito doble piña,futuro
2025-07-13 18:12:23,0.0,Pastelería Mantequilla,Volteadito doble piña,futuro
2025-07-14 18:12:23,0.0,Pastelería Mantequilla,Volteadito doble piña,futuro
2025-07-15 18:12:23,0.0,Pastelería Mantequilla,Volteadito doble piña,futuro
2025-07-16 18:12:23,0.0,Pastelería Mantequilla,Volteadito doble piña,futuro
2025-07-17 18:12:23,0.0,Pastelería Mantequilla,Volteadito doble piña,futuro
2025-07-18 18:12:23,0.0,Pastelería Mantequilla,Volteadito doble piña,futuro
2025-07-19 18:12:23,0.0,Pastelería Mantequilla,Volteadito doble piña,futuro
2025-07-20 18:12:23,0.0,Pastelería Mantequilla,Volteadito doble piña,futuro
2025-07-21 18:12:23,0.0,Pastelería Mantequilla,Volteadito doble piña,futuro
2025-07-22 18:12:23,0.0,Pastelería Mantequilla,Volteadito doble piña,futuro
2025-07-23 18:12:23,0.0,Pastelería Mantequilla,Volteadito doble piña,futuro
2025-07-24 18:12:23,0.0,Pastelería Mantequilla,Volteadito doble piña,futuro
2025-07-25 18:12:23,0.0,Pastelería Mantequilla,Volteadito doble piña,futuro
2025-07-26 18:12:23,0.0,Pastelería Mantequilla,Volteadito doble piña,futuro
2025-07-27 18:12:23,0.0,Pastelería Mantequilla,Volteadito doble piña,futuro
2025-07-28 18:12:23,0.0,Pastelería Mantequilla,Volteadito doble piña,futuro
2025-07-29 18:12:23,0.0,Pastelería Mantequilla,Volteadito doble piña,futuro
2025-07-30 18:12:23,0.0,Pastelería Mantequilla,Volteadito doble piña,futuro
2025-07-31 18:12:23,0.0,Pastelería Mantequilla,Volteadito doble piña,futuro
2025-08-01 18:12:23,0.0,Pastelería Mantequilla,Volteadito doble piña,futuro
2025-08-02 18:12:23,0.0,Pastelería Mantequilla,Volteadito doble piña,futuro
2025-08-03 18:12:23,0.0,Pastelería Mantequilla,Volteadito doble piña,futuro
2025-08-04 18:12:23,0.0,Pastelería Mantequilla,Volteadito doble piña,futuro
2025-08-05 18:12:23,0.0,Pastelería Mantequilla,Volteadito doble piña,futuro
2025-08-06 18:12:23,0.0,Pastelería Mantequilla,Volteadito doble piña,futuro
2025-08-07 18:12:23,0.0,Pastelería Mantequilla,Volteadito doble piña,futuro
2025-08-08 18:12:23,0.0,Pastelería Mantequilla,Volteadito doble piña,futuro
2025-08-09 18:12:23,0.0,Pastelería Mantequilla,Volteadito doble piña,futuro
2025-08-10 18:12:23,0.0,Pastelería Mantequilla,Volteadito doble piña,futuro
2025-08-11 18:12:23,0.0,Pastelería Mantequilla,Volteadito doble piña,futuro
2025-08-12 18:12:23,0.0,Pastelería Mantequilla,Volteadito doble piña,futuro
2025-08-13 18:12:23,0.0,Pastelería Mantequilla,Volteadito doble piña,futuro
2025-08-14 18:12:23,0.0,Pastelería Mantequilla,Volteadito doble piña,futuro
2025-08-15 18:12:23,0.0,Pastelería Mantequilla,Volteadito doble piña,futuro
2025-08-16 18:12:23,0.0,Pastelería Mantequilla,Volteadito doble piña,futuro
2025-08-17 18:12:23,0.0,Pastelería Mantequilla,Volteadito doble piña,futuro
2025-08-18 18:12:23,0.0,Pastelería Mantequilla,Volteadito doble piña,futuro
2025-08-19 18:12:23,0.0,Pastelería Mantequilla,Volteadito doble piña,futuro
2025-08-20 18:12:23,0.0,Pastelería Mantequilla,Volteadito doble piña,futuro
2025-08-21 18:12:23,0.0,Pastelería Mantequilla,Volteadito doble piña,futuro
2025-08-22 18:12:23,0.0,Pastelería Mantequilla,Volteadito doble piña,futuro
2025-08-23 18:12:23,0.0,Pastelería Mantequilla,Volteadito doble piña,futuro
2025-08-24 18:12:23,0.0,Pastelería Mantequilla,Volteadito doble piña,futuro
2025-08-25 18:12:23,0.0,Pastelería Mantequilla,Volteadito doble piña,futuro
2025-08-26 18:12:23,0.0,Pastelería Mantequilla,Volteadito doble piña,futuro
2025-08-27 18:12:23,0.0,Pastelería Mantequilla,Volteadito doble piña,futuro
2025-08-28 18:12:23,0.0,Pastelería Mantequilla,Volteadito doble piña,futuro
2025-08-29 18:12:23,0.0,Pastelería Mantequilla,Volteadito doble piña,futuro
2025-08-30 18:12:23,0.0,Pastelería Mantequilla,Volteadito doble piña,futuro
2025-08-31 18:12:23,0.0,Pastelería Mantequilla,Volteadito doble piña,futuro
2025-09-01 18:12:23,0.0,Pastelería Mantequilla,Volteadito doble piña,futuro
2025-09-02 18:12:23,0.0,Pastelería Mantequilla,Volteadito doble piña,futuro
2025-09-03 18:12:23,0.0,Pastelería Mantequilla,Volteadito doble piña,futuro
2025-09-04 18:12:23,0.0,Pastelería Mantequilla,Volteadito doble piña,futuro
2025-09-05 18:12:23,0.0,Pastelería Mantequilla,Volteadito doble piña,futuro
2025-09-06 18:12:23,0.0,Pastelería Mantequilla,Volteadito doble piña,futuro
2025-09-07 18:12:23,0.0,Pastelería Mantequilla,Volteadito doble piña,futuro
2025-09-08 18:12:23,0.0,Pastelería Mantequilla,Volteadito doble piña,futuro
2025-09-09 18:12:23,0.0,Pastelería Mantequilla,Volteadito doble piña,futuro
2025-09-10 18:12:23,0.0,Pastelería Mantequilla,Volteadito doble piña,futuro
2025-09-11 18:12:23,0.0,Pastelería Mantequilla,Volteadito doble piña,futuro
2025-09-12 18:12:23,0.0,Pastelería Mantequilla,Volteadito doble piña,futuro
2025-09-13 18:12:23,0.0,Pastelería Mantequilla,Volteadito doble piña,futuro
2025-09-14 18:12:23,0.0,Pastelería Mantequilla,Volteadito doble piña,futuro
2025-09-15 18:12:23,0.0,Pastelería Mantequilla,Volteadito doble piña,futuro
2025-09-16 18:12:23,0.0,Pastelería Mantequilla,Volteadito doble piña,futuro
2025-09-17 18:12:23,0.0,Pastelería Mantequilla,Volteadito doble piña,futuro
2025-09-18 18:12:23,0.0,Pastelería Mantequilla,Volteadito doble piña,futuro
2025-09-19 18:12:23,0.0,Pastelería Mantequilla,Volteadito doble piña,futuro
2025-09-20 18:12:23,0.0,Pastelería Mantequilla,Volteadito doble piña,futuro
2025-09-21 18:12:23,0.0,Pastelería Mantequilla,Volteadito doble piña,futuro
2025-09-22 18:12:23,0.0,Pastelería Mantequilla,Volteadito doble piña,futuro
2025-09-23 18:12:23,0.0,Pastelería Mantequilla,Volteadito doble piña,futuro
2025-09-24 18:12:23,0.0,Pastelería Mantequilla,Volteadito doble piña,futuro
2025-09-25 18:12:23,0.0,Pastelería Mantequilla,Volteadito doble piña,futuro
2025-09-26 18:12:23,0.0,Pastelería Mantequilla,Volteadito doble piña,futuro
2025-09-27 18:12:23,0.0,Pastelería Mantequilla,Volteadito doble piña,futuro
2025-09-28 18:12:23,0.0,Pastelería Mantequilla,Volteadito doble piña,futuro
2025-09-29 18:12:23,0.0,Pastelería Mantequilla,Volteadito doble piña,futuro
2025-11-07 18:25:26,0.0,Pedidos Especiales,Pedido Especial,futuro
2025-11-08 18:25:26,0.0,Pedidos Especiales,Pedido Especial,futuro
2025-11-09 18:25:26,0.0,Pedidos Especiales,Pedido Especial,futuro
2025-11-10 18:25:26,0.0,Pedidos Especiales,Pedido Especial,futuro
2025-11-11 18:25:26,0.0,Pedidos Especiales,Pedido Especial,futuro
2025-11-12 18:25:26,0.0,Pedidos Especiales,Pedido Especial,futuro
2025-11-13 18:25:26,0.0,Pedidos Especiales,Pedido Especial,futuro
2025-11-14 18:25:26,0.0,Pedidos Especiales,Pedido Especial,futuro
2025-11-15 18:25:26,0.0,Pedidos Especiales,Pedido Especial,futuro
2025-11-16 18:25:26,0.0,Pedidos Especiales,Pedido Especial,futuro
2025-11-17 18:25:26,0.0,Pedidos Especiales,Pedido Especial,futuro
2025-11-18 18:25:26,0.0,Pedidos Especiales,Pedido Especial,futuro
2025-11-19 18:25:26,0.0,Pedidos Especiales,Pedido Especial,futuro
2025-11-20 18:25:26,0.0,Pedidos Especiales,Pedido Especial,futuro
2025-11-21 18:25:26,0.0,Pedidos Especiales,Pedido Especial,futuro
2025-11-22 18:25:26,0.0,Pedidos Especiales,Pedido Especial,futuro
2025-11-23 18:25:26,0.0,Pedidos Especiales,Pedido Especial,futuro
2025-11-24 18:25:26,0.0,Pedidos Especiales,Pedido Especial,futuro
2025-11-25 18:25:26,0.0,Pedidos Especiales,Pedido Especial,futuro
2025-11-26 18:25:26,0.0,Pedidos Especiales,Pedido Especial,futuro
2025-11-27 18:25:26,0.0,Pedidos Especiales,Pedido Especial,futuro
2025-11-28 18:25:26,0.0,Pedidos Especiales,Pedido Especial,futuro
2025-11-29 18:25:26,0.0,Pedidos Especiales,Pedido Especial,futuro
2025-11-30 18:25:26,0.0,Pedidos Especiales,Pedido Especial,futuro
2025-12-01 18:25:26,0.0,Pedidos Especiales,Pedido Especial,futuro
2025-12-02 18:25:26,0.0,Pedidos Especiales,Pedido Especial,futuro
2025-12-03 18:25:26,0.0,Pedidos Especiales,Pedido Especial,futuro
2025-12-04 18:25:26,0.0,Pedidos Especiales,Pedido Especial,futuro
2025-12-05 18:25:26,0.0,Pedidos Especiales,Pedido Especial,futuro
2025-12-06 18:25:26,0.0,Pedidos Especiales,Pedido Especial,futuro
2025-12-07 18:25:26,0.0,Pedidos Especiales,Pedido Especial,futuro
2025-12-08 18:25:26,0.0,Pedidos Especiales,Pedido Especial,futuro
2025-12-09 18:25:26,0.0,Pedidos Especiales,Pedido Especial,futuro
2025-12-10 18:25:26,0.0,Pedidos Especiales,Pedido Especial,futuro
2025-12-11 18:25:26,0.0,Pedidos Especiales,Pedido Especial,futuro
2025-12-12 18:25:26,0.0,Pedidos Especiales,Pedido Especial,futuro
2025-12-13 18:25:26,0.0,Pedidos Especiales,Pedido Especial,futuro
2025-12-14 18:25:26,0.0,Pedidos Especiales,Pedido Especial,futuro
2025-12-15 18:25:26,0.0,Pedidos Especiales,Pedido Especial,futuro
2025-12-16 18:25:26,0.0,Pedidos Especiales,Pedido Especial,futuro
2025-12-17 18:25:26,0.0,Pedidos Especiales,Pedido Especial,futuro
2025-12-18 18:25:26,0.0,Pedidos Especiales,Pedido Especial,futuro
2025-12-19 18:25:26,0.0,Pedidos Especiales,Pedido Especial,futuro
2025-12-20 18:25:26,0.0,Pedidos Especiales,Pedido Especial,futuro
2025-12-21 18:25:26,0.0,Pedidos Especiales,Pedido Especial,futuro
2025-12-22 18:25:26,0.0,Pedidos Especiales,Pedido Especial,futuro
2025-12-23 18:25:26,0.0,Pedidos Especiales,Pedido Especial,futuro
2025-12-24 18:25:26,0.0,Pedidos Especiales,Pedido Especial,futuro
2025-12-25 18:25:26,0.0,Pedidos Especiales,Pedido Especial,futuro
2025-12-26 18:25:26,0.0,Pedidos Especiales,Pedido Especial,futuro
2025-12-27 18:25:26,0.0,Pedidos Especiales,Pedido Especial,futuro
2025-12-28 18:25:26,0.0,Pedidos Especiales,Pedido Especial,futuro
2025-12-29 18:25:26,0.0,Pedidos Especiales,Pedido Especial,futuro
2025-12-30 18:25:26,0.0,Pedidos Especiales,Pedido Especial,futuro
2025-12-31 18:25:26,0.0,Pedidos Especiales,Pedido Especial,futuro
2026-01-01 18:25:26,0.0,Pedidos Especiales,Pedido Especial,futuro
2026-01-02 18:25:26,0.0,Pedidos Especiales,Pedido Especial,futuro
2026-01-03 18:25:26,0.0,Pedidos Especiales,Pedido Especial,futuro
2026-01-04 18:25:26,0.0,Pedidos Especiales,Pedido Especial,futuro
2026-01-05 18:25:26,0.0,Pedidos Especiales,Pedido Especial,futuro
2026-01-06 18:25:26,0.0,Pedidos Especiales,Pedido Especial,futuro
2026-01-07 18:25:26,0.0,Pedidos Especiales,Pedido Especial,futuro
2026-01-08 18:25:26,0.0,Pedidos Especiales,Pedido Especial,futuro
2026-01-09 18:25:26,0.0,Pedidos Especiales,Pedido Especial,futuro
2026-01-10 18:25:26,0.0,Pedidos Especiales,Pedido Especial,futuro
2026-01-11 18:25:26,0.0,Pedidos Especiales,Pedido Especial,futuro
2026-01-12 18:25:26,0.0,Pedidos Especiales,Pedido Especial,futuro
2026-01-13 18:25:26,0.0,Pedidos Especiales,Pedido Especial,futuro
2026-01-14 18:25:26,0.0,Pedidos Especiales,Pedido Especial,futuro
2026-01-15 18:25:26,0.0,Pedidos Especiales,Pedido Especial,futuro
2026-01-16 18:25:26,0.0,Pedidos Especiales,Pedido Especial,futuro
2026-01-17 18:25:26,0.0,Pedidos Especiales,Pedido Especial,futuro
2026-01-18 18:25:26,0.0,Pedidos Especiales,Pedido Especial,futuro
2026-01-19 18:25:26,0.0,Pedidos Especiales,Pedido Especial,futuro
2026-01-20 18:25:26,0.0,Pedidos Especiales,Pedido Especial,futuro
2026-01-21 18:25:26,0.0,Pedidos Especiales,Pedido Especial,futuro
2026-01-22 18:25:26,0.0,Pedidos Especiales,Pedido Especial,futuro
2026-01-23 18:25:26,0.0,Pedidos Especiales,Pedido Especial,futuro
2026-01-24 18:25:26,0.0,Pedidos Especiales,Pedido Especial,futuro
2026-01-25 18:25:26,0.0,Pedidos Especiales,Pedido Especial,futuro
2026-01-26 18:25:26,0.0,Pedidos Especiales,Pedido Especial,futuro
2026-01-27 18:25:26,0.0,Pedidos Especiales,Pedido Especial,futuro
2026-01-28 18:25:26,0.0,Pedidos Especiales,Pedido Especial,futuro
2026-01-29 18:25:26,0.0,Pedidos Especiales,Pedido Especial,futuro
2026-01-30 18:25:26,0.0,Pedidos Especiales,Pedido Especial,futuro
2026-01-31 18:25:26,0.0,Pedidos Especiales,Pedido Especial,futuro
2026-02-01 18:25:26,0.0,Pedidos Especiales,Pedido Especial,futuro
2026-02-02 18:25:26,0.0,Pedidos Especiales,Pedido Especial,futuro
2026-02-03 18:25:26,0.0,Pedidos Especiales,Pedido Especial,futuro
2026-02-04 18:25:26,0.0,Pedidos Especiales,Pedido Especial,futuro
2024-09-29 13:39:27,0.0,Repostería Individual,Bombita de 3 Chocolates,futuro
2024-09-30 13:39:27,0.0,Repostería Individual,Bombita de 3 Chocolates,futuro
2024-10-01 13:39:27,0.0,Repostería Individual,Bombita de 3 Chocolates,futuro
2024-10-02 13:39:27,0.0,Repostería Individual,Bombita de 3 Chocolates,futuro
2024-10-03 13:39:27,0.0,Repostería Individual,Bombita de 3 Chocolates,futuro
2024-10-04 13:39:27,0.0,Repostería Individual,Bombita de 3 Chocolates,futuro
2024-10-05 13:39:27,0.0,Repostería Individual,Bombita de 3 Chocolates,futuro
2024-10-06 13:39:27,0.0,Repostería Individual,Bombita de 3 Chocolates,futuro
2024-10-07 13:39:27,0.0,Repostería Individual,Bombita de 3 Chocolates,futuro
2024-10-08 13:39:27,0.0,Repostería Individual,Bombita de 3 Chocolates,futuro
2024-10-09 13:39:27,0.0,Repostería Individual,Bombita de 3 Chocolates,futuro
2024-10-10 13:39:27,0.0,Repostería Individual,Bombita de 3 Chocolates,futuro
2024-10-11 13:39:27,0.0,Repostería Individual,Bombita de 3 Chocolates,futuro
2024-10-12 13:39:27,0.0,Repostería Individual,Bombita de 3 Chocolates,futuro
2024-10-13 13:39:27,0.0,Repostería Individual,Bombita de 3 Chocolates,futuro
2024-10-14 13:39:27,0.0,Repostería Individual,Bombita de 3 Chocolates,futuro
2024-10-15 13:39:27,0.0,Repostería Individual,Bombita de 3 Chocolates,futuro
2024-10-16 13:39:27,0.0,Repostería Individual,Bombita de 3 Chocolates,futuro
2024-10-17 13:39:27,0.0,Repostería Individual,Bombita de 3 Chocolates,futuro
2024-10-18 13:39:27,0.0,Repostería Individual,Bombita de 3 Chocolates,futuro
2024-10-19 13:39:27,0.0,Repostería Individual,Bombita de 3 Chocolates,futuro
2024-10-20 13:39:27,0.0,Repostería Individual,Bombita de 3 Chocolates,futuro
2024-10-21 13:39:27,0.0,Repostería Individual,Bombita de 3 Chocolates,futuro
2024-10-22 13:39:27,0.0,Repostería Individual,Bombita de 3 Chocolates,futuro
2024-10-23 13:39:27,0.0,Repostería Individual,Bombita de 3 Chocolates,futuro
2024-10-24 13:39:27,0.0,Repostería Individual,Bombita de 3 Chocolates,futuro
2024-10-25 13:39:27,0.0,Repostería Individual,Bombita de 3 Chocolates,futuro
2024-10-26 13:39:27,0.0,Repostería Individual,Bombita de 3 Chocolates,futuro
2024-10-27 13:39:27,0.0,Repostería Individual,Bombita de 3 Chocolates,futuro
2024-10-28 13:39:27,0.0,Repostería Individual,Bombita de 3 Chocolates,futuro
2024-10-29 13:39:27,0.0,Repostería Individual,Bombita de 3 Chocolates,futuro
2024-10-30 13:39:27,0.0,Repostería Individual,Bombita de 3 Chocolates,futuro
2024-10-31 13:39:27,0.0,Repostería Individual,Bombita de 3 Chocolates,futuro
2024-11-01 13:39:27,0.0,Repostería Individual,Bombita de 3 Chocolates,futuro
2024-11-02 13:39:27,0.0,Repostería Individual,Bombita de 3 Chocolates,futuro
2024-11-03 13:39:27,0.0,Repostería Individual,Bombita de 3 Chocolates,futuro
2024-11-04 13:39:27,0.0,Repostería Individual,Bombita de 3 Chocolates,futuro
2024-11-05 13:39:27,0.0,Repostería Individual,Bombita de 3 Chocolates,futuro
2024-11-06 13:39:27,0.0,Repostería Individual,Bombita de 3 Chocolates,futuro
2024-11-07 13:39:27,0.0,Repostería Individual,Bombita de 3 Chocolates,futuro
2024-11-08 13:39:27,0.0,Repostería Individual,Bombita de 3 Chocolates,futuro
2024-11-09 13:39:27,0.0,Repostería Individual,Bombita de 3 Chocolates,futuro
2024-11-10 13:39:27,0.0,Repostería Individual,Bombita de 3 Chocolates,futuro
2024-11-11 13:39:27,0.0,Repostería Individual,Bombita de 3 Chocolates,futuro
2024-11-12 13:39:27,0.0,Repostería Individual,Bombita de 3 Chocolates,futuro
2024-11-13 13:39:27,0.0,Repostería Individual,Bombita de 3 Chocolates,futuro
2024-11-14 13:39:27,0.0,Repostería Individual,Bombita de 3 Chocolates,futuro
2024-11-15 13:39:27,0.0,Repostería Individual,Bombita de 3 Chocolates,futuro
2024-11-16 13:39:27,0.0,Repostería Individual,Bombita de 3 Chocolates,futuro
2024-11-17 13:39:27,0.0,Repostería Individual,Bombita de 3 Chocolates,futuro
2024-11-18 13:39:27,0.0,Repostería Individual,Bombita de 3 Chocolates,futuro
2024-11-19 13:39:27,0.0,Repostería Individual,Bombita de 3 Chocolates,futuro
2024-11-20 13:39:27,0.0,Repostería Individual,Bombita de 3 Chocolates,futuro
2024-11-21 13:39:27,0.0,Repostería Individual,Bombita de 3 Chocolates,futuro
2024-11-22 13:39:27,0.0,Repostería Individual,Bombita de 3 Chocolates,futuro
2024-11-23 13:39:27,0.0,Repostería Individual,Bombita de 3 Chocolates,futuro
2024-11-24 13:39:27,0.0,Repostería Individual,Bombita de 3 Chocolates,futuro
2024-11-25 13:39:27,0.0,Repostería Individual,Bombita de 3 Chocolates,futuro
2024-11-26 13:39:27,0.0,Repostería Individual,Bombita de 3 Chocolates,futuro
2024-11-27 13:39:27,0.0,Repostería Individual,Bombita de 3 Chocolates,futuro
2024-11-28 13:39:27,0.0,Repostería Individual,Bombita de 3 Chocolates,futuro
2024-11-29 13:39:27,0.0,Repostería Individual,Bombita de 3 Chocolates,futuro
2024-11-30 13:39:27,0.0,Repostería Individual,Bombita de 3 Chocolates,futuro
2024-12-01 13:39:27,0.0,Repostería Individual,Bombita de 3 Chocolates,futuro
2024-12-02 13:39:27,0.0,Repostería Individual,Bombita de 3 Chocolates,futuro
2024-12-03 13:39:27,0.0,Repostería Individual,Bombita de 3 Chocolates,futuro
2024-12-04 13:39:27,0.0,Repostería Individual,Bombita de 3 Chocolates,futuro
2024-12-05 13:39:27,0.0,Repostería Individual,Bombita de 3 Chocolates,futuro
2024-12-06 13:39:27,0.0,Repostería Individual,Bombita de 3 Chocolates,futuro
2024-12-07 13:39:27,0.0,Repostería Individual,Bombita de 3 Chocolates,futuro
2024-12-08 13:39:27,0.0,Repostería Individual,Bombita de 3 Chocolates,futuro
2024-12-09 13:39:27,0.0,Repostería Individual,Bombita de 3 Chocolates,futuro
2024-12-10 13:39:27,0.0,Repostería Individual,Bombita de 3 Chocolates,futuro
2024-12-11 13:39:27,0.0,Repostería Individual,Bombita de 3 Chocolates,futuro
2024-12-12 13:39:27,0.0,Repostería Individual,Bombita de 3 Chocolates,futuro
2024-12-13 13:39:27,0.0,Repostería Individual,Bombita de 3 Chocolates,futuro
2024-12-14 13:39:27,0.0,Repostería Individual,Bombita de 3 Chocolates,futuro
2024-12-15 13:39:27,0.0,Repostería Individual,Bombita de 3 Chocolates,futuro
2024-12-16 13:39:27,0.0,Repostería Individual,Bombita de 3 Chocolates,futuro
2024-12-17 13:39:27,0.0,Repostería Individual,Bombita de 3 Chocolates,futuro
2024-12-18 13:39:27,0.0,Repostería Individual,Bombita de 3 Chocolates,futuro
2024-12-19 13:39:27,0.0,Repostería Individual,Bombita de 3 Chocolates,futuro
2024-12-20 13:39:27,0.0,Repostería Individual,Bombita de 3 Chocolates,futuro
2024-12-21 13:39:27,0.0,Repostería Individual,Bombita de 3 Chocolates,futuro
2024-12-22 13:39:27,0.0,Repostería Individual,Bombita de 3 Chocolates,futuro
2024-12-23 13:39:27,0.0,Repostería Individual,Bombita de 3 Chocolates,futuro
2024-12-24 13:39:27,0.0,Repostería Individual,Bombita de 3 Chocolates,futuro
2024-12-25 13:39:27,0.0,Repostería Individual,Bombita de 3 Chocolates,futuro
2024-12-26 13:39:27,0.0,Repostería Individual,Bombita de 3 Chocolates,futuro
2024-12-27 13:39:27,0.0,Repostería Individual,Bombita de 3 Chocolates,futuro
2024-04-18 12:56:27,0.0,Repostería Individual,Crujiente de yogurt individual,futuro
2024-04-19 12:56:27,0.0,Repostería Individual,Crujiente de yogurt individual,futuro
2024-04-20 12:56:27,0.0,Repostería Individual,Crujiente de yogurt individual,futuro
2024-04-21 12:56:27,0.0,Repostería Individual,Crujiente de yogurt individual,futuro
2024-04-22 12:56:27,0.0,Repostería Individual,Crujiente de yogurt individual,futuro
2024-04-23 12:56:27,0.0,Repostería Individual,Crujiente de yogurt individual,futuro
2024-04-24 12:56:27,0.0,Repostería Individual,Crujiente de yogurt individual,futuro
2024-04-25 12:56:27,0.0,Repostería Individual,Crujiente de yogurt individual,futuro
2024-04-26 12:56:27,0.0,Repostería Individual,Crujiente de yogurt individual,futuro
2024-04-27 12:56:27,0.0,Repostería Individual,Crujiente de yogurt individual,futuro
2024-04-28 12:56:27,0.0,Repostería Individual,Crujiente de yogurt individual,futuro
2024-04-29 12:56:27,0.0,Repostería Individual,Crujiente de yogurt individual,futuro
2024-04-30 12:56:27,0.0,Repostería Individual,Crujiente de yogurt individual,futuro
2024-05-01 12:56:27,0.0,Repostería Individual,Crujiente de yogurt individual,futuro
2024-05-02 12:56:27,0.0,Repostería Individual,Crujiente de yogurt individual,futuro
2024-05-03 12:56:27,0.0,Repostería Individual,Crujiente de yogurt individual,futuro
2024-05-04 12:56:27,0.0,Repostería Individual,Crujiente de yogurt individual,futuro
2024-05-05 12:56:27,0.0,Repostería Individual,Crujiente de yogurt individual,futuro
2024-05-06 12:56:27,0.0,Repostería Individual,Crujiente de yogurt individual,futuro
2024-05-07 12:56:27,0.0,Repostería Individual,Crujiente de yogurt individual,futuro
2024-05-08 12:56:27,0.0,Repostería Individual,Crujiente de yogurt individual,futuro
2024-05-09 12:56:27,0.0,Repostería Individual,Crujiente de yogurt individual,futuro
2024-05-10 12:56:27,0.0,Repostería Individual,Crujiente de yogurt individual,futuro
2024-05-11 12:56:27,0.0,Repostería Individual,Crujiente de yogurt individual,futuro
2024-05-12 12:56:27,0.0,Repostería Individual,Crujiente de yogurt individual,futuro
2024-05-13 12:56:27,0.0,Repostería Individual,Crujiente de yogurt individual,futuro
2024-05-14 12:56:27,0.0,Repostería Individual,Crujiente de yogurt individual,futuro
2024-05-15 12:56:27,0.0,Repostería Individual,Crujiente de yogurt individual,futuro
2024-05-16 12:56:27,0.0,Repostería Individual,Crujiente de yogurt individual,futuro
2024-05-17 12:56:27,0.0,Repostería Individual,Crujiente de yogurt individual,futuro
2024-05-18 12:56:27,0.0,Repostería Individual,Crujiente de yogurt individual,futuro
2024-05-19 12:56:27,0.0,Repostería Individual,Crujiente de yogurt individual,futuro
2024-05-20 12:56:27,0.0,Repostería Individual,Crujiente de yogurt individual,futuro
2024-05-21 12:56:27,0.0,Repostería Individual,Crujiente de yogurt individual,futuro
2024-05-22 12:56:27,0.0,Repostería Individual,Crujiente de yogurt individual,futuro
2024-05-23 12:56:27,0.0,Repostería Individual,Crujiente de yogurt individual,futuro
2024-05-24 12:56:27,0.0,Repostería Individual,Crujiente de yogurt individual,futuro
2024-05-25 12:56:27,0.0,Repostería Individual,Crujiente de yogurt individual,futuro
2024-05-26 12:56:27,0.0,Repostería Individual,Crujiente de yogurt individual,futuro
2024-05-27 12:56:27,0.0,Repostería Individual,Crujiente de yogurt individual,futuro
2024-05-28 12:56:27,0.0,Repostería Individual,Crujiente de yogurt individual,futuro
2024-05-29 12:56:27,0.0,Repostería Individual,Crujiente de yogurt individual,futuro
2024-05-30 12:56:27,0.0,Repostería Individual,Crujiente de yogurt individual,futuro
2024-05-31 12:56:27,0.0,Repostería Individual,Crujiente de yogurt individual,futuro
2024-06-01 12:56:27,0.0,Repostería Individual,Crujiente de yogurt individual,futuro
2024-06-02 12:56:27,0.0,Repostería Individual,Crujiente de yogurt individual,futuro
2024-06-03 12:56:27,0.0,Repostería Individual,Crujiente de yogurt individual,futuro
2024-06-04 12:56:27,0.0,Repostería Individual,Crujiente de yogurt individual,futuro
2024-06-05 12:56:27,0.0,Repostería Individual,Crujiente de yogurt individual,futuro
2024-06-06 12:56:27,0.0,Repostería Individual,Crujiente de yogurt individual,futuro
2024-06-07 12:56:27,0.0,Repostería Individual,Crujiente de yogurt individual,futuro
2024-06-08 12:56:27,0.0,Repostería Individual,Crujiente de yogurt individual,futuro
2024-06-09 12:56:27,0.0,Repostería Individual,Crujiente de yogurt individual,futuro
2024-06-10 12:56:27,0.0,Repostería Individual,Crujiente de yogurt individual,futuro
2024-06-11 12:56:27,0.0,Repostería Individual,Crujiente de yogurt individual,futuro
2024-06-12 12:56:27,0.0,Repostería Individual,Crujiente de yogurt individual,futuro
2024-06-13 12:56:27,0.0,Repostería Individual,Crujiente de yogurt individual,futuro
2024-06-14 12:56:27,0.0,Repostería Individual,Crujiente de yogurt individual,futuro
2024-06-15 12:56:27,0.0,Repostería Individual,Crujiente de yogurt individual,futuro
2024-06-16 12:56:27,0.0,Repostería Individual,Crujiente de yogurt individual,futuro
2024-06-17 12:56:27,0.0,Repostería Individual,Crujiente de yogurt individual,futuro
2024-06-18 12:56:27,0.0,Repostería Individual,Crujiente de yogurt individual,futuro
2024-06-19 12:56:27,0.0,Repostería Individual,Crujiente de yogurt individual,futuro
2024-06-20 12:56:27,0.0,Repostería Individual,Crujiente de yogurt individual,futuro
2024-06-21 12:56:27,0.0,Repostería Individual,Crujiente de yogurt individual,futuro
2024-06-22 12:56:27,0.0,Repostería Individual,Crujiente de yogurt individual,futuro
2024-06-23 12:56:27,0.0,Repostería Individual,Crujiente de yogurt individual,futuro
2024-06-24 12:56:27,0.0,Repostería Individual,Crujiente de yogurt individual,futuro
2024-06-25 12:56:27,0.0,Repostería Individual,Crujiente de yogurt individual,futuro
2024-06-26 12:56:27,0.0,Repostería Individual,Crujiente de yogurt individual,futuro
2024-06-27 12:56:27,0.0,Repostería Individual,Crujiente de yogurt individual,futuro
2024-06-28 12:56:27,0.0,Repostería Individual,Crujiente de yogurt individual,futuro
2024-06-29 12:56:27,0.0,Repostería Individual,Crujiente de yogurt individual,futuro
2024-06-30 12:56:27,0.0,Repostería Individual,Crujiente de yogurt individual,futuro
2024-07-01 12:56:27,0.0,Repostería Individual,Crujiente de yogurt individual,futuro
2024-07-02 12:56:27,0.0,Repostería Individual,Crujiente de yogurt individual,futuro
2024-07-03 12:56:27,0.0,Repostería Individual,Crujiente de yogurt individual,futuro
2024-07-04 12:56:27,0.0,Repostería Individual,Crujiente de yogurt individual,futuro
2024-07-05 12:56:27,0.0,Repostería Individual,Crujiente de yogurt individual,futuro
2024-07-06 12:56:27,0.0,Repostería Individual,Crujiente de yogurt individual,futuro
2024-07-07 12:56:27,0.0,Repostería Individual,Crujiente de yogurt individual,futuro
2024-07-08 12:56:27,0.0,Repostería Individual,Crujiente de yogurt individual,futuro
2024-07-09 12:56:27,0.0,Repostería Individual,Crujiente de yogurt individual,futuro
2024-07-10 12:56:27,0.0,Repostería Individual,Crujiente de yogurt individual,futuro
2024-07-11 12:56:27,0.0,Repostería Individual,Crujiente de yogurt individual,futuro
2024-07-12 12:56:27,0.0,Repostería Individual,Crujiente de yogurt individual,futuro
2024-07-13 12:56:27,0.0,Repostería Individual,Crujiente de yogurt individual,futuro
2024-07-14 12:56:27,0.0,Repostería Individual,Crujiente de yogurt individual,futuro
2024-07-15 12:56:27,0.0,Repostería Individual,Crujiente de yogurt individual,futuro
2024-07-16 12:56:27,0.0,Repostería Individual,Crujiente de yogurt individual,futuro
2025-11-07 16:35:55,0.0,Repostería Individual,Pastel Espejo de Moras Individual,futuro
2025-11-08 16:35:55,0.0,Repostería Individual,Pastel Espejo de Moras Individual,futuro
2025-11-09 16:35:55,0.0,Repostería Individual,Pastel Espejo de Moras Individual,futuro
2025-11-10 16:35:55,0.0,Repostería Individual,Pastel Espejo de Moras Individual,futuro
2025-11-11 16:35:55,0.0,Repostería Individual,Pastel Espejo de Moras Individual,futuro
2025-11-12 16:35:55,0.0,Repostería Individual,Pastel Espejo de Moras Individual,futuro
2025-11-13 16:35:55,0.0,Repostería Individual,Pastel Espejo de Moras Individual,futuro
2025-11-14 16:35:55,0.0,Repostería Individual,Pastel Espejo de Moras Individual,futuro
2025-11-15 16:35:55,0.0,Repostería Individual,Pastel Espejo de Moras Individual,futuro
2025-11-16 16:35:55,0.0,Repostería Individual,Pastel Espejo de Moras Individual,futuro
2025-11-17 16:35:55,0.0,Repostería Individual,Pastel Espejo de Moras Individual,futuro
2025-11-18 16:35:55,0.0,Repostería Individual,Pastel Espejo de Moras Individual,futuro
2025-11-19 16:35:55,0.0,Repostería Individual,Pastel Espejo de Moras Individual,futuro
2025-11-20 16:35:55,0.0,Repostería Individual,Pastel Espejo de Moras Individual,futuro
2025-11-21 16:35:55,0.0,Repostería Individual,Pastel Espejo de Moras Individual,futuro
2025-11-22 16:35:55,0.0,Repostería Individual,Pastel Espejo de Moras Individual,futuro
2025-11-23 16:35:55,0.0,Repostería Individual,Pastel Espejo de Moras Individual,futuro
2025-11-24 16:35:55,0.0,Repostería Individual,Pastel Espejo de Moras Individual,futuro
2025-11-25 16:35:55,0.0,Repostería Individual,Pastel Espejo de Moras Individual,futuro
2025-11-26 16:35:55,0.0,Repostería Individual,Pastel Espejo de Moras Individual,futuro
2025-11-27 16:35:55,0.0,Repostería Individual,Pastel Espejo de Moras Individual,futuro
2025-11-28 16:35:55,0.0,Repostería Individual,Pastel Espejo de Moras Individual,futuro
2025-11-29 16:35:55,0.0,Repostería Individual,Pastel Espejo de Moras Individual,futuro
2025-11-30 16:35:55,0.0,Repostería Individual,Pastel Espejo de Moras Individual,futuro
2025-12-01 16:35:55,0.0,Repostería Individual,Pastel Espejo de Moras Individual,futuro
2025-12-02 16:35:55,0.0,Repostería Individual,Pastel Espejo de Moras Individual,futuro
2025-12-03 16:35:55,0.0,Repostería Individual,Pastel Espejo de Moras Individual,futuro
2025-12-04 16:35:55,0.0,Repostería Individual,Pastel Espejo de Moras Individual,futuro
2025-12-05 16:35:55,0.0,Repostería Individual,Pastel Espejo de Moras Individual,futuro
2025-12-06 16:35:55,0.0,Repostería Individual,Pastel Espejo de Moras Individual,futuro
2025-12-07 16:35:55,0.0,Repostería Individual,Pastel Espejo de Moras Individual,futuro
2025-12-08 16:35:55,0.0,Repostería Individual,Pastel Espejo de Moras Individual,futuro
2025-12-09 16:35:55,0.0,Repostería Individual,Pastel Espejo de Moras Individual,futuro
2025-12-10 16:35:55,0.0,Repostería Individual,Pastel Espejo de Moras Individual,futuro
2025-12-11 16:35:55,0.0,Repostería Individual,Pastel Espejo de Moras Individual,futuro
2025-12-12 16:35:55,0.0,Repostería Individual,Pastel Espejo de Moras Individual,futuro
2025-12-13 16:35:55,0.0,Repostería Individual,Pastel Espejo de Moras Individual,futuro
2025-12-14 16:35:55,0.0,Repostería Individual,Pastel Espejo de Moras Individual,futuro
2025-12-15 16:35:55,0.0,Repostería Individual,Pastel Espejo de Moras Individual,futuro
2025-12-16 16:35:55,0.0,Repostería Individual,Pastel Espejo de Moras Individual,futuro
2025-12-17 16:35:55,0.0,Repostería Individual,Pastel Espejo de Moras Individual,futuro
2025-12-18 16:35:55,0.0,Repostería Individual,Pastel Espejo de Moras Individual,futuro
2025-12-19 16:35:55,0.0,Repostería Individual,Pastel Espejo de Moras Individual,futuro
2025-12-20 16:35:55,0.0,Repostería Individual,Pastel Espejo de Moras Individual,futuro
2025-12-21 16:35:55,0.0,Repostería Individual,Pastel Espejo de Moras Individual,futuro
2025-12-22 16:35:55,0.0,Repostería Individual,Pastel Espejo de Moras Individual,futuro
2025-12-23 16:35:55,0.0,Repostería Individual,Pastel Espejo de Moras Individual,futuro
2025-12-24 16:35:55,0.0,Repostería Individual,Pastel Espejo de Moras Individual,futuro
2025-12-25 16:35:55,0.0,Repostería Individual,Pastel Espejo de Moras Individual,futuro
2025-12-26 16:35:55,0.0,Repostería Individual,Pastel Espejo de Moras Individual,futuro
2025-12-27 16:35:55,0.0,Repostería Individual,Pastel Espejo de Moras Individual,futuro
2025-12-28 16:35:55,0.0,Repostería Individual,Pastel Espejo de Moras Individual,futuro
2025-12-29 16:35:55,0.0,Repostería Individual,Pastel Espejo de Moras Individual,futuro
2025-12-30 16:35:55,0.0,Repostería Individual,Pastel Espejo de Moras Individual,futuro
2025-12-31 16:35:55,0.0,Repostería Individual,Pastel Espejo de Moras Individual,futuro
2026-01-01 16:35:55,0.0,Repostería Individual,Pastel Espejo de Moras Individual,futuro
2026-01-02 16:35:55,0.0,Repostería Individual,Pastel Espejo de Moras Individual,futuro
2026-01-03 16:35:55,0.0,Repostería Individual,Pastel Espejo de Moras Individual,futuro
2026-01-04 16:35:55,0.0,Repostería Individual,Pastel Espejo de Moras Individual,futuro
2026-01-05 16:35:55,0.0,Repostería Individual,Pastel Espejo de Moras Individual,futuro
2026-01-06 16:35:55,0.0,Repostería Individual,Pastel Espejo de Moras Individual,futuro
2026-01-07 16:35:55,0.0,Repostería Individual,Pastel Espejo de Moras Individual,futuro
2026-01-08 16:35:55,0.0,Repostería Individual,Pastel Espejo de Moras Individual,futuro
2026-01-09 16:35:55,0.0,Repostería Individual,Pastel Espejo de Moras Individual,futuro
2026-01-10 16:35:55,0.0,Repostería Individual,Pastel Espejo de Moras Individual,futuro
2026-01-11 16:35:55,0.0,Repostería Individual,Pastel Espejo de Moras Individual,futuro
2026-01-12 16:35:55,0.0,Repostería Individual,Pastel Espejo de Moras Individual,futuro
2026-01-13 16:35:55,0.0,Repostería Individual,Pastel Espejo de Moras Individual,futuro
2026-01-14 16:35:55,0.0,Repostería Individual,Pastel Espejo de Moras Individual,futuro
2026-01-15 16:35:55,0.0,Repostería Individual,Pastel Espejo de Moras Individual,futuro
2026-01-16 16:35:55,0.0,Repostería Individual,Pastel Espejo de Moras Individual,futuro
2026-01-17 16:35:55,0.0,Repostería Individual,Pastel Espejo de Moras Individual,futuro
2026-01-18 16:35:55,0.0,Repostería Individual,Pastel Espejo de Moras Individual,futuro
2026-01-19 16:35:55,0.0,Repostería Individual,Pastel Espejo de Moras Individual,futuro
2026-01-20 16:35:55,0.0,Repostería Individual,Pastel Espejo de Moras Individual,futuro
2026-01-21 16:35:55,0.0,Repostería Individual,Pastel Espejo de Moras Individual,futuro
2026-01-22 16:35:55,0.0,Repostería Individual,Pastel Espejo de Moras Individual,futuro
2026-01-23 16:35:55,0.0,Repostería Individual,Pastel Espejo de Moras Individual,futuro
2026-01-24 16:35:55,0.0,Repostería Individual,Pastel Espejo de Moras Individual,futuro
2026-01-25 16:35:55,0.0,Repostería Individual,Pastel Espejo de Moras Individual,futuro
2026-01-26 16:35:55,0.0,Repostería Individual,Pastel Espejo de Moras Individual,futuro
2026-01-27 16:35:55,0.0,Repostería Individual,Pastel Espejo de Moras Individual,futuro
2026-01-28 16:35:55,0.0,Repostería Individual,Pastel Espejo de Moras Individual,futuro
2026-01-29 16:35:55,0.0,Repostería Individual,Pastel Espejo de Moras Individual,futuro
2026-01-30 16:35:55,0.0,Repostería Individual,Pastel Espejo de Moras Individual,futuro
2026-01-31 16:35:55,0.0,Repostería Individual,Pastel Espejo de Moras Individual,futuro
2026-02-01 16:35:55,0.0,Repostería Individual,Pastel Espejo de Moras Individual,futuro
2026-02-02 16:35:55,0.0,Repostería Individual,Pastel Espejo de Moras Individual,futuro
2026-02-03 16:35:55,0.0,Repostería Individual,Pastel Espejo de Moras Individual,futuro
2026-02-04 16:35:55,0.0,Repostería Individual,Pastel Espejo de Moras Individual,futuro
2023-12-24 15:22:55,0.0,Repostería Individual,Pay besos de cereza,futuro
2023-12-25 15:22:55,0.0,Repostería Individual,Pay besos de cereza,futuro
2023-12-26 15:22:55,0.0,Repostería Individual,Pay besos de cereza,futuro
2023-12-27 15:22:55,0.0,Repostería Individual,Pay besos de cereza,futuro
2023-12-28 15:22:55,0.0,Repostería Individual,Pay besos de cereza,futuro
2023-12-29 15:22:55,0.0,Repostería Individual,Pay besos de cereza,futuro
2023-12-30 15:22:55,0.0,Repostería Individual,Pay besos de cereza,futuro
2023-12-31 15:22:55,0.0,Repostería Individual,Pay besos de cereza,futuro
2024-01-01 15:22:55,0.0,Repostería Individual,Pay besos de cereza,futuro
2024-01-02 15:22:55,0.0,Repostería Individual,Pay besos de cereza,futuro
2024-01-03 15:22:55,0.0,Repostería Individual,Pay besos de cereza,futuro
2024-01-04 15:22:55,0.0,Repostería Individual,Pay besos de cereza,futuro
2024-01-05 15:22:55,0.0,Repostería Individual,Pay besos de cereza,futuro
2024-01-06 15:22:55,0.0,Repostería Individual,Pay besos de cereza,futuro
2024-01-07 15:22:55,0.0,Repostería Individual,Pay besos de cereza,futuro
2024-01-08 15:22:55,0.0,Repostería Individual,Pay besos de cereza,futuro
2024-01-09 15:22:55,0.0,Repostería Individual,Pay besos de cereza,futuro
2024-01-10 15:22:55,0.0,Repostería Individual,Pay besos de cereza,futuro
2024-01-11 15:22:55,0.0,Repostería Individual,Pay besos de cereza,futuro
2024-01-12 15:22:55,0.0,Repostería Individual,Pay besos de cereza,futuro
2024-01-13 15:22:55,0.0,Repostería Individual,Pay besos de cereza,futuro
2024-01-14 15:22:55,0.0,Repostería Individual,Pay besos de cereza,futuro
2024-01-15 15:22:55,0.0,Repostería Individual,Pay besos de cereza,futuro
2024-01-16 15:22:55,0.0,Repostería Individual,Pay besos de cereza,futuro
2024-01-17 15:22:55,0.0,Repostería Individual,Pay besos de cereza,futuro
2024-01-18 15:22:55,0.0,Repostería Individual,Pay besos de cereza,futuro
2024-01-19 15:22:55,0.0,Repostería Individual,Pay besos de cereza,futuro
2024-01-20 15:22:55,0.0,Repostería Individual,Pay besos de cereza,futuro
2024-01-21 15:22:55,0.0,Repostería Individual,Pay besos de cereza,futuro
2024-01-22 15:22:55,0.0,Repostería Individual,Pay besos de cereza,futuro
2024-01-23 15:22:55,0.0,Repostería Individual,Pay besos de cereza,futuro
2024-01-24 15:22:55,0.0,Repostería Individual,Pay besos de cereza,futuro
2024-01-25 15:22:55,0.0,Repostería Individual,Pay besos de cereza,futuro
2024-01-26 15:22:55,0.0,Repostería Individual,Pay besos de cereza,futuro
2024-01-27 15:22:55,0.0,Repostería Individual,Pay besos de cereza,futuro
2024-01-28 15:22:55,0.0,Repostería Individual,Pay besos de cereza,futuro
2024-01-29 15:22:55,0.0,Repostería Individual,Pay besos de cereza,futuro
2024-01-30 15:22:55,0.0,Repostería Individual,Pay besos de cereza,futuro
2024-01-31 15:22:55,0.0,Repostería Individual,Pay besos de cereza,futuro
2024-02-01 15:22:55,0.0,Repostería Individual,Pay besos de cereza,futuro
2024-02-02 15:22:55,0.0,Repostería Individual,Pay besos de cereza,futuro
2024-02-03 15:22:55,0.0,Repostería Individual,Pay besos de cereza,futuro
2024-02-04 15:22:55,0.0,Repostería Individual,Pay besos de cereza,futuro
2024-02-05 15:22:55,0.0,Repostería Individual,Pay besos de cereza,futuro
2024-02-06 15:22:55,0.0,Repostería Individual,Pay besos de cereza,futuro
2024-02-07 15:22:55,0.0,Repostería Individual,Pay besos de cereza,futuro
2024-02-08 15:22:55,0.0,Repostería Individual,Pay besos de cereza,futuro
2024-02-09 15:22:55,0.0,Repostería Individual,Pay besos de cereza,futuro
2024-02-10 15:22:55,0.0,Repostería Individual,Pay besos de cereza,futuro
2024-02-11 15:22:55,0.0,Repostería Individual,Pay besos de cereza,futuro
2024-02-12 15:22:55,0.0,Repostería Individual,Pay besos de cereza,futuro
2024-02-13 15:22:55,0.0,Repostería Individual,Pay besos de cereza,futuro
2024-02-14 15:22:55,0.0,Repostería Individual,Pay besos de cereza,futuro
2024-02-15 15:22:55,0.0,Repostería Individual,Pay besos de cereza,futuro
2024-02-16 15:22:55,0.0,Repostería Individual,Pay besos de cereza,futuro
2024-02-17 15:22:55,0.0,Repostería Individual,Pay besos de cereza,futuro
2024-02-18 15:22:55,0.0,Repostería Individual,Pay besos de cereza,futuro
2024-02-19 15:22:55,0.0,Repostería Individual,Pay besos de cereza,futuro
2024-02-20 15:22:55,0.0,Repostería Individual,Pay besos de cereza,futuro
2024-02-21 15:22:55,0.0,Repostería Individual,Pay besos de cereza,futuro
2024-02-22 15:22:55,0.0,Repostería Individual,Pay besos de cereza,futuro
2024-02-23 15:22:55,0.0,Repostería Individual,Pay besos de cereza,futuro
2024-02-24 15:22:55,0.0,Repostería Individual,Pay besos de cereza,futuro
2024-02-25 15:22:55,0.0,Repostería Individual,Pay besos de cereza,futuro
2024-02-26 15:22:55,0.0,Repostería Individual,Pay besos de cereza,futuro
2024-02-27 15:22:55,0.0,Repostería Individual,Pay besos de cereza,futuro
2024-02-28 15:22:55,0.0,Repostería Individual,Pay besos de cereza,futuro
2024-02-29 15:22:55,0.0,Repostería Individual,Pay besos de cereza,futuro
2024-03-01 15:22:55,0.0,Repostería Individual,Pay besos de cereza,futuro
2024-03-02 15:22:55,0.0,Repostería Individual,Pay besos de cereza,futuro
2024-03-03 15:22:55,0.0,Repostería Individual,Pay besos de cereza,futuro
2024-03-04 15:22:55,0.0,Repostería Individual,Pay besos de cereza,futuro
2024-03-05 15:22:55,0.0,Repostería Individual,Pay besos de cereza,futuro
2024-03-06 15:22:55,0.0,Repostería Individual,Pay besos de cereza,futuro
2024-03-07 15:22:55,0.0,Repostería Individual,Pay besos de cereza,futuro
2024-03-08 15:22:55,0.0,Repostería Individual,Pay besos de cereza,futuro
2024-03-09 15:22:55,0.0,Repostería Individual,Pay besos de cereza,futuro
2024-03-10 15:22:55,0.0,Repostería Individual,Pay besos de cereza,futuro
2024-03-11 15:22:55,0.0,Repostería Individual,Pay besos de cereza,futuro
2024-03-12 15:22:55,0.0,Repostería Individual,Pay besos de cereza,futuro
2024-03-13 15:22:55,0.0,Repostería Individual,Pay besos de cereza,futuro
2024-03-14 15:22:55,0.0,Repostería Individual,Pay besos de cereza,futuro
2024-03-15 15:22:55,0.0,Repostería Individual,Pay besos de cereza,futuro
2024-03-16 15:22:55,0.0,Repostería Individual,Pay besos de cereza,futuro
2024-03-17 15:22:55,0.0,Repostería Individual,Pay besos de cereza,futuro
2024-03-18 15:22:55,0.0,Repostería Individual,Pay besos de cereza,futuro
2024-03-19 15:22:55,0.0,Repostería Individual,Pay besos de cereza,futuro
2024-03-20 15:22:55,0.0,Repostería Individual,Pay besos de cereza,futuro
2024-03-21 15:22:55,0.0,Repostería Individual,Pay besos de cereza,futuro
2024-03-22 15:22:55,0.0,Repostería Individual,Pay besos de cereza,futuro
2024-01-27 13:00:30,0.0,Repostería Individual,Pay mini limón,futuro
2024-01-28 13:00:30,0.0,Repostería Individual,Pay mini limón,futuro
2024-01-29 13:00:30,0.0,Repostería Individual,Pay mini limón,futuro
2024-01-30 13:00:30,0.0,Repostería Individual,Pay mini limón,futuro
2024-01-31 13:00:30,0.0,Repostería Individual,Pay mini limón,futuro
2024-02-01 13:00:30,0.0,Repostería Individual,Pay mini limón,futuro
2024-02-02 13:00:30,0.0,Repostería Individual,Pay mini limón,futuro
2024-02-03 13:00:30,0.0,Repostería Individual,Pay mini limón,futuro
2024-02-04 13:00:30,0.0,Repostería Individual,Pay mini limón,futuro
2024-02-05 13:00:30,0.0,Repostería Individual,Pay mini limón,futuro
2024-02-06 13:00:30,0.0,Repostería Individual,Pay mini limón,futuro
2024-02-07 13:00:30,0.0,Repostería Individual,Pay mini limón,futuro
2024-02-08 13:00:30,0.0,Repostería Individual,Pay mini limón,futuro
2024-02-09 13:00:30,0.0,Repostería Individual,Pay mini limón,futuro
2024-02-10 13:00:30,0.0,Repostería Individual,Pay mini limón,futuro
2024-02-11 13:00:30,0.0,Repostería Individual,Pay mini limón,futuro
2024-02-12 13:00:30,0.0,Repostería Individual,Pay mini limón,futuro
2024-02-13 13:00:30,0.0,Repostería Individual,Pay mini limón,futuro
2024-02-14 13:00:30,0.0,Repostería Individual,Pay mini limón,futuro
2024-02-15 13:00:30,0.0,Repostería Individual,Pay mini limón,futuro
2024-02-16 13:00:30,0.0,Repostería Individual,Pay mini limón,futuro
2024-02-17 13:00:30,0.0,Repostería Individual,Pay mini limón,futuro
2024-02-18 13:00:30,0.0,Repostería Individual,Pay mini limón,futuro
2024-02-19 13:00:30,0.0,Repostería Individual,Pay mini limón,futuro
2024-02-20 13:00:30,0.0,Repostería Individual,Pay mini limón,futuro
2024-02-21 13:00:30,0.0,Repostería Individual,Pay mini limón,futuro
2024-02-22 13:00:30,0.0,Repostería Individual,Pay mini limón,futuro
2024-02-23 13:00:30,0.0,Repostería Individual,Pay mini limón,futuro
2024-02-24 13:00:30,0.0,Repostería Individual,Pay mini limón,futuro
2024-02-25 13:00:30,0.0,Repostería Individual,Pay mini limón,futuro
2024-02-26 13:00:30,0.0,Repostería Individual,Pay mini limón,futuro
2024-02-27 13:00:30,0.0,Repostería Individual,Pay mini limón,futuro
2024-02-28 13:00:30,0.0,Repostería Individual,Pay mini limón,futuro
2024-02-29 13:00:30,0.0,Repostería Individual,Pay mini limón,futuro
2024-03-01 13:00:30,0.0,Repostería Individual,Pay mini limón,futuro
2024-03-02 13:00:30,0.0,Repostería Individual,Pay mini limón,futuro
2024-03-03 13:00:30,0.0,Repostería Individual,Pay mini limón,futuro
2024-03-04 13:00:30,0.0,Repostería Individual,Pay mini limón,futuro
2024-03-05 13:00:30,0.0,Repostería Individual,Pay mini limón,futuro
2024-03-06 13:00:30,0.0,Repostería Individual,Pay mini limón,futuro
2024-03-07 13:00:30,0.0,Repostería Individual,Pay mini limón,futuro
2024-03-08 13:00:30,0.0,Repostería Individual,Pay mini limón,futuro
2024-03-09 13:00:30,0.0,Repostería Individual,Pay mini limón,futuro
2024-03-10 13:00:30,0.0,Repostería Individual,Pay mini limón,futuro
2024-03-11 13:00:30,0.0,Repostería Individual,Pay mini limón,futuro
2024-03-12 13:00:30,0.0,Repostería Individual,Pay mini limón,futuro
2024-03-13 13:00:30,0.0,Repostería Individual,Pay mini limón,futuro
2024-03-14 13:00:30,0.0,Repostería Individual,Pay mini limón,futuro
2024-03-15 13:00:30,0.0,Repostería Individual,Pay mini limón,futuro
2024-03-16 13:00:30,0.0,Repostería Individual,Pay mini limón,futuro
2024-03-17 13:00:30,0.0,Repostería Individual,Pay mini limón,futuro
2024-03-18 13:00:30,0.0,Repostería Individual,Pay mini limón,futuro
2024-03-19 13:00:30,0.0,Repostería Individual,Pay mini limón,futuro
2024-03-20 13:00:30,0.0,Repostería Individual,Pay mini limón,futuro
2024-03-21 13:00:30,0.0,Repostería Individual,Pay mini limón,futuro
2024-03-22 13:00:30,0.0,Repostería Individual,Pay mini limón,futuro
2024-03-23 13:00:30,0.0,Repostería Individual,Pay mini limón,futuro
2024-03-24 13:00:30,0.0,Repostería Individual,Pay mini limón,futuro
2024-03-25 13:00:30,0.0,Repostería Individual,Pay mini limón,futuro
2024-03-26 13:00:30,0.0,Repostería Individual,Pay mini limón,futuro
2024-03-27 13:00:30,0.0,Repostería Individual,Pay mini limón,futuro
2024-03-28 13:00:30,0.0,Repostería Individual,Pay mini limón,futuro
2024-03-29 13:00:30,0.0,Repostería Individual,Pay mini limón,futuro
2024-03-30 13:00:30,0.0,Repostería Individual,Pay mini limón,futuro
2024-03-31 13:00:30,0.0,Repostería Individual,Pay mini limón,futuro
2024-04-01 13:00:30,0.0,Repostería Individual,Pay mini limón,futuro
2024-04-02 13:00:30,0.0,Repostería Individual,Pay mini limón,futuro
2024-04-03 13:00:30,0.0,Repostería Individual,Pay mini limón,futuro
2024-04-04 13:00:30,0.0,Repostería Individual,Pay mini limón,futuro
2024-04-05 13:00:30,0.0,Repostería Individual,Pay mini limón,futuro
2024-04-06 13:00:30,0.0,Repostería Individual,Pay mini limón,futuro
2024-04-07 13:00:30,0.0,Repostería Individual,Pay mini limón,futuro
2024-04-08 13:00:30,0.0,Repostería Individual,Pay mini limón,futuro
2024-04-09 13:00:30,0.0,Repostería Individual,Pay mini limón,futuro
2024-04-10 13:00:30,0.0,Repostería Individual,Pay mini limón,futuro
2024-04-11 13:00:30,0.0,Repostería Individual,Pay mini limón,futuro
2024-04-12 13:00:30,0.0,Repostería Individual,Pay mini limón,futuro
2024-04-13 13:00:30,0.0,Repostería Individual,Pay mini limón,futuro
2024-04-14 13:00:30,0.0,Repostería Individual,Pay mini limón,futuro
2024-04-15 13:00:30,0.0,Repostería Individual,Pay mini limón,futuro
2024-04-16 13:00:30,0.0,Repostería Individual,Pay mini limón,futuro
2024-04-17 13:00:30,0.0,Repostería Individual,Pay mini limón,futuro
2024-04-18 13:00:30,0.0,Repostería Individual,Pay mini limón,futuro
2024-04-19 13:00:30,0.0,Repostería Individual,Pay mini limón,futuro
2024-04-20 13:00:30,0.0,Repostería Individual,Pay mini limón,futuro
2024-04-21 13:00:30,0.0,Repostería Individual,Pay mini limón,futuro
2024-04-22 13:00:30,0.0,Repostería Individual,Pay mini limón,futuro
2024-04-23 13:00:30,0.0,Repostería Individual,Pay mini limón,futuro
2024-04-24 13:00:30,0.0,Repostería Individual,Pay mini limón,futuro
2024-04-25 13:00:30,0.0,Repostería Individual,Pay mini limón,futuro
2025-06-29 12:20:05,0.0,Repostería Individual,Rebanada Pastel Imposible Natural,futuro
2025-06-30 12:20:05,0.0,Repostería Individual,Rebanada Pastel Imposible Natural,futuro
2025-07-01 12:20:05,0.0,Repostería Individual,Rebanada Pastel Imposible Natural,futuro
2025-07-02 12:20:05,0.0,Repostería Individual,Rebanada Pastel Imposible Natural,futuro
2025-07-03 12:20:05,0.0,Repostería Individual,Rebanada Pastel Imposible Natural,futuro
2025-07-04 12:20:05,0.0,Repostería Individual,Rebanada Pastel Imposible Natural,futuro
2025-07-05 12:20:05,0.0,Repostería Individual,Rebanada Pastel Imposible Natural,futuro
2025-07-06 12:20:05,0.0,Repostería Individual,Rebanada Pastel Imposible Natural,futuro
2025-07-07 12:20:05,0.0,Repostería Individual,Rebanada Pastel Imposible Natural,futuro
2025-07-08 12:20:05,0.0,Repostería Individual,Rebanada Pastel Imposible Natural,futuro
2025-07-09 12:20:05,0.0,Repostería Individual,Rebanada Pastel Imposible Natural,futuro
2025-07-10 12:20:05,0.0,Repostería Individual,Rebanada Pastel Imposible Natural,futuro
2025-07-11 12:20:05,0.0,Repostería Individual,Rebanada Pastel Imposible Natural,futuro
2025-07-12 12:20:05,0.0,Repostería Individual,Rebanada Pastel Imposible Natural,futuro
2025-07-13 12:20:05,0.0,Repostería Individual,Rebanada Pastel Imposible Natural,futuro
2025-07-14 12:20:05,0.0,Repostería Individual,Rebanada Pastel Imposible Natural,futuro
2025-07-15 12:20:05,0.0,Repostería Individual,Rebanada Pastel Imposible Natural,futuro
2025-07-16 12:20:05,0.0,Repostería Individual,Rebanada Pastel Imposible Natural,futuro
2025-07-17 12:20:05,0.0,Repostería Individual,Rebanada Pastel Imposible Natural,futuro
2025-07-18 12:20:05,0.0,Repostería Individual,Rebanada Pastel Imposible Natural,futuro
2025-07-19 12:20:05,0.0,Repostería Individual,Rebanada Pastel Imposible Natural,futuro
2025-07-20 12:20:05,0.0,Repostería Individual,Rebanada Pastel Imposible Natural,futuro
2025-07-21 12:20:05,0.0,Repostería Individual,Rebanada Pastel Imposible Natural,futuro
2025-07-22 12:20:05,0.0,Repostería Individual,Rebanada Pastel Imposible Natural,futuro
2025-07-23 12:20:05,0.0,Repostería Individual,Rebanada Pastel Imposible Natural,futuro
2025-07-24 12:20:05,0.0,Repostería Individual,Rebanada Pastel Imposible Natural,futuro
2025-07-25 12:20:05,0.0,Repostería Individual,Rebanada Pastel Imposible Natural,futuro
2025-07-26 12:20:05,0.0,Repostería Individual,Rebanada Pastel Imposible Natural,futuro
2025-07-27 12:20:05,0.0,Repostería Individual,Rebanada Pastel Imposible Natural,futuro
2025-07-28 12:20:05,0.0,Repostería Individual,Rebanada Pastel Imposible Natural,futuro
2025-07-29 12:20:05,0.0,Repostería Individual,Rebanada Pastel Imposible Natural,futuro
2025-07-30 12:20:05,0.0,Repostería Individual,Rebanada Pastel Imposible Natural,futuro
2025-07-31 12:20:05,0.0,Repostería Individual,Rebanada Pastel Imposible Natural,futuro
2025-08-01 12:20:05,0.0,Repostería Individual,Rebanada Pastel Imposible Natural,futuro
2025-08-02 12:20:05,0.0,Repostería Individual,Rebanada Pastel Imposible Natural,futuro
2025-08-03 12:20:05,0.0,Repostería Individual,Rebanada Pastel Imposible Natural,futuro
2025-08-04 12:20:05,0.0,Repostería Individual,Rebanada Pastel Imposible Natural,futuro
2025-08-05 12:20:05,0.0,Repostería Individual,Rebanada Pastel Imposible Natural,futuro
2025-08-06 12:20:05,0.0,Repostería Individual,Rebanada Pastel Imposible Natural,futuro
2025-08-07 12:20:05,0.0,Repostería Individual,Rebanada Pastel Imposible Natural,futuro
2025-08-08 12:20:05,0.0,Repostería Individual,Rebanada Pastel Imposible Natural,futuro
2025-08-09 12:20:05,0.0,Repostería Individual,Rebanada Pastel Imposible Natural,futuro
2025-08-10 12:20:05,0.0,Repostería Individual,Rebanada Pastel Imposible Natural,futuro
2025-08-11 12:20:05,0.0,Repostería Individual,Rebanada Pastel Imposible Natural,futuro
2025-08-12 12:20:05,0.0,Repostería Individual,Rebanada Pastel Imposible Natural,futuro
2025-08-13 12:20:05,0.0,Repostería Individual,Rebanada Pastel Imposible Natural,futuro
2025-08-14 12:20:05,0.0,Repostería Individual,Rebanada Pastel Imposible Natural,futuro
2025-08-15 12:20:05,0.0,Repostería Individual,Rebanada Pastel Imposible Natural,futuro
2025-08-16 12:20:05,0.0,Repostería Individual,Rebanada Pastel Imposible Natural,futuro
2025-08-17 12:20:05,0.0,Repostería Individual,Rebanada Pastel Imposible Natural,futuro
2025-08-18 12:20:05,0.0,Repostería Individual,Rebanada Pastel Imposible Natural,futuro
2025-08-19 12:20:05,0.0,Repostería Individual,Rebanada Pastel Imposible Natural,futuro
2025-08-20 12:20:05,0.0,Repostería Individual,Rebanada Pastel Imposible Natural,futuro
2025-08-21 12:20:05,0.0,Repostería Individual,Rebanada Pastel Imposible Natural,futuro
2025-08-22 12:20:05,0.0,Repostería Individual,Rebanada Pastel Imposible Natural,futuro
2025-08-23 12:20:05,0.0,Repostería Individual,Rebanada Pastel Imposible Natural,futuro
2025-08-24 12:20:05,0.0,Repostería Individual,Rebanada Pastel Imposible Natural,futuro
2025-08-25 12:20:05,0.0,Repostería Individual,Rebanada Pastel Imposible Natural,futuro
2025-08-26 12:20:05,0.0,Repostería Individual,Rebanada Pastel Imposible Natural,futuro
2025-08-27 12:20:05,0.0,Repostería Individual,Rebanada Pastel Imposible Natural,futuro
2025-08-28 12:20:05,0.0,Repostería Individual,Rebanada Pastel Imposible Natural,futuro
2025-08-29 12:20:05,0.0,Repostería Individual,Rebanada Pastel Imposible Natural,futuro
2025-08-30 12:20:05,0.0,Repostería Individual,Rebanada Pastel Imposible Natural,futuro
2025-08-31 12:20:05,0.0,Repostería Individual,Rebanada Pastel Imposible Natural,futuro
2025-09-01 12:20:05,0.0,Repostería Individual,Rebanada Pastel Imposible Natural,futuro
2025-09-02 12:20:05,0.0,Repostería Individual,Rebanada Pastel Imposible Natural,futuro
2025-09-03 12:20:05,0.0,Repostería Individual,Rebanada Pastel Imposible Natural,futuro
2025-09-04 12:20:05,0.0,Repostería Individual,Rebanada Pastel Imposible Natural,futuro
2025-09-05 12:20:05,0.0,Repostería Individual,Rebanada Pastel Imposible Natural,futuro
2025-09-06 12:20:05,0.0,Repostería Individual,Rebanada Pastel Imposible Natural,futuro
2025-09-07 12:20:05,0.0,Repostería Individual,Rebanada Pastel Imposible Natural,futuro
2025-09-08 12:20:05,0.0,Repostería Individual,Rebanada Pastel Imposible Natural,futuro
2025-09-09 12:20:05,0.0,Repostería Individual,Rebanada Pastel Imposible Natural,futuro
2025-09-10 12:20:05,0.0,Repostería Individual,Rebanada Pastel Imposible Natural,futuro
2025-09-11 12:20:05,0.0,Repostería Individual,Rebanada Pastel Imposible Natural,futuro
2025-09-12 12:20:05,0.0,Repostería Individual,Rebanada Pastel Imposible Natural,futuro
2025-09-13 12:20:05,0.0,Repostería Individual,Rebanada Pastel Imposible Natural,futuro
2025-09-14 12:20:05,0.0,Repostería Individual,Rebanada Pastel Imposible Natural,futuro
2025-09-15 12:20:05,0.0,Repostería Individual,Rebanada Pastel Imposible Natural,futuro
2025-09-16 12:20:05,0.0,Repostería Individual,Rebanada Pastel Imposible Natural,futuro
2025-09-17 12:20:05,0.0,Repostería Individual,Rebanada Pastel Imposible Natural,futuro
2025-09-18 12:20:05,0.0,Repostería Individual,Rebanada Pastel Imposible Natural,futuro
2025-09-19 12:20:05,0.0,Repostería Individual,Rebanada Pastel Imposible Natural,futuro
2025-09-20 12:20:05,0.0,Repostería Individual,Rebanada Pastel Imposible Natural,futuro
2025-09-21 12:20:05,0.0,Repostería Individual,Rebanada Pastel Imposible Natural,futuro
2025-09-22 12:20:05,0.0,Repostería Individual,Rebanada Pastel Imposible Natural,futuro
2025-09-23 12:20:05,0.0,Repostería Individual,Rebanada Pastel Imposible Natural,futuro
2025-09-24 12:20:05,0.0,Repostería Individual,Rebanada Pastel Imposible Natural,futuro
2025-09-25 12:20:05,0.0,Repostería Individual,Rebanada Pastel Imposible Natural,futuro
2025-09-26 12:20:05,0.0,Repostería Individual,Rebanada Pastel Imposible Natural,futuro
2025-11-07 13:39:22,0.0,Repostería Individual,Reina De Fresas Con Crema,futuro
2025-11-08 13:39:22,0.0,Repostería Individual,Reina De Fresas Con Crema,futuro
2025-11-09 13:39:22,0.0,Repostería Individual,Reina De Fresas Con Crema,futuro
2025-11-10 13:39:22,0.0,Repostería Individual,Reina De Fresas Con Crema,futuro
2025-11-11 13:39:22,0.0,Repostería Individual,Reina De Fresas Con Crema,futuro
2025-11-12 13:39:22,0.0,Repostería Individual,Reina De Fresas Con Crema,futuro
2025-11-13 13:39:22,0.0,Repostería Individual,Reina De Fresas Con Crema,futuro
2025-11-14 13:39:22,0.0,Repostería Individual,Reina De Fresas Con Crema,futuro
2025-11-15 13:39:22,0.0,Repostería Individual,Reina De Fresas Con Crema,futuro
2025-11-16 13:39:22,0.0,Repostería Individual,Reina De Fresas Con Crema,futuro
2025-11-17 13:39:22,0.0,Repostería Individual,Reina De Fresas Con Crema,futuro
2025-11-18 13:39:22,0.0,Repostería Individual,Reina De Fresas Con Crema,futuro
2025-11-19 13:39:22,0.0,Repostería Individual,Reina De Fresas Con Crema,futuro
2025-11-20 13:39:22,0.0,Repostería Individual,Reina De Fresas Con Crema,futuro
2025-11-21 13:39:22,0.0,Repostería Individual,Reina De Fresas Con Crema,futuro
2025-11-22 13:39:22,0.0,Repostería Individual,Reina De Fresas Con Crema,futuro
2025-11-23 13:39:22,0.0,Repostería Individual,Reina De Fresas Con Crema,futuro
2025-11-24 13:39:22,0.0,Repostería Individual,Reina De Fresas Con Crema,futuro
2025-11-25 13:39:22,0.0,Repostería Individual,Reina De Fresas Con Crema,futuro
2025-11-26 13:39:22,0.0,Repostería Individual,Reina De Fresas Con Crema,futuro
2025-11-27 13:39:22,0.0,Repostería Individual,Reina De Fresas Con Crema,futuro
2025-11-28 13:39:22,0.0,Repostería Individual,Reina De Fresas Con Crema,futuro
2025-11-29 13:39:22,0.0,Repostería Individual,Reina De Fresas Con Crema,futuro
2025-11-30 13:39:22,0.0,Repostería Individual,Reina De Fresas Con Crema,futuro
2025-12-01 13:39:22,0.0,Repostería Individual,Reina De Fresas Con Crema,futuro
2025-12-02 13:39:22,0.0,Repostería Individual,Reina De Fresas Con Crema,futuro
2025-12-03 13:39:22,0.0,Repostería Individual,Reina De Fresas Con Crema,futuro
2025-12-04 13:39:22,0.0,Repostería Individual,Reina De Fresas Con Crema,futuro
2025-12-05 13:39:22,0.0,Repostería Individual,Reina De Fresas Con Crema,futuro
2025-12-06 13:39:22,0.0,Repostería Individual,Reina De Fresas Con Crema,futuro
2025-12-07 13:39:22,0.0,Repostería Individual,Reina De Fresas Con Crema,futuro
2025-12-08 13:39:22,0.0,Repostería Individual,Reina De Fresas Con Crema,futuro
2025-12-09 13:39:22,0.0,Repostería Individual,Reina De Fresas Con Crema,futuro
2025-12-10 13:39:22,0.0,Repostería Individual,Reina De Fresas Con Crema,futuro
2025-12-11 13:39:22,0.0,Repostería Individual,Reina De Fresas Con Crema,futuro
2025-12-12 13:39:22,0.0,Repostería Individual,Reina De Fresas Con Crema,futuro
2025-12-13 13:39:22,0.0,Repostería Individual,Reina De Fresas Con Crema,futuro
2025-12-14 13:39:22,0.0,Repostería Individual,Reina De Fresas Con Crema,futuro
2025-12-15 13:39:22,0.0,Repostería Individual,Reina De Fresas Con Crema,futuro
2025-12-16 13:39:22,0.0,Repostería Individual,Reina De Fresas Con Crema,futuro
2025-12-17 13:39:22,0.0,Repostería Individual,Reina De Fresas Con Crema,futuro
2025-12-18 13:39:22,0.0,Repostería Individual,Reina De Fresas Con Crema,futuro
2025-12-19 13:39:22,0.0,Repostería Individual,Reina De Fresas Con Crema,futuro
2025-12-20 13:39:22,0.0,Repostería Individual,Reina De Fresas Con Crema,futuro
2025-12-21 13:39:22,0.0,Repostería Individual,Reina De Fresas Con Crema,futuro
2025-12-22 13:39:22,0.0,Repostería Individual,Reina De Fresas Con Crema,futuro
2025-12-23 13:39:22,0.0,Repostería Individual,Reina De Fresas Con Crema,futuro
2025-12-24 13:39:22,0.0,Repostería Individual,Reina De Fresas Con Crema,futuro
2025-12-25 13:39:22,0.0,Repostería Individual,Reina De Fresas Con Crema,futuro
2025-12-26 13:39:22,0.0,Repostería Individual,Reina De Fresas Con Crema,futuro
2025-12-27 13:39:22,0.0,Repostería Individual,Reina De Fresas Con Crema,futuro
2025-12-28 13:39:22,0.0,Repostería Individual,Reina De Fresas Con Crema,futuro
2025-12-29 13:39:22,0.0,Repostería Individual,Reina De Fresas Con Crema,futuro
2025-12-30 13:39:22,0.0,Repostería Individual,Reina De Fresas Con Crema,futuro
2025-12-31 13:39:22,0.0,Repostería Individual,Reina De Fresas Con Crema,futuro
2026-01-01 13:39:22,0.0,Repostería Individual,Reina De Fresas Con Crema,futuro
2026-01-02 13:39:22,0.0,Repostería Individual,Reina De Fresas Con Crema,futuro
2026-01-03 13:39:22,0.0,Repostería Individual,Reina De Fresas Con Crema,futuro
2026-01-04 13:39:22,0.0,Repostería Individual,Reina De Fresas Con Crema,futuro
2026-01-05 13:39:22,0.0,Repostería Individual,Reina De Fresas Con Crema,futuro
2026-01-06 13:39:22,0.0,Repostería Individual,Reina De Fresas Con Crema,futuro
2026-01-07 13:39:22,0.0,Repostería Individual,Reina De Fresas Con Crema,futuro
2026-01-08 13:39:22,0.0,Repostería Individual,Reina De Fresas Con Crema,futuro
2026-01-09 13:39:22,0.0,Repostería Individual,Reina De Fresas Con Crema,futuro
2026-01-10 13:39:22,0.0,Repostería Individual,Reina De Fresas Con Crema,futuro
2026-01-11 13:39:22,0.0,Repostería Individual,Reina De Fresas Con Crema,futuro
2026-01-12 13:39:22,0.0,Repostería Individual,Reina De Fresas Con Crema,futuro
2026-01-13 13:39:22,0.0,Repostería Individual,Reina De Fresas Con Crema,futuro
2026-01-14 13:39:22,0.0,Repostería Individual,Reina De Fresas Con Crema,futuro
2026-01-15 13:39:22,0.0,Repostería Individual,Reina De Fresas Con Crema,futuro
2026-01-16 13:39:22,0.0,Repostería Individual,Reina De Fresas Con Crema,futuro
2026-01-17 13:39:22,0.0,Repostería Individual,Reina De Fresas Con Crema,futuro
2026-01-18 13:39:22,0.0,Repostería Individual,Reina De Fresas Con Crema,futuro
2026-01-19 13:39:22,0.0,Repostería Individual,Reina De Fresas Con Crema,futuro
2026-01-20 13:39:22,0.0,Repostería Individual,Reina De Fresas Con Crema,futuro
2026-01-21 13:39:22,0.0,Repostería Individual,Reina De Fresas Con Crema,futuro
2026-01-22 13:39:22,0.0,Repostería Individual,Reina De Fresas Con Crema,futuro
2026-01-23 13:39:22,0.0,Repostería Individual,Reina De Fresas Con Crema,futuro
2026-01-24 13:39:22,0.0,Repostería Individual,Reina De Fresas Con Crema,futuro
2026-01-25 13:39:22,0.0,Repostería Individual,Reina De Fresas Con Crema,futuro
2026-01-26 13:39:22,0.0,Repostería Individual,Reina De Fresas Con Crema,futuro
2026-01-27 13:39:22,0.0,Repostería Individual,Reina De Fresas Con Crema,futuro
2026-01-28 13:39:22,0.0,Repostería Individual,Reina De Fresas Con Crema,futuro
2026-01-29 13:39:22,0.0,Repostería Individual,Reina De Fresas Con Crema,futuro
2026-01-30 13:39:22,0.0,Repostería Individual,Reina De Fresas Con Crema,futuro
2026-01-31 13:39:22,0.0,Repostería Individual,Reina De Fresas Con Crema,futuro
2026-02-01 13:39:22,0.0,Repostería Individual,Reina De Fresas Con Crema,futuro
2026-02-02 13:39:22,0.0,Repostería Individual,Reina De Fresas Con Crema,futuro
2026-02-03 13:39:22,0.0,Repostería Individual,Reina De Fresas Con Crema,futuro
2026-02-04 13:39:22,0.0,Repostería Individual,Reina De Fresas Con Crema,futuro
2025-06-29 13:12:26,0.0,Repostería Individual,Rey de chocolate,futuro
2025-06-30 13:12:26,0.0,Repostería Individual,Rey de chocolate,futuro
2025-07-01 13:12:26,0.0,Repostería Individual,Rey de chocolate,futuro
2025-07-02 13:12:26,0.0,Repostería Individual,Rey de chocolate,futuro
2025-07-03 13:12:26,0.0,Repostería Individual,Rey de chocolate,futuro
2025-07-04 13:12:26,0.0,Repostería Individual,Rey de chocolate,futuro
2025-07-05 13:12:26,0.0,Repostería Individual,Rey de chocolate,futuro
2025-07-06 13:12:26,0.0,Repostería Individual,Rey de chocolate,futuro
2025-07-07 13:12:26,0.0,Repostería Individual,Rey de chocolate,futuro
2025-07-08 13:12:26,0.0,Repostería Individual,Rey de chocolate,futuro
2025-07-09 13:12:26,0.0,Repostería Individual,Rey de chocolate,futuro
2025-07-10 13:12:26,0.0,Repostería Individual,Rey de chocolate,futuro
2025-07-11 13:12:26,0.0,Repostería Individual,Rey de chocolate,futuro
2025-07-12 13:12:26,0.0,Repostería Individual,Rey de chocolate,futuro
2025-07-13 13:12:26,0.0,Repostería Individual,Rey de chocolate,futuro
2025-07-14 13:12:26,0.0,Repostería Individual,Rey de chocolate,futuro
2025-07-15 13:12:26,0.0,Repostería Individual,Rey de chocolate,futuro
2025-07-16 13:12:26,0.0,Repostería Individual,Rey de chocolate,futuro
2025-07-17 13:12:26,0.0,Repostería Individual,Rey de chocolate,futuro
2025-07-18 13:12:26,0.0,Repostería Individual,Rey de chocolate,futuro
2025-07-19 13:12:26,0.0,Repostería Individual,Rey de chocolate,futuro
2025-07-20 13:12:26,0.0,Repostería Individual,Rey de chocolate,futuro
2025-07-21 13:12:26,0.0,Repostería Individual,Rey de chocolate,futuro
2025-07-22 13:12:26,0.0,Repostería Individual,Rey de chocolate,futuro
2025-07-23 13:12:26,0.0,Repostería Individual,Rey de chocolate,futuro
2025-07-24 13:12:26,0.0,Repostería Individual,Rey de chocolate,futuro
2025-07-25 13:12:26,0.0,Repostería Individual,Rey de chocolate,futuro
2025-07-26 13:12:26,0.0,Repostería Individual,Rey de chocolate,futuro
2025-07-27 13:12:26,0.0,Repostería Individual,Rey de chocolate,futuro
2025-07-28 13:12:26,0.0,Repostería Individual,Rey de chocolate,futuro
2025-07-29 13:12:26,0.0,Repostería Individual,Rey de chocolate,futuro
2025-07-30 13:12:26,0.0,Repostería Individual,Rey de chocolate,futuro
2025-07-31 13:12:26,0.0,Repostería Individual,Rey de chocolate,futuro
2025-08-01 13:12:26,0.0,Repostería Individual,Rey de chocolate,futuro
2025-08-02 13:12:26,0.0,Repostería Individual,Rey de chocolate,futuro
2025-08-03 13:12:26,0.0,Repostería Individual,Rey de chocolate,futuro
2025-08-04 13:12:26,0.0,Repostería Individual,Rey de chocolate,futuro
2025-08-05 13:12:26,0.0,Repostería Individual,Rey de chocolate,futuro
2025-08-06 13:12:26,0.0,Repostería Individual,Rey de chocolate,futuro
2025-08-07 13:12:26,0.0,Repostería Individual,Rey de chocolate,futuro
2025-08-08 13:12:26,0.0,Repostería Individual,Rey de chocolate,futuro
2025-08-09 13:12:26,0.0,Repostería Individual,Rey de chocolate,futuro
2025-08-10 13:12:26,0.0,Repostería Individual,Rey de chocolate,futuro
2025-08-11 13:12:26,0.0,Repostería Individual,Rey de chocolate,futuro
2025-08-12 13:12:26,0.0,Repostería Individual,Rey de chocolate,futuro
2025-08-13 13:12:26,0.0,Repostería Individual,Rey de chocolate,futuro
2025-08-14 13:12:26,0.0,Repostería Individual,Rey de chocolate,futuro
2025-08-15 13:12:26,0.0,Repostería Individual,Rey de chocolate,futuro
2025-08-16 13:12:26,0.0,Repostería Individual,Rey de chocolate,futuro
2025-08-17 13:12:26,0.0,Repostería Individual,Rey de chocolate,futuro
2025-08-18 13:12:26,0.0,Repostería Individual,Rey de chocolate,futuro
2025-08-19 13:12:26,0.0,Repostería Individual,Rey de chocolate,futuro
2025-08-20 13:12:26,0.0,Repostería Individual,Rey de chocolate,futuro
2025-08-21 13:12:26,0.0,Repostería Individual,Rey de chocolate,futuro
2025-08-22 13:12:26,0.0,Repostería Individual,Rey de chocolate,futuro
2025-08-23 13:12:26,0.0,Repostería Individual,Rey de chocolate,futuro
2025-08-24 13:12:26,0.0,Repostería Individual,Rey de chocolate,futuro
2025-08-25 13:12:26,0.0,Repostería Individual,Rey de chocolate,futuro
2025-08-26 13:12:26,0.0,Repostería Individual,Rey de chocolate,futuro
2025-08-27 13:12:26,0.0,Repostería Individual,Rey de chocolate,futuro
2025-08-28 13:12:26,0.0,Repostería Individual,Rey de chocolate,futuro
2025-08-29 13:12:26,0.0,Repostería Individual,Rey de chocolate,futuro
2025-08-30 13:12:26,0.0,Repostería Individual,Rey de chocolate,futuro
2025-08-31 13:12:26,0.0,Repostería Individual,Rey de chocolate,futuro
2025-09-01 13:12:26,0.0,Repostería Individual,Rey de chocolate,futuro
2025-09-02 13:12:26,0.0,Repostería Individual,Rey de chocolate,futuro
2025-09-03 13:12:26,0.0,Repostería Individual,Rey de chocolate,futuro
2025-09-04 13:12:26,0.0,Repostería Individual,Rey de chocolate,futuro
2025-09-05 13:12:26,0.0,Repostería Individual,Rey de chocolate,futuro
2025-09-06 13:12:26,0.0,Repostería Individual,Rey de chocolate,futuro
2025-09-07 13:12:26,0.0,Repostería Individual,Rey de chocolate,futuro
2025-09-08 13:12:26,0.0,Repostería Individual,Rey de chocolate,futuro
2025-09-09 13:12:26,0.0,Repostería Individual,Rey de chocolate,futuro
2025-09-10 13:12:26,0.0,Repostería Individual,Rey de chocolate,futuro
2025-09-11 13:12:26,0.0,Repostería Individual,Rey de chocolate,futuro
2025-09-12 13:12:26,0.0,Repostería Individual,Rey de chocolate,futuro
2025-09-13 13:12:26,0.0,Repostería Individual,Rey de chocolate,futuro
2025-09-14 13:12:26,0.0,Repostería Individual,Rey de chocolate,futuro
2025-09-15 13:12:26,0.0,Repostería Individual,Rey de chocolate,futuro
2025-09-16 13:12:26,0.0,Repostería Individual,Rey de chocolate,futuro
2025-09-17 13:12:26,0.0,Repostería Individual,Rey de chocolate,futuro
2025-09-18 13:12:26,0.0,Repostería Individual,Rey de chocolate,futuro
2025-09-19 13:12:26,0.0,Repostería Individual,Rey de chocolate,futuro
2025-09-20 13:12:26,0.0,Repostería Individual,Rey de chocolate,futuro
2025-09-21 13:12:26,0.0,Repostería Individual,Rey de chocolate,futuro
2025-09-22 13:12:26,0.0,Repostería Individual,Rey de chocolate,futuro
2025-09-23 13:12:26,0.0,Repostería Individual,Rey de chocolate,futuro
2025-09-24 13:12:26,0.0,Repostería Individual,Rey de chocolate,futuro
2025-09-25 13:12:26,0.0,Repostería Individual,Rey de chocolate,futuro
2025-09-26 13:12:26,0.0,Repostería Individual,Rey de chocolate,futuro
2025-11-07 12:12:01,0.0,Repostería Individual,Tartaleta,futuro
2025-11-08 12:12:01,0.0,Repostería Individual,Tartaleta,futuro
2025-11-09 12:12:01,0.0,Repostería Individual,Tartaleta,futuro
2025-11-10 12:12:01,0.0,Repostería Individual,Tartaleta,futuro
2025-11-11 12:12:01,0.0,Repostería Individual,Tartaleta,futuro
2025-11-12 12:12:01,0.0,Repostería Individual,Tartaleta,futuro
2025-11-13 12:12:01,0.0,Repostería Individual,Tartaleta,futuro
2025-11-14 12:12:01,0.0,Repostería Individual,Tartaleta,futuro
2025-11-15 12:12:01,0.0,Repostería Individual,Tartaleta,futuro
2025-11-16 12:12:01,0.0,Repostería Individual,Tartaleta,futuro
2025-11-17 12:12:01,0.0,Repostería Individual,Tartaleta,futuro
2025-11-18 12:12:01,0.0,Repostería Individual,Tartaleta,futuro
2025-11-19 12:12:01,0.0,Repostería Individual,Tartaleta,futuro
2025-11-20 12:12:01,0.0,Repostería Individual,Tartaleta,futuro
2025-11-21 12:12:01,0.0,Repostería Individual,Tartaleta,futuro
2025-11-22 12:12:01,0.0,Repostería Individual,Tartaleta,futuro
2025-11-23 12:12:01,0.0,Repostería Individual,Tartaleta,futuro
2025-11-24 12:12:01,0.0,Repostería Individual,Tartaleta,futuro
2025-11-25 12:12:01,0.0,Repostería Individual,Tartaleta,futuro
2025-11-26 12:12:01,0.0,Repostería Individual,Tartaleta,futuro
2025-11-27 12:12:01,0.0,Repostería Individual,Tartaleta,futuro
2025-11-28 12:12:01,0.0,Repostería Individual,Tartaleta,futuro
2025-11-29 12:12:01,0.0,Repostería Individual,Tartaleta,futuro
2025-11-30 12:12:01,0.0,Repostería Individual,Tartaleta,futuro
2025-12-01 12:12:01,0.0,Repostería Individual,Tartaleta,futuro
2025-12-02 12:12:01,0.0,Repostería Individual,Tartaleta,futuro
2025-12-03 12:12:01,0.0,Repostería Individual,Tartaleta,futuro
2025-12-04 12:12:01,0.0,Repostería Individual,Tartaleta,futuro
2025-12-05 12:12:01,0.0,Repostería Individual,Tartaleta,futuro
2025-12-06 12:12:01,0.0,Repostería Individual,Tartaleta,futuro
2025-12-07 12:12:01,0.0,Repostería Individual,Tartaleta,futuro
2025-12-08 12:12:01,0.0,Repostería Individual,Tartaleta,futuro
2025-12-09 12:12:01,0.0,Repostería Individual,Tartaleta,futuro
2025-12-10 12:12:01,0.0,Repostería Individual,Tartaleta,futuro
2025-12-11 12:12:01,0.0,Repostería Individual,Tartaleta,futuro
2025-12-12 12:12:01,0.0,Repostería Individual,Tartaleta,futuro
2025-12-13 12:12:01,0.0,Repostería Individual,Tartaleta,futuro
2025-12-14 12:12:01,0.0,Repostería Individual,Tartaleta,futuro
2025-12-15 12:12:01,0.0,Repostería Individual,Tartaleta,futuro
2025-12-16 12:12:01,0.0,Repostería Individual,Tartaleta,futuro
2025-12-17 12:12:01,0.0,Repostería Individual,Tartaleta,futuro
2025-12-18 12:12:01,0.0,Repostería Individual,Tartaleta,futuro
2025-12-19 12:12:01,0.0,Repostería Individual,Tartaleta,futuro
2025-12-20 12:12:01,0.0,Repostería Individual,Tartaleta,futuro
2025-12-21 12:12:01,0.0,Repostería Individual,Tartaleta,futuro
2025-12-22 12:12:01,0.0,Repostería Individual,Tartaleta,futuro
2025-12-23 12:12:01,0.0,Repostería Individual,Tartaleta,futuro
2025-12-24 12:12:01,0.0,Repostería Individual,Tartaleta,futuro
2025-12-25 12:12:01,0.0,Repostería Individual,Tartaleta,futuro
2025-12-26 12:12:01,0.0,Repostería Individual,Tartaleta,futuro
2025-12-27 12:12:01,0.0,Repostería Individual,Tartaleta,futuro
2025-12-28 12:12:01,0.0,Repostería Individual,Tartaleta,futuro
2025-12-29 12:12:01,0.0,Repostería Individual,Tartaleta,futuro
2025-12-30 12:12:01,0.0,Repostería Individual,Tartaleta,futuro
2025-12-31 12:12:01,0.0,Repostería Individual,Tartaleta,futuro
2026-01-01 12:12:01,0.0,Repostería Individual,Tartaleta,futuro
2026-01-02 12:12:01,0.0,Repostería Individual,Tartaleta,futuro
2026-01-03 12:12:01,0.0,Repostería Individual,Tartaleta,futuro
2026-01-04 12:12:01,0.0,Repostería Individual,Tartaleta,futuro
2026-01-05 12:12:01,0.0,Repostería Individual,Tartaleta,futuro
2026-01-06 12:12:01,0.0,Repostería Individual,Tartaleta,futuro
2026-01-07 12:12:01,0.0,Repostería Individual,Tartaleta,futuro
2026-01-08 12:12:01,0.0,Repostería Individual,Tartaleta,futuro
2026-01-09 12:12:01,0.0,Repostería Individual,Tartaleta,futuro
2026-01-10 12:12:01,0.0,Repostería Individual,Tartaleta,futuro
2026-01-11 12:12:01,0.0,Repostería Individual,Tartaleta,futuro
2026-01-12 12:12:01,0.0,Repostería Individual,Tartaleta,futuro
2026-01-13 12:12:01,0.0,Repostería Individual,Tartaleta,futuro
2026-01-14 12:12:01,0.0,Repostería Individual,Tartaleta,futuro
2026-01-15 12:12:01,0.0,Repostería Individual,Tartaleta,futuro
2026-01-16 12:12:01,0.0,Repostería Individual,Tartaleta,futuro
2026-01-17 12:12:01,0.0,Repostería Individual,Tartaleta,futuro
2026-01-18 12:12:01,0.0,Repostería Individual,Tartaleta,futuro
2026-01-19 12:12:01,0.0,Repostería Individual,Tartaleta,futuro
2026-01-20 12:12:01,0.0,Repostería Individual,Tartaleta,futuro
2026-01-21 12:12:01,0.0,Repostería Individual,Tartaleta,futuro
2026-01-22 12:12:01,0.0,Repostería Individual,Tartaleta,futuro
2026-01-23 12:12:01,0.0,Repostería Individual,Tartaleta,futuro
2026-01-24 12:12:01,0.0,Repostería Individual,Tartaleta,futuro
2026-01-25 12:12:01,0.0,Repostería Individual,Tartaleta,futuro
2026-01-26 12:12:01,0.0,Repostería Individual,Tartaleta,futuro
2026-01-27 12:12:01,0.0,Repostería Individual,Tartaleta,futuro
2026-01-28 12:12:01,0.0,Repostería Individual,Tartaleta,futuro
2026-01-29 12:12:01,0.0,Repostería Individual,Tartaleta,futuro
2026-01-30 12:12:01,0.0,Repostería Individual,Tartaleta,futuro
2026-01-31 12:12:01,0.0,Repostería Individual,Tartaleta,futuro
2026-02-01 12:12:01,0.0,Repostería Individual,Tartaleta,futuro
2026-02-02 12:12:01,0.0,Repostería Individual,Tartaleta,futuro
2026-02-03 12:12:01,0.0,Repostería Individual,Tartaleta,futuro
2026-02-04 12:12:01,0.0,Repostería Individual,Tartaleta,futuro
2024-04-19 17:09:17,0.0,Repostería Individual,Tartaleta arroz con leche,futuro
2024-04-20 17:09:17,0.0,Repostería Individual,Tartaleta arroz con leche,futuro
2024-04-21 17:09:17,0.0,Repostería Individual,Tartaleta arroz con leche,futuro
2024-04-22 17:09:17,0.0,Repostería Individual,Tartaleta arroz con leche,futuro
2024-04-23 17:09:17,0.0,Repostería Individual,Tartaleta arroz con leche,futuro
2024-04-24 17:09:17,0.0,Repostería Individual,Tartaleta arroz con leche,futuro
2024-04-25 17:09:17,0.0,Repostería Individual,Tartaleta arroz con leche,futuro
2024-04-26 17:09:17,0.0,Repostería Individual,Tartaleta arroz con leche,futuro
2024-04-27 17:09:17,0.0,Repostería Individual,Tartaleta arroz con leche,futuro
2024-04-28 17:09:17,0.0,Repostería Individual,Tartaleta arroz con leche,futuro
2024-04-29 17:09:17,0.0,Repostería Individual,Tartaleta arroz con leche,futuro
2024-04-30 17:09:17,0.0,Repostería Individual,Tartaleta arroz con leche,futuro
2024-05-01 17:09:17,0.0,Repostería Individual,Tartaleta arroz con leche,futuro
2024-05-02 17:09:17,0.0,Repostería Individual,Tartaleta arroz con leche,futuro
2024-05-03 17:09:17,0.0,Repostería Individual,Tartaleta arroz con leche,futuro
2024-05-04 17:09:17,0.0,Repostería Individual,Tartaleta arroz con leche,futuro
2024-05-05 17:09:17,0.0,Repostería Individual,Tartaleta arroz con leche,futuro
2024-05-06 17:09:17,0.0,Repostería Individual,Tartaleta arroz con leche,futuro
2024-05-07 17:09:17,0.0,Repostería Individual,Tartaleta arroz con leche,futuro
2024-05-08 17:09:17,0.0,Repostería Individual,Tartaleta arroz con leche,futuro
2024-05-09 17:09:17,0.0,Repostería Individual,Tartaleta arroz con leche,futuro
2024-05-10 17:09:17,0.0,Repostería Individual,Tartaleta arroz con leche,futuro
2024-05-11 17:09:17,0.0,Repostería Individual,Tartaleta arroz con leche,futuro
2024-05-12 17:09:17,0.0,Repostería Individual,Tartaleta arroz con leche,futuro
2024-05-13 17:09:17,0.0,Repostería Individual,Tartaleta arroz con leche,futuro
2024-05-14 17:09:17,0.0,Repostería Individual,Tartaleta arroz con leche,futuro
2024-05-15 17:09:17,0.0,Repostería Individual,Tartaleta arroz con leche,futuro
2024-05-16 17:09:17,0.0,Repostería Individual,Tartaleta arroz con leche,futuro
2024-05-17 17:09:17,0.0,Repostería Individual,Tartaleta arroz con leche,futuro
2024-05-18 17:09:17,0.0,Repostería Individual,Tartaleta arroz con leche,futuro
2024-05-19 17:09:17,0.0,Repostería Individual,Tartaleta arroz con leche,futuro
2024-05-20 17:09:17,0.0,Repostería Individual,Tartaleta arroz con leche,futuro
2024-05-21 17:09:17,0.0,Repostería Individual,Tartaleta arroz con leche,futuro
2024-05-22 17:09:17,0.0,Repostería Individual,Tartaleta arroz con leche,futuro
2024-05-23 17:09:17,0.0,Repostería Individual,Tartaleta arroz con leche,futuro
2024-05-24 17:09:17,0.0,Repostería Individual,Tartaleta arroz con leche,futuro
2024-05-25 17:09:17,0.0,Repostería Individual,Tartaleta arroz con leche,futuro
2024-05-26 17:09:17,0.0,Repostería Individual,Tartaleta arroz con leche,futuro
2024-05-27 17:09:17,0.0,Repostería Individual,Tartaleta arroz con leche,futuro
2024-05-28 17:09:17,0.0,Repostería Individual,Tartaleta arroz con leche,futuro
2024-05-29 17:09:17,0.0,Repostería Individual,Tartaleta arroz con leche,futuro
2024-05-30 17:09:17,0.0,Repostería Individual,Tartaleta arroz con leche,futuro
2024-05-31 17:09:17,0.0,Repostería Individual,Tartaleta arroz con leche,futuro
2024-06-01 17:09:17,0.0,Repostería Individual,Tartaleta arroz con leche,futuro
2024-06-02 17:09:17,0.0,Repostería Individual,Tartaleta arroz con leche,futuro
2024-06-03 17:09:17,0.0,Repostería Individual,Tartaleta arroz con leche,futuro
2024-06-04 17:09:17,0.0,Repostería Individual,Tartaleta arroz con leche,futuro
2024-06-05 17:09:17,0.0,Repostería Individual,Tartaleta arroz con leche,futuro
2024-06-06 17:09:17,0.0,Repostería Individual,Tartaleta arroz con leche,futuro
2024-06-07 17:09:17,0.0,Repostería Individual,Tartaleta arroz con leche,futuro
2024-06-08 17:09:17,0.0,Repostería Individual,Tartaleta arroz con leche,futuro
2024-06-09 17:09:17,0.0,Repostería Individual,Tartaleta arroz con leche,futuro
2024-06-10 17:09:17,0.0,Repostería Individual,Tartaleta arroz con leche,futuro
2024-06-11 17:09:17,0.0,Repostería Individual,Tartaleta arroz con leche,futuro
2024-06-12 17:09:17,0.0,Repostería Individual,Tartaleta arroz con leche,futuro
2024-06-13 17:09:17,0.0,Repostería Individual,Tartaleta arroz con leche,futuro
2024-06-14 17:09:17,0.0,Repostería Individual,Tartaleta arroz con leche,futuro
2024-06-15 17:09:17,0.0,Repostería Individual,Tartaleta arroz con leche,futuro
2024-06-16 17:09:17,0.0,Repostería Individual,Tartaleta arroz con leche,futuro
2024-06-17 17:09:17,0.0,Repostería Individual,Tartaleta arroz con leche,futuro
2024-06-18 17:09:17,0.0,Repostería Individual,Tartaleta arroz con leche,futuro
2024-06-19 17:09:17,0.0,Repostería Individual,Tartaleta arroz con leche,futuro
2024-06-20 17:09:17,0.0,Repostería Individual,Tartaleta arroz con leche,futuro
2024-06-21 17:09:17,0.0,Repostería Individual,Tartaleta arroz con leche,futuro
2024-06-22 17:09:17,0.0,Repostería Individual,Tartaleta arroz con leche,futuro
2024-06-23 17:09:17,0.0,Repostería Individual,Tartaleta arroz con leche,futuro
2024-06-24 17:09:17,0.0,Repostería Individual,Tartaleta arroz con leche,futuro
2024-06-25 17:09:17,0.0,Repostería Individual,Tartaleta arroz con leche,futuro
2024-06-26 17:09:17,0.0,Repostería Individual,Tartaleta arroz con leche,futuro
2024-06-27 17:09:17,0.0,Repostería Individual,Tartaleta arroz con leche,futuro
2024-06-28 17:09:17,0.0,Repostería Individual,Tartaleta arroz con leche,futuro
2024-06-29 17:09:17,0.0,Repostería Individual,Tartaleta arroz con leche,futuro
2024-06-30 17:09:17,0.0,Repostería Individual,Tartaleta arroz con leche,futuro
2024-07-01 17:09:17,0.0,Repostería Individual,Tartaleta arroz con leche,futuro
2024-07-02 17:09:17,0.0,Repostería Individual,Tartaleta arroz con leche,futuro
2024-07-03 17:09:17,0.0,Repostería Individual,Tartaleta arroz con leche,futuro
2024-07-04 17:09:17,0.0,Repostería Individual,Tartaleta arroz con leche,futuro
2024-07-05 17:09:17,0.0,Repostería Individual,Tartaleta arroz con leche,futuro
2024-07-06 17:09:17,0.0,Repostería Individual,Tartaleta arroz con leche,futuro
2024-07-07 17:09:17,0.0,Repostería Individual,Tartaleta arroz con leche,futuro
2024-07-08 17:09:17,0.0,Repostería Individual,Tartaleta arroz con leche,futuro
2024-07-09 17:09:17,0.0,Repostería Individual,Tartaleta arroz con leche,futuro
2024-07-10 17:09:17,0.0,Repostería Individual,Tartaleta arroz con leche,futuro
2024-07-11 17:09:17,0.0,Repostería Individual,Tartaleta arroz con leche,futuro
2024-07-12 17:09:17,0.0,Repostería Individual,Tartaleta arroz con leche,futuro
2024-07-13 17:09:17,0.0,Repostería Individual,Tartaleta arroz con leche,futuro
2024-07-14 17:09:17,0.0,Repostería Individual,Tartaleta arroz con leche,futuro
2024-07-15 17:09:17,0.0,Repostería Individual,Tartaleta arroz con leche,futuro
2024-07-16 17:09:17,0.0,Repostería Individual,Tartaleta arroz con leche,futuro
2024-07-17 17:09:17,0.0,Repostería Individual,Tartaleta arroz con leche,futuro
2025-11-07 16:59:45,0.0,Repostería Individual,Tartaleta mini,futuro
2025-11-08 16:59:45,0.0,Repostería Individual,Tartaleta mini,futuro
2025-11-09 16:59:45,0.0,Repostería Individual,Tartaleta mini,futuro
2025-11-10 16:59:45,0.0,Repostería Individual,Tartaleta mini,futuro
2025-11-11 16:59:45,0.0,Repostería Individual,Tartaleta mini,futuro
2025-11-12 16:59:45,0.0,Repostería Individual,Tartaleta mini,futuro
2025-11-13 16:59:45,0.0,Repostería Individual,Tartaleta mini,futuro
2025-11-14 16:59:45,0.0,Repostería Individual,Tartaleta mini,futuro
2025-11-15 16:59:45,0.0,Repostería Individual,Tartaleta mini,futuro
2025-11-16 16:59:45,0.0,Repostería Individual,Tartaleta mini,futuro
2025-11-17 16:59:45,0.0,Repostería Individual,Tartaleta mini,futuro
2025-11-18 16:59:45,0.0,Repostería Individual,Tartaleta mini,futuro
2025-11-19 16:59:45,0.0,Repostería Individual,Tartaleta mini,futuro
2025-11-20 16:59:45,0.0,Repostería Individual,Tartaleta mini,futuro
2025-11-21 16:59:45,0.0,Repostería Individual,Tartaleta mini,futuro
2025-11-22 16:59:45,0.0,Repostería Individual,Tartaleta mini,futuro
2025-11-23 16:59:45,0.0,Repostería Individual,Tartaleta mini,futuro
2025-11-24 16:59:45,0.0,Repostería Individual,Tartaleta mini,futuro
2025-11-25 16:59:45,0.0,Repostería Individual,Tartaleta mini,futuro
2025-11-26 16:59:45,0.0,Repostería Individual,Tartaleta mini,futuro
2025-11-27 16:59:45,0.0,Repostería Individual,Tartaleta mini,futuro
2025-11-28 16:59:45,0.0,Repostería Individual,Tartaleta mini,futuro
2025-11-29 16:59:45,0.0,Repostería Individual,Tartaleta mini,futuro
2025-11-30 16:59:45,0.0,Repostería Individual,Tartaleta mini,futuro
2025-12-01 16:59:45,0.0,Repostería Individual,Tartaleta mini,futuro
2025-12-02 16:59:45,0.0,Repostería Individual,Tartaleta mini,futuro
2025-12-03 16:59:45,0.0,Repostería Individual,Tartaleta mini,futuro
2025-12-04 16:59:45,0.0,Repostería Individual,Tartaleta mini,futuro
2025-12-05 16:59:45,0.0,Repostería Individual,Tartaleta mini,futuro
2025-12-06 16:59:45,0.0,Repostería Individual,Tartaleta mini,futuro
2025-12-07 16:59:45,0.0,Repostería Individual,Tartaleta mini,futuro
2025-12-08 16:59:45,0.0,Repostería Individual,Tartaleta mini,futuro
2025-12-09 16:59:45,0.0,Repostería Individual,Tartaleta mini,futuro
2025-12-10 16:59:45,0.0,Repostería Individual,Tartaleta mini,futuro
2025-12-11 16:59:45,0.0,Repostería Individual,Tartaleta mini,futuro
2025-12-12 16:59:45,0.0,Repostería Individual,Tartaleta mini,futuro
2025-12-13 16:59:45,0.0,Repostería Individual,Tartaleta mini,futuro
2025-12-14 16:59:45,0.0,Repostería Individual,Tartaleta mini,futuro
2025-12-15 16:59:45,0.0,Repostería Individual,Tartaleta mini,futuro
2025-12-16 16:59:45,0.0,Repostería Individual,Tartaleta mini,futuro
2025-12-17 16:59:45,0.0,Repostería Individual,Tartaleta mini,futuro
2025-12-18 16:59:45,0.0,Repostería Individual,Tartaleta mini,futuro
2025-12-19 16:59:45,0.0,Repostería Individual,Tartaleta mini,futuro
2025-12-20 16:59:45,0.0,Repostería Individual,Tartaleta mini,futuro
2025-12-21 16:59:45,0.0,Repostería Individual,Tartaleta mini,futuro
2025-12-22 16:59:45,0.0,Repostería Individual,Tartaleta mini,futuro
2025-12-23 16:59:45,0.0,Repostería Individual,Tartaleta mini,futuro
2025-12-24 16:59:45,0.0,Repostería Individual,Tartaleta mini,futuro
2025-12-25 16:59:45,0.0,Repostería Individual,Tartaleta mini,futuro
2025-12-26 16:59:45,0.0,Repostería Individual,Tartaleta mini,futuro
2025-12-27 16:59:45,0.0,Repostería Individual,Tartaleta mini,futuro
2025-12-28 16:59:45,0.0,Repostería Individual,Tartaleta mini,futuro
2025-12-29 16:59:45,0.0,Repostería Individual,Tartaleta mini,futuro
2025-12-30 16:59:45,0.0,Repostería Individual,Tartaleta mini,futuro
2025-12-31 16:59:45,0.0,Repostería Individual,Tartaleta mini,futuro
2026-01-01 16:59:45,0.0,Repostería Individual,Tartaleta mini,futuro
2026-01-02 16:59:45,0.0,Repostería Individual,Tartaleta mini,futuro
2026-01-03 16:59:45,0.0,Repostería Individual,Tartaleta mini,futuro
2026-01-04 16:59:45,0.0,Repostería Individual,Tartaleta mini,futuro
2026-01-05 16:59:45,0.0,Repostería Individual,Tartaleta mini,futuro
2026-01-06 16:59:45,0.0,Repostería Individual,Tartaleta mini,futuro
2026-01-07 16:59:45,0.0,Repostería Individual,Tartaleta mini,futuro
2026-01-08 16:59:45,0.0,Repostería Individual,Tartaleta mini,futuro
2026-01-09 16:59:45,0.0,Repostería Individual,Tartaleta mini,futuro
2026-01-10 16:59:45,0.0,Repostería Individual,Tartaleta mini,futuro
2026-01-11 16:59:45,0.0,Repostería Individual,Tartaleta mini,futuro
2026-01-12 16:59:45,0.0,Repostería Individual,Tartaleta mini,futuro
2026-01-13 16:59:45,0.0,Repostería Individual,Tartaleta mini,futuro
2026-01-14 16:59:45,0.0,Repostería Individual,Tartaleta mini,futuro
2026-01-15 16:59:45,0.0,Repostería Individual,Tartaleta mini,futuro
2026-01-16 16:59:45,0.0,Repostería Individual,Tartaleta mini,futuro
2026-01-17 16:59:45,0.0,Repostería Individual,Tartaleta mini,futuro
2026-01-18 16:59:45,0.0,Repostería Individual,Tartaleta mini,futuro
2026-01-19 16:59:45,0.0,Repostería Individual,Tartaleta mini,futuro
2026-01-20 16:59:45,0.0,Repostería Individual,Tartaleta mini,futuro
2026-01-21 16:59:45,0.0,Repostería Individual,Tartaleta mini,futuro
2026-01-22 16:59:45,0.0,Repostería Individual,Tartaleta mini,futuro
2026-01-23 16:59:45,0.0,Repostería Individual,Tartaleta mini,futuro
2026-01-24 16:59:45,0.0,Repostería Individual,Tartaleta mini,futuro
2026-01-25 16:59:45,0.0,Repostería Individual,Tartaleta mini,futuro
2026-01-26 16:59:45,0.0,Repostería Individual,Tartaleta mini,futuro
2026-01-27 16:59:45,0.0,Repostería Individual,Tartaleta mini,futuro
2026-01-28 16:59:45,0.0,Repostería Individual,Tartaleta mini,futuro
2026-01-29 16:59:45,0.0,Repostería Individual,Tartaleta mini,futuro
2026-01-30 16:59:45,0.0,Repostería Individual,Tartaleta mini,futuro
2026-01-31 16:59:45,0.0,Repostería Individual,Tartaleta mini,futuro
2026-02-01 16:59:45,0.0,Repostería Individual,Tartaleta mini,futuro
2026-02-02 16:59:45,0.0,Repostería Individual,Tartaleta mini,futuro
2026-02-03 16:59:45,0.0,Repostería Individual,Tartaleta mini,futuro
2026-02-04 16:59:45,0.0,Repostería Individual,Tartaleta mini,futuro
2024-11-23 13:10:55,0.0,Repostería Individual,Tartita de queso con zarzamora o fresa,futuro
2024-11-24 13:10:55,0.0,Repostería Individual,Tartita de queso con zarzamora o fresa,futuro
2024-11-25 13:10:55,0.0,Repostería Individual,Tartita de queso con zarzamora o fresa,futuro
2024-11-26 13:10:55,0.0,Repostería Individual,Tartita de queso con zarzamora o fresa,futuro
2024-11-27 13:10:55,0.0,Repostería Individual,Tartita de queso con zarzamora o fresa,futuro
2024-11-28 13:10:55,0.0,Repostería Individual,Tartita de queso con zarzamora o fresa,futuro
2024-11-29 13:10:55,0.0,Repostería Individual,Tartita de queso con zarzamora o fresa,futuro
2024-11-30 13:10:55,0.0,Repostería Individual,Tartita de queso con zarzamora o fresa,futuro
2024-12-01 13:10:55,0.0,Repostería Individual,Tartita de queso con zarzamora o fresa,futuro
2024-12-02 13:10:55,0.0,Repostería Individual,Tartita de queso con zarzamora o fresa,futuro
2024-12-03 13:10:55,0.0,Repostería Individual,Tartita de queso con zarzamora o fresa,futuro
2024-12-04 13:10:55,0.0,Repostería Individual,Tartita de queso con zarzamora o fresa,futuro
2024-12-05 13:10:55,0.0,Repostería Individual,Tartita de queso con zarzamora o fresa,futuro
2024-12-06 13:10:55,0.0,Repostería Individual,Tartita de queso con zarzamora o fresa,futuro
2024-12-07 13:10:55,0.0,Repostería Individual,Tartita de queso con zarzamora o fresa,futuro
2024-12-08 13:10:55,0.0,Repostería Individual,Tartita de queso con zarzamora o fresa,futuro
2024-12-09 13:10:55,0.0,Repostería Individual,Tartita de queso con zarzamora o fresa,futuro
2024-12-10 13:10:55,0.0,Repostería Individual,Tartita de queso con zarzamora o fresa,futuro
2024-12-11 13:10:55,0.0,Repostería Individual,Tartita de queso con zarzamora o fresa,futuro
2024-12-12 13:10:55,0.0,Repostería Individual,Tartita de queso con zarzamora o fresa,futuro
2024-12-13 13:10:55,0.0,Repostería Individual,Tartita de queso con zarzamora o fresa,futuro
2024-12-14 13:10:55,0.0,Repostería Individual,Tartita de queso con zarzamora o fresa,futuro
2024-12-15 13:10:55,0.0,Repostería Individual,Tartita de queso con zarzamora o fresa,futuro
2024-12-16 13:10:55,0.0,Repostería Individual,Tartita de queso con zarzamora o fresa,futuro
2024-12-17 13:10:55,0.0,Repostería Individual,Tartita de queso con zarzamora o fresa,futuro
2024-12-18 13:10:55,0.0,Repostería Individual,Tartita de queso con zarzamora o fresa,futuro
2024-12-19 13:10:55,0.0,Repostería Individual,Tartita de queso con zarzamora o fresa,futuro
2024-12-20 13:10:55,0.0,Repostería Individual,Tartita de queso con zarzamora o fresa,futuro
2024-12-21 13:10:55,0.0,Repostería Individual,Tartita de queso con zarzamora o fresa,futuro
2024-12-22 13:10:55,0.0,Repostería Individual,Tartita de queso con zarzamora o fresa,futuro
2024-12-23 13:10:55,0.0,Repostería Individual,Tartita de queso con zarzamora o fresa,futuro
2024-12-24 13:10:55,0.0,Repostería Individual,Tartita de queso con zarzamora o fresa,futuro
2024-12-25 13:10:55,0.0,Repostería Individual,Tartita de queso con zarzamora o fresa,futuro
2024-12-26 13:10:55,0.0,Repostería Individual,Tartita de queso con zarzamora o fresa,futuro
2024-12-27 13:10:55,0.0,Repostería Individual,Tartita de queso con zarzamora o fresa,futuro
2024-12-28 13:10:55,0.0,Repostería Individual,Tartita de queso con zarzamora o fresa,futuro
2024-12-29 13:10:55,0.0,Repostería Individual,Tartita de queso con zarzamora o fresa,futuro
2024-12-30 13:10:55,0.0,Repostería Individual,Tartita de queso con zarzamora o fresa,futuro
2024-12-31 13:10:55,0.0,Repostería Individual,Tartita de queso con zarzamora o fresa,futuro
2025-01-01 13:10:55,0.0,Repostería Individual,Tartita de queso con zarzamora o fresa,futuro
2025-01-02 13:10:55,0.0,Repostería Individual,Tartita de queso con zarzamora o fresa,futuro
2025-01-03 13:10:55,0.0,Repostería Individual,Tartita de queso con zarzamora o fresa,futuro
2025-01-04 13:10:55,0.0,Repostería Individual,Tartita de queso con zarzamora o fresa,futuro
2025-01-05 13:10:55,0.0,Repostería Individual,Tartita de queso con zarzamora o fresa,futuro
2025-01-06 13:10:55,0.0,Repostería Individual,Tartita de queso con zarzamora o fresa,futuro
2025-01-07 13:10:55,0.0,Repostería Individual,Tartita de queso con zarzamora o fresa,futuro
2025-01-08 13:10:55,0.0,Repostería Individual,Tartita de queso con zarzamora o fresa,futuro
2025-01-09 13:10:55,0.0,Repostería Individual,Tartita de queso con zarzamora o fresa,futuro
2025-01-10 13:10:55,0.0,Repostería Individual,Tartita de queso con zarzamora o fresa,futuro
2025-01-11 13:10:55,0.0,Repostería Individual,Tartita de queso con zarzamora o fresa,futuro
2025-01-12 13:10:55,0.0,Repostería Individual,Tartita de queso con zarzamora o fresa,futuro
2025-01-13 13:10:55,0.0,Repostería Individual,Tartita de queso con zarzamora o fresa,futuro
2025-01-14 13:10:55,0.0,Repostería Individual,Tartita de queso con zarzamora o fresa,futuro
2025-01-15 13:10:55,0.0,Repostería Individual,Tartita de queso con zarzamora o fresa,futuro
2025-01-16 13:10:55,0.0,Repostería Individual,Tartita de queso con zarzamora o fresa,futuro
2025-01-17 13:10:55,0.0,Repostería Individual,Tartita de queso con zarzamora o fresa,futuro
2025-01-18 13:10:55,0.0,Repostería Individual,Tartita de queso con zarzamora o fresa,futuro
2025-01-19 13:10:55,0.0,Repostería Individual,Tartita de queso con zarzamora o fresa,futuro
2025-01-20 13:10:55,0.0,Repostería Individual,Tartita de queso con zarzamora o fresa,futuro
2025-01-21 13:10:55,0.0,Repostería Individual,Tartita de queso con zarzamora o fresa,futuro
2025-01-22 13:10:55,0.0,Repostería Individual,Tartita de queso con zarzamora o fresa,futuro
2025-01-23 13:10:55,0.0,Repostería Individual,Tartita de queso con zarzamora o fresa,futuro
2025-01-24 13:10:55,0.0,Repostería Individual,Tartita de queso con zarzamora o fresa,futuro
2025-01-25 13:10:55,0.0,Repostería Individual,Tartita de queso con zarzamora o fresa,futuro
2025-01-26 13:10:55,0.0,Repostería Individual,Tartita de queso con zarzamora o fresa,futuro
2025-01-27 13:10:55,0.0,Repostería Individual,Tartita de queso con zarzamora o fresa,futuro
2025-01-28 13:10:55,0.0,Repostería Individual,Tartita de queso con zarzamora o fresa,futuro
2025-01-29 13:10:55,0.0,Repostería Individual,Tartita de queso con zarzamora o fresa,futuro
2025-01-30 13:10:55,0.0,Repostería Individual,Tartita de queso con zarzamora o fresa,futuro
2025-01-31 13:10:55,0.0,Repostería Individual,Tartita de queso con zarzamora o fresa,futuro
2025-02-01 13:10:55,0.0,Repostería Individual,Tartita de queso con zarzamora o fresa,futuro
2025-02-02 13:10:55,0.0,Repostería Individual,Tartita de queso con zarzamora o fresa,futuro
2025-02-03 13:10:55,0.0,Repostería Individual,Tartita de queso con zarzamora o fresa,futuro
2025-02-04 13:10:55,0.0,Repostería Individual,Tartita de queso con zarzamora o fresa,futuro
2025-02-05 13:10:55,0.0,Repostería Individual,Tartita de queso con zarzamora o fresa,futuro
2025-02-06 13:10:55,0.0,Repostería Individual,Tartita de queso con zarzamora o fresa,futuro
2025-02-07 13:10:55,0.0,Repostería Individual,Tartita de queso con zarzamora o fresa,futuro
2025-02-08 13:10:55,0.0,Repostería Individual,Tartita de queso con zarzamora o fresa,futuro
2025-02-09 13:10:55,0.0,Repostería Individual,Tartita de queso con zarzamora o fresa,futuro
2025-02-10 13:10:55,0.0,Repostería Individual,Tartita de queso con zarzamora o fresa,futuro
2025-02-11 13:10:55,0.0,Repostería Individual,Tartita de queso con zarzamora o fresa,futuro
2025-02-12 13:10:55,0.0,Repostería Individual,Tartita de queso con zarzamora o fresa,futuro
2025-02-13 13:10:55,0.0,Repostería Individual,Tartita de queso con zarzamora o fresa,futuro
2025-02-14 13:10:55,0.0,Repostería Individual,Tartita de queso con zarzamora o fresa,futuro
2025-02-15 13:10:55,0.0,Repostería Individual,Tartita de queso con zarzamora o fresa,futuro
2025-02-16 13:10:55,0.0,Repostería Individual,Tartita de queso con zarzamora o fresa,futuro
2025-02-17 13:10:55,0.0,Repostería Individual,Tartita de queso con zarzamora o fresa,futuro
2025-02-18 13:10:55,0.0,Repostería Individual,Tartita de queso con zarzamora o fresa,futuro
2025-02-19 13:10:55,0.0,Repostería Individual,Tartita de queso con zarzamora o fresa,futuro
2025-02-20 13:10:55,0.0,Repostería Individual,Tartita de queso con zarzamora o fresa,futuro
2025-11-05 20:40:12,0.0,Repostería Individual,Vasito de 3 leches,futuro
2025-11-06 20:40:12,0.0,Repostería Individual,Vasito de 3 leches,futuro
2025-11-07 20:40:12,0.0,Repostería Individual,Vasito de 3 leches,futuro
2025-11-08 20:40:12,0.0,Repostería Individual,Vasito de 3 leches,futuro
2025-11-09 20:40:12,0.0,Repostería Individual,Vasito de 3 leches,futuro
2025-11-10 20:40:12,0.0,Repostería Individual,Vasito de 3 leches,futuro
2025-11-11 20:40:12,0.0,Repostería Individual,Vasito de 3 leches,futuro
2025-11-12 20:40:12,0.0,Repostería Individual,Vasito de 3 leches,futuro
2025-11-13 20:40:12,0.0,Repostería Individual,Vasito de 3 leches,futuro
2025-11-14 20:40:12,0.0,Repostería Individual,Vasito de 3 leches,futuro
2025-11-15 20:40:12,0.0,Repostería Individual,Vasito de 3 leches,futuro
2025-11-16 20:40:12,0.0,Repostería Individual,Vasito de 3 leches,futuro
2025-11-17 20:40:12,0.0,Repostería Individual,Vasito de 3 leches,futuro
2025-11-18 20:40:12,0.0,Repostería Individual,Vasito de 3 leches,futuro
2025-11-19 20:40:12,0.0,Repostería Individual,Vasito de 3 leches,futuro
2025-11-20 20:40:12,0.0,Repostería Individual,Vasito de 3 leches,futuro
2025-11-21 20:40:12,0.0,Repostería Individual,Vasito de 3 leches,futuro
2025-11-22 20:40:12,0.0,Repostería Individual,Vasito de 3 leches,futuro
2025-11-23 20:40:12,0.0,Repostería Individual,Vasito de 3 leches,futuro
2025-11-24 20:40:12,0.0,Repostería Individual,Vasito de 3 leches,futuro
2025-11-25 20:40:12,0.0,Repostería Individual,Vasito de 3 leches,futuro
2025-11-26 20:40:12,0.0,Repostería Individual,Vasito de 3 leches,futuro
2025-11-27 20:40:12,0.0,Repostería Individual,Vasito de 3 leches,futuro
2025-11-28 20:40:12,0.0,Repostería Individual,Vasito de 3 leches,futuro
2025-11-29 20:40:12,0.0,Repostería Individual,Vasito de 3 leches,futuro
2025-11-30 20:40:12,0.0,Repostería Individual,Vasito de 3 leches,futuro
2025-12-01 20:40:12,0.0,Repostería Individual,Vasito de 3 leches,futuro
2025-12-02 20:40:12,0.0,Repostería Individual,Vasito de 3 leches,futuro
2025-12-03 20:40:12,0.0,Repostería Individual,Vasito de 3 leches,futuro
2025-12-04 20:40:12,0.0,Repostería Individual,Vasito de 3 leches,futuro
2025-12-05 20:40:12,0.0,Repostería Individual,Vasito de 3 leches,futuro
2025-12-06 20:40:12,0.0,Repostería Individual,Vasito de 3 leches,futuro
2025-12-07 20:40:12,0.0,Repostería Individual,Vasito de 3 leches,futuro
2025-12-08 20:40:12,0.0,Repostería Individual,Vasito de 3 leches,futuro
2025-12-09 20:40:12,0.0,Repostería Individual,Vasito de 3 leches,futuro
2025-12-10 20:40:12,0.0,Repostería Individual,Vasito de 3 leches,futuro
2025-12-11 20:40:12,0.0,Repostería Individual,Vasito de 3 leches,futuro
2025-12-12 20:40:12,0.0,Repostería Individual,Vasito de 3 leches,futuro
2025-12-13 20:40:12,0.0,Repostería Individual,Vasito de 3 leches,futuro
2025-12-14 20:40:12,0.0,Repostería Individual,Vasito de 3 leches,futuro
2025-12-15 20:40:12,0.0,Repostería Individual,Vasito de 3 leches,futuro
2025-12-16 20:40:12,0.0,Repostería Individual,Vasito de 3 leches,futuro
2025-12-17 20:40:12,0.0,Repostería Individual,Vasito de 3 leches,futuro
2025-12-18 20:40:12,0.0,Repostería Individual,Vasito de 3 leches,futuro
2025-12-19 20:40:12,0.0,Repostería Individual,Vasito de 3 leches,futuro
2025-12-20 20:40:12,0.0,Repostería Individual,Vasito de 3 leches,futuro
2025-12-21 20:40:12,0.0,Repostería Individual,Vasito de 3 leches,futuro
2025-12-22 20:40:12,0.0,Repostería Individual,Vasito de 3 leches,futuro
2025-12-23 20:40:12,0.0,Repostería Individual,Vasito de 3 leches,futuro
2025-12-24 20:40:12,0.0,Repostería Individual,Vasito de 3 leches,futuro
2025-12-25 20:40:12,0.0,Repostería Individual,Vasito de 3 leches,futuro
2025-12-26 20:40:12,0.0,Repostería Individual,Vasito de 3 leches,futuro
2025-12-27 20:40:12,0.0,Repostería Individual,Vasito de 3 leches,futuro
2025-12-28 20:40:12,0.0,Repostería Individual,Vasito de 3 leches,futuro
2025-12-29 20:40:12,0.0,Repostería Individual,Vasito de 3 leches,futuro
2025-12-30 20:40:12,0.0,Repostería Individual,Vasito de 3 leches,futuro
2025-12-31 20:40:12,0.0,Repostería Individual,Vasito de 3 leches,futuro
2026-01-01 20:40:12,0.0,Repostería Individual,Vasito de 3 leches,futuro
2026-01-02 20:40:12,0.0,Repostería Individual,Vasito de 3 leches,futuro
2026-01-03 20:40:12,0.0,Repostería Individual,Vasito de 3 leches,futuro
2026-01-04 20:40:12,0.0,Repostería Individual,Vasito de 3 leches,futuro
2026-01-05 20:40:12,0.0,Repostería Individual,Vasito de 3 leches,futuro
2026-01-06 20:40:12,0.0,Repostería Individual,Vasito de 3 leches,futuro
2026-01-07 20:40:12,0.0,Repostería Individual,Vasito de 3 leches,futuro
2026-01-08 20:40:12,0.0,Repostería Individual,Vasito de 3 leches,futuro
2026-01-09 20:40:12,0.0,Repostería Individual,Vasito de 3 leches,futuro
2026-01-10 20:40:12,0.0,Repostería Individual,Vasito de 3 leches,futuro
2026-01-11 20:40:12,0.0,Repostería Individual,Vasito de 3 leches,futuro
2026-01-12 20:40:12,0.0,Repostería Individual,Vasito de 3 leches,futuro
2026-01-13 20:40:12,0.0,Repostería Individual,Vasito de 3 leches,futuro
2026-01-14 20:40:12,0.0,Repostería Individual,Vasito de 3 leches,futuro
2026-01-15 20:40:12,0.0,Repostería Individual,Vasito de 3 leches,futuro
2026-01-16 20:40:12,0.0,Repostería Individual,Vasito de 3 leches,futuro
2026-01-17 20:40:12,0.0,Repostería Individual,Vasito de 3 leches,futuro
2026-01-18 20:40:12,0.0,Repostería Individual,Vasito de 3 leches,futuro
2026-01-19 20:40:12,0.0,Repostería Individual,Vasito de 3 leches,futuro
2026-01-20 20:40:12,0.0,Repostería Individual,Vasito de 3 leches,futuro
2026-01-21 20:40:12,0.0,Repostería Individual,Vasito de 3 leches,futuro
2026-01-22 20:40:12,0.0,Repostería Individual,Vasito de 3 leches,futuro
2026-01-23 20:40:12,0.0,Repostería Individual,Vasito de 3 leches,futuro
2026-01-24 20:40:12,0.0,Repostería Individual,Vasito de 3 leches,futuro
2026-01-25 20:40:12,0.0,Repostería Individual,Vasito de 3 leches,futuro
2026-01-26 20:40:12,0.0,Repostería Individual,Vasito de 3 leches,futuro
2026-01-27 20:40:12,0.0,Repostería Individual,Vasito de 3 leches,futuro
2026-01-28 20:40:12,0.0,Repostería Individual,Vasito de 3 leches,futuro
2026-01-29 20:40:12,0.0,Repostería Individual,Vasito de 3 leches,futuro
2026-01-30 20:40:12,0.0,Repostería Individual,Vasito de 3 leches,futuro
2026-01-31 20:40:12,0.0,Repostería Individual,Vasito de 3 leches,futuro
2026-02-01 20:40:12,0.0,Repostería Individual,Vasito de 3 leches,futuro
2026-02-02 20:40:12,0.0,Repostería Individual,Vasito de 3 leches,futuro
2025-06-30 15:56:08,0.0,Repostería Individual,Vasito de 3 leches chocolate,futuro
2025-07-01 15:56:08,0.0,Repostería Individual,Vasito de 3 leches chocolate,futuro
2025-07-02 15:56:08,0.0,Repostería Individual,Vasito de 3 leches chocolate,futuro
2025-07-03 15:56:08,0.0,Repostería Individual,Vasito de 3 leches chocolate,futuro
2025-07-04 15:56:08,0.0,Repostería Individual,Vasito de 3 leches chocolate,futuro
2025-07-05 15:56:08,0.0,Repostería Individual,Vasito de 3 leches chocolate,futuro
2025-07-06 15:56:08,0.0,Repostería Individual,Vasito de 3 leches chocolate,futuro
2025-07-07 15:56:08,0.0,Repostería Individual,Vasito de 3 leches chocolate,futuro
2025-07-08 15:56:08,0.0,Repostería Individual,Vasito de 3 leches chocolate,futuro
2025-07-09 15:56:08,0.0,Repostería Individual,Vasito de 3 leches chocolate,futuro
2025-07-10 15:56:08,0.0,Repostería Individual,Vasito de 3 leches chocolate,futuro
2025-07-11 15:56:08,0.0,Repostería Individual,Vasito de 3 leches chocolate,futuro
2025-07-12 15:56:08,0.0,Repostería Individual,Vasito de 3 leches chocolate,futuro
2025-07-13 15:56:08,0.0,Repostería Individual,Vasito de 3 leches chocolate,futuro
2025-07-14 15:56:08,0.0,Repostería Individual,Vasito de 3 leches chocolate,futuro
2025-07-15 15:56:08,0.0,Repostería Individual,Vasito de 3 leches chocolate,futuro
2025-07-16 15:56:08,0.0,Repostería Individual,Vasito de 3 leches chocolate,futuro
2025-07-17 15:56:08,0.0,Repostería Individual,Vasito de 3 leches chocolate,futuro
2025-07-18 15:56:08,0.0,Repostería Individual,Vasito de 3 leches chocolate,futuro
2025-07-19 15:56:08,0.0,Repostería Individual,Vasito de 3 leches chocolate,futuro
2025-07-20 15:56:08,0.0,Repostería Individual,Vasito de 3 leches chocolate,futuro
2025-07-21 15:56:08,0.0,Repostería Individual,Vasito de 3 leches chocolate,futuro
2025-07-22 15:56:08,0.0,Repostería Individual,Vasito de 3 leches chocolate,futuro
2025-07-23 15:56:08,0.0,Repostería Individual,Vasito de 3 leches chocolate,futuro
2025-07-24 15:56:08,0.0,Repostería Individual,Vasito de 3 leches chocolate,futuro
2025-07-25 15:56:08,0.0,Repostería Individual,Vasito de 3 leches chocolate,futuro
2025-07-26 15:56:08,0.0,Repostería Individual,Vasito de 3 leches chocolate,futuro
2025-07-27 15:56:08,0.0,Repostería Individual,Vasito de 3 leches chocolate,futuro
2025-07-28 15:56:08,0.0,Repostería Individual,Vasito de 3 leches chocolate,futuro
2025-07-29 15:56:08,0.0,Repostería Individual,Vasito de 3 leches chocolate,futuro
2025-07-30 15:56:08,0.0,Repostería Individual,Vasito de 3 leches chocolate,futuro
2025-07-31 15:56:08,0.0,Repostería Individual,Vasito de 3 leches chocolate,futuro
2025-08-01 15:56:08,0.0,Repostería Individual,Vasito de 3 leches chocolate,futuro
2025-08-02 15:56:08,0.0,Repostería Individual,Vasito de 3 leches chocolate,futuro
2025-08-03 15:56:08,0.0,Repostería Individual,Vasito de 3 leches chocolate,futuro
2025-08-04 15:56:08,0.0,Repostería Individual,Vasito de 3 leches chocolate,futuro
2025-08-05 15:56:08,0.0,Repostería Individual,Vasito de 3 leches chocolate,futuro
2025-08-06 15:56:08,0.0,Repostería Individual,Vasito de 3 leches chocolate,futuro
2025-08-07 15:56:08,0.0,Repostería Individual,Vasito de 3 leches chocolate,futuro
2025-08-08 15:56:08,0.0,Repostería Individual,Vasito de 3 leches chocolate,futuro
2025-08-09 15:56:08,0.0,Repostería Individual,Vasito de 3 leches chocolate,futuro
2025-08-10 15:56:08,0.0,Repostería Individual,Vasito de 3 leches chocolate,futuro
2025-08-11 15:56:08,0.0,Repostería Individual,Vasito de 3 leches chocolate,futuro
2025-08-12 15:56:08,0.0,Repostería Individual,Vasito de 3 leches chocolate,futuro
2025-08-13 15:56:08,0.0,Repostería Individual,Vasito de 3 leches chocolate,futuro
2025-08-14 15:56:08,0.0,Repostería Individual,Vasito de 3 leches chocolate,futuro
2025-08-15 15:56:08,0.0,Repostería Individual,Vasito de 3 leches chocolate,futuro
2025-08-16 15:56:08,0.0,Repostería Individual,Vasito de 3 leches chocolate,futuro
2025-08-17 15:56:08,0.0,Repostería Individual,Vasito de 3 leches chocolate,futuro
2025-08-18 15:56:08,0.0,Repostería Individual,Vasito de 3 leches chocolate,futuro
2025-08-19 15:56:08,0.0,Repostería Individual,Vasito de 3 leches chocolate,futuro
2025-08-20 15:56:08,0.0,Repostería Individual,Vasito de 3 leches chocolate,futuro
2025-08-21 15:56:08,0.0,Repostería Individual,Vasito de 3 leches chocolate,futuro
2025-08-22 15:56:08,0.0,Repostería Individual,Vasito de 3 leches chocolate,futuro
2025-08-23 15:56:08,0.0,Repostería Individual,Vasito de 3 leches chocolate,futuro
2025-08-24 15:56:08,0.0,Repostería Individual,Vasito de 3 leches chocolate,futuro
2025-08-25 15:56:08,0.0,Repostería Individual,Vasito de 3 leches chocolate,futuro
2025-08-26 15:56:08,0.0,Repostería Individual,Vasito de 3 leches chocolate,futuro
2025-08-27 15:56:08,0.0,Repostería Individual,Vasito de 3 leches chocolate,futuro
2025-08-28 15:56:08,0.0,Repostería Individual,Vasito de 3 leches chocolate,futuro
2025-08-29 15:56:08,0.0,Repostería Individual,Vasito de 3 leches chocolate,futuro
2025-08-30 15:56:08,0.0,Repostería Individual,Vasito de 3 leches chocolate,futuro
2025-08-31 15:56:08,0.0,Repostería Individual,Vasito de 3 leches chocolate,futuro
2025-09-01 15:56:08,0.0,Repostería Individual,Vasito de 3 leches chocolate,futuro
2025-09-02 15:56:08,0.0,Repostería Individual,Vasito de 3 leches chocolate,futuro
2025-09-03 15:56:08,0.0,Repostería Individual,Vasito de 3 leches chocolate,futuro
2025-09-04 15:56:08,0.0,Repostería Individual,Vasito de 3 leches chocolate,futuro
2025-09-05 15:56:08,0.0,Repostería Individual,Vasito de 3 leches chocolate,futuro
2025-09-06 15:56:08,0.0,Repostería Individual,Vasito de 3 leches chocolate,futuro
2025-09-07 15:56:08,0.0,Repostería Individual,Vasito de 3 leches chocolate,futuro
2025-09-08 15:56:08,0.0,Repostería Individual,Vasito de 3 leches chocolate,futuro
2025-09-09 15:56:08,0.0,Repostería Individual,Vasito de 3 leches chocolate,futuro
2025-09-10 15:56:08,0.0,Repostería Individual,Vasito de 3 leches chocolate,futuro
2025-09-11 15:56:08,0.0,Repostería Individual,Vasito de 3 leches chocolate,futuro
2025-09-12 15:56:08,0.0,Repostería Individual,Vasito de 3 leches chocolate,futuro
2025-09-13 15:56:08,0.0,Repostería Individual,Vasito de 3 leches chocolate,futuro
2025-09-14 15:56:08,0.0,Repostería Individual,Vasito de 3 leches chocolate,futuro
2025-09-15 15:56:08,0.0,Repostería Individual,Vasito de 3 leches chocolate,futuro
2025-09-16 15:56:08,0.0,Repostería Individual,Vasito de 3 leches chocolate,futuro
2025-09-17 15:56:08,0.0,Repostería Individual,Vasito de 3 leches chocolate,futuro
2025-09-18 15:56:08,0.0,Repostería Individual,Vasito de 3 leches chocolate,futuro
2025-09-19 15:56:08,0.0,Repostería Individual,Vasito de 3 leches chocolate,futuro
2025-09-20 15:56:08,0.0,Repostería Individual,Vasito de 3 leches chocolate,futuro
2025-09-21 15:56:08,0.0,Repostería Individual,Vasito de 3 leches chocolate,futuro
2025-09-22 15:56:08,0.0,Repostería Individual,Vasito de 3 leches chocolate,futuro
2025-09-23 15:56:08,0.0,Repostería Individual,Vasito de 3 leches chocolate,futuro
2025-09-24 15:56:08,0.0,Repostería Individual,Vasito de 3 leches chocolate,futuro
2025-09-25 15:56:08,0.0,Repostería Individual,Vasito de 3 leches chocolate,futuro
2025-09-26 15:56:08,0.0,Repostería Individual,Vasito de 3 leches chocolate,futuro
2025-09-27 15:56:08,0.0,Repostería Individual,Vasito de 3 leches chocolate,futuro
2025-06-29 19:25:59,0.0,Repostería Individual,Vasito de mil hojas,futuro
2025-06-30 19:25:59,0.0,Repostería Individual,Vasito de mil hojas,futuro
2025-07-01 19:25:59,0.0,Repostería Individual,Vasito de mil hojas,futuro
2025-07-02 19:25:59,0.0,Repostería Individual,Vasito de mil hojas,futuro
2025-07-03 19:25:59,0.0,Repostería Individual,Vasito de mil hojas,futuro
2025-07-04 19:25:59,0.0,Repostería Individual,Vasito de mil hojas,futuro
2025-07-05 19:25:59,0.0,Repostería Individual,Vasito de mil hojas,futuro
2025-07-06 19:25:59,0.0,Repostería Individual,Vasito de mil hojas,futuro
2025-07-07 19:25:59,0.0,Repostería Individual,Vasito de mil hojas,futuro
2025-07-08 19:25:59,0.0,Repostería Individual,Vasito de mil hojas,futuro
2025-07-09 19:25:59,0.0,Repostería Individual,Vasito de mil hojas,futuro
2025-07-10 19:25:59,0.0,Repostería Individual,Vasito de mil hojas,futuro
2025-07-11 19:25:59,0.0,Repostería Individual,Vasito de mil hojas,futuro
2025-07-12 19:25:59,0.0,Repostería Individual,Vasito de mil hojas,futuro
2025-07-13 19:25:59,0.0,Repostería Individual,Vasito de mil hojas,futuro
2025-07-14 19:25:59,0.0,Repostería Individual,Vasito de mil hojas,futuro
2025-07-15 19:25:59,0.0,Repostería Individual,Vasito de mil hojas,futuro
2025-07-16 19:25:59,0.0,Repostería Individual,Vasito de mil hojas,futuro
2025-07-17 19:25:59,0.0,Repostería Individual,Vasito de mil hojas,futuro
2025-07-18 19:25:59,0.0,Repostería Individual,Vasito de mil hojas,futuro
2025-07-19 19:25:59,0.0,Repostería Individual,Vasito de mil hojas,futuro
2025-07-20 19:25:59,0.0,Repostería Individual,Vasito de mil hojas,futuro
2025-07-21 19:25:59,0.0,Repostería Individual,Vasito de mil hojas,futuro
2025-07-22 19:25:59,0.0,Repostería Individual,Vasito de mil hojas,futuro
2025-07-23 19:25:59,0.0,Repostería Individual,Vasito de mil hojas,futuro
2025-07-24 19:25:59,0.0,Repostería Individual,Vasito de mil hojas,futuro
2025-07-25 19:25:59,0.0,Repostería Individual,Vasito de mil hojas,futuro
2025-07-26 19:25:59,0.0,Repostería Individual,Vasito de mil hojas,futuro
2025-07-27 19:25:59,0.0,Repostería Individual,Vasito de mil hojas,futuro
2025-07-28 19:25:59,0.0,Repostería Individual,Vasito de mil hojas,futuro
2025-07-29 19:25:59,0.0,Repostería Individual,Vasito de mil hojas,futuro
2025-07-30 19:25:59,0.0,Repostería Individual,Vasito de mil hojas,futuro
2025-07-31 19:25:59,0.0,Repostería Individual,Vasito de mil hojas,futuro
2025-08-01 19:25:59,0.0,Repostería Individual,Vasito de mil hojas,futuro
2025-08-02 19:25:59,0.0,Repostería Individual,Vasito de mil hojas,futuro
2025-08-03 19:25:59,0.0,Repostería Individual,Vasito de mil hojas,futuro
2025-08-04 19:25:59,0.0,Repostería Individual,Vasito de mil hojas,futuro
2025-08-05 19:25:59,0.0,Repostería Individual,Vasito de mil hojas,futuro
2025-08-06 19:25:59,0.0,Repostería Individual,Vasito de mil hojas,futuro
2025-08-07 19:25:59,0.0,Repostería Individual,Vasito de mil hojas,futuro
2025-08-08 19:25:59,0.0,Repostería Individual,Vasito de mil hojas,futuro
2025-08-09 19:25:59,0.0,Repostería Individual,Vasito de mil hojas,futuro
2025-08-10 19:25:59,0.0,Repostería Individual,Vasito de mil hojas,futuro
2025-08-11 19:25:59,0.0,Repostería Individual,Vasito de mil hojas,futuro
2025-08-12 19:25:59,0.0,Repostería Individual,Vasito de mil hojas,futuro
2025-08-13 19:25:59,0.0,Repostería Individual,Vasito de mil hojas,futuro
2025-08-14 19:25:59,0.0,Repostería Individual,Vasito de mil hojas,futuro
2025-08-15 19:25:59,0.0,Repostería Individual,Vasito de mil hojas,futuro
2025-08-16 19:25:59,0.0,Repostería Individual,Vasito de mil hojas,futuro
2025-08-17 19:25:59,0.0,Repostería Individual,Vasito de mil hojas,futuro
2025-08-18 19:25:59,0.0,Repostería Individual,Vasito de mil hojas,futuro
2025-08-19 19:25:59,0.0,Repostería Individual,Vasito de mil hojas,futuro
2025-08-20 19:25:59,0.0,Repostería Individual,Vasito de mil hojas,futuro
2025-08-21 19:25:59,0.0,Repostería Individual,Vasito de mil hojas,futuro
2025-08-22 19:25:59,0.0,Repostería Individual,Vasito de mil hojas,futuro
2025-08-23 19:25:59,0.0,Repostería Individual,Vasito de mil hojas,futuro
2025-08-24 19:25:59,0.0,Repostería Individual,Vasito de mil hojas,futuro
2025-08-25 19:25:59,0.0,Repostería Individual,Vasito de mil hojas,futuro
2025-08-26 19:25:59,0.0,Repostería Individual,Vasito de mil hojas,futuro
2025-08-27 19:25:59,0.0,Repostería Individual,Vasito de mil hojas,futuro
2025-08-28 19:25:59,0.0,Repostería Individual,Vasito de mil hojas,futuro
2025-08-29 19:25:59,0.0,Repostería Individual,Vasito de mil hojas,futuro
2025-08-30 19:25:59,0.0,Repostería Individual,Vasito de mil hojas,futuro
2025-08-31 19:25:59,0.0,Repostería Individual,Vasito de mil hojas,futuro
2025-09-01 19:25:59,0.0,Repostería Individual,Vasito de mil hojas,futuro
2025-09-02 19:25:59,0.0,Repostería Individual,Vasito de mil hojas,futuro
2025-09-03 19:25:59,0.0,Repostería Individual,Vasito de mil hojas,futuro
2025-09-04 19:25:59,0.0,Repostería Individual,Vasito de mil hojas,futuro
2025-09-05 19:25:59,0.0,Repostería Individual,Vasito de mil hojas,futuro
2025-09-06 19:25:59,0.0,Repostería Individual,Vasito de mil hojas,futuro
2025-09-07 19:25:59,0.0,Repostería Individual,Vasito de mil hojas,futuro
2025-09-08 19:25:59,0.0,Repostería Individual,Vasito de mil hojas,futuro
2025-09-09 19:25:59,0.0,Repostería Individual,Vasito de mil hojas,futuro
2025-09-10 19:25:59,0.0,Repostería Individual,Vasito de mil hojas,futuro
2025-09-11 19:25:59,0.0,Repostería Individual,Vasito de mil hojas,futuro
2025-09-12 19:25:59,0.0,Repostería Individual,Vasito de mil hojas,futuro
2025-09-13 19:25:59,0.0,Repostería Individual,Vasito de mil hojas,futuro
2025-09-14 19:25:59,0.0,Repostería Individual,Vasito de mil hojas,futuro
2025-09-15 19:25:59,0.0,Repostería Individual,Vasito de mil hojas,futuro
2025-09-16 19:25:59,0.0,Repostería Individual,Vasito de mil hojas,futuro
2025-09-17 19:25:59,0.0,Repostería Individual,Vasito de mil hojas,futuro
2025-09-18 19:25:59,0.0,Repostería Individual,Vasito de mil hojas,futuro
2025-09-19 19:25:59,0.0,Repostería Individual,Vasito de mil hojas,futuro
2025-09-20 19:25:59,0.0,Repostería Individual,Vasito de mil hojas,futuro
2025-09-21 19:25:59,0.0,Repostería Individual,Vasito de mil hojas,futuro
2025-09-22 19:25:59,0.0,Repostería Individual,Vasito de mil hojas,futuro
2025-09-23 19:25:59,0.0,Repostería Individual,Vasito de mil hojas,futuro
2025-09-24 19:25:59,0.0,Repostería Individual,Vasito de mil hojas,futuro
2025-09-25 19:25:59,0.0,Repostería Individual,Vasito de mil hojas,futuro
2025-09-26 19:25:59,0.0,Repostería Individual,Vasito de mil hojas,futuro
